{"elements":[{"from":[2.0563993,5.027828,-14.456924],"to":[13.943601,13.200743,14.515989],"rotation":{"angle":0.0,"axis":"y","origin":[8.0,8.923907,1.3795891]},"faces":{"east":{"uv":[2.875,0.0,5.3125,0.6875],"rotation":0,"texture":"#0","tintindex":0},"south":{"uv":[2.0,5.125,3.0,5.8125],"rotation":0,"texture":"#0","tintindex":0},"north":{"uv":[4.875,5.0625,5.875,5.75],"rotation":0,"texture":"#0","tintindex":0},"west":{"uv":[2.875,0.6875,5.3125,1.375],"rotation":0,"texture":"#0","tintindex":0},"up":{"uv":[1.0,2.4375,0.0,0.0],"rotation":0,"texture":"#0","tintindex":0},"down":{"uv":[2.0,0.0,1.0,2.4375],"rotation":0,"texture":"#0","tintindex":0}}},{"from":[2.0578856,2.0578856,-7.769726],"to":[13.942114,5.027828,10.057361],"rotation":{"angle":0.0,"axis":"y","origin":[8.0,8.923907,1.3795891]},"faces":{"east":{"uv":[6.0,4.5625,7.5,4.8125],"rotation":0,"texture":"#0","tintindex":0},"south":{"uv":[6.3125,6.9375,7.3125,7.1875],"rotation":0,"texture":"#0","tintindex":0},"north":{"uv":[6.75,1.0,7.75,1.25],"rotation":0,"texture":"#0","tintindex":0},"west":{"uv":[6.0,4.8125,7.5,5.0625],"rotation":0,"texture":"#0","tintindex":0},"up":{"uv":[1.0,3.9375,0.0,2.4375],"rotation":0,"texture":"#0","tintindex":0},"down":{"uv":[2.0,2.4375,1.0,3.9375],"rotation":0,"texture":"#0","tintindex":0}}},{"from":[2.7999997,2.0571427,-10.741898],"to":[13.200001,5.028571,13.029532],"rotation":{"angle":0.0,"axis":"y","origin":[8.0,8.923907,1.3795891]},"faces":{"east":{"uv":[5.25,2.1875,7.25,2.4375],"rotation":0,"texture":"#0","tintindex":0},"south":{"uv":[7.125,0.0,8.0,0.25],"rotation":0,"texture":"#0","tintindex":0},"north":{"uv":[4.0,3.5625,4.875,3.8125],"rotation":0,"texture":"#0","tintindex":0},"west":{"uv":[5.25,2.4375,7.25,2.6875],"rotation":0,"texture":"#0","tintindex":0},"up":{"uv":[2.875,2.0,2.0,0.0],"rotation":0,"texture":"#0","tintindex":0},"down":{"uv":[2.875,2.0,2.0,4.0],"rotation":0,"texture":"#0","tintindex":0}}},{"from":[2.0571427,13.200001,1.8866749],"to":[13.942858,14.685715,13.029532],"rotation":{"angle":0.0,"axis":"y","origin":[8.0,8.923907,1.3795891]},"faces":{"east":{"uv":[8.375,1.625,9.3125,1.75],"rotation":0,"texture":"#0","tintindex":0},"south":{"uv":[8.1875,4.0,9.1875,4.125],"rotation":0,"texture":"#0","tintindex":0},"north":{"uv":[8.125,6.6875,9.125,6.8125],"rotation":0,"texture":"#0","tintindex":0},"west":{"uv":[8.375,1.75,9.3125,1.875],"rotation":0,"texture":"#0","tintindex":0},"up":{"uv":[1.0,4.875,0.0,3.9375],"rotation":0,"texture":"#0","tintindex":0},"down":{"uv":[2.0,3.9375,1.0,4.875],"rotation":0,"texture":"#0","tintindex":0}}},{"from":[5.2406893,14.685715,8.591558],"to":[7.5264034,15.828571,11.448702],"rotation":{"angle":-22.5,"axis":"y","origin":[8.0,8.923907,1.3795891]},"faces":{"east":{"uv":[7.125,0.375,7.4375,0.5],"rotation":0,"texture":"#0","tintindex":0},"south":{"uv":[8.375,7.625,8.625,7.75],"rotation":0,"texture":"#0","tintindex":0},"north":{"uv":[2.125,8.3125,2.375,8.4375],"rotation":0,"texture":"#0","tintindex":0},"west":{"uv":[7.25,2.125,7.5625,2.25],"rotation":0,"texture":"#0","tintindex":0},"up":{"uv":[1.0,8.0625,0.75,7.75],"rotation":0,"texture":"#0","tintindex":0},"down":{"uv":[8.375,7.3125,8.125,7.625],"rotation":0,"texture":"#0","tintindex":0}}},{"from":[8.473597,14.685715,8.591558],"to":[10.759311,15.828571,11.448702],"rotation":{"angle":22.5,"axis":"y","origin":[8.0,8.923907,1.3795891]},"faces":{"east":{"uv":[7.4375,0.375,7.75,0.5],"rotation":0,"texture":"#0","tintindex":0},"south":{"uv":[9.5625,0.5625,9.8125,0.6875],"rotation":0,"texture":"#0","tintindex":0},"north":{"uv":[9.5625,0.4375,9.8125,0.5625],"rotation":0,"texture":"#0","tintindex":0},"west":{"uv":[7.5625,2.125,7.875,2.25],"rotation":0,"texture":"#0","tintindex":0},"up":{"uv":[9.75,9.1875,9.5,8.875],"rotation":0,"texture":"#0","tintindex":0},"down":{"uv":[9.75,9.1875,9.5,9.5],"rotation":0,"texture":"#0","tintindex":0}}},{"from":[6.857143,14.685715,9.600961],"to":[9.142858,15.828571,12.458103],"rotation":{"angle":0.0,"axis":"y","origin":[8.0,8.923907,1.3795891]},"faces":{"east":{"uv":[7.25,2.25,7.5625,2.375],"rotation":0,"texture":"#0","tintindex":0},"south":{"uv":[9.5,8.3125,9.75,8.4375],"rotation":0,"texture":"#0","tintindex":0},"north":{"uv":[9.5,8.1875,9.75,8.3125],"rotation":0,"texture":"#0","tintindex":0},"west":{"uv":[7.4375,0.25,7.75,0.375],"rotation":0,"texture":"#0","tintindex":0},"up":{"uv":[8.625,7.625,8.375,7.3125],"rotation":0,"texture":"#0","tintindex":0},"down":{"uv":[9.75,8.5625,9.5,8.875],"rotation":0,"texture":"#0","tintindex":0}}},{"from":[6.857143,14.685715,-8.056183],"to":[9.142858,15.828571,-5.1990404],"rotation":{"angle":0.0,"axis":"y","origin":[8.0,8.923907,1.3795891]},"faces":{"east":{"uv":[4.875,4.1875,5.1875,4.3125],"rotation":0,"texture":"#0","tintindex":0},"south":{"uv":[7.5625,2.25,7.8125,2.375],"rotation":0,"texture":"#0","tintindex":0},"north":{"uv":[2.625,4.9375,2.875,5.0625],"rotation":0,"texture":"#0","tintindex":0},"west":{"uv":[5.1875,4.1875,5.5,4.3125],"rotation":0,"texture":"#0","tintindex":0},"up":{"uv":[5.625,3.875,5.375,3.5625],"rotation":0,"texture":"#0","tintindex":0},"down":{"uv":[5.625,3.875,5.375,4.1875],"rotation":0,"texture":"#0","tintindex":0}}},{"from":[0.28571415,6.6857142,-0.6276121],"to":[1.4285712,9.542857,1.658103],"rotation":{"angle":0.0,"axis":"y","origin":[8.0,8.923907,1.3795891]},"faces":{"east":{"uv":[6.5,4.0625,6.75,4.375],"rotation":0,"texture":"#0","tintindex":0},"south":{"uv":[9.5,9.5,9.625,9.8125],"rotation":0,"texture":"#0","tintindex":0},"north":{"uv":[9.375,9.5,9.5,9.8125],"rotation":0,"texture":"#0","tintindex":0},"west":{"uv":[0.5,7.4375,0.75,7.75],"rotation":0,"texture":"#0","tintindex":0},"up":{"uv":[2.5,8.4375,2.375,8.1875],"rotation":0,"texture":"#0","tintindex":0},"down":{"uv":[8.5625,3.375,8.4375,3.625],"rotation":0,"texture":"#0","tintindex":0}}},{"from":[0.28571415,7.9248614,4.092433],"to":[1.4285712,10.782004,6.378147],"rotation":{"angle":-22.5,"axis":"x","origin":[8.0,8.923907,1.3795891]},"faces":{"east":{"uv":[0.75,7.4375,1.0,7.75],"rotation":0,"texture":"#0","tintindex":0},"south":{"uv":[0.1875,9.5625,0.3125,9.875],"rotation":0,"texture":"#0","tintindex":0},"north":{"uv":[9.5625,0.125,9.6875,0.4375],"rotation":0,"texture":"#0","tintindex":0},"west":{"uv":[0.5,7.75,0.75,8.0625],"rotation":0,"texture":"#0","tintindex":0},"up":{"uv":[8.6875,3.625,8.5625,3.375],"rotation":0,"texture":"#0","tintindex":0},"down":{"uv":[8.8125,3.375,8.6875,3.625],"rotation":0,"texture":"#0","tintindex":0}}},{"from":[14.571428,7.9248614,4.092433],"to":[15.714286,10.782004,6.378147],"rotation":{"angle":-22.5,"axis":"x","origin":[8.0,8.923907,1.3795891]},"faces":{"east":{"uv":[4.875,3.5625,5.125,3.875],"rotation":0,"texture":"#0","tintindex":0},"south":{"uv":[1.0,7.75,1.125,8.0625],"rotation":0,"texture":"#0","tintindex":0},"north":{"uv":[1.0,7.4375,1.125,7.75],"rotation":0,"texture":"#0","tintindex":0},"west":{"uv":[4.875,3.875,5.125,4.1875],"rotation":0,"texture":"#0","tintindex":0},"up":{"uv":[7.875,0.5,7.75,0.25],"rotation":0,"texture":"#0","tintindex":0},"down":{"uv":[8.0,2.125,7.875,2.375],"rotation":0,"texture":"#0","tintindex":0}}},{"from":[14.571428,6.6857142,-0.6276121],"to":[15.714286,9.542857,1.658103],"rotation":{"angle":0.0,"axis":"y","origin":[8.0,8.923907,1.3795891]},"faces":{"east":{"uv":[5.125,3.5625,5.375,3.875],"rotation":0,"texture":"#0","tintindex":0},"south":{"uv":[9.0,9.5,9.125,9.8125],"rotation":0,"texture":"#0","tintindex":0},"north":{"uv":[8.625,7.3125,8.75,7.625],"rotation":0,"texture":"#0","tintindex":0},"west":{"uv":[5.125,3.875,5.375,4.1875],"rotation":0,"texture":"#0","tintindex":0},"up":{"uv":[2.0,8.4375,1.875,8.1875],"rotation":0,"texture":"#0","tintindex":0},"down":{"uv":[2.125,8.1875,2.0,8.4375],"rotation":0,"texture":"#0","tintindex":0}}},{"from":[10.218707,13.114286,-6.018036],"to":[12.504421,14.257143,-3.1608934],"rotation":{"angle":-22.5,"axis":"y","origin":[8.0,8.923907,1.3795891]},"faces":{"east":{"uv":[5.5,4.1875,5.8125,4.3125],"rotation":0,"texture":"#0","tintindex":0},