{"elements":[{"from":[7.1457143,7.673143,-4.5505714],"to":[8.854286,9.307428,-2.9162865],"rotation":{"angle":0.0,"axis":"y","origin":[8.0,9.716,12.535143]},"faces":{"east":{"uv":[9.375,9.375,9.5,9.5],"rotation":0,"texture":"#0","tintindex":0},"south":{"uv":[0.5,9.4375,0.625,9.5625],"rotation":0,"texture":"#0","tintindex":0},"north":{"uv":[9.375,9.25,9.5,9.375],"rotation":0,"texture":"#0","tintindex":0},"west":{"uv":[0.875,9.4375,1.0,9.5625],"rotation":0,"texture":"#0","tintindex":0},"up":{"uv":[1.125,9.5625,1.0,9.4375],"rotation":0,"texture":"#0","tintindex":0},"down":{"uv":[1.25,9.4375,1.125,9.5625],"rotation":0,"texture":"#0","tintindex":0}}},{"from":[5.5485716,5.4817142,-3.3991432],"to":[10.451428,8.898857,0.6865711],"rotation":{"angle":0.0,"axis":"y","origin":[8.0,9.716,12.535143]},"faces":{"east":{"uv":[8.375,2.75,8.75,3.0625],"rotation":0,"texture":"#0","tintindex":0},"south":{"uv":[8.25,0.875,8.6875,1.1875],"rotation":0,"texture":"#0","tintindex":0},"north":{"uv":[7.5625,8.1875,8.0,8.5],"rotation":0,"texture":"#0","tintindex":0},"west":{"uv":[8.375,4.625,8.75,4.9375],"rotation":0,"texture":"#0","tintindex":0},"up":{"uv":[8.375,5.0,7.9375,4.625],"rotation":0,"texture":"#0","tintindex":0},"down":{"uv":[8.4375,0.0,8.0,0.375],"rotation":0,"texture":"#0","tintindex":0}}},{"from":[8.965714,4.730624,-3.2497435],"to":[9.708571,5.659196,-2.5068855],"rotation":{"angle":-22.5,"axis":"x","origin":[9.337143,5.19491,-2.878314]},"faces":{"east":{"uv":[2.8125,4.8125,2.875,4.875],"rotation":0,"texture":"#0","tintindex":0},"south":{"uv":[2.625,4.875,2.6875,4.9375],"rotation":0,"texture":"#0","tintindex":0},"north":{"uv":[2.75,4.8125,2.8125,4.875],"rotation":0,"texture":"#0","tintindex":0},"west":{"uv":[2.6875,4.875,2.75,4.9375],"rotation":0,"texture":"#0","tintindex":0},"up":{"uv":[2.8125,4.9375,2.75,4.875],"rotation":0,"texture":"#0","tintindex":0},"down":{"uv":[2.875,4.875,2.8125,4.9375],"rotation":0,"texture":"#0","tintindex":0}}},{"from":[6.2914286,4.730624,-3.2497435],"to":[7.0342855,5.659196,-2.5068855],"rotation":{"angle":-22.5,"axis":"x","origin":[6.662857,5.19491,-2.878314]},"faces":{"east":{"uv":[2.6875,4.75,2.75,4.8125],"rotation":0,"texture":"#0","tintindex":0},"south":{"uv":[2.75,4.75,2.8125,4.8125],"rotation":0,"texture":"#0","tintindex":0},"north":{"uv":[2.625,4.75,2.6875,4.8125],"rotation":0,"texture":"#0","tintindex":0},"west":{"uv":[2.8125,4.75,2.875,4.8125],"rotation":0,"texture":"#0","tintindex":0},"up":{"uv":[2.6875,4.875,2.625,4.8125],"rotation":0,"texture":"#0","tintindex":0},"down":{"uv":[2.75,4.8125,2.6875,4.875],"rotation":0,"texture":"#0","tintindex":0}}},{"from":[6.2914286,5.4817142,-4.142001],"to":[9.708571,8.898857,-3.3991432],"rotation":{"angle":0.0,"axis":"y","origin":[8.0,9.716,11.792286]},"faces":{"east":{"uv":[7.5625,7.875,7.625,8.1875],"rotation":0,"texture":"#0","tintindex":0},"south":{"uv":[8.0,8.625,8.3125,8.9375],"rotation":0,"texture":"#0","tintindex":0},"north":{"uv":[4.1875,8.625,4.5,8.9375],"rotation":0,"texture":"#0","tintindex":0},"west":{"uv":[3.3125,8.4375,3.375,8.75],"rotation":0,"texture":"#0","tintindex":0},"up":{"uv":[3.0,5.875,2.6875,5.8125],"rotation":0,"texture":"#0","tintindex":0},"down":{"uv":[7.25,2.125,6.9375,2.1875],"rotation":0,"texture":"#0","tintindex":0}}},{"from":[6.2921715,8.008171,-1.3184013],"to":[9.7078285,9.566686,1.6143994],"rotation":{"angle":-45.0,"axis":"x","origin":[8.0,9.307428,-0.13057232]},"faces":{"east":{"uv":[6.875,9.3125,7.125,9.4375],"rotation":0,"texture":"#0","tintindex":0},"south":{"uv":[9.1875,7.125,9.5,7.25],"rotation":0,"texture":"#0","tintindex":0},"north":{"uv":[7.0625,9.1875,7.375,9.3125],"rotation":0,"texture":"#0","tintindex":0},"west":{"uv":[7.125,9.3125,7.375,9.4375],"rotation":0,"texture":"#0","tintindex":0},"up":{"uv":[4.6875,7.8125,4.375,7.5625],"rotation":0,"texture":"#0","tintindex":0},"down":{"uv":[6.25,8.8125,5.9375,9.0625],"rotation":0,"texture":"#0","tintindex":0}}},{"from":[3.9142857,3.1788568,0.6865711],"to":[12.085714,12.984571,8.040857],"rotation":{"angle":0.0,"axis":"y","origin":[8.0,8.081715,4.363714]},"faces":{"east":{"uv":[5.3125,0.0,5.9375,0.8125],"rotation":0,"texture":"#0","tintindex":0},"south":{"uv":[5.25,1.375,5.9375,2.1875],"rotation":0,"texture":"#0","tintindex":0},"north":{"uv":[3.875,5.125,4.5625,5.9375],"rotation":0,"texture":"#0","tintindex":0},"west":{"uv":[0.0,5.6875,0.625,6.5],"rotation":0,"texture":"#0","tintindex":0},"up":{"uv":[3.8125,6.5,3.125,5.875],"rotation":0,"texture":"#0","tintindex":0},"down":{"uv":[6.5625,3.4375,5.875,4.0625],"rotation":0,"texture":"#0","tintindex":0}}},{"from":[3.1426601,11.47097,4.400857],"to":[5.371232,14.442399,5.8122854],"rotation":{"angle":0.0,"axis":"y","origin":[3.959803,13.885256,4.363714]},"faces":{"east":{"uv":[2.875,8.1875,3.0,8.4375],"rotation":0,"texture":"#0","tintindex":0},"south":{"uv":[3.0625,9.1875,3.25,9.4375],"rotation":0,"texture":"#0","tintindex":0},"north":{"uv":[9.1875,3.0,9.375,3.25],"rotation":0,"texture":"#0","tintindex":0},"west":{"uv":[7.375,9.1875,7.5,9.4375],"rotation":0,"texture":"#0","tintindex":0},"up":{"uv":[9.5625,3.0,9.375,2.875],"rotation":0,"texture":"#0","tintindex":0},"down":{"uv":[9.5625,3.0,9.375,3.125],"rotation":0,"texture":"#0","tintindex":0}}},{"from":[3.8855176,14.442399,4.400857],"to":[5.371232,15.185256,5.8122854],"rotation":{"angle":0.0,"axis":"y","origin":[3.959803,13.885256,4.363714]},"faces":{"east":{"uv":[6.0625,0.75,6.1875,0.8125],"rotation":0,"texture":"#0","tintindex":0},"south":{"uv":[4.4375,6.3125,4.5625,6.375],"rotation":0,"texture":"#0","tintindex":0},"north":{"uv":[5.9375,0.75,6.0625,0.8125],"rotation":0,"texture":"#0","tintindex":0},"west":{"uv":[6.375,2.125,6.5,2.1875],"rotation":0,"texture":"#0","tintindex":0},"up":{"uv":[1.5625,9.5625,1.4375,9.4375],"rotation":0,"texture":"#0","tintindex":0},"down":{"uv":[1.6875,9.4375,1.5625,9.5625],"rotation":0,"texture":"#0","tintindex":0}}},{"from":[10.628768,11.47097,4.400857],"to":[12.85734,14.442399,5.8122854],"rotation":{"angle":0.0,"axis":"y","origin":[12.040197,13.885256,4.363714]},"faces":{"east":{"uv":[8.875,9.1875,9.0,9.4375],"rotation":0,"texture":"#0","tintindex":0},"south":{"uv":[4.125,9.1875,4.3125,9.4375],"rotation":0,"texture":"#0","tintindex":0},"north":{"uv":[9.1875,3.9375,9.375,4.1875],"rotation":0,"texture":"#0","tintindex":0},"west":{"uv":[0.1875,9.3125,0.3125,9.5625],"rotation":0,"texture":"#0","tintindex":0},"up":{"uv":[9.5625,3.25,9.375,3.125],"rotation":0,"texture":"#0","tintindex":0},"down":{"uv":[9.5625,3.375,9.375,3.5],"rotation":0,"texture":"#0","tintindex":0}}},{"from":[10.628768,14.442399,4.400857],"to":[12.114483,15.185256,5.8122854],"rotation":{"angle":0.0,"axis":"y","origin":[12.040197,13.885256,4.363714]},"faces":{"east":{"uv":[7.125,6.875,7.25,6.9375],"rotation":0,"texture":"#0","tintindex":0},"south":{"uv":[7.25,4.5,7.375,4.5625],"rotation":0,"texture":"#0","tintindex":0},"north":{"uv":[3.6875,7.0,3.8125,7.0625],"rotation":0,"texture":"#0","tintindex":0},"west":{"uv":[0.5,7.375,0.625,7.4375],"rotation":0,"texture":"#0","tintindex":0},"up":{"uv":[1.8125,9.5625,1.6875,9.4375],"rotation":0,"texture":"#0","tintindex":0},"down":{"uv":[1.9375,9.4375,1.8125,9.5625],"rotation":0,"texture":"#0","tintindex":0}}},{"from":[3.0978856,3.9967427,0.6873145],"to":[12.902115,11.349543,8.040114],"rotation":{"angle":0.0,"axis":"y","origin":[8.0,9.716,12.535143]},"faces":{"east":{"uv":[3.8125,5.9375,4.4375,6.5625],"rotation":0,"texture":"#0","tintindex":0},"south":{"uv":[4.5625,5.75,5.375,6.375],"rotation":0,"texture":"#0","tintindex":0},"north":{"uv":[0.625,5.6875,1.4375,6.3125],"rotation":0,"texture":"#0","tintindex":0},"west":{"uv":[6.125,2.6875,6.75,3.3125],"rotation":0,"texture":"#0","tintindex":0},"up":{"uv":[6.1875,6.375,5.375,5.75],"rotation":0,"texture":"#0","tintindex":0},"down":{"uv":[2.25,5.8125,1.4375,6.4375],"rotation":0,"texture":"#0","tintindex":0}}},{"from":[3.0978856,3.9967427,4.3273144],"to":[3.0963993,11.349543,8.040114],"rotation":{"angle":-22.5,"axis":"y",