{"elements":[{"from":[5.5485716,6.5142856,2.9857144],"to":[10.451428,8.0,7.0714283],"rotation":{"angle":0.0,"axis":"y","origin":[8.0,7.257143,5.028571]},"faces":{"east":{"uv":[9.125,6.6875,9.5,6.8125],"rotation":0,"texture":"#0","tintindex":0},"south":{"uv":[6.125,3.3125,6.5625,3.4375],"rotation":0,"texture":"#0","tintindex":0},"north":{"uv":[1.4375,5.6875,1.875,5.8125],"rotation":0,"texture":"#0","tintindex":0},"west":{"uv":[9.1875,2.3125,9.5625,2.4375],"rotation":0,"texture":"#0","tintindex":0},"up":{"uv":[8.5,2.3125,8.0625,1.9375],"rotation":0,"texture":"#0","tintindex":0},"down":{"uv":[8.5,6.8125,8.0625,7.1875],"rotation":0,"texture":"#0","tintindex":0}}},{"from":[6.2914286,6.5142856,2.242857],"to":[9.708571,8.0,2.9857144],"rotation":{"angle":0.0,"axis":"y","origin":[8.0,7.257143,4.285714]},"faces":{"east":{"uv":[5.8125,3.4375,5.875,3.5625],"rotation":0,"texture":"#0","tintindex":0},"south":{"uv":[9.1875,3.25,9.5,3.375],"rotation":0,"texture":"#0","tintindex":0},"north":{"uv":[8.6875,1.5,9.0,1.625],"rotation":0,"texture":"#0","tintindex":0},"west":{"uv":[6.6875,6.8125,6.75,6.9375],"rotation":0,"texture":"#0","tintindex":0},"up":{"uv":[7.625,3.1875,7.3125,3.125],"rotation":0,"texture":"#0","tintindex":0},"down":{"uv":[7.625,7.125,7.3125,7.1875],"rotation":0,"texture":"#0","tintindex":0}}}],"textures":{"0":"modelengine:entity/bear_spirit"},"display":{"head":{"translation":[0.0,-6.4,0.0],"scale":[4.0,4.0,4.0]}}}