{"elements":[{"from":[8.928572,5.771428,3.3571424],"to":[10.414286,7.257143,4.1],"rotation":{"angle":0.0,"axis":"y","origin":[12.828571,5.771428,-2.9571428]},"faces":{"east":{"uv":[6.9375,2.0,7.0,2.125],"rotation":0,"texture":"#0","tintindex":0},"south":{"uv":[1.9375,9.4375,2.0625,9.5625],"rotation":0,"texture":"#0","tintindex":0},"north":{"uv":[9.4375,1.8125,9.5625,1.9375],"rotation":0,"texture":"#0","tintindex":0},"west":{"uv":[7.125,3.1875,7.1875,3.3125],"rotation":0,"texture":"#0","tintindex":0},"up":{"uv":[7.5,4.5625,7.375,4.5],"rotation":0,"texture":"#0","tintindex":0},"down":{"uv":[7.625,1.6875,7.5,1.75],"rotation":0,"texture":"#0","tintindex":0}}},{"from":[7.257143,5.771428,3.3571424],"to":[8.742857,7.257143,4.1],"rotation":{"angle":0.0,"axis":"y","origin":[12.828571,5.771428,-2.9571428]},"faces":{"east":{"uv":[7.25,2.5625,7.3125,2.6875],"rotation":0,"texture":"#0","tintindex":0},"south":{"uv":[9.4375,2.4375,9.5625,2.5625],"rotation":0,"texture":"#0","tintindex":0},"north":{"uv":[9.4375,1.9375,9.5625,2.0625],"rotation":0,"texture":"#0","tintindex":0},"west":{"uv":[7.6875,0.875,7.75,1.0],"rotation":0,"texture":"#0","tintindex":0},"up":{"uv":[7.75,6.875,7.625,6.8125],"rotation":0,"texture":"#0","tintindex":0},"down":{"uv":[7.75,7.125,7.625,7.1875],"rotation":0,"texture":"#0","tintindex":0}}},{"from":[5.5857143,5.771428,3.3571424],"to":[7.0714283,7.257143,4.1],"rotation":{"angle":0.0,"axis":"y","origin":[12.828571,5.771428,-2.9571428]},"faces":{"east":{"uv":[7.875,4.9375,7.9375,5.0625],"rotation":0,"texture":"#0","tintindex":0},"south":{"uv":[3.0,9.4375,3.125,9.5625],"rotation":0,"texture":"#0","tintindex":0},"north":{"uv":[2.6875,9.4375,2.8125,9.5625],"rotation":0,"texture":"#0","tintindex":0},"west":{"uv":[7.9375,0.25,8.0,0.375],"rotation":0,"texture":"#0","tintindex":0},"up":{"uv":[2.875,7.8125,2.75,7.75],"rotation":0,"texture":"#0","tintindex":0},"down":{"uv":[3.0,7.75,2.875,7.8125],"rotation":0,"texture":"#0","tintindex":0}}},{"from":[5.957143,5.3999996,2.6142855],"to":[6.7,7.0714283,3.9142857],"rotation":{"angle":-45.0,"axis":"x","origin":[6.3285713,6.5142856,2.6142855]},"faces":{"east":{"uv":[3.125,9.4375,3.25,9.5625],"rotation":0,"texture":"#0","tintindex":0},"south":{"uv":[7.125,8.25,7.1875,8.375],"rotation":0,"texture":"#0","tintindex":0},"north":{"uv":[5.4375,8.25,5.5,8.375],"rotation":0,"texture":"#0","tintindex":0},"west":{"uv":[3.8125,9.4375,3.9375,9.5625],"rotation":0,"texture":"#0","tintindex":0},"up":{"uv":[8.375,2.4375,8.3125,2.3125],"rotation":0,"texture":"#0","tintindex":0},"down":{"uv":[8.375,2.4375,8.3125,2.5625],"rotation":0,"texture":"#0","tintindex":0}}},{"from":[5.9564,5.421788,2.219583],"to":[6.7007427,6.908988,3.1496406],"rotation":{"angle":0.0,"axis":"y","origin":[6.3285713,6.5368166,2.963183]},"faces":{"east":{"uv":[6.625,8.375,6.6875,8.5],"rotation":0,"texture":"#0","tintindex":0},"south":{"uv":[7.5,8.375,7.5625,8.5],"rotation":0,"texture":"#0","tintindex":0},"north":{"uv":[8.3125,5.3125,8.375,5.4375],"rotation":0,"texture":"#0","tintindex":0},"west":{"uv":[2.4375,8.4375,2.5,8.5625],"rotation":0,"texture":"#0","tintindex":0},"up":{"uv":[3.875,5.9375,3.8125,5.875],"rotation":0,"texture":"#0","tintindex":0},"down":{"uv":[7.3125,6.875,7.25,6.9375],"rotation":0,"texture":"#0","tintindex":0}}},{"from":[7.6285715,5.3999996,2.6142855],"to":[8.3714285,7.0714283,3.9142857],"rotation":{"angle":-45.0,"axis":"x","origin":[8.0,6.5142856,2.6142855]},"faces":{"east":{"uv":[4.125,9.4375,4.25,9.5625],"rotation":0,"texture":"#0","tintindex":0},"south":{"uv":[1.0625,8.6875,1.125,8.8125],"rotation":0,"texture":"#0","tintindex":0},"north":{"uv":[1.0625,8.5625,1.125,8.6875],"rotation":0,"texture":"#0","tintindex":0},"west":{"uv":[9.4375,4.1875,9.5625,4.3125],"rotation":0,"texture":"#0","tintindex":0},"up":{"uv":[8.75,2.75,8.6875,2.625],"rotation":0,"texture":"#0","tintindex":0},"down":{"uv":[9.0,3.0,8.9375,3.125],"rotation":0,"texture":"#0","tintindex":0}}},{"from":[7.6278286,5.421788,2.219583],"to":[8.372171,6.908988,3.1496406],"rotation":{"angle":0.0,"axis":"y","origin":[8.0,6.5368166,2.963183]},"faces":{"east":{"uv":[3.75,9.0,3.8125,9.125],"rotation":0,"texture":"#0","tintindex":0},"south":{"uv":[4.125,9.0,4.1875,9.125],"rotation":0,"texture":"#0","tintindex":0},"north":{"uv":[4.9375,8.9375,5.0,9.0625],"rotation":0,"texture":"#0","tintindex":0},"west":{"uv":[7.4375,9.0,7.5,9.125],"rotation":0,"texture":"#0","tintindex":0},"up":{"uv":[5.9375,7.5,5.875,7.4375],"rotation":0,"texture":"#0","tintindex":0},"down":{"uv":[1.6875,7.5,1.625,7.5625],"rotation":0,"texture":"#0","tintindex":0}}},{"from":[9.3,5.3999996,2.6142855],"to":[10.042857,7.0714283,3.9142857],"rotation":{"angle":-45.0,"axis":"x","origin":[9.671429,6.5142856,2.6142855]},"faces":{"east":{"uv":[9.4375,4.3125,9.5625,4.4375],"rotation":0,"texture":"#0","tintindex":0},"south":{"uv":[2.375,9.0625,2.4375,9.1875],"rotation":0,"texture":"#0","tintindex":0},"north":{"uv":[0.25,9.0625,0.3125,9.1875],"rotation":0,"texture":"#0","tintindex":0},"west":{"uv":[9.4375,4.4375,9.5625,4.5625],"rotation":0,"texture":"#0","tintindex":0},"up":{"uv":[5.8125,9.1875,5.75,9.0625],"rotation":0,"texture":"#0","tintindex":0},"down":{"uv":[0.9375,9.125,0.875,9.25],"rotation":0,"texture":"#0","tintindex":0}}},{"from":[9.299257,5.421788,2.219583],"to":[10.0436,6.908988,3.1496406],"rotation":{"angle":0.0,"axis":"y","origin":[9.671429,6.5368166,2.963183]},"faces":{"east":{"uv":[0.25,9.1875,0.3125,9.3125],"rotation":0,"texture":"#0","tintindex":0},"south":{"uv":[2.375,9.1875,2.4375,9.3125],"rotation":0,"texture":"#0","tintindex":0},"north":{"uv":[3.75,9.125,3.8125,9.25],"rotation":0,"texture":"#0","tintindex":0},"west":{"uv":[3.25,9.1875,3.3125,9.3125],"rotation":0,"texture":"#0","tintindex":0},"up":{"uv":[3.6875,7.5625,3.625,7.5],"rotation":0,"texture":"#0","tintindex":0},"down":{"uv":[7.6875,3.125,7.625,3.1875],"rotation":0,"texture":"#0","tintindex":0}}},{"from":[5.3999996,5.771428,4.1],"to":[10.6,8.0,9.3],"rotation":{"angle":0.0,"axis":"y","origin":[8.0,6.885714,6.7]},"faces":{"east":{"uv":[2.75,7.5625,3.1875,7.75],"rotation":0,"texture":"#0","tintindex":0},"south":{"uv":[7.625,1.9375,8.0625,2.125],"rotation":0,"texture":"#0","tintindex":0},"north":{"uv":[6.5,2.0,6.9375,2.1875],"rotation":0,"texture":"#0","tintindex":0},"west":{"uv":[8.75,5.125,9.1875,5.3125],"rotation":0,"texture":"#0","tintindex":0},"up":{"uv":[5.4375,7.875,5.0,7.4375],"rotation":0,"texture":"#0","tintindex":0},"down":{"uv":[5.875,7.4375,5.4375,7.875],"rotation":0,"texture":"#0","tintindex":0}}}],"textures":{"0":"modelengine:entity/bear_spirit"},"display":{"head":{"translation":[0.0,-6.4,0.0],"scale":[4.0,4.0,4.0]}}}