{"elements":[{"from":[4.1,6.5142856,4.285714],"to":[9.671429,10.971429,11.714286],"rotation":{"angle":0.0,"axis":"y","origin":[6.5142856,5.771428,8.0]},"faces":{"east":{"uv":[2.0,4.75,2.625,5.125],"rotation":0,"texture":"#0","tintindex":0},"south":{"uv":[7.75,0.875,8.25,1.25],"rotation":0,"texture":"#0","tintindex":0},"north":{"uv":[7.6875,3.875,8.1875,4.25],"rotation":0,"texture":"#0","tintindex":0},"west":{"uv":[7.0,1.75,7.625,2.125],"rotation":0,"texture":"#0","tintindex":0},"up":{"uv":[2.1875,7.0625,1.6875,6.4375],"rotation":0,"texture":"#0","tintindex":0},"down":{"uv":[2.6875,6.4375,2.1875,7.0625],"rotation":0,"texture":"#0","tintindex":0}}},{"from":[3.3571424,0.5714283,4.285714],"to":[9.671429,6.5142856,11.714286],"rotation":{"angle":0.0,"axis":"y","origin":[6.5142856,5.771428,8.0]},"faces":{"east":{"uv":[0.0,6.5,0.625,7.0],"rotation":0,"texture":"#0","tintindex":0},"south":{"uv":[6.6875,5.0625,7.25,5.5625],"rotation":0,"texture":"#0","tintindex":0},"north":{"uv":[3.8125,6.5625,4.375,7.0625],"rotation":0,"texture":"#0","tintindex":0},"west":{"uv":[6.5,0.0,7.125,0.5],"rotation":0,"texture":"#0","tintindex":0},"up":{"uv":[6.75,1.375,6.1875,0.75],"rotation":0,"texture":"#0","tintindex":0},"down":{"uv":[6.75,5.5625,6.1875,6.1875],"rotation":0,"texture":"#0","tintindex":0}}},{"from":[4.842857,-0.9142866,3.5428567],"to":[8.557143,2.0571427,7.257143],"rotation":{"angle":0.0,"axis":"y","origin":[11.528572,-6.8571434,-3.514286]},"faces":{"east":{"uv":[4.625,8.9375,4.9375,9.1875],"rotation":0,"texture":"#0","tintindex":0},"south":{"uv":[8.9375,8.0625,9.25,8.3125],"rotation":0,"texture":"#0","tintindex":0},"north":{"uv":[4.1875,8.9375,4.5,9.1875],"rotation":0,"texture":"#0","tintindex":0},"west":{"uv":[8.6875,8.9375,9.0,9.1875],"rotation":0,"texture":"#0","tintindex":0},"up":{"uv":[9.0,1.1875,8.6875,0.875],"rotation":0,"texture":"#0","tintindex":0},"down":{"uv":[9.0,1.1875,8.6875,1.5],"rotation":0,"texture":"#0","tintindex":0}}}],"textures":{"0":"modelengine:entity/bear_spirit"},"display":{"head":{"translation":[0.0,-6.4,0.0],"scale":[4.0,4.0,4.0]}}}