{"elements":[{"from":[5.3999996,2.7999997,6.3285713],"to":[10.6,3.5428567,11.528572],"rotation":{"angle":0.0,"axis":"y","origin":[12.828571,0.5714283,-1.4714298]},"faces":{"east":{"uv":[4.4375,3.8125,4.875,3.875],"rotation":0,"texture":"#0","tintindex":0},"south":{"uv":[5.25,2.6875,5.6875,2.75],"rotation":0,"texture":"#0","tintindex":0},"north":{"uv":[4.0,3.8125,4.4375,3.875],"rotation":0,"texture":"#0","tintindex":0},"west":{"uv":[5.6875,2.6875,6.125,2.75],"rotation":0,"texture":"#0","tintindex":0},"up":{"uv":[6.75,7.875,6.3125,7.4375],"rotation":0,"texture":"#0","tintindex":0},"down":{"uv":[7.1875,7.4375,6.75,7.875],"rotation":0,"texture":"#0","tintindex":0}}},{"from":[5.028571,3.5428567,6.3285713],"to":[10.971429,8.0,12.271429],"rotation":{"angle":0.0,"axis":"y","origin":[8.0,5.771428,9.3]},"faces":{"east":{"uv":[7.625,7.4375,8.125,7.8125],"rotation":0,"texture":"#0","tintindex":0},"south":{"uv":[7.6875,3.125,8.1875,3.5],"rotation":0,"texture":"#0","tintindex":0},"north":{"uv":[7.625,6.4375,8.125,6.8125],"rotation":0,"texture":"#0","tintindex":0},"west":{"uv":[7.6875,3.5,8.1875,3.875],"rotation":0,"texture":"#0","tintindex":0},"up":{"uv":[1.125,7.4375,0.625,6.9375],"rotation":0,"texture":"#0","tintindex":0},"down":{"uv":[0.5,7.0,0.0,7.5],"rotation":0,"texture":"#0","tintindex":0}}}],"textures":{"0":"modelengine:entity/bear_spirit"},"display":{"head":{"translation":[0.0,-6.4,0.0],"scale":[4.0,4.0,4.0]}}}