{"elements":[{"from":[-0.9142866,5.668768,6.7],"to":[8.0,8.268768,9.3],"rotation":{"angle":-45.0,"axis":"z","origin":[5.771428,5.1116247,8.3714285]},"faces":{"east":{"uv":[6.5,0.5,6.75,0.75],"rotation":0,"texture":"#0","tintindex":0},"south":{"uv":[2.0,7.5625,2.75,7.8125],"rotation":0,"texture":"#0","tintindex":0},"north":{"uv":[7.3125,6.875,8.0625,7.125],"rotation":0,"texture":"#0","tintindex":0},"west":{"uv":[6.5625,3.8125,6.8125,4.0625],"rotation":0,"texture":"#0","tintindex":0},"up":{"uv":[4.375,7.8125,3.625,7.5625],"rotation":0,"texture":"#0","tintindex":0},"down":{"uv":[8.375,1.6875,7.625,1.9375],"rotation":0,"texture":"#0","tintindex":0}}},{"from":[5.771428,5.4830537,6.7],"to":[8.742857,10.3116255,9.3],"rotation":{"angle":22.5,"axis":"x","origin":[5.771428,5.1116247,8.3714285]},"faces":{"east":{"uv":[8.4375,1.1875,8.6875,1.625],"rotation":0,"texture":"#0","tintindex":0},"south":{"uv":[3.0625,8.4375,3.3125,8.875],"rotation":0,"texture":"#0","tintindex":0},"north":{"uv":[5.9375,6.375,6.1875,6.8125],"rotation":0,"texture":"#0","tintindex":0},"west":{"uv":[8.4375,8.3125,8.6875,8.75],"rotation":0,"texture":"#0","tintindex":0},"up":{"uv":[7.9375,4.5,7.6875,4.25],"rotation":0,"texture":"#0","tintindex":0},"down":{"uv":[6.875,9.0,6.625,9.25],"rotation":0,"texture":"#0","tintindex":0}}},{"from":[5.771428,10.3116255,6.885714],"to":[8.0,12.911625,9.114285],"rotation":{"angle":22.5,"axis":"x","origin":[5.771428,5.1116247,8.3714285]},"faces":{"east":{"uv":[9.125,3.5625,9.3125,3.8125],"rotation":0,"texture":"#0","tintindex":0},"south":{"uv":[7.75,9.125,7.9375,9.375],"rotation":0,"texture":"#0","tintindex":0},"north":{"uv":[0.6875,9.125,0.875,9.375],"rotation":0,"texture":"#0","tintindex":0},"west":{"uv":[7.9375,9.125,8.125,9.375],"rotation":0,"texture":"#0","tintindex":0},"up":{"uv":[3.1875,7.9375,3.0,7.75],"rotation":0,"texture":"#0","tintindex":0},"down":{"uv":[8.875,9.1875,8.6875,9.375],"rotation":0,"texture":"#0","tintindex":0}}},{"from":[-11.129576,7.3793592,6.885714],"to":[1.4989953,9.607931,9.114285],"rotation":{"angle":-22.5,"axis":"z","origin":[8.1847105,6.6365023,8.3714285]},"faces":{"east":{"uv":[9.1875,9.0625,9.375,9.25],"rotation":0,"texture":"#0","tintindex":0},"south":{"uv":[7.25,5.0625,8.3125,5.25],"rotation":0,"texture":"#0","tintindex":0},"north":{"uv":[7.25,2.375,8.3125,2.5625],"rotation":0,"texture":"#0","tintindex":0},"west":{"uv":[0.875,9.25,1.0625,9.4375],"rotation":0,"texture":"#0","tintindex":0},"up":{"uv":[8.3125,5.4375,7.25,5.25],"rotation":0,"texture":"#0","tintindex":0},"down":{"uv":[8.375,0.5,7.3125,0.6875],"rotation":0,"texture":"#0","tintindex":0}}},{"from":[-9.4331875,12.946405,5.3999996],"to":[-4.9760456,14.617835,7.0714283],"rotation":{"angle":-22.5,"axis":"y","origin":[-7.576045,14.617835,8.0]},"faces":{"east":{"uv":[1.875,5.6875,2.0,5.8125],"rotation":0,"texture":"#0","tintindex":0},"south":{"uv":[6.3125,6.8125,6.6875,6.9375],"rotation":0,"texture":"#0","tintindex":0},"north":{"uv":[6.75,3.1875,7.125,3.3125],"rotation":0,"texture":"#0","tintindex":0},"west":{"uv":[8.0,8.1875,8.125,8.3125],"rotation":0,"texture":"#0","tintindex":0},"up":{"uv":[7.625,5.5625,7.25,5.4375],"rotation":0,"texture":"#0","tintindex":0},"down":{"uv":[7.6875,0.875,7.3125,1.0],"rotation":0,"texture":"#0","tintindex":0}}},{"from":[-11.268272,13.13212,5.0729294],"to":[-8.2968445,14.43212,6.3729296],"rotation":{"angle":0.0,"axis":"y","origin":[-6.439701,14.617835,7.4872155]},"faces":{"east":{"uv":[8.3125,8.625,8.4375,8.75],"rotation":0,"texture":"#0","tintindex":0},"south":{"uv":[6.75,1.25,7.0,1.375],"rotation":0,"texture":"#0","tintindex":0},"north":{"uv":[1.1875,6.3125,1.4375,6.4375],"rotation":0,"texture":"#0","tintindex":0},"west":{"uv":[8.6875,5.625,8.8125,5.75],"rotation":0,"texture":"#0","tintindex":0},"up":{"uv":[9.0,2.3125,8.75,2.1875],"rotation":0,"texture":"#0","tintindex":0},"down":{"uv":[9.5,7.0,9.25,7.125],"rotation":0,"texture":"#0","tintindex":0}}},{"from":[-2.9574041,13.32296,6.886457],"to":[-0.730319,17.778618,9.113543],"rotation":{"angle":0.0,"axis":"y","origin":[8.1847105,6.6365023,8.3714285]},"faces":{"east":{"uv":[0.3125,9.0,0.5,9.375],"rotation":0,"texture":"#0","tintindex":0},"south":{"uv":[9.0,2.1875,9.1875,2.5625],"rotation":0,"texture":"#0","tintindex":0},"north":{"uv":[6.875,8.9375,7.0625,9.3125],"rotation":0,"texture":"#0","tintindex":0},"west":{"uv":[2.4375,9.0,2.625,9.375],"rotation":0,"texture":"#0","tintindex":0},"up":{"uv":[1.25,9.4375,1.0625,9.25],"rotation":0,"texture":"#0","tintindex":0},"down":{"uv":[1.875,9.25,1.6875,9.4375],"rotation":0,"texture":"#0","tintindex":0}}},{"from":[0.014024258,13.32296,8.929315],"to":[2.9839668,17.778618,8.927829],"rotation":{"angle":0.0,"axis":"y","origin":[8.1847105,6.6365023,8.3714285]},"faces":{"east":{"uv":[0.0,0.0,0.0,0.375],"rotation":0,"texture":"#0","tintindex":0},"south":{"uv":[6.875,8.5625,7.125,8.9375],"rotation":0,"texture":"#0","tintindex":0},"north":{"uv":[7.125,8.5625,6.875,8.9375],"rotation":0,"texture":"#0","tintindex":0},"west":{"uv":[0.0,0.0,0.0,0.375],"rotation":0,"texture":"#0","tintindex":0},"up":{"uv":[0.25,0.0,0.0,0.0],"rotation":0,"texture":"#0","tintindex":0},"down":{"uv":[0.25,0.0,0.0,0.0],"rotation":0,"texture":"#0","tintindex":0}}},{"from":[-3.6122684,15.863372,7.0706854],"to":[3.074932,18.093428,8.929315],"rotation":{"angle":22.5,"axis":"z","origin":[-2.49724,19.5784,8.0]},"faces":{"east":{"uv":[1.875,9.25,2.0625,9.4375],"rotation":0,"texture":"#0","tintindex":0},"south":{"uv":[8.4375,0.1875,9.0,0.375],"rotation":0,"texture":"#0","tintindex":0},"north":{"uv":[8.4375,0.0,9.0,0.1875],"rotation":0,"texture":"#0","tintindex":0},"west":{"uv":[4.875,9.25,5.0625,9.4375],"rotation":0,"texture":"#0","tintindex":0},"up":{"uv":[9.0,4.4375,8.4375,4.25],"rotation":0,"texture":"#0","tintindex":0},"down":{"uv":[9.0,4.4375,8.4375,4.625],"rotation":0,"texture":"#0","tintindex":0}}},{"from":[3.0741887,16.049828,7.257143],"to":[5.30276,17.906971,8.742857],"rotation":{"angle":22.5,"axis":"z","origin":[-2.49724,19.5784,8.0]},"faces":{"east":{"uv":[1.875,8.0,2.0,8.1875],"rotation":0,"texture":"#0","tintindex":0},"south":{"uv":[9.25,5.625,9.4375,5.8125],"rotation":0,"texture":"#0","tintindex":0},"north":{"uv":[5.0625,9.25,5.25,9.4375],"rotation":0,"texture":"#0","tintindex":0},"west":{"uv":[1.75,8.875,1.875,9.0625],"rotation":0,"texture":"#0","tintindex":0},"up":{"uv":[8.125,7.4375,7.9375,7.3125],"rotation":0,"texture":"#0","tintindex":0},"down":{"uv":[8.75,6.3125,8.5625,6.4375],"rotation":0,"texture":"#0","tintindex":0}}},{"from":[0.4153018,19.111277,7.0714283],"to":[2.6438732,25.054134,8.928572],"rotation":{"angle":0.0,"axis":"y","origin":[2.2724447,18.739847,8.0]},"faces":{"east":{"uv":[8.75,2.625,8.9375,3.125],"rotation":0,"texture":"#0","tintindex":0},"south":{"uv":[8.75,4.625,8.9375,5.125],"rotation":0,"texture":"#0","tintindex":0},"north":{"uv":[5.25,8.5625,5.4375,9.0625],"rotation":0,"texture":"#0","tintindex":0},"west":{"uv":[8.75,7.3125,8.9375,7.8125],"rotation":0,"texture":"#0","tintindex":0},"up":{"uv":[9.4375,6.0,9.25,5.8125],"rotation":0,"texture":"#0","tintindex":0},"down":{"uv":[9.4375,6.0,9.25,6.1875],"rotation":0,"texture":"#0","tintindex":0}}},{"from":[1.6533132,24.40153,7.257143],"to":[3.510456,28.115814,8.742857],"rotation":{"angle":-22.5,"axis":"z","origin":[2.5818844,27.372957,8.0]},"faces":{"east":{"uv":[5.875,4.0625,6.0,4.375],"rotation":0,"texture":"#0","tintindex":0},"south":{"uv":[5.5625,9.0625,5.75,9.375],"rotation":0,"texture":"#0","tintindex":0},"north":{"uv":[1.3125,9.0625,1.5,9.375],"rotation":0,"texture":"#0","tintindex":0},"west":{"uv":[6.25,9.1875,6.375,9.5],"rotation":0,"texture":"#0","tintindex":0},"up":{"uv":[9.1875,0.375,9.0,0.25],"rotation":0,"texture":"#0","tintindex":0},"down":{"uv":[9.5625,0.1875,9.375,0.3125],"rotation":0,"texture":"#0","tintindex":0}}},{"from":[-4.2076197,16.338707,7.0714283],"to":[-1.9790468,23.767279,8.928572],"rotation":{"angle":45.0,"axis":"z","origin":[-3.0933332,18.56728,8.0]},