{"elements":[{"from":[6.142857,-1.6571426,5.3999996],"to":[10.6,0.5714283,9.857143],"rotation":{"angle":0.0,"axis":"y","origin":[15.057143,-3.8857145,16.542858]},"faces":{"east":{"uv":[7.0625,9.0,7.4375,9.1875],"rotation":0,"texture":"#0","tintindex":0},"south":{"uv":[9.0,8.3125,9.375,8.5],"rotation":0,"texture":"#0","tintindex":0},"north":{"uv":[6.25,9.0,6.625,9.1875],"rotation":0,"texture":"#0","tintindex":0},"west":{"uv":[9.0,8.5,9.375,8.6875],"rotation":0,"texture":"#0","tintindex":0},"up":{"uv":[2.875,8.5625,2.5,8.1875],"rotation":0,"texture":"#0","tintindex":0},"down":{"uv":[3.9375,8.1875,3.5625,8.5625],"rotation":0,"texture":"#0","tintindex":0}}},{"from":[5.771428,0.5714283,5.3999996],"to":[10.971429,2.7999997,10.6],"rotation":{"angle":0.0,"axis":"y","origin":[15.057143,-3.8857145,16.542858]},"faces":{"east":{"uv":[8.9375,2.625,9.375,2.8125],"rotation":0,"texture":"#0","tintindex":0},"south":{"uv":[8.9375,2.8125,9.375,3.0],"rotation":0,"texture":"#0","tintindex":0},"north":{"uv":[0.5,8.9375,0.9375,9.125],"rotation":0,"texture":"#0","tintindex":0},"west":{"uv":[8.9375,4.625,9.375,4.8125],"rotation":0,"texture":"#0","tintindex":0},"up":{"uv":[7.9375,4.9375,7.5,4.5],"rotation":0,"texture":"#0","tintindex":0},"down":{"uv":[6.3125,7.5,5.875,7.9375],"rotation":0,"texture":"#0","tintindex":0}}},{"from":[5.028571,2.7999997,5.028571],"to":[10.971429,8.0,10.971429],"rotation":{"angle":0.0,"axis":"y","origin":[8.0,5.771428,8.0]},"faces":{"east":{"uv":[2.6875,7.125,3.1875,7.5625],"rotation":0,"texture":"#0","tintindex":0},"south":{"uv":[7.125,5.5625,7.625,6.0],"rotation":0,"texture":"#0","tintindex":0},"north":{"uv":[1.125,7.125,1.625,7.5625],"rotation":0,"texture":"#0","tintindex":0},"west":{"uv":[7.125,6.0,7.625,6.4375],"rotation":0,"texture":"#0","tintindex":0},"up":{"uv":[2.1875,7.5625,1.6875,7.0625],"rotation":0,"texture":"#0","tintindex":0},"down":{"uv":[2.6875,7.0625,2.1875,7.5625],"rotation":0,"texture":"#0","tintindex":0}}},{"from":[4.285714,8.91093,3.6652684],"to":[11.714286,11.882359,3.6652684],"rotation":{"angle":-22.5,"axis":"x","origin":[8.0,11.882359,6.636697]},"faces":{"east":{"uv":[0.0,0.0,0.0,0.25],"rotation":0,"texture":"#0","tintindex":0},"south":{"uv":[8.75,6.4375,8.125,6.6875],"rotation":0,"texture":"#0","tintindex":0},"north":{"uv":[8.125,6.4375,8.75,6.6875],"rotation":0,"texture":"#0","tintindex":0},"west":{"uv":[0.0,0.0,0.0,0.25],"rotation":0,"texture":"#0","tintindex":0},"up":{"uv":[0.625,0.0,0.0,0.0],"rotation":0,"texture":"#0","tintindex":0},"down":{"uv":[0.625,0.0,0.0,0.0],"rotation":0,"texture":"#0","tintindex":0}}},{"from":[4.033594,7.802087,4.285714],"to":[4.033594,10.773516,11.714286],"rotation":{"angle":22.5,"axis":"z","origin":[4.033594,10.402087,8.0]},"faces":{"east":{"uv":[8.75,7.8125,8.125,8.0625],"rotation":0,"texture":"#0","tintindex":0},"south":{"uv":[0.0,0.0,0.0,0.25],"rotation":0,"texture":"#0","tintindex":0},"north":{"uv":[0.0,0.0,0.0,0.25],"rotation":0,"texture":"#0","tintindex":0},"west":{"uv":[8.125,7.8125,8.75,8.0625],"rotation":0,"texture":"#0","tintindex":0},"up":{"uv":[0.0,0.625,0.0,0.0],"rotation":0,"texture":"#0","tintindex":0},"down":{"uv":[0.0,0.0,0.0,0.625],"rotation":0,"texture":"#0","tintindex":0}}}],"textures":{"0":"modelengine:entity/bear_spirit"},"display":{"head":{"translation":[0.0,-6.4,0.0],"scale":[4.0,4.0,4.0]}}}