{"elements":[{"from":[9.484972,5.7706857,4.8421144],"to":[10.972172,8.000743,9.300743],"rotation":{"angle":0.0,"axis":"y","origin":[15.428572,5.771428,17.47143]},"faces":{"east":{"uv":[9.0,3.375,9.375,3.5625],"rotation":0,"texture":"#0","tintindex":0},"south":{"uv":[3.6875,9.375,3.8125,9.5625],"rotation":0,"texture":"#0","tintindex":0},"north":{"uv":[3.5625,9.375,3.6875,9.5625],"rotation":0,"texture":"#0","tintindex":0},"west":{"uv":[9.0,5.3125,9.375,5.5],"rotation":0,"texture":"#0","tintindex":0},"up":{"uv":[4.5625,6.3125,4.4375,5.9375],"rotation":0,"texture":"#0","tintindex":0},"down":{"uv":[0.625,7.0,0.5,7.375],"rotation":0,"texture":"#0","tintindex":0}}},{"from":[6.5135427,5.7706857,4.8421144],"to":[9.486457,8.000743,10.0436],"rotation":{"angle":0.0,"axis":"y","origin":[8.0,6.885714,7.4428573]},"faces":{"east":{"uv":[8.8125,6.0,9.25,6.1875],"rotation":0,"texture":"#0","tintindex":0},"south":{"uv":[9.1875,4.375,9.4375,4.5625],"rotation":0,"texture":"#0","tintindex":0},"north":{"uv":[9.1875,4.1875,9.4375,4.375],"rotation":0,"texture":"#0","tintindex":0},"west":{"uv":[1.0625,8.875,1.5,9.0625],"rotation":0,"texture":"#0","tintindex":0},"up":{"uv":[4.1875,9.0,3.9375,8.5625],"rotation":0,"texture":"#0","tintindex":0},"down":{"uv":[5.25,8.5625,5.0,9.0],"rotation":0,"texture":"#0","tintindex":0}}},{"from":[9.671429,5.771428,4.1],"to":[11.157143,7.257143,6.3285713],"rotation":{"angle":0.0,"axis":"y","origin":[15.428572,5.771428,17.47143]},"faces":{"east":{"uv":[3.9375,9.375,4.125,9.5],"rotation":0,"texture":"#0","tintindex":0},"south":{"uv":[6.875,9.4375,7.0,9.5625],"rotation":0,"texture":"#0","tintindex":0},"north":{"uv":[9.4375,6.8125,9.5625,6.9375],"rotation":0,"texture":"#0","tintindex":0},"west":{"uv":[9.375,3.9375,9.5625,4.0625],"rotation":0,"texture":"#0","tintindex":0},"up":{"uv":[9.5,4.75,9.375,4.5625],"rotation":0,"texture":"#0","tintindex":0},"down":{"uv":[4.75,9.375,4.625,9.5625],"rotation":0,"texture":"#0","tintindex":0}}},{"from":[10.042857,6.3285713,3.5428567],"to":[10.785714,7.257143,5.028571],"rotation":{"angle":-45.0,"axis":"x","origin":[10.414286,6.5142856,4.1]},"faces":{"east":{"uv":[8.0625,1.625,8.1875,1.6875],"rotation":0,"texture":"#0","tintindex":0},"south":{"uv":[8.375,1.1875,8.4375,1.25],"rotation":0,"texture":"#0","tintindex":0},"north":{"uv":[6.25,8.3125,6.3125,8.375],"rotation":0,"texture":"#0","tintindex":0},"west":{"uv":[8.0625,2.3125,8.1875,2.375],"rotation":0,"texture":"#0","tintindex":0},"up":{"uv":[2.25,9.625,2.1875,9.5],"rotation":0,"texture":"#0","tintindex":0},"down":{"uv":[2.3125,9.5,2.25,9.625],"rotation":0,"texture":"#0","tintindex":0}}},{"from":[10.042114,5.344863,3.180018],"to":[10.786457,6.6463485,3.9243608],"rotation":{"angle":0.0,"axis":"y","origin":[10.414286,5.902748,3.737904]},"faces":{"east":{"uv":[2.375,9.5,2.4375,9.625],"rotation":0,"texture":"#0","tintindex":0},"south":{"uv":[2.4375,9.5,2.5,9.625],"rotation":0,"texture":"#0","tintindex":0},"north":{"uv":[2.3125,9.5,2.375,9.625],"rotation":0,"texture":"#0","tintindex":0},"west":{"uv":[2.5,9.5,2.5625,9.625],"rotation":0,"texture":"#0","tintindex":0},"up":{"uv":[6.6875,8.5625,6.625,8.5],"rotation":0,"texture":"#0","tintindex":0},"down":{"uv":[3.375,8.75,3.3125,8.8125],"rotation":0,"texture":"#0","tintindex":0}}},{"from":[8.370686,5.344863,3.180018],"to":[9.115028,6.6463485,3.9243608],"rotation":{"angle":0.0,"axis":"y","origin":[8.742857,5.902748,3.737904]},"faces":{"east":{"uv":[2.625,9.5,2.6875,9.625],"rotation":0,"texture":"#0","tintindex":0},"south":{"uv":[2.8125,9.5,2.875,9.625],"rotation":0,"texture":"#0","tintindex":0},"north":{"uv":[2.5625,9.5,2.625,9.625],"rotation":0,"texture":"#0","tintindex":0},"west":{"uv":[2.875,9.5,2.9375,9.625],"rotation":0,"texture":"#0","tintindex":0},"up":{"uv":[5.875,8.8125,5.8125,8.75],"rotation":0,"texture":"#0","tintindex":0},"down":{"uv":[1.125,8.8125,1.0625,8.875],"rotation":0,"texture":"#0","tintindex":0}}},{"from":[8.3714285,6.3285713,3.5428567],"to":[9.114285,7.257143,5.028571],"rotation":{"angle":-45.0,"axis":"x","origin":[8.742857,6.5142856,4.1]},"faces":{"east":{"uv":[8.0625,5.0,8.1875,5.0625],"rotation":0,"texture":"#0","tintindex":0},"south":{"uv":[9.0,3.5625,9.0625,3.625],"rotation":0,"texture":"#0","tintindex":0},"north":{"uv":[7.0625,8.9375,7.125,9.0],"rotation":0,"texture":"#0","tintindex":0},"west":{"uv":[8.1875,1.625,8.3125,1.6875],"rotation":0,"texture":"#0","tintindex":0},"up":{"uv":[3.0,9.625,2.9375,9.5],"rotation":0,"texture":"#0","tintindex":0},"down":{"uv":[9.5625,3.25,9.5,3.375],"rotation":0,"texture":"#0","tintindex":0}}},{"from":[6.699257,5.344863,3.180018],"to":[7.4436,6.6463485,3.9243608],"rotation":{"angle":0.0,"axis":"y","origin":[7.0714283,5.902748,3.737904]},"faces":{"east":{"uv":[3.375,9.5,3.4375,9.625],"rotation":0,"texture":"#0","tintindex":0},"south":{"uv":[3.4375,9.5,3.5,9.625],"rotation":0,"texture":"#0","tintindex":0},"north":{"uv":[3.3125,9.5,3.375,9.625],"rotation":0,"texture":"#0","tintindex":0},"west":{"uv":[3.5,9.5,3.5625,9.625],"rotation":0,"texture":"#0","tintindex":0},"up":{"uv":[5.0625,9.0625,5.0,9.0],"rotation":0,"texture":"#0","tintindex":0},"down":{"uv":[5.125,9.0,5.0625,9.0625],"rotation":0,"texture":"#0","tintindex":0}}},{"from":[6.7,6.3285713,3.5428567],"to":[7.4428573,7.257143,5.028571],"rotation":{"angle":-45.0,"axis":"x","origin":[7.0714283,6.5142856,4.1]},"faces":{"east":{"uv":[8.1875,2.3125,8.3125,2.375],"rotation":0,"texture":"#0","tintindex":0},"south":{"uv":[5.1875,9.0,5.25,9.0625],"rotation":0,"texture":"#0","tintindex":0},"north":{"uv":[5.125,9.0,5.1875,9.0625],"rotation":0,"texture":"#0","tintindex":0},"west":{"uv":[8.1875,5.0,8.3125,5.0625],"rotation":0,"texture":"#0","tintindex":0},"up":{"uv":[9.5625,3.625,9.5,3.5],"rotation":0,"texture":"#0","tintindex":0},"down":{"uv":[9.5625,3.625,9.5,3.75],"rotation":0,"texture":"#0","tintindex":0}}},{"from":[8.0,5.771428,4.1],"to":[9.485714,7.257143,4.842857],"rotation":{"angle":0.0,"axis":"y","origin":[15.428572,5.771428,17.47143]},"faces":{"east":{"uv":[9.5,3.75,9.5625,3.875],"rotation":0,"texture":"#0","tintindex":0},"south":{"uv":[7.125,9.4375,7.25,9.5625],"rotation":0,"texture":"#0","tintindex":0},"north":{"uv":[7.0,9.4375,7.125,9.5625],"rotation":0,"texture":"#0","tintindex":0},"west":{"uv":[3.9375,9.5,4.0,9.625],"rotation":0,"texture":"#0","tintindex":0},"up":{"uv":[8.375,1.25,8.25,1.1875],"rotation":0,"texture":"#0","tintindex":0},"down":{"uv":[8.5,1.875,8.375,1.9375],"rotation":0,"texture":"#0","tintindex":0}}},{"from":[6.3285713,5.771428,4.1],"to":[7.8142858,7.257143,6.3285713],"rotation":{"angle":0.0,"axis":"y","origin":[15.428572,5.771428,17.47143]},"faces":{"east":{"uv":[9.375,4.0625,9.5625,4.1875],"rotation":0,"texture":"#0","tintindex":0},"south":{"uv":[7.375,9.4375,7.5,9.5625],"rotation":0,"texture":"#0","tintindex":0},"north":{"uv":[7.25,9.4375,7.375,9.5625],"rotation":0,"texture":"#0","tintindex":0},"west":{"uv":[9.375,4.75,9.5625,4.875],"rotation":0,"texture":"#0","tintindex":0},"up":{"uv":[4.875,9.5625,4.75,9.375],"rotation":0,"texture":"#0","tintindex":0},"down":{"uv":[9.5,5.3125,9.375,5.5],"rotation":0,"texture":"#0","tintindex":0}}},{"from":[11.342857,5.771428,5.771428],"to":[12.828571,7.257143,8.0],"rotation":{"angle":-22.5,"axis":"y","origin":[11.714286,6.5142856,5.5857143]},"faces":{"east":{"uv":[9.375,4.875,9.5625,5.0],"rotation":0,"texture":"#0","tintindex":0},"south":{"uv":[8.25,9.4375,8.375,9.5625],"rotation":0,"texture":"#0","tintindex":0},"north":{"uv":[9.4375,8.0625,9.5625,8.1875],"rotation":0,"texture":"#0","tintindex":0},"west":{"uv":[9.375,5.5,9.5625,5.625],"rotation":0,"texture":"#0","tintindex":0},"up":{"uv":[5.6875,9.5625,5.5625,9.375],"rotation":0,"texture":"#0","tintindex":0},"down":{"uv":[5.8125,9.375,5.6875,9.5625],"rotation":0,"texture":"#0","tintindex":0}}},{"from":[11.714286,5.771428,5.214286],"to":[12.457144,7.6285715,6.5142856],"rotation":{"angle":-22.5,"axis":"y","origin":[11.714286,6.5142856,5.5857143]},"faces":{"east":{"uv":[5.9375,9.375,6.0625,9.5625],