{"elements":[{"from":[5.771428,-1.1000004,6.3285713],"to":[9.485714,2.6142855,11.528572],"rotation":{"angle":0.0,"axis":"y","origin":[14.685715,-10.757145,16.357143]},"faces":{"east":{"uv":[5.0,8.25,5.4375,8.5625],"rotation":0,"texture":"#0","tintindex":0},"south":{"uv":[8.6875,8.625,9.0,8.9375],"rotation":0,"texture":"#0","tintindex":0},"north":{"uv":[8.6875,8.3125,9.0,8.625],"rotation":0,"texture":"#0","tintindex":0},"west":{"uv":[6.6875,8.25,7.125,8.5625],"rotation":0,"texture":"#0","tintindex":0},"up":{"uv":[4.625,8.625,4.3125,8.1875],"rotation":0,"texture":"#0","tintindex":0},"down":{"uv":[0.3125,8.3125,0.0,8.75],"rotation":0,"texture":"#0","tintindex":0}}},{"from":[5.771428,1.1285715,4.842857],"to":[10.228572,9.3,10.785714],"rotation":{"angle":0.0,"axis":"y","origin":[14.685715,-10.757145,16.357143]},"faces":{"east":{"uv":[4.4375,6.375,4.9375,7.0625],"rotation":0,"texture":"#0","tintindex":0},"south":{"uv":[6.75,6.25,7.125,6.9375],"rotation":0,"texture":"#0","tintindex":0},"north":{"uv":[6.75,5.5625,7.125,6.25],"rotation":0,"texture":"#0","tintindex":0},"west":{"uv":[4.9375,6.375,5.4375,7.0625],"rotation":0,"texture":"#0","tintindex":0},"up":{"uv":[5.875,8.375,5.5,7.875],"rotation":0,"texture":"#0","tintindex":0},"down":{"uv":[6.6875,7.875,6.3125,8.375],"rotation":0,"texture":"#0","tintindex":0}}},{"from":[5.028571,1.1285715,4.842857],"to":[5.771428,5.5857143,10.785714],"rotation":{"angle":0.0,"axis":"y","origin":[14.685715,-10.757145,16.357143]},"faces":{"east":{"uv":[6.6875,7.875,7.1875,8.25],"rotation":0,"texture":"#0","tintindex":0},"south":{"uv":[0.4375,7.5,0.5,7.875],"rotation":0,"texture":"#0","tintindex":0},"north":{"uv":[1.625,7.125,1.6875,7.5],"rotation":0,"texture":"#0","tintindex":0},"west":{"uv":[0.0,7.9375,0.5,8.3125],"rotation":0,"texture":"#0","tintindex":0},"up":{"uv":[4.4375,7.0625,4.375,6.5625],"rotation":0,"texture":"#0","tintindex":0},"down":{"uv":[1.125,8.0625,1.0625,8.5625],"rotation":0,"texture":"#0","tintindex":0}}}],"textures":{"0":"modelengine:entity/bear_spirit"},"display":{"head":{"translation":[0.0,-6.4,0.0],"scale":[4.0,4.0,4.0]}}}