{"elements":[{"from":[6.5142856,-1.1000004,6.3285713],"to":[10.228572,2.6142855,11.528572],"rotation":{"angle":0.0,"axis":"y","origin":[1.3142858,-10.757145,16.357143]},"faces":{"east":{"uv":[8.3125,5.0,8.75,5.3125],"rotation":0,"texture":"#0","tintindex":0},"south":{"uv":[8.75,1.875,9.0625,2.1875],"rotation":0,"texture":"#0","tintindex":0},"north":{"uv":[0.0,8.75,0.3125,9.0625],"rotation":0,"texture":"#0","tintindex":0},"west":{"uv":[8.0,8.3125,8.4375,8.625],"rotation":0,"texture":"#0","tintindex":0},"up":{"uv":[8.6875,2.75,8.375,2.3125],"rotation":0,"texture":"#0","tintindex":0},"down":{"uv":[8.6875,5.3125,8.375,5.75],"rotation":0,"texture":"#0","tintindex":0}}},{"from":[5.771428,1.1285715,4.842857],"to":[10.228572,9.3,10.785714],"rotation":{"angle":0.0,"axis":"y","origin":[1.3142858,-10.757145,16.357143]},"faces":{"east":{"uv":[5.4375,6.375,5.9375,7.0625],"rotation":0,"texture":"#0","tintindex":0},"south":{"uv":[5.9375,6.8125,6.3125,7.5],"rotation":0,"texture":"#0","tintindex":0},"north":{"uv":[6.8125,3.8125,7.1875,4.5],"rotation":0,"texture":"#0","tintindex":0},"west":{"uv":[1.1875,6.4375,1.6875,7.125],"rotation":0,"texture":"#0","tintindex":0},"up":{"uv":[7.5625,8.375,7.1875,7.875],"rotation":0,"texture":"#0","tintindex":0},"down":{"uv":[3.375,7.9375,3.0,8.4375],"rotation":0,"texture":"#0","tintindex":0}}},{"from":[10.228572,1.1285715,4.842857],"to":[10.971429,5.5857143,10.785714],"rotation":{"angle":0.0,"axis":"y","origin":[1.3142858,-10.757145,16.357143]},"faces":{"east":{"uv":[7.9375,1.25,8.4375,1.625],"rotation":0,"texture":"#0","tintindex":0},"south":{"uv":[5.8125,8.375,5.875,8.75],"rotation":0,"texture":"#0","tintindex":0},"north":{"uv":[6.25,7.9375,6.3125,8.3125],"rotation":0,"texture":"#0","tintindex":0},"west":{"uv":[7.9375,4.25,8.4375,4.625],"rotation":0,"texture":"#0","tintindex":0},"up":{"uv":[2.875,9.0625,2.8125,8.5625],"rotation":0,"texture":"#0","tintindex":0},"down":{"uv":[2.6875,9.0,2.625,9.5],"rotation":0,"texture":"#0","tintindex":0}}}],"textures":{"0":"modelengine:entity/bear_spirit"},"display":{"head":{"translation":[0.0,-6.4,0.0],"scale":[4.0,4.0,4.0]}}}