{"elements":[{"from":[6.3285713,6.5142856,4.285714],"to":[11.9,10.971429,11.714286],"rotation":{"angle":0.0,"axis":"y","origin":[9.485714,5.771428,8.0]},"faces":{"east":{"uv":[4.6875,7.0625,5.3125,7.4375],"rotation":0,"texture":"#0","tintindex":0},"south":{"uv":[5.0,7.875,5.5,8.25],"rotation":0,"texture":"#0","tintindex":0},"north":{"uv":[7.625,7.8125,8.125,8.1875],"rotation":0,"texture":"#0","tintindex":0},"west":{"uv":[5.3125,7.0625,5.9375,7.4375],"rotation":0,"texture":"#0","tintindex":0},"up":{"uv":[7.0,2.0,6.5,1.375],"rotation":0,"texture":"#0","tintindex":0},"down":{"uv":[3.1875,6.5,2.6875,7.125],"rotation":0,"texture":"#0","tintindex":0}}},{"from":[6.3285713,0.5714283,4.285714],"to":[12.642858,6.5142856,11.714286],"rotation":{"angle":0.0,"axis":"y","origin":[9.485714,5.771428,8.0]},"faces":{"east":{"uv":[3.1875,6.5,3.8125,7.0],"rotation":0,"texture":"#0","tintindex":0},"south":{"uv":[6.75,2.6875,7.3125,3.1875],"rotation":0,"texture":"#0","tintindex":0},"north":{"uv":[6.75,0.5,7.3125,1.0],"rotation":0,"texture":"#0","tintindex":0},"west":{"uv":[6.5625,3.3125,7.1875,3.8125],"rotation":0,"texture":"#0","tintindex":0},"up":{"uv":[6.75,6.8125,6.1875,6.1875],"rotation":0,"texture":"#0","tintindex":0},"down":{"uv":[1.1875,6.3125,0.625,6.9375],"rotation":0,"texture":"#0","tintindex":0}}},{"from":[7.4428573,-0.9142866,3.5428567],"to":[11.157143,2.0571427,7.257143],"rotation":{"angle":0.0,"axis":"y","origin":[4.4714284,-6.8571434,-3.514286]},"faces":{"east":{"uv":[9.0,0.875,9.3125,1.125],"rotation":0,"texture":"#0","tintindex":0},"south":{"uv":[9.0,1.125,9.3125,1.375],"rotation":0,"texture":"#0","tintindex":0},"north":{"uv":[9.0,0.0,9.3125,0.25],"rotation":0,"texture":"#0","tintindex":0},"west":{"uv":[9.0,1.375,9.3125,1.625],"rotation":0,"texture":"#0","tintindex":0},"up":{"uv":[9.0,2.625,8.6875,2.3125],"rotation":0,"texture":"#0","tintindex":0},"down":{"uv":[9.0,5.3125,8.6875,5.625],"rotation":0,"texture":"#0","tintindex":0}}}],"textures":{"0":"modelengine:entity/bear_spirit"},"display":{"head":{"translation":[0.0,-6.4,0.0],"scale":[4.0,4.0,4.0]}}}