{"elements":[{"from":[5.5857143,5.771428,3.3571424],"to":[7.0714283,7.257143,4.1],"rotation":{"angle":0.0,"axis":"y","origin":[3.1714287,5.771428,-2.9571428]},"faces":{"east":{"uv":[4.4375,9.1875,4.5,9.3125],"rotation":0,"texture":"#0","tintindex":0},"south":{"uv":[5.0,9.4375,5.125,9.5625],"rotation":0,"texture":"#0","tintindex":0},"north":{"uv":[4.875,9.4375,5.0,9.5625],"rotation":0,"texture":"#0","tintindex":0},"west":{"uv":[5.75,9.1875,5.8125,9.3125],"rotation":0,"texture":"#0","tintindex":0},"up":{"uv":[7.875,6.875,7.75,6.8125],"rotation":0,"texture":"#0","tintindex":0},"down":{"uv":[7.875,7.125,7.75,7.1875],"rotation":0,"texture":"#0","tintindex":0}}},{"from":[7.257143,5.771428,3.3571424],"to":[8.742857,7.257143,4.1],"rotation":{"angle":0.0,"axis":"y","origin":[3.1714287,5.771428,-2.9571428]},"faces":{"east":{"uv":[1.25,9.25,1.3125,9.375],"rotation":0,"texture":"#0","tintindex":0},"south":{"uv":[9.4375,5.125,9.5625,5.25],"rotation":0,"texture":"#0","tintindex":0},"north":{"uv":[5.125,9.4375,5.25,9.5625],"rotation":0,"texture":"#0","tintindex":0},"west":{"uv":[3.75,9.25,3.8125,9.375],"rotation":0,"texture":"#0","tintindex":0},"up":{"uv":[8.0,6.875,7.875,6.8125],"rotation":0,"texture":"#0","tintindex":0},"down":{"uv":[8.0,7.125,7.875,7.1875],"rotation":0,"texture":"#0","tintindex":0}}},{"from":[8.928572,5.771428,3.3571424],"to":[10.414286,7.257143,4.1],"rotation":{"angle":0.0,"axis":"y","origin":[3.1714287,5.771428,-2.9571428]},"faces":{"east":{"uv":[3.0,9.3125,3.0625,9.4375],"rotation":0,"texture":"#0","tintindex":0},"south":{"uv":[9.4375,5.75,9.5625,5.875],"rotation":0,"texture":"#0","tintindex":0},"north":{"uv":[9.4375,5.625,9.5625,5.75],"rotation":0,"texture":"#0","tintindex":0},"west":{"uv":[3.25,9.3125,3.3125,9.4375],"rotation":0,"texture":"#0","tintindex":0},"up":{"uv":[8.0625,1.6875,7.9375,1.625],"rotation":0,"texture":"#0","tintindex":0},"down":{"uv":[8.0625,5.0,7.9375,5.0625],"rotation":0,"texture":"#0","tintindex":0}}},{"from":[9.3,5.3999996,2.6142855],"to":[10.042857,7.0714283,3.9142857],"rotation":{"angle":-45.0,"axis":"x","origin":[9.671429,6.5142856,2.6142855]},"faces":{"east":{"uv":[9.4375,5.875,9.5625,6.0],"rotation":0,"texture":"#0","tintindex":0},"south":{"uv":[3.25,9.4375,3.3125,9.5625],"rotation":0,"texture":"#0","tintindex":0},"north":{"uv":[0.625,9.4375,0.6875,9.5625],"rotation":0,"texture":"#0","tintindex":0},"west":{"uv":[9.4375,6.0,9.5625,6.125],"rotation":0,"texture":"#0","tintindex":0},"up":{"uv":[4.3125,9.5625,4.25,9.4375],"rotation":0,"texture":"#0","tintindex":0},"down":{"uv":[6.25,9.4375,6.1875,9.5625],"rotation":0,"texture":"#0","tintindex":0}}},{"from":[9.299257,5.421788,2.219583],"to":[10.0436,6.908988,3.1496406],"rotation":{"angle":0.0,"axis":"y","origin":[9.671429,6.5368166,2.963183]},"faces":{"east":{"uv":[8.9375,9.4375,9.0,9.5625],"rotation":0,"texture":"#0","tintindex":0},"south":{"uv":[0.125,9.5,0.1875,9.625],"rotation":0,"texture":"#0","tintindex":0},"north":{"uv":[8.625,9.4375,8.6875,9.5625],"rotation":0,"texture":"#0","tintindex":0},"west":{"uv":[0.4375,9.5,0.5,9.625],"rotation":0,"texture":"#0","tintindex":0},"up":{"uv":[0.5,7.9375,0.4375,7.875],"rotation":0,"texture":"#0","tintindex":0},"down":{"uv":[4.6875,8.0,4.625,8.0625],"rotation":0,"texture":"#0","tintindex":0}}},{"from":[7.6285715,5.3999996,2.6142855],"to":[8.3714285,7.0714283,3.9142857],"rotation":{"angle":-45.0,"axis":"x","origin":[8.0,6.5142856,2.6142855]},"faces":{"east":{"uv":[6.0625,9.4375,6.1875,9.5625],"rotation":0,"texture":"#0","tintindex":0},"south":{"uv":[0.75,9.5,0.8125,9.625],"rotation":0,"texture":"#0","tintindex":0},"north":{"uv":[0.6875,9.5,0.75,9.625],"rotation":0,"texture":"#0","tintindex":0},"west":{"uv":[6.5,9.4375,6.625,9.5625],"rotation":0,"texture":"#0","tintindex":0},"up":{"uv":[0.875,9.625,0.8125,9.5],"rotation":0,"texture":"#0","tintindex":0},"down":{"uv":[9.5625,0.8125,9.5,0.9375],"rotation":0,"texture":"#0","tintindex":0}}},{"from":[7.6278286,5.421788,2.219583],"to":[8.372171,6.908988,3.1496406],"rotation":{"angle":0.0,"axis":"y","origin":[8.0,6.5368166,2.963183]},"faces":{"east":{"uv":[9.5,1.0625,9.5625,1.1875],"rotation":0,"texture":"#0","tintindex":0},"south":{"uv":[9.5,1.1875,9.5625,1.3125],"rotation":0,"texture":"#0","tintindex":0},"north":{"uv":[9.5,0.9375,9.5625,1.0625],"rotation":0,"texture":"#0","tintindex":0},"west":{"uv":[1.25,9.5,1.3125,9.625],"rotation":0,"texture":"#0","tintindex":0},"up":{"uv":[8.0625,6.875,8.0,6.8125],"rotation":0,"texture":"#0","tintindex":0},"down":{"uv":[8.0625,7.125,8.0,7.1875],"rotation":0,"texture":"#0","tintindex":0}}},{"from":[5.957143,5.3999996,2.6142855],"to":[6.7,7.0714283,3.9142857],"rotation":{"angle":-45.0,"axis":"x","origin":[6.3285713,6.5142856,2.6142855]},"faces":{"east":{"uv":[6.625,9.4375,6.75,9.5625],"rotation":0,"texture":"#0","tintindex":0},"south":{"uv":[9.5,1.3125,9.5625,1.4375],"rotation":0,"texture":"#0","tintindex":0},"north":{"uv":[1.3125,9.5,1.375,9.625],"rotation":0,"texture":"#0","tintindex":0},"west":{"uv":[6.75,9.4375,6.875,9.5625],"rotation":0,"texture":"#0","tintindex":0},"up":{"uv":[1.4375,9.625,1.375,9.5],"rotation":0,"texture":"#0","tintindex":0},"down":{"uv":[9.5625,1.4375,9.5,1.5625],"rotation":0,"texture":"#0","tintindex":0}}},{"from":[5.9564,5.421788,2.219583],"to":[6.7007427,6.908988,3.1496406],"rotation":{"angle":0.0,"axis":"y","origin":[6.3285713,6.5368166,2.963183]},"faces":{"east":{"uv":[9.5,1.6875,9.5625,1.8125],"rotation":0,"texture":"#0","tintindex":0},"south":{"uv":[2.0625,9.5,2.125,9.625],"rotation":0,"texture":"#0","tintindex":0},"north":{"uv":[9.5,1.5625,9.5625,1.6875],"rotation":0,"texture":"#0","tintindex":0},"west":{"uv":[2.125,9.5,2.1875,9.625],"rotation":0,"texture":"#0","tintindex":0},"up":{"uv":[3.625,8.1875,3.5625,8.125],"rotation":0,"texture":"#0","tintindex":0},"down":{"uv":[8.375,1.625,8.3125,1.6875],"rotation":0,"texture":"#0","tintindex":0}}},{"from":[5.3999996,5.771428,4.1],"to":[10.6,8.0,9.3],"rotation":{"angle":0.0,"axis":"y","origin":[8.0,6.885714,6.7]},"faces":{"east":{"uv":[8.75,6.5,9.1875,6.6875],"rotation":0,"texture":"#0","tintindex":0},"south":{"uv":[8.8125,5.625,9.25,5.8125],"rotation":0,"texture":"#0","tintindex":0},"north":{"uv":[8.75,6.3125,9.1875,6.5],"rotation":0,"texture":"#0","tintindex":0},"west":{"uv":[8.8125,5.8125,9.25,6.0],"rotation":0,"texture":"#0","tintindex":0},"up":{"uv":[7.625,7.875,7.1875,7.4375],"rotation":0,"texture":"#0","tintindex":0},"down":{"uv":[0.4375,7.5,0.0,7.9375],"rotation":0,"texture":"#0","tintindex":0}}}],"textures":{"0":"modelengine:entity/bear_spirit"},"display":{"head":{"translation":[0.0,-6.4,0.0],"scale":[4.0,4.0,4.0]}}}