{"elements":[{"from":[5.3999996,-1.6571426,5.3999996],"to":[9.857143,0.5714283,9.857143],"rotation":{"angle":0.0,"axis":"y","origin":[0.9428568,-3.8857145,16.542858]},"faces":{"east":{"uv":[1.75,9.0625,2.125,9.25],"rotation":0,"texture":"#0","tintindex":0},"south":{"uv":[9.0625,1.875,9.4375,2.0625],"rotation":0,"texture":"#0","tintindex":0},"north":{"uv":[0.9375,9.0625,1.3125,9.25],"rotation":0,"texture":"#0","tintindex":0},"west":{"uv":[4.9375,9.0625,5.3125,9.25],"rotation":0,"texture":"#0","tintindex":0},"up":{"uv":[8.5625,4.0,8.1875,3.625],"rotation":0,"texture":"#0","tintindex":0},"down":{"uv":[4.3125,8.1875,3.9375,8.5625],"rotation":0,"texture":"#0","tintindex":0}}},{"from":[5.028571,0.5714283,5.3999996],"to":[10.228572,2.7999997,10.6],"rotation":{"angle":0.0,"axis":"y","origin":[0.9428568,-3.8857145,16.542858]},"faces":{"east":{"uv":[8.9375,7.6875,9.375,7.875],"rotation":0,"texture":"#0","tintindex":0},"south":{"uv":[7.75,8.9375,8.1875,9.125],"rotation":0,"texture":"#0","tintindex":0},"north":{"uv":[8.9375,7.5,9.375,7.6875],"rotation":0,"texture":"#0","tintindex":0},"west":{"uv":[8.9375,7.875,9.375,8.0625],"rotation":0,"texture":"#0","tintindex":0},"up":{"uv":[1.5625,8.0,1.125,7.5625],"rotation":0,"texture":"#0","tintindex":0},"down":{"uv":[2.0,7.5625,1.5625,8.0],"rotation":0,"texture":"#0","tintindex":0}}},{"from":[5.028571,2.7999997,5.028571],"to":[10.971429,8.0,10.971429],"rotation":{"angle":0.0,"axis":"y","origin":[8.0,5.771428,8.0]},"faces":{"east":{"uv":[7.1875,3.1875,7.6875,3.625],"rotation":0,"texture":"#0","tintindex":0},"south":{"uv":[7.1875,3.625,7.6875,4.0625],"rotation":0,"texture":"#0","tintindex":0},"north":{"uv":[7.125,6.4375,7.625,6.875],"rotation":0,"texture":"#0","tintindex":0},"west":{"uv":[7.1875,4.0625,7.6875,4.5],"rotation":0,"texture":"#0","tintindex":0},"up":{"uv":[4.1875,7.5625,3.6875,7.0625],"rotation":0,"texture":"#0","tintindex":0},"down":{"uv":[4.6875,7.0625,4.1875,7.5625],"rotation":0,"texture":"#0","tintindex":0}}},{"from":[4.285714,8.91093,3.6652684],"to":[11.714286,11.882359,3.6652684],"rotation":{"angle":-22.5,"axis":"x","origin":[8.0,11.882359,6.636697]},"faces":{"east":{"uv":[0.0,0.0,0.0,0.25],"rotation":0,"texture":"#0","tintindex":0},"south":{"uv":[8.75,8.0625,8.125,8.3125],"rotation":0,"texture":"#0","tintindex":0},"north":{"uv":[8.125,8.0625,8.75,8.3125],"rotation":0,"texture":"#0","tintindex":0},"west":{"uv":[0.0,0.0,0.0,0.25],"rotation":0,"texture":"#0","tintindex":0},"up":{"uv":[0.625,0.0,0.0,0.0],"rotation":0,"texture":"#0","tintindex":0},"down":{"uv":[0.625,0.0,0.0,0.0],"rotation":0,"texture":"#0","tintindex":0}}},{"from":[11.966406,7.802087,4.285714],"to":[11.966406,10.773516,11.714286],"rotation":{"angle":-22.5,"axis":"z","origin":[11.966406,10.402087,8.0]},"faces":{"east":{"uv":[8.1875,3.125,8.8125,3.375],"rotation":0,"texture":"#0","tintindex":0},"south":{"uv":[0.0,0.0,0.0,0.25],"rotation":0,"texture":"#0","tintindex":0},"north":{"uv":[0.0,0.0,0.0,0.25],"rotation":0,"texture":"#0","tintindex":0},"west":{"uv":[8.8125,3.125,8.1875,3.375],"rotation":0,"texture":"#0","tintindex":0},"up":{"uv":[0.0,0.625,0.0,0.0],"rotation":0,"texture":"#0","tintindex":0},"down":{"uv":[0.0,0.0,0.0,0.625],"rotation":0,"texture":"#0","tintindex":0}}}],"textures":{"0":"modelengine:entity/bear_spirit"},"display":{"head":{"translation":[0.0,-6.4,0.0],"scale":[4.0,4.0,4.0]}}}