{"elements":[{"from":[8.0,5.668768,6.7],"to":[16.914288,8.268768,9.3],"rotation":{"angle":45.0,"axis":"z","origin":[10.228572,5.1116247,8.3714285]},"faces":{"east":{"uv":[0.0,9.0625,0.25,9.3125],"rotation":0,"texture":"#0","tintindex":0},"south":{"uv":[7.625,5.6875,8.375,5.9375],"rotation":0,"texture":"#0","tintindex":0},"north":{"uv":[7.625,5.4375,8.375,5.6875],"rotation":0,"texture":"#0","tintindex":0},"west":{"uv":[2.125,9.0625,2.375,9.3125],"rotation":0,"texture":"#0","tintindex":0},"up":{"uv":[8.375,6.1875,7.625,5.9375],"rotation":0,"texture":"#0","tintindex":0},"down":{"uv":[8.375,6.1875,7.625,6.4375],"rotation":0,"texture":"#0","tintindex":0}}},{"from":[7.257143,5.4830537,6.7],"to":[10.228572,10.3116255,9.3],"rotation":{"angle":22.5,"axis":"x","origin":[10.228572,5.1116247,8.3714285]},"faces":{"east":{"uv":[7.75,8.5,8.0,8.9375],"rotation":0,"texture":"#0","tintindex":0},"south":{"uv":[2.4375,8.5625,2.6875,9.0],"rotation":0,"texture":"#0","tintindex":0},"north":{"uv":[8.5,1.875,8.75,2.3125],"rotation":0,"texture":"#0","tintindex":0},"west":{"uv":[3.5625,8.5625,3.8125,9.0],"rotation":0,"texture":"#0","tintindex":0},"up":{"uv":[3.0625,9.3125,2.8125,9.0625],"rotation":0,"texture":"#0","tintindex":0},"down":{"uv":[5.5625,9.0625,5.3125,9.3125],"rotation":0,"texture":"#0","tintindex":0}}},{"from":[8.0,10.3116255,6.885714],"to":[10.228572,12.911625,9.114285],"rotation":{"angle":22.5,"axis":"x","origin":[10.228572,5.1116247,8.3714285]},"faces":{"east":{"uv":[9.1875,0.25,9.375,0.5],"rotation":0,"texture":"#0","tintindex":0},"south":{"uv":[1.5,9.1875,1.6875,9.4375],"rotation":0,"texture":"#0","tintindex":0},"north":{"uv":[8.125,9.125,8.3125,9.375],"rotation":0,"texture":"#0","tintindex":0},"west":{"uv":[9.1875,2.0625,9.375,2.3125],"rotation":0,"texture":"#0","tintindex":0},"up":{"uv":[8.5,9.4375,8.3125,9.25],"rotation":0,"texture":"#0","tintindex":0},"down":{"uv":[8.6875,9.25,8.5,9.4375],"rotation":0,"texture":"#0","tintindex":0}}},{"from":[14.501005,7.3793592,6.885714],"to":[27.129576,9.607931,9.114285],"rotation":{"angle":22.5,"axis":"z","origin":[7.81529,6.6365023,8.3714285]},"faces":{"east":{"uv":[9.1875,9.25,9.375,9.4375],"rotation":0,"texture":"#0","tintindex":0},"south":{"uv":[7.3125,2.5625,8.375,2.75],"rotation":0,"texture":"#0","tintindex":0},"north":{"uv":[7.3125,0.6875,8.375,0.875],"rotation":0,"texture":"#0","tintindex":0},"west":{"uv":[0.0,9.3125,0.1875,9.5],"rotation":0,"texture":"#0","tintindex":0},"up":{"uv":[8.375,2.9375,7.3125,2.75],"rotation":0,"texture":"#0","tintindex":0},"down":{"uv":[8.375,2.9375,7.3125,3.125],"rotation":0,"texture":"#0","tintindex":0}}},{"from":[15.772169,9.241449,6.885714],"to":[25.429312,14.812878,6.885714],"rotation":{"angle":0.0,"axis":"y","origin":[19.115026,13.327164,8.0]},"faces":{"east":{"uv":[0.0,0.0,0.0,0.5],"rotation":0,"texture":"#0","tintindex":0},"south":{"uv":[6.6875,5.0625,5.875,5.5625],"rotation":0,"texture":"#0","tintindex":0},"north":{"uv":[5.875,5.0625,6.6875,5.5625],"rotation":0,"texture":"#0","tintindex":0},"west":{"uv":[0.0,0.0,0.0,0.5],"rotation":0,"texture":"#0","tintindex":0},"up":{"uv":[0.8125,0.0,0.0,0.0],"rotation":0,"texture":"#0","tintindex":0},"down":{"uv":[0.8125,0.0,0.0,0.0],"rotation":0,"texture":"#0","tintindex":0}}},{"from":[20.976046,12.946405,5.3999996],"to":[25.433187,14.617835,7.0714283],"rotation":{"angle":22.5,"axis":"y","origin":[23.576046,14.617835,8.0]},"faces":{"east":{"uv":[0.9375,8.9375,1.0625,9.0625],"rotation":0,"texture":"#0","tintindex":0},"south":{"uv":[8.9375,5.0,9.3125,5.125],"rotation":0,"texture":"#0","tintindex":0},"north":{"uv":[7.5,4.9375,7.875,5.0625],"rotation":0,"texture":"#0","tintindex":0},"west":{"uv":[9.0625,2.0625,9.1875,2.1875],"rotation":0,"texture":"#0","tintindex":0},"up":{"uv":[9.375,5.625,9.0,5.5],"rotation":0,"texture":"#0","tintindex":0},"down":{"uv":[9.5,3.8125,9.125,3.9375],"rotation":0,"texture":"#0","tintindex":0}}},{"from":[24.296844,13.13212,5.0729294],"to":[27.268272,14.43212,6.3729296],"rotation":{"angle":0.0,"axis":"y","origin":[22.439701,14.617835,7.4872155]},"faces":{"east":{"uv":[9.0,9.375,9.125,9.5],"rotation":0,"texture":"#0","tintindex":0},"south":{"uv":[9.3125,6.3125,9.5625,6.4375],"rotation":0,"texture":"#0","tintindex":0},"north":{"uv":[9.3125,5.0,9.5625,5.125],"rotation":0,"texture":"#0","tintindex":0},"west":{"uv":[9.375,9.125,9.5,9.25],"rotation":0,"texture":"#0","tintindex":0},"up":{"uv":[9.5625,6.5625,9.3125,6.4375],"rotation":0,"texture":"#0","tintindex":0},"down":{"uv":[9.5625,6.5625,9.3125,6.6875],"rotation":0,"texture":"#0","tintindex":0}}},{"from":[16.73032,13.32296,6.886457],"to":[18.957405,17.778618,9.113543],"rotation":{"angle":0.0,"axis":"y","origin":[7.81529,6.6365023,8.3714285]},"faces":{"east":{"uv":[3.5625,9.0,3.75,9.375],"rotation":0,"texture":"#0","tintindex":0},"south":{"uv":[3.9375,9.0,4.125,9.375],"rotation":0,"texture":"#0","tintindex":0},"north":{"uv":[9.0,3.0,9.1875,3.375],"rotation":0,"texture":"#0","tintindex":0},"west":{"uv":[9.0,4.25,9.1875,4.625],"rotation":0,"texture":"#0","tintindex":0},"up":{"uv":[9.5,0.1875,9.3125,0.0],"rotation":0,"texture":"#0","tintindex":0},"down":{"uv":[9.5,0.875,9.3125,1.0625],"rotation":0,"texture":"#0","tintindex":0}}},{"from":[12.925068,15.863372,7.0706854],"to":[19.612268,18.093428,8.929315],"rotation":{"angle":-22.5,"axis":"z","origin":[18.49724,19.5784,8.0]},"faces":{"east":{"uv":[9.3125,1.0625,9.5,1.25],"rotation":0,"texture":"#0","tintindex":0},"south":{"uv":[8.5,7.0,9.0625,7.1875],"rotation":0,"texture":"#0","tintindex":0},"north":{"uv":[8.5,6.8125,9.0625,7.0],"rotation":0,"texture":"#0","tintindex":0},"west":{"uv":[9.3125,1.25,9.5,1.4375],"rotation":0,"texture":"#0","tintindex":0},"up":{"uv":[9.125,3.8125,8.5625,3.625],"rotation":0,"texture":"#0","tintindex":0},"down":{"uv":[9.125,3.8125,8.5625,4.0],"rotation":0,"texture":"#0","tintindex":0}}},{"from":[10.69724,16.049828,7.257143],"to":[12.925812,17.906971,8.742857],"rotation":{"angle":-22.5,"axis":"z","origin":[18.49724,19.5784,8.0]},"faces":{"east":{"uv":[8.1875,8.9375,8.3125,9.125],"rotation":0,"texture":"#0","tintindex":0},"south":{"uv":[9.3125,1.625,9.5,1.8125],"rotation":0,"texture":"#0","tintindex":0},"north":{"uv":[9.3125,1.4375,9.5,1.625],"rotation":0,"texture":"#0","tintindex":0},"west":{"uv":[5.4375,9.3125,5.5625,9.5],"rotation":0,"texture":"#0","tintindex":0},"up":{"uv":[0.875,9.5,0.6875,9.375],"rotation":0,"texture":"#0","tintindex":0},"down":{"uv":[9.5625,0.6875,9.375,0.8125],"rotation":0,"texture":"#0","tintindex":0}}},{"from":[13.356127,19.111277,7.0714283],"to":[15.584698,25.054134,8.928572],"rotation":{"angle":0.0,"axis":"y","origin":[13.727555,18.739847,8.0]},"faces":{"east":{"uv":[8.3125,8.75,8.5,9.25],"rotation":0,"texture":"#0","tintindex":0},"south":{"uv":[8.5,8.75,8.6875,9.25],"rotation":0,"texture":"#0","tintindex":0},"north":{"uv":[8.75,7.8125,8.9375,8.3125],"rotation":0,"texture":"#0","tintindex":0},"west":{"uv":[8.8125,3.125,9.0,3.625],"rotation":0,"texture":"#0","tintindex":0},"up":{"uv":[2.25,9.5,2.0625,9.3125],"rotation":0,"texture":"#0","tintindex":0},"down":{"uv":[2.4375,9.3125,2.25,9.5],"rotation":0,"texture":"#0","tintindex":0}}},{"from":[12.489544,24.40153,7.257143],"to":[14.346687,28.115814,8.742857],"rotation":{"angle":22.5,"axis":"z","origin":[13.418116,27.372957,8.0]},"faces":{"east":{"uv":[9.1875,6.3125,9.3125,6.625],"rotation":0,"texture":"#0","tintindex":0},"south":{"uv":[9.0625,6.8125,9.25,7.125],"rotation":0,"texture":"#0","tintindex":0},"north":{"uv":[5.9375,9.0625,6.125,9.375],"rotation":0,"texture":"#0","tintindex":0},"west":{"uv":[6.375,9.1875,6.5,9.5],"rotation":0,"texture":"#0","tintindex":0},"up":{"uv":[1.4375,9.5,1.25,9.375],"rotation":0,"texture":"#0","tintindex":0},"down":{"uv":[9.5625,2.0625,9.375,2.1875],"rotation":0,"texture":"#0","tintindex":0}}},{"from":[17.979046,16.338707,7.0714283],"to":[20.207619,23.767279,8.928572],"rotation":{"angle":-45.0,"axis":"z","origin":[19.093334,18.56728,8.0]},"faces":{"east":{"uv":[2.0625,8.4375,2.25,9.0625],