{"elements":[{"from":[5.027828,5.7706857,4.8421144],"to":[6.5150285,8.000743,9.300743],"rotation":{"angle":0.0,"axis":"y","origin":[0.5714283,5.771428,17.47143]},"faces":{"east":{"uv":[9.0,8.6875,9.375,8.875],"rotation":0,"texture":"#0","tintindex":0},"south":{"uv":[7.5,9.375,7.625,9.5625],"rotation":0,"texture":"#0","tintindex":0},"north":{"uv":[9.375,7.4375,9.5,7.625],"rotation":0,"texture":"#0","tintindex":0},"west":{"uv":[9.0,8.875,9.375,9.0625],"rotation":0,"texture":"#0","tintindex":0},"up":{"uv":[6.25,9.4375,6.125,9.0625],"rotation":0,"texture":"#0","tintindex":0},"down":{"uv":[4.4375,9.1875,4.3125,9.5625],"rotation":0,"texture":"#0","tintindex":0}}},{"from":[6.5135427,5.7706857,4.8421144],"to":[9.486457,8.000743,10.0436],"rotation":{"angle":0.0,"axis":"y","origin":[8.0,6.885714,7.4428573]},"faces":{"east":{"uv":[8.9375,4.8125,9.375,5.0],"rotation":0,"texture":"#0","tintindex":0},"south":{"uv":[9.1875,5.125,9.4375,5.3125],"rotation":0,"texture":"#0","tintindex":0},"north":{"uv":[4.625,9.1875,4.875,9.375],"rotation":0,"texture":"#0","tintindex":0},"west":{"uv":[8.9375,7.3125,9.375,7.5],"rotation":0,"texture":"#0","tintindex":0},"up":{"uv":[8.8125,6.1875,8.5625,5.75],"rotation":0,"texture":"#0","tintindex":0},"down":{"uv":[6.875,8.5625,6.625,9.0],"rotation":0,"texture":"#0","tintindex":0}}},{"from":[4.842857,5.771428,4.1],"to":[6.3285713,7.257143,6.3285713],"rotation":{"angle":0.0,"axis":"y","origin":[0.5714283,5.771428,17.47143]},"faces":{"east":{"uv":[9.375,6.1875,9.5625,6.3125],"rotation":0,"texture":"#0","tintindex":0},"south":{"uv":[8.5,9.4375,8.625,9.5625],"rotation":0,"texture":"#0","tintindex":0},"north":{"uv":[8.375,9.4375,8.5,9.5625],"rotation":0,"texture":"#0","tintindex":0},"west":{"uv":[7.625,9.375,7.8125,9.5],"rotation":0,"texture":"#0","tintindex":0},"up":{"uv":[9.5,7.8125,9.375,7.625],"rotation":0,"texture":"#0","tintindex":0},"down":{"uv":[7.9375,9.375,7.8125,9.5625],"rotation":0,"texture":"#0","tintindex":0}}},{"from":[5.214286,6.3285713,3.5428567],"to":[5.957143,7.257143,5.028571],"rotation":{"angle":-45.0,"axis":"x","origin":[5.5857143,6.5142856,4.1]},"faces":{"east":{"uv":[8.375,3.0625,8.5,3.125],"rotation":0,"texture":"#0","tintindex":0},"south":{"uv":[9.125,3.9375,9.1875,4.0],"rotation":0,"texture":"#0","tintindex":0},"north":{"uv":[9.125,2.5625,9.1875,2.625],"rotation":0,"texture":"#0","tintindex":0},"west":{"uv":[8.375,4.9375,8.5,5.0],"rotation":0,"texture":"#0","tintindex":0},"up":{"uv":[5.3125,9.625,5.25,9.5],"rotation":0,"texture":"#0","tintindex":0},"down":{"uv":[9.5625,5.25,9.5,5.375],"rotation":0,"texture":"#0","tintindex":0}}},{"from":[5.213543,5.344863,3.180018],"to":[5.9578857,6.6463485,3.9243608],"rotation":{"angle":0.0,"axis":"y","origin":[5.5857143,5.902748,3.737904]},"faces":{"east":{"uv":[5.375,9.5,5.4375,9.625],"rotation":0,"texture":"#0","tintindex":0},"south":{"uv":[9.5,5.375,9.5625,5.5],"rotation":0,"texture":"#0","tintindex":0},"north":{"uv":[5.3125,9.5,5.375,9.625],"rotation":0,"texture":"#0","tintindex":0},"west":{"uv":[5.4375,9.5,5.5,9.625],"rotation":0,"texture":"#0","tintindex":0},"up":{"uv":[4.1875,9.1875,4.125,9.125],"rotation":0,"texture":"#0","tintindex":0},"down":{"uv":[9.1875,7.125,9.125,7.1875],"rotation":0,"texture":"#0","tintindex":0}}},{"from":[6.8849716,5.344863,3.180018],"to":[7.6293144,6.6463485,3.9243608],"rotation":{"angle":0.0,"axis":"y","origin":[7.257143,5.902748,3.737904]},"faces":{"east":{"uv":[5.8125,9.5,5.875,9.625],"rotation":0,"texture":"#0","tintindex":0},"south":{"uv":[5.875,9.5,5.9375,9.625],"rotation":0,"texture":"#0","tintindex":0},"north":{"uv":[5.5,9.5,5.5625,9.625],"rotation":0,"texture":"#0","tintindex":0},"west":{"uv":[6.25,9.5,6.3125,9.625],"rotation":0,"texture":"#0","tintindex":0},"up":{"uv":[7.5,9.1875,7.4375,9.125],"rotation":0,"texture":"#0","tintindex":0},"down":{"uv":[1.75,9.1875,1.6875,9.25],"rotation":0,"texture":"#0","tintindex":0}}},{"from":[6.885714,6.3285713,3.5428567],"to":[7.6285715,7.257143,5.028571],"rotation":{"angle":-45.0,"axis":"x","origin":[7.257143,6.5142856,4.1]},"faces":{"east":{"uv":[8.5,3.0625,8.625,3.125],"rotation":0,"texture":"#0","tintindex":0},"south":{"uv":[4.875,9.1875,4.9375,9.25],"rotation":0,"texture":"#0","tintindex":0},"north":{"uv":[9.1875,4.5625,9.25,4.625],"rotation":0,"texture":"#0","tintindex":0},"west":{"uv":[8.5,4.9375,8.625,5.0],"rotation":0,"texture":"#0","tintindex":0},"up":{"uv":[6.375,9.625,6.3125,9.5],"rotation":0,"texture":"#0","tintindex":0},"down":{"uv":[6.4375,9.5,6.375,9.625],"rotation":0,"texture":"#0","tintindex":0}}},{"from":[8.5564,5.344863,3.180018],"to":[9.300743,6.6463485,3.9243608],"rotation":{"angle":0.0,"axis":"y","origin":[8.928572,5.902748,3.737904]},"faces":{"east":{"uv":[9.5,6.6875,9.5625,6.8125],"rotation":0,"texture":"#0","tintindex":0},"south":{"uv":[9.5,6.9375,9.5625,7.0625],"rotation":0,"texture":"#0","tintindex":0},"north":{"uv":[6.4375,9.5,6.5,9.625],"rotation":0,"texture":"#0","tintindex":0},"west":{"uv":[9.5,7.0625,9.5625,7.1875],"rotation":0,"texture":"#0","tintindex":0},"up":{"uv":[6.5625,9.25,6.5,9.1875],"rotation":0,"texture":"#0","tintindex":0},"down":{"uv":[6.625,9.1875,6.5625,9.25],"rotation":0,"texture":"#0","tintindex":0}}},{"from":[8.557143,6.3285713,3.5428567],"to":[9.3,7.257143,5.028571],"rotation":{"angle":-45.0,"axis":"x","origin":[8.928572,6.5142856,4.1]},"faces":{"east":{"uv":[4.1875,8.5625,4.3125,8.625],"rotation":0,"texture":"#0","tintindex":0},"south":{"uv":[9.1875,7.25,9.25,7.3125],"rotation":0,"texture":"#0","tintindex":0},"north":{"uv":[9.1875,6.625,9.25,6.6875],"rotation":0,"texture":"#0","tintindex":0},"west":{"uv":[8.625,3.0625,8.75,3.125],"rotation":0,"texture":"#0","tintindex":0},"up":{"uv":[9.5625,7.3125,9.5,7.1875],"rotation":0,"texture":"#0","tintindex":0},"down":{"uv":[9.5625,7.3125,9.5,7.4375],"rotation":0,"texture":"#0","tintindex":0}}},{"from":[6.5142856,5.771428,4.1],"to":[8.0,7.257143,4.842857],"rotation":{"angle":0.0,"axis":"y","origin":[0.5714283,5.771428,17.47143]},"faces":{"east":{"uv":[9.5,7.4375,9.5625,7.5625],"rotation":0,"texture":"#0","tintindex":0},"south":{"uv":[9.125,9.4375,9.25,9.5625],"rotation":0,"texture":"#0","tintindex":0},"north":{"uv":[8.8125,9.4375,8.9375,9.5625],"rotation":0,"texture":"#0","tintindex":0},"west":{"uv":[9.5,7.5625,9.5625,7.6875],"rotation":0,"texture":"#0","tintindex":0},"up":{"uv":[8.75,5.0,8.625,4.9375],"rotation":0,"texture":"#0","tintindex":0},"down":{"uv":[9.125,2.5625,9.0,2.625],"rotation":0,"texture":"#0","tintindex":0}}},{"from":[8.185715,5.771428,4.1],"to":[9.671429,7.257143,6.3285713],"rotation":{"angle":0.0,"axis":"y","origin":[0.5714283,5.771428,17.47143]},"faces":{"east":{"uv":[9.375,7.8125,9.5625,7.9375],"rotation":0,"texture":"#0","tintindex":0},"south":{"uv":[0.0,9.5,0.125,9.625],"rotation":0,"texture":"#0","tintindex":0},"north":{"uv":[9.25,9.4375,9.375,9.5625],"rotation":0,"texture":"#0","tintindex":0},"west":{"uv":[7.9375,9.375,8.125,9.5],"rotation":0,"texture":"#0","tintindex":0},"up":{"uv":[8.25,9.5625,8.125,9.375],"rotation":0,"texture":"#0","tintindex":0},"down":{"uv":[9.5,8.25,9.375,8.4375],"rotation":0,"texture":"#0","tintindex":0}}},{"from":[3.1714287,5.771428,5.771428],"to":[4.6571426,7.257143,8.0],"rotation":{"angle":22.5,"axis":"y","origin":[4.285714,6.5142856,5.5857143]},"faces":{"east":{"uv":[9.375,7.9375,9.5625,8.0625],"rotation":0,"texture":"#0","tintindex":0},"south":{"uv":[0.3125,9.5,0.4375,9.625],"rotation":0,"texture":"#0","tintindex":0},"north":{"uv":[9.5,0.0,9.625,0.125],"rotation":0,"texture":"#0","tintindex":0},"west":{"uv":[9.375,8.4375,9.5625,8.5625],"rotation":0,"texture":"#0","tintindex":0},"up":{"uv":[9.5,8.75,9.375,8.5625],"rotation":0,"texture":"#0","tintindex":0},"down":{"uv":[8.8125,9.375,8.6875,9.5625],"rotation":0,"texture":"#0","tintindex":0}}},{"from":[3.5428567,5.771428,5.214286],"to":[4.285714,7.6285715,6.5142856],"rotation":{"angle":22.5,"axis":"y","origin":[4.285714,6.5142856,5.5857143]},"faces":{"east":{"uv":[9.375,8.75,9.5,8.9375],"rotation":0,