{"elements":[{"from":[5.3999996,2.7999997,6.3285713],"to":[10.6,3.5428567,11.528572],"rotation":{"angle":0.0,"axis":"y","origin":[3.1714287,0.5714283,-1.4714298]},"faces":{"east":{"uv":[5.9375,2.125,6.375,2.1875],"rotation":0,"texture":"#0","tintindex":0},"south":{"uv":[2.6875,6.4375,3.125,6.5],"rotation":0,"texture":"#0","tintindex":0},"north":{"uv":[2.25,5.8125,2.6875,5.875],"rotation":0,"texture":"#0","tintindex":0},"west":{"uv":[6.8125,4.5,7.25,4.5625],"rotation":0,"texture":"#0","tintindex":0},"up":{"uv":[7.9375,1.6875,7.5,1.25],"rotation":0,"texture":"#0","tintindex":0},"down":{"uv":[3.625,7.5,3.1875,7.9375],"rotation":0,"texture":"#0","tintindex":0}}},{"from":[5.028571,3.5428567,6.3285713],"to":[10.971429,8.0,12.271429],"rotation":{"angle":0.0,"axis":"y","origin":[8.0,5.771428,9.3]},"faces":{"east":{"uv":[2.5,7.8125,3.0,8.1875],"rotation":0,"texture":"#0","tintindex":0},"south":{"uv":[3.625,7.8125,4.125,8.1875],"rotation":0,"texture":"#0","tintindex":0},"north":{"uv":[2.0,7.8125,2.5,8.1875],"rotation":0,"texture":"#0","tintindex":0},"west":{"uv":[4.125,7.8125,4.625,8.1875],"rotation":0,"texture":"#0","tintindex":0},"up":{"uv":[7.5,1.75,7.0,1.25],"rotation":0,"texture":"#0","tintindex":0},"down":{"uv":[3.6875,7.0,3.1875,7.5],"rotation":0,"texture":"#0","tintindex":0}}}],"textures":{"0":"modelengine:entity/bear_spirit"},"display":{"head":{"translation":[0.0,-6.4,0.0],"scale":[4.0,4.0,4.0]}}}