{"elements":[{"from":[5.9405456,6.714286,2.1427283],"to":[7.6548314,11.285714,13.857015],"rotation":{"angle":0.0,"axis":"y","origin":[8.7976885,12.428572,-9.685844]},"faces":{"east":{"uv":[5.625,7.75,6.8125,8.25],"rotation":0,"texture":"#6","tintindex":0},"south":{"uv":[8.875,9.125,9.0625,9.625],"rotation":0,"texture":"#6","tintindex":0},"north":{"uv":[5.6875,8.9375,5.875,9.4375],"rotation":0,"texture":"#6","tintindex":0},"west":{"uv":[7.6875,1.1875,8.875,1.6875],"rotation":0,"texture":"#6","tintindex":0},"up":{"uv":[7.9375,9.0,6.75,8.8125],"rotation":270,"texture":"#6","tintindex":0},"down":{"uv":[10.0,8.625,8.8125,8.8125],"rotation":90,"texture":"#6","tintindex":0}}},{"from":[7.4880257,0.9999995,2.8572712],"to":[10.916597,13.0,13.142986],"rotation":{"angle":0.0,"axis":"y","origin":[25.202312,-40.714287,-6.8570147]},"faces":{"east":{"uv":[5.6875,0.0,6.8125,1.3125],"rotation":0,"texture":"#6","tintindex":0},"south":{"uv":[4.125,7.375,4.5,8.6875],"rotation":0,"texture":"#6","tintindex":0},"north":{"uv":[3.75,7.375,4.125,8.6875],"rotation":0,"texture":"#6","tintindex":0},"west":{"uv":[3.5625,5.375,4.6875,6.6875],"rotation":0,"texture":"#6","tintindex":0},"up":{"uv":[9.125,1.125,8.0,0.75],"rotation":270,"texture":"#6","tintindex":0},"down":{"uv":[7.9375,8.0625,6.8125,8.4375],"rotation":90,"texture":"#6","tintindex":0}}}],"textures":{"6":"modelengine:entity/tower_skeleton_shield_6"},"display":{"head":{"translation":[0.0,-6.4,0.0],"scale":[4.0,4.0,4.0]}}}