{"elements":[{"from":[-2.8246756,10.571428,8.740253],"to":[3.4610386,15.142858,11.025968],"rotation":{"angle":22.5,"axis":"y","origin":[2.318181,-10.428572,-3.2597466]},"faces":{"east":{"uv":[9.125,4.125,9.375,4.625],"rotation":0,"texture":"#6","tintindex":0},"south":{"uv":[0.0,8.4375,0.6875,8.9375],"rotation":0,"texture":"#6","tintindex":0},"north":{"uv":[0.0,7.9375,0.6875,8.4375],"rotation":0,"texture":"#6","tintindex":0},"west":{"uv":[5.625,6.375,5.875,6.875],"rotation":0,"texture":"#6","tintindex":0},"up":{"uv":[4.4375,9.375,4.1875,8.6875],"rotation":270,"texture":"#6","tintindex":0},"down":{"uv":[7.6875,9.0,7.4375,9.6875],"rotation":90,"texture":"#6","tintindex":0}}},{"from":[3.4610386,-1.4285717,5.8831105],"to":[6.88961,15.142858,13.883111],"rotation":{"angle":22.5,"axis":"y","origin":[2.318181,-10.428572,-3.2597466]},"faces":{"east":{"uv":[5.125,4.5625,6.0,6.375],"rotation":0,"texture":"#6","tintindex":0},"south":{"uv":[3.375,7.375,3.75,9.1875],"rotation":0,"texture":"#6","tintindex":0},"north":{"uv":[3.75,1.375,4.125,3.1875],"rotation":0,"texture":"#6","tintindex":0},"west":{"uv":[5.125,2.75,6.0,4.5625],"rotation":0,"texture":"#6","tintindex":0},"up":{"uv":[5.875,8.9375,5.0,8.5625],"rotation":270,"texture":"#6","tintindex":0},"down":{"uv":[6.75,8.8125,5.875,9.1875],"rotation":90,"texture":"#6","tintindex":0}}},{"from":[4.6038957,4.285714,13.883111],"to":[4.6038957,11.142858,24.740255],"rotation":{"angle":22.5,"axis":"y","origin":[2.318181,-10.428572,-3.2597466]},"faces":{"east":{"uv":[11.125,0.0,9.9375,0.75],"rotation":0,"texture":"#6","tintindex":0},"south":{"uv":[0.0,0.0,0.0,0.75],"rotation":0,"texture":"#6","tintindex":0},"north":{"uv":[0.0,0.0,0.0,0.75],"rotation":0,"texture":"#6","tintindex":0},"west":{"uv":[9.9375,0.0,11.125,0.75],"rotation":0,"texture":"#6","tintindex":0},"up":{"uv":[9.9375,0.0,11.125,0.0],"rotation":270,"texture":"#6","tintindex":0},"down":{"uv":[9.9375,0.0,11.125,0.0],"rotation":90,"texture":"#6","tintindex":0}}},{"from":[4.6038957,-3.7142859,13.883111],"to":[4.6038957,3.142857,24.740255],"rotation":{"angle":22.5,"axis":"y","origin":[2.318181,-10.428572,-3.2597466]},"faces":{"east":{"uv":[11.125,0.0,9.9375,0.75],"rotation":0,"texture":"#6","tintindex":0},"south":{"uv":[0.0,0.0,0.0,0.75],"rotation":0,"texture":"#6","tintindex":0},"north":{"uv":[0.0,0.0,0.0,0.75],"rotation":0,"texture":"#6","tintindex":0},"west":{"uv":[9.9375,0.0,11.125,0.75],"rotation":0,"texture":"#6","tintindex":0},"up":{"uv":[9.9375,0.0,11.125,0.0],"rotation":270,"texture":"#6","tintindex":0},"down":{"uv":[9.9375,0.0,11.125,0.0],"rotation":90,"texture":"#6","tintindex":0}}},{"from":[1.7611985,4.285714,-3.1973982],"to":[3.475484,8.857143,12.174032],"rotation":{"angle":22.5,"axis":"y","origin":[2.3326273,-10.428572,-3.2545404]},"faces":{"east":{"uv":[6.8125,0.0,8.5,0.5],"rotation":0,"texture":"#6","tintindex":0},"south":{"uv":[3.375,5.9375,3.5625,6.4375],"rotation":0,"texture":"#6","tintindex":0},"north":{"uv":[4.0,4.5625,4.1875,5.0625],"rotation":0,"texture":"#6","tintindex":0},"west":{"uv":[6.4375,2.0,8.125,2.5],"rotation":0,"texture":"#6","tintindex":0},"up":{"uv":[9.625,4.125,7.9375,3.9375],"rotation":270,"texture":"#6","tintindex":0},"down":{"uv":[10.5,8.4375,8.8125,8.625],"rotation":90,"texture":"#6","tintindex":0}}},{"from":[3.4610386,-1.4285717,-3.2597466],"to":[6.88961,16.857143,5.3116817],"rotation":{"angle":22.5,"axis":"y","origin":[2.318181,-10.428572,-3.2597466]},"faces":{"east":{"uv":[4.1875,3.375,5.125,5.375],"rotation":0,"texture":"#6","tintindex":0},"south":{"uv":[0.875,7.0625,1.25,9.0625],"rotation":0,"texture":"#6","tintindex":0},"north":{"uv":[1.8125,6.375,2.1875,8.375],"rotation":0,"texture":"#6","tintindex":0},"west":{"uv":[4.1875,1.375,5.125,3.375],"rotation":0,"texture":"#6","tintindex":0},"up":{"uv":[7.1875,8.8125,6.25,8.4375],"rotation":270,"texture":"#6","tintindex":0},"down":{"uv":[8.125,8.4375,7.1875,8.8125],"rotation":90,"texture":"#6","tintindex":0}}},{"from":[-2.8246756,12.285715,0.16882467],"to":[3.4610386,16.857143,2.4545388],"rotation":{"angle":22.5,"axis":"y","origin":[2.318181,-10.428572,-3.2597466]},"faces":{"east":{"uv":[8.625,9.125,8.875,9.625],"rotation":0,"texture":"#6","tintindex":0},"south":{"uv":[8.5,0.0,9.1875,0.5],"rotation":0,"texture":"#6","tintindex":0},"north":{"uv":[8.125,8.4375,8.8125,8.9375],"rotation":0,"texture":"#6","tintindex":0},"west":{"uv":[9.125,4.625,9.375,5.125],"rotation":0,"texture":"#6","tintindex":0},"up":{"uv":[7.9375,9.6875,7.6875,9.0],"rotation":270,"texture":"#6","tintindex":0},"down":{"uv":[0.9375,9.0625,0.6875,9.75],"rotation":90,"texture":"#6","tintindex":0}}}],"textures":{"6":"modelengine:entity/tower_skeleton_shield_6"},"display":{"head":{"translation":[0.0,-6.4,0.0],"scale":[4.0,4.0,4.0]}}}