{"elements":[{"from":[6.244898,-4.367347,0.37187004],"to":[11.387755,9.346939,2.6575842],"rotation":{"angle":0.0,"axis":"y","origin":[10.816326,8.77551,7.743299]},"faces":{"east":{"uv":[1.75,7.875,1.5,9.375],"rotation":0,"texture":"#6","tintindex":0},"south":{"uv":[1.8125,6.375,1.25,7.875],"rotation":0,"texture":"#6","tintindex":0},"north":{"uv":[5.625,6.375,5.0625,7.875],"rotation":0,"texture":"#6","tintindex":0},"west":{"uv":[1.5,7.875,1.25,9.375],"rotation":0,"texture":"#6","tintindex":0},"up":{"uv":[0.9375,9.625,1.1875,9.0625],"rotation":270,"texture":"#6","tintindex":0},"down":{"uv":[3.125,9.125,3.375,9.6875],"rotation":90,"texture":"#6","tintindex":0}}},{"from":[6.244898,-4.367347,2.6570687],"to":[10.244898,1.9183669,12.942783],"rotation":{"angle":0.0,"axis":"y","origin":[10.816326,8.77551,7.7999263]},"faces":{"east":{"uv":[6.125,6.1875,7.25,6.875],"rotation":0,"texture":"#6","tintindex":0},"south":{"uv":[3.75,8.6875,4.1875,9.375],"rotation":0,"texture":"#6","tintindex":0},"north":{"uv":[3.5625,4.5625,4.0,5.25],"rotation":0,"texture":"#6","tintindex":0},"west":{"uv":[6.125,5.5,7.25,6.1875],"rotation":0,"texture":"#6","tintindex":0},"up":{"uv":[9.0,4.5625,7.875,4.125],"rotation":270,"texture":"#6","tintindex":0},"down":{"uv":[9.0,4.5625,7.875,5.0],"rotation":90,"texture":"#6","tintindex":0}}},{"from":[6.8163266,18.489796,2.0856404],"to":[13.102041,21.34694,13.514212],"rotation":{"angle":0.0,"axis":"y","origin":[10.816326,8.77551,7.7999263]},"faces":{"east":{"uv":[5.0625,8.25,6.25,8.5625],"rotation":0,"texture":"#6","tintindex":0},"south":{"uv":[6.75,9.0,7.4375,9.3125],"rotation":0,"texture":"#6","tintindex":0},"north":{"uv":[7.9375,8.9375,8.625,9.25],"rotation":0,"texture":"#6","tintindex":0},"west":{"uv":[8.125,6.0625,9.3125,6.375],"rotation":0,"texture":"#6","tintindex":0},"up":{"uv":[4.5625,7.375,3.375,6.6875],"rotation":270,"texture":"#6","tintindex":0},"down":{"uv":[8.0,0.5,6.8125,1.1875],"rotation":90,"texture":"#6","tintindex":0}}},{"from":[6.8163266,8.77551,2.6570687],"to":[13.102041,11.632653,14.085641],"rotation":{"angle":0.0,"axis":"y","origin":[10.816326,-0.938776,7.7999263]},"faces":{"east":{"uv":[8.125,5.75,9.375,6.0625],"rotation":0,"texture":"#6","tintindex":0},"south":{"uv":[9.125,0.75,9.8125,1.0625],"rotation":0,"texture":"#6","tintindex":0},"north":{"uv":[9.0625,8.0,9.75,8.3125],"rotation":0,"texture":"#6","tintindex":0},"west":{"uv":[8.125,5.4375,9.375,5.75],"rotation":0,"texture":"#6","tintindex":0},"up":{"uv":[1.25,7.0625,0.0,6.375],"rotation":270,"texture":"#6","tintindex":0},"down":{"uv":[7.6875,1.3125,6.4375,2.0],"rotation":90,"texture":"#6","tintindex":0}}},{"from":[4.530612,5.3469386,2.5142117],"to":[4.530612,8.77551,14.799927],"rotation":{"angle":0.0,"axis":"y","origin":[10.816326,8.77551,7.7999263]},"faces":{"east":{"uv":[9.25,2.9375,7.9375,3.3125],"rotation":0,"texture":"#6","tintindex":0},"south":{"uv":[0.0,0.0,0.0,0.375],"rotation":0,"texture":"#6","tintindex":0},"north":{"uv":[0.0,0.0,0.0,0.375],"rotation":0,"texture":"#6","tintindex":0},"west":{"uv":[7.9375,2.9375,9.25,3.3125],"rotation":0,"texture":"#6","tintindex":0},"up":{"uv":[1.3125,0.0,0.0,0.0],"rotation":270,"texture":"#6","tintindex":0},"down":{"uv":[1.3125,0.0,0.0,0.0],"rotation":90,"texture":"#6","tintindex":0}}},{"from":[6.244898,-4.367347,12.942783],"to":[11.387755,9.346939,15.228498],"rotation":{"angle":0.0,"axis":"y","origin":[10.816326,8.77551,7.7999263]},"faces":{"east":{"uv":[1.5,7.875,1.75,9.375],"rotation":0,"texture":"#6","tintindex":0},"south":{"uv":[5.0625,6.375,5.625,7.875],"rotation":0,"texture":"#6","tintindex":0},"north":{"uv":[1.25,6.375,1.8125,7.875],"rotation":0,"texture":"#6","tintindex":0},"west":{"uv":[1.25,7.875,1.5,9.375],"rotation":0,"texture":"#6","tintindex":0},"up":{"uv":[1.1875,9.625,0.9375,9.0625],"rotation":270,"texture":"#6","tintindex":0},"down":{"uv":[3.375,9.125,3.125,9.6875],"rotation":90,"texture":"#6","tintindex":0}}},{"from":[4.530612,8.77551,1.1713548],"to":[6.8163266,21.34694,14.371355],"rotation":{"angle":0.0,"axis":"y","origin":[10.816326,8.77551,7.7999263]},"faces":{"east":{"uv":[5.125,1.375,6.4375,2.75],"rotation":0,"texture":"#6","tintindex":0},"south":{"uv":[4.75,8.5625,5.0,9.9375],"rotation":0,"texture":"#6","tintindex":0},"north":{"uv":[4.5,8.5625,4.75,9.9375],"rotation":0,"texture":"#6","tintindex":0},"west":{"uv":[2.25,4.5625,3.5625,5.9375],"rotation":0,"texture":"#6","tintindex":0},"up":{"uv":[7.75,2.75,6.4375,2.5],"rotation":270,"texture":"#6","tintindex":0},"down":{"uv":[10.0,7.75,8.6875,8.0],"rotation":90,"texture":"#6","tintindex":0}}}],"textures":{"6":"modelengine:entity/tower_skeleton_shield_6"},"display":{"head":{"translation":[0.0,-6.4,0.0],"scale":[4.0,4.0,4.0]}}}