{"elements":[{"from":[6.8732862,-11.061142,-1.4238071],"to":[10.301858,18.081715,15.719051],"rotation":{"angle":-22.5,"axis":"y","origin":[5.730429,21.653143,15.719051]},"faces":{"east":{"uv":[3.75,0.0,1.875,3.1875],"rotation":0,"texture":"#6","tintindex":0},"south":{"uv":[3.0,5.9375,2.625,9.125],"rotation":0,"texture":"#6","tintindex":0},"north":{"uv":[3.375,5.9375,3.0,9.125],"rotation":0,"texture":"#6","tintindex":0},"west":{"uv":[1.875,0.0,0.0,3.1875],"rotation":0,"texture":"#6","tintindex":0},"up":{"uv":[7.25,6.75,9.125,6.375],"rotation":270,"texture":"#6","tintindex":0},"down":{"uv":[7.375,6.75,9.25,7.125],"rotation":90,"texture":"#6","tintindex":0}}},{"from":[6.8528495,-11.061142,3.7749252],"to":[8.567136,-3.0611439,11.774925],"rotation":{"angle":-22.5,"axis":"y","origin":[5.2814207,-6.775715,11.203497]},"faces":{"east":{"uv":[8.125,5.5,7.25,6.375],"rotation":0,"texture":"#6","tintindex":0},"south":{"uv":[4.6875,7.375,4.5,8.25],"rotation":0,"texture":"#6","tintindex":0},"north":{"uv":[0.875,7.9375,0.6875,8.8125],"rotation":0,"texture":"#6","tintindex":0},"west":{"uv":[0.875,7.0625,0.0,7.9375],"rotation":0,"texture":"#6","tintindex":0},"up":{"uv":[8.875,1.625,9.75,1.4375],"rotation":270,"texture":"#6","tintindex":0},"down":{"uv":[2.25,9.125,3.125,9.3125],"rotation":90,"texture":"#6","tintindex":0}}},{"from":[-1.147151,-11.061142,7.774925],"to":[6.8528495,-3.0611439,7.774925],"rotation":{"angle":-22.5,"axis":"y","origin":[5.2814207,-6.775715,11.203497]},"faces":{"east":{"uv":[0.0,0.0,0.0,0.875],"rotation":0,"texture":"#6","tintindex":0},"south":{"uv":[6.5,6.875,7.375,7.75],"rotation":0,"texture":"#6","tintindex":0},"north":{"uv":[7.375,6.875,6.5,7.75],"rotation":0,"texture":"#6","tintindex":0},"west":{"uv":[0.0,0.0,0.0,0.875],"rotation":0,"texture":"#6","tintindex":0},"up":{"uv":[0.0,0.875,0.0,0.0],"rotation":270,"texture":"#6","tintindex":0},"down":{"uv":[0.0,0.0,0.0,0.875],"rotation":90,"texture":"#6","tintindex":0}}},{"from":[-1.147151,-6.490286,3.7749252],"to":[6.8528495,-6.490286,11.774925],"rotation":{"angle":-22.5,"axis":"y","origin":[5.2814207,-6.775715,11.203497]},"faces":{"east":{"uv":[0.0,0.875,0.0,0.0],"rotation":90,"texture":"#6","tintindex":0},"south":{"uv":[0.0,0.0,0.0,0.875],"rotation":90,"texture":"#6","tintindex":0},"north":{"uv":[0.0,0.875,0.0,0.0],"rotation":90,"texture":"#6","tintindex":0},"west":{"uv":[0.0,0.875,0.0,0.0],"rotation":270,"texture":"#6","tintindex":0},"up":{"uv":[6.5,7.75,7.375,6.875],"rotation":0,"texture":"#6","tintindex":0},"down":{"uv":[7.375,7.75,6.5,6.875],"rotation":180,"texture":"#6","tintindex":0}}},{"from":[4.0161433,18.081715,-1.4238071],"to":[10.301858,20.938858,15.719051],"rotation":{"angle":-22.5,"axis":"y","origin":[5.730429,21.653143,15.719051]},"faces":{"east":{"uv":[8.6875,7.75,6.8125,8.0625],"rotation":0,"texture":"#6","tintindex":0},"south":{"uv":[0.6875,8.9375,0.0,9.25],"rotation":0,"texture":"#6","tintindex":0},"north":{"uv":[5.6875,8.9375,5.0,9.25],"rotation":0,"texture":"#6","tintindex":0},"west":{"uv":[9.5625,1.6875,7.6875,2.0],"rotation":0,"texture":"#6","tintindex":0},"up":{"uv":[6.0,4.8125,7.875,4.125],"rotation":270,"texture":"#6","tintindex":0},"down":{"uv":[6.0,4.8125,7.875,5.5],"rotation":90,"texture":"#6","tintindex":0}}},{"from":[1.7304292,18.081715,-1.4238071],"to":[4.0161433,30.653145,16.29048],"rotation":{"angle":-22.5,"axis":"y","origin":[5.730429,21.653143,15.719051]},"faces":{"east":{"uv":[5.6875,0.0,3.75,1.375],"rotation":0,"texture":"#6","tintindex":0},"south":{"uv":[2.0,8.375,1.75,9.75],"rotation":0,"texture":"#6","tintindex":0},"north":{"uv":[2.25,8.375,2.0,9.75],"rotation":0,"texture":"#6","tintindex":0},"west":{"uv":[4.1875,3.1875,2.25,4.5625],"rotation":0,"texture":"#6","tintindex":0},"up":{"uv":[7.9375,3.9375,9.875,3.6875],"rotation":270,"texture":"#6","tintindex":0},"down":{"uv":[8.0,0.5,9.9375,0.75],"rotation":90,"texture":"#6","tintindex":0}}},{"from":[4.0161433,27.796001,-1.4238071],"to":[10.301858,30.653145,16.29048],"rotation":{"angle":-22.5,"axis":"y","origin":[5.730429,21.653143,15.719051]},"faces":{"east":{"uv":[9.3125,7.4375,7.375,7.75],"rotation":0,"texture":"#6","tintindex":0},"south":{"uv":[9.5,8.8125,8.8125,9.125],"rotation":0,"texture":"#6","tintindex":0},"north":{"uv":[9.5625,1.125,8.875,1.4375],"rotation":0,"texture":"#6","tintindex":0},"west":{"uv":[9.3125,7.125,7.375,7.4375],"rotation":0,"texture":"#6","tintindex":0},"up":{"uv":[6.0,3.4375,7.9375,2.75],"rotation":270,"texture":"#6","tintindex":0},"down":{"uv":[6.0,3.4375,7.9375,4.125],"rotation":90,"texture":"#6","tintindex":0}}}],"textures":{"6":"modelengine:entity/tower_skeleton_shield_6"},"display":{"head":{"translation":[0.0,-6.4,0.0],"scale":[4.0,4.0,4.0]}}}