{"elements":[{"from":[1.7611985,4.285714,3.8259683],"to":[3.475484,8.857143,19.1974],"rotation":{"angle":-22.5,"axis":"y","origin":[2.3326273,-10.428572,19.25454]},"faces":{"east":{"uv":[8.5,0.0,6.8125,0.5],"rotation":0,"texture":"#6","tintindex":0},"south":{"uv":[4.1875,4.5625,4.0,5.0625],"rotation":0,"texture":"#6","tintindex":0},"north":{"uv":[3.5625,5.9375,3.375,6.4375],"rotation":0,"texture":"#6","tintindex":0},"west":{"uv":[8.125,2.0,6.4375,2.5],"rotation":0,"texture":"#6","tintindex":0},"up":{"uv":[7.9375,4.125,9.625,3.9375],"rotation":270,"texture":"#6","tintindex":0},"down":{"uv":[8.8125,8.4375,10.5,8.625],"rotation":90,"texture":"#6","tintindex":0}}},{"from":[3.4610386,-1.4285717,10.688318],"to":[6.88961,16.857143,19.259747],"rotation":{"angle":-22.5,"axis":"y","origin":[2.318181,-10.428572,19.259747]},"faces":{"east":{"uv":[5.125,3.375,4.1875,5.375],"rotation":0,"texture":"#6","tintindex":0},"south":{"uv":[2.1875,6.375,1.8125,8.375],"rotation":0,"texture":"#6","tintindex":0},"north":{"uv":[1.25,7.0625,0.875,9.0625],"rotation":0,"texture":"#6","tintindex":0},"west":{"uv":[5.125,1.375,4.1875,3.375],"rotation":0,"texture":"#6","tintindex":0},"up":{"uv":[6.25,8.8125,7.1875,8.4375],"rotation":270,"texture":"#6","tintindex":0},"down":{"uv":[7.1875,8.4375,8.125,8.8125],"rotation":90,"texture":"#6","tintindex":0}}},{"from":[-2.8246756,12.285715,13.545462],"to":[3.4610386,16.857143,15.831175],"rotation":{"angle":-22.5,"axis":"y","origin":[2.318181,-10.428572,19.259747]},"faces":{"east":{"uv":[8.875,9.125,8.625,9.625],"rotation":0,"texture":"#6","tintindex":0},"south":{"uv":[8.8125,8.4375,8.125,8.9375],"rotation":0,"texture":"#6","tintindex":0},"north":{"uv":[9.1875,0.0,8.5,0.5],"rotation":0,"texture":"#6","tintindex":0},"west":{"uv":[9.375,4.625,9.125,5.125],"rotation":0,"texture":"#6","tintindex":0},"up":{"uv":[7.6875,9.6875,7.9375,9.0],"rotation":270,"texture":"#6","tintindex":0},"down":{"uv":[0.6875,9.0625,0.9375,9.75],"rotation":90,"texture":"#6","tintindex":0}}},{"from":[3.4610386,-1.4285717,2.116889],"to":[6.88961,15.142858,10.11689],"rotation":{"angle":-22.5,"axis":"y","origin":[2.318181,-10.428572,19.259747]},"faces":{"east":{"uv":[6.0,4.5625,5.125,6.375],"rotation":0,"texture":"#6","tintindex":0},"south":{"uv":[4.125,1.375,3.75,3.1875],"rotation":0,"texture":"#6","tintindex":0},"north":{"uv":[3.75,7.375,3.375,9.1875],"rotation":0,"texture":"#6","tintindex":0},"west":{"uv":[6.0,2.75,5.125,4.5625],"rotation":0,"texture":"#6","tintindex":0},"up":{"uv":[5.0,8.9375,5.875,8.5625],"rotation":270,"texture":"#6","tintindex":0},"down":{"uv":[5.875,8.8125,6.75,9.1875],"rotation":90,"texture":"#6","tintindex":0}}},{"from":[-2.8246756,10.571428,4.9740324],"to":[3.4610386,15.142858,7.2597466],"rotation":{"angle":-22.5,"axis":"y","origin":[2.318181,-10.428572,19.259747]},"faces":{"east":{"uv":[9.375,4.125,9.125,4.625],"rotation":0,"texture":"#6","tintindex":0},"south":{"uv":[0.6875,7.9375,0.0,8.4375],"rotation":0,"texture":"#6","tintindex":0},"north":{"uv":[0.6875,8.4375,0.0,8.9375],"rotation":0,"texture":"#6","tintindex":0},"west":{"uv":[5.875,6.375,5.625,6.875],"rotation":0,"texture":"#6","tintindex":0},"up":{"uv":[4.1875,9.375,4.4375,8.6875],"rotation":270,"texture":"#6","tintindex":0},"down":{"uv":[7.4375,9.0,7.6875,9.6875],"rotation":90,"texture":"#6","tintindex":0}}},{"from":[4.6038957,4.285714,-8.740255],"to":[4.6038957,11.142858,2.116889],"rotation":{"angle":-22.5,"axis":"y","origin":[2.318181,-10.428572,19.259747]},"faces":{"east":{"uv":[9.9375,0.0,11.125,0.75],"rotation":0,"texture":"#6","tintindex":0},"south":{"uv":[0.0,0.0,0.0,0.75],"rotation":0,"texture":"#6","tintindex":0},"north":{"uv":[0.0,0.0,0.0,0.75],"rotation":0,"texture":"#6","tintindex":0},"west":{"uv":[11.125,0.0,9.9375,0.75],"rotation":0,"texture":"#6","tintindex":0},"up":{"uv":[11.125,0.0,9.9375,0.0],"rotation":270,"texture":"#6","tintindex":0},"down":{"uv":[11.125,0.0,9.9375,0.0],"rotation":90,"texture":"#6","tintindex":0}}},{"from":[4.6038957,-3.7142859,-8.740255],"to":[4.6038957,3.142857,2.116889],"rotation":{"angle":-22.5,"axis":"y","origin":[2.318181,-10.428572,19.259747]},"faces":{"east":{"uv":[9.9375,0.0,11.125,0.75],"rotation":0,"texture":"#6","tintindex":0},"south":{"uv":[0.0,0.0,0.0,0.75],"rotation":0,"texture":"#6","tintindex":0},"north":{"uv":[0.0,0.0,0.0,0.75],"rotation":0,"texture":"#6","tintindex":0},"west":{"uv":[11.125,0.0,9.9375,0.75],"rotation":0,"texture":"#6","tintindex":0},"up":{"uv":[11.125,0.0,9.9375,0.0],"rotation":270,"texture":"#6","tintindex":0},"down":{"uv":[11.125,0.0,9.9375,0.0],"rotation":90,"texture":"#6","tintindex":0}}}],"textures":{"6":"modelengine:entity/tower_skeleton_shield_6"},"display":{"head":{"translation":[0.0,-6.4,0.0],"scale":[4.0,4.0,4.0]}}}