{"elements":[{"from":[10.642858,2.5715709,3.2857141],"to":[14.071428,20.857286,13.571428],"rotation":{"angle":0.0,"axis":"y","origin":[28.357143,-20.285572,-6.4285717]},"faces":{"east":{"uv":[1.125,4.375,2.25,6.375],"rotation":0,"texture":"#0","tintindex":0},"south":{"uv":[2.25,7.125,2.625,9.125],"rotation":0,"texture":"#0","tintindex":0},"north":{"uv":[4.6875,6.5625,5.0625,8.5625],"rotation":0,"texture":"#0","tintindex":0},"west":{"uv":[0.0,4.375,1.125,6.375],"rotation":0,"texture":"#0","tintindex":0},"up":{"uv":[9.0625,8.4375,7.9375,8.0625],"rotation":270,"texture":"#0","tintindex":0},"down":{"uv":[9.25,2.0,8.125,2.375],"rotation":90,"texture":"#0","tintindex":0}}},{"from":[8.928572,2.5715709,3.8571424],"to":[10.642858,10.571571,11.857143],"rotation":{"angle":0.0,"axis":"y","origin":[28.357143,-20.285572,-6.4285717]},"faces":{"east":{"uv":[7.25,5.5,8.125,6.375],"rotation":0,"texture":"#0","tintindex":0},"south":{"uv":[0.6875,7.9375,0.875,8.8125],"rotation":0,"texture":"#0","tintindex":0},"north":{"uv":[4.5,7.375,4.6875,8.25],"rotation":0,"texture":"#0","tintindex":0},"west":{"uv":[0.0,7.0625,0.875,7.9375],"rotation":0,"texture":"#0","tintindex":0},"up":{"uv":[9.75,1.625,8.875,1.4375],"rotation":270,"texture":"#0","tintindex":0},"down":{"uv":[3.125,9.125,2.25,9.3125],"rotation":90,"texture":"#0","tintindex":0}}},{"from":[0.9285712,7.1424284,3.8571424],"to":[8.928572,7.1424284,11.857143],"rotation":{"angle":0.0,"axis":"y","origin":[4.928571,2.571,7.857143]},"faces":{"east":{"uv":[0.0,0.0,0.0,0.875],"rotation":90,"texture":"#0","tintindex":0},"south":{"uv":[0.0,0.0,0.0,0.875],"rotation":90,"texture":"#0","tintindex":0},"north":{"uv":[0.0,0.875,0.0,0.0],"rotation":90,"texture":"#0","tintindex":0},"west":{"uv":[0.0,0.0,0.0,0.875],"rotation":270,"texture":"#0","tintindex":0},"up":{"uv":[6.5,6.875,7.375,7.75],"rotation":0,"texture":"#0","tintindex":0},"down":{"uv":[7.375,6.875,6.5,7.75],"rotation":180,"texture":"#0","tintindex":0}}},{"from":[0.9285712,2.5715709,7.857143],"to":[8.928572,10.571571,7.857143],"rotation":{"angle":0.0,"axis":"y","origin":[28.357143,-20.285572,-6.4285717]},"faces":{"east":{"uv":[0.0,0.0,0.0,0.875],"rotation":0,"texture":"#0","tintindex":0},"south":{"uv":[6.5,6.875,7.375,7.75],"rotation":0,"texture":"#0","tintindex":0},"north":{"uv":[7.375,6.875,6.5,7.75],"rotation":0,"texture":"#0","tintindex":0},"west":{"uv":[0.0,0.0,0.0,0.875],"rotation":0,"texture":"#0","tintindex":0},"up":{"uv":[0.0,0.875,0.0,0.0],"rotation":270,"texture":"#0","tintindex":0},"down":{"uv":[0.0,0.0,0.0,0.875],"rotation":90,"texture":"#0","tintindex":0}}}],"textures":{"0":"modelengine:entity/tower_skeleton_shield_5"},"display":{"head":{"translation":[0.0,-6.4,0.0],"scale":[4.0,4.0,4.0]}}}