{"elements":[{"from":[6.8732862,-11.061142,0.28094864],"to":[10.301858,18.081715,17.423807],"rotation":{"angle":22.5,"axis":"y","origin":[5.730429,21.653143,0.28094864]},"faces":{"east":{"uv":[1.875,0.0,3.75,3.1875],"rotation":0,"texture":"#0","tintindex":0},"south":{"uv":[3.0,5.9375,3.375,9.125],"rotation":0,"texture":"#0","tintindex":0},"north":{"uv":[2.625,5.9375,3.0,9.125],"rotation":0,"texture":"#0","tintindex":0},"west":{"uv":[0.0,0.0,1.875,3.1875],"rotation":0,"texture":"#0","tintindex":0},"up":{"uv":[9.125,6.75,7.25,6.375],"rotation":270,"texture":"#0","tintindex":0},"down":{"uv":[9.25,6.75,7.375,7.125],"rotation":90,"texture":"#0","tintindex":0}}},{"from":[6.8528495,-11.061142,4.225075],"to":[8.567136,-3.0611439,12.225075],"rotation":{"angle":22.5,"axis":"y","origin":[5.2814207,-6.775715,4.796503]},"faces":{"east":{"uv":[7.25,5.5,8.125,6.375],"rotation":0,"texture":"#0","tintindex":0},"south":{"uv":[0.6875,7.9375,0.875,8.8125],"rotation":0,"texture":"#0","tintindex":0},"north":{"uv":[4.5,7.375,4.6875,8.25],"rotation":0,"texture":"#0","tintindex":0},"west":{"uv":[0.0,7.0625,0.875,7.9375],"rotation":0,"texture":"#0","tintindex":0},"up":{"uv":[9.75,1.625,8.875,1.4375],"rotation":270,"texture":"#0","tintindex":0},"down":{"uv":[3.125,9.125,2.25,9.3125],"rotation":90,"texture":"#0","tintindex":0}}},{"from":[-1.147151,-11.061142,8.225075],"to":[6.8528495,-3.0611439,8.225075],"rotation":{"angle":22.5,"axis":"y","origin":[5.2814207,-6.775715,4.796503]},"faces":{"east":{"uv":[0.0,0.0,0.0,0.875],"rotation":0,"texture":"#0","tintindex":0},"south":{"uv":[6.5,6.875,7.375,7.75],"rotation":0,"texture":"#0","tintindex":0},"north":{"uv":[7.375,6.875,6.5,7.75],"rotation":0,"texture":"#0","tintindex":0},"west":{"uv":[0.0,0.0,0.0,0.875],"rotation":0,"texture":"#0","tintindex":0},"up":{"uv":[0.0,0.875,0.0,0.0],"rotation":270,"texture":"#0","tintindex":0},"down":{"uv":[0.0,0.0,0.0,0.875],"rotation":90,"texture":"#0","tintindex":0}}},{"from":[-1.147151,-6.490286,4.225075],"to":[6.8528495,-6.490286,12.225075],"rotation":{"angle":22.5,"axis":"y","origin":[5.2814207,-6.775715,4.796503]},"faces":{"east":{"uv":[0.0,0.0,0.0,0.875],"rotation":90,"texture":"#0","tintindex":0},"south":{"uv":[0.0,0.0,0.0,0.875],"rotation":90,"texture":"#0","tintindex":0},"north":{"uv":[0.0,0.875,0.0,0.0],"rotation":90,"texture":"#0","tintindex":0},"west":{"uv":[0.0,0.0,0.0,0.875],"rotation":270,"texture":"#0","tintindex":0},"up":{"uv":[6.5,6.875,7.375,7.75],"rotation":0,"texture":"#0","tintindex":0},"down":{"uv":[7.375,6.875,6.5,7.75],"rotation":180,"texture":"#0","tintindex":0}}},{"from":[4.0161433,18.081715,0.28094864],"to":[10.301858,20.938858,17.423807],"rotation":{"angle":22.5,"axis":"y","origin":[5.730429,21.653143,0.28094864]},"faces":{"east":{"uv":[6.8125,7.75,8.6875,8.0625],"rotation":0,"texture":"#0","tintindex":0},"south":{"uv":[5.0,8.9375,5.6875,9.25],"rotation":0,"texture":"#0","tintindex":0},"north":{"uv":[0.0,8.9375,0.6875,9.25],"rotation":0,"texture":"#0","tintindex":0},"west":{"uv":[7.6875,1.6875,9.5625,2.0],"rotation":0,"texture":"#0","tintindex":0},"up":{"uv":[7.875,4.8125,6.0,4.125],"rotation":270,"texture":"#0","tintindex":0},"down":{"uv":[7.875,4.8125,6.0,5.5],"rotation":90,"texture":"#0","tintindex":0}}},{"from":[4.0161433,27.796001,-0.29047966],"to":[10.301858,30.653145,17.423807],"rotation":{"angle":22.5,"axis":"y","origin":[5.730429,21.653143,0.28094864]},"faces":{"east":{"uv":[7.375,7.4375,9.3125,7.75],"rotation":0,"texture":"#0","tintindex":0},"south":{"uv":[8.875,1.125,9.5625,1.4375],"rotation":0,"texture":"#0","tintindex":0},"north":{"uv":[8.8125,8.8125,9.5,9.125],"rotation":0,"texture":"#0","tintindex":0},"west":{"uv":[7.375,7.125,9.3125,7.4375],"rotation":0,"texture":"#0","tintindex":0},"up":{"uv":[7.9375,3.4375,6.0,2.75],"rotation":270,"texture":"#0","tintindex":0},"down":{"uv":[7.9375,3.4375,6.0,4.125],"rotation":90,"texture":"#0","tintindex":0}}},{"from":[1.7304292,18.081715,-0.29047966],"to":[4.0161433,30.653145,17.423807],"rotation":{"angle":22.5,"axis":"y","origin":[5.730429,21.653143,0.28094864]},"faces":{"east":{"uv":[3.75,0.0,5.6875,1.375],"rotation":0,"texture":"#0","tintindex":0},"south":{"uv":[2.0,8.375,2.25,9.75],"rotation":0,"texture":"#0","tintindex":0},"north":{"uv":[1.75,8.375,2.0,9.75],"rotation":0,"texture":"#0","tintindex":0},"west":{"uv":[2.25,3.1875,4.1875,4.5625],"rotation":0,"texture":"#0","tintindex":0},"up":{"uv":[9.875,3.9375,7.9375,3.6875],"rotation":270,"texture":"#0","tintindex":0},"down":{"uv":[9.9375,0.5,8.0,0.75],"rotation":90,"texture":"#0","tintindex":0}}}],"textures":{"0":"modelengine:entity/tower_skeleton_shield_5"},"display":{"head":{"translation":[0.0,-6.4,0.0],"scale":[4.0,4.0,4.0]}}}