{"elements":[{"from":[3.0,8.0,8.142858],"to":[13.857143,19.428572,8.142858],"rotation":{"angle":0.0,"axis":"y","origin":[3.5714283,8.0,8.714286]},"faces":{"east":{"uv":[0.0,0.0,0.0,0.625],"rotation":0,"texture":"#0","tintindex":0},"south":{"uv":[10.5625,3.90625,11.15625,4.53125],"rotation":0,"texture":"#0","tintindex":0},"north":{"uv":[11.15625,3.90625,10.5625,4.53125],"rotation":0,"texture":"#0","tintindex":0},"west":{"uv":[0.0,0.0,0.0,0.625],"rotation":0,"texture":"#0","tintindex":0},"up":{"uv":[0.0,0.0,0.59375,0.0],"rotation":0,"texture":"#0","tintindex":0},"down":{"uv":[0.0,0.0,0.59375,0.0],"rotation":0,"texture":"#0","tintindex":0}}},{"from":[7.5714283,8.0,2.4285712],"to":[7.5714283,19.428572,13.285715],"rotation":{"angle":0.0,"axis":"y","origin":[7.5714283,13.714286,7.857143]},"faces":{"east":{"uv":[10.5625,3.90625,11.15625,4.53125],"rotation":0,"texture":"#0","tintindex":0},"south":{"uv":[0.0,0.0,0.0,0.625],"rotation":0,"texture":"#0","tintindex":0},"north":{"uv":[0.0,0.0,0.0,0.625],"rotation":0,"texture":"#0","tintindex":0},"west":{"uv":[11.15625,3.90625,10.5625,4.53125],"rotation":0,"texture":"#0","tintindex":0},"up":{"uv":[0.59375,0.0,0.0,0.0],"rotation":90,"texture":"#0","tintindex":0},"down":{"uv":[0.59375,0.0,0.0,0.0],"rotation":270,"texture":"#0","tintindex":0}}}],"textures":{"0":"modelengine:entity/tower_skeleton_throne"},"display":{"head":{"translation":[0.0,-6.4,0.0],"scale":[4.0,4.0,4.0]}}}