{"elements":[{"from":[-3.4285717,-6.285717,8.0],"to":[19.428572,32.0,8.0],"rotation":{"angle":0.0,"axis":"y","origin":[-2.8571434,-6.285717,8.571428]},"faces":{"east":{"uv":[8.703125,0.0,8.703125,1.046875],"rotation":0,"texture":"#1","tintindex":0},"south":{"uv":[8.703125,0.0,9.328125,1.046875],"rotation":0,"texture":"#1","tintindex":0},"north":{"uv":[8.703125,0.0,9.328125,1.046875],"rotation":0,"texture":"#1","tintindex":0},"west":{"uv":[8.703125,0.0,8.703125,1.046875],"rotation":0,"texture":"#1","tintindex":0},"up":{"uv":[8.703125,0.0,9.328125,0.0],"rotation":0,"texture":"#1","tintindex":0},"down":{"uv":[8.703125,0.0,9.328125,0.0],"rotation":0,"texture":"#1","tintindex":0}}}],"textures":{"1":"modelengine:entity/tower_skeleton_maw"},"display":{"head":{"translation":[0.0,50.742867,0.0],"scale":[4.0,4.0,4.0]}}}