{"elements":[{"from":[-33.350002,6.575,-33.55],"to":[52.25,6.575,44.45],"rotation":{"angle":0.0,"axis":"y","origin":[9.049998,6.475,-18.35]},"faces":{"east":{"uv":[0.0,0.0,3.015625,0.0],"rotation":0,"texture":"#1","tintindex":0},"south":{"uv":[0.0,0.0,3.34375,0.0],"rotation":0,"texture":"#1","tintindex":0},"north":{"uv":[0.0,0.0,3.34375,0.0],"rotation":0,"texture":"#1","tintindex":0},"west":{"uv":[0.0,0.0,3.015625,0.0],"rotation":0,"texture":"#1","tintindex":0},"up":{"uv":[3.34375,3.015625,0.0,0.0],"rotation":0,"texture":"#1","tintindex":0},"down":{"uv":[3.34375,3.015625,0.0,6.03125],"rotation":0,"texture":"#1","tintindex":0}}},{"from":[-28.150002,6.475,-37.95],"to":[46.25,20.075,-29.95],"rotation":{"angle":0.0,"axis":"y","origin":[9.049998,6.475,-18.35]},"faces":{"east":{"uv":[2.03125,6.9375,2.34375,7.46875],"rotation":0,"texture":"#1","tintindex":0},"south":{"uv":[3.34375,5.6875,6.25,6.21875],"rotation":0,"texture":"#1","tintindex":0},"north":{"uv":[3.34375,5.15625,6.25,5.6875],"rotation":0,"texture":"#1","tintindex":0},"west":{"uv":[2.34375,6.9375,2.65625,7.46875],"rotation":0,"texture":"#1","tintindex":0},"up":{"uv":[8.6875,4.0,5.78125,3.6875],"rotation":0,"texture":"#1","tintindex":0},"down":{"uv":[3.6875,6.21875,0.78125,6.53125],"rotation":0,"texture":"#1","tintindex":0}}},{"from":[-28.150002,6.475,44.45],"to":[46.25,20.075,52.45],"rotation":{"angle":0.0,"axis":"y","origin":[9.049998,6.475,32.85]},"faces":{"east":{"uv":[2.34375,6.9375,2.03125,7.46875],"rotation":0,"texture":"#1","tintindex":0},"south":{"uv":[6.25,5.15625,3.34375,5.6875],"rotation":0,"texture":"#1","tintindex":0},"north":{"uv":[6.25,5.6875,3.34375,6.21875],"rotation":0,"texture":"#1","tintindex":0},"west":{"uv":[2.65625,6.9375,2.34375,7.46875],"rotation":0,"texture":"#1","tintindex":0},"up":{"uv":[8.6875,3.6875,5.78125,4.0],"rotation":0,"texture":"#1","tintindex":0},"down":{"uv":[3.6875,6.53125,0.78125,6.21875],"rotation":0,"texture":"#1","tintindex":0}}},{"from":[46.25,6.475,-37.95],"to":[56.25,20.075,52.45],"rotation":{"angle":0.0,"axis":"y","origin":[9.049998,6.475,-18.35]},"faces":{"east":{"uv":[3.34375,4.09375,6.875,4.625],"rotation":0,"texture":"#1","tintindex":0},"south":{"uv":[6.875,4.5625,7.265625,5.09375],"rotation":0,"texture":"#1","tintindex":0},"north":{"uv":[6.28125,6.703125,6.671875,7.234375],"rotation":0,"texture":"#1","tintindex":0},"west":{"uv":[3.34375,4.625,6.875,5.15625],"rotation":0,"texture":"#1","tintindex":0},"up":{"uv":[0.390625,9.5625,0.0,6.03125],"rotation":0,"texture":"#1","tintindex":0},"down":{"uv":[0.78125,6.03125,0.390625,9.5625],"rotation":0,"texture":"#1","tintindex":0}}},{"from":[-38.15,6.475,-37.95],"to":[-28.150002,20.075,52.45],"rotation":{"angle":0.0,"axis":"y","origin":[9.049998,6.475,-18.35]},"faces":{"east":{"uv":[6.875,4.625,3.34375,5.15625],"rotation":0,"texture":"#1","tintindex":0},"south":{"uv":[7.265625,4.5625,6.875,5.09375],"rotation":0,"texture":"#1","tintindex":0},"north":{"uv":[6.671875,6.703125,6.28125,7.234375],"rotation":0,"texture":"#1","tintindex":0},"west":{"uv":[6.875,4.09375,3.34375,4.625],"rotation":0,"texture":"#1","tintindex":0},"up":{"uv":[0.0,9.5625,0.390625,6.03125],"rotation":0,"texture":"#1","tintindex":0},"down":{"uv":[0.390625,6.03125,0.78125,9.5625],"rotation":0,"texture":"#1","tintindex":0}}}],"textures":{"1":"modelengine:entity/tower_skeleton_maw"},"display":{"head":{"translation":[-8.399994,-6.4,6.0],"scale":[4.0,4.0,4.0]}}}