{"elements":[{"from":[-3.4285717,-3.1428576,0.5714283],"to":[19.428572,19.142857,15.428572],"rotation":{"angle":0.0,"axis":"y","origin":[37.14286,-3.1428576,28.57143]},"faces":{"east":{"uv":[3.28125,6.53125,3.6875,7.140625],"rotation":0,"texture":"#1","tintindex":0},"south":{"uv":[0.78125,6.53125,1.40625,7.140625],"rotation":0,"texture":"#1","tintindex":0},"north":{"uv":[0.78125,6.53125,1.40625,7.140625],"rotation":0,"texture":"#1","tintindex":0},"west":{"uv":[3.28125,6.53125,3.6875,7.140625],"rotation":0,"texture":"#1","tintindex":0},"up":{"uv":[2.65625,6.9375,2.03125,6.53125],"rotation":0,"texture":"#1","tintindex":0},"down":{"uv":[3.28125,6.53125,2.65625,6.9375],"rotation":0,"texture":"#1","tintindex":0}}}],"textures":{"1":"modelengine:entity/tower_skeleton_maw"},"display":{"head":{"translation":[0.0,-6.4,0.0],"scale":[4.0,4.0,4.0]}}}