{"elements":[{"from":[12.142858,-5.714287,5.285714],"to":[27.0,4.5714283,5.285714],"rotation":{"angle":-22.5,"axis":"y","origin":[19.57143,-0.57142925,5.285714]},"faces":{"east":{"uv":[0.0,0.0,0.0,0.28125],"rotation":0,"texture":"#1","tintindex":0},"south":{"uv":[7.484375,6.078125,7.078125,6.359375],"rotation":0,"texture":"#1","tintindex":0},"north":{"uv":[7.078125,6.078125,7.484375,6.359375],"rotation":0,"texture":"#1","tintindex":0},"west":{"uv":[0.0,0.0,0.0,0.28125],"rotation":0,"texture":"#1","tintindex":0},"up":{"uv":[0.40625,0.0,0.0,0.0],"rotation":0,"texture":"#1","tintindex":0},"down":{"uv":[0.40625,0.0,0.0,0.0],"rotation":0,"texture":"#1","tintindex":0}}},{"from":[-10.292753,12.192808,2.3731985],"to":[2.2786765,15.049952,10.944628],"rotation":{"angle":-22.5,"axis":"y","origin":[-4.007038,13.62138,6.658913]},"faces":{"east":{"uv":[1.125,6.03125,1.359375,6.109375],"rotation":0,"texture":"#1","tintindex":0},"south":{"uv":[0.78125,6.03125,1.125,6.109375],"rotation":0,"texture":"#1","tintindex":0},"north":{"uv":[5.78125,4.0,6.125,4.078125],"rotation":0,"texture":"#1","tintindex":0},"west":{"uv":[1.359375,6.03125,1.59375,6.109375],"rotation":0,"texture":"#1","tintindex":0},"up":{"uv":[7.4375,7.03125,7.09375,6.796875],"rotation":0,"texture":"#1","tintindex":0},"down":{"uv":[7.4375,7.03125,7.09375,7.265625],"rotation":0,"texture":"#1","tintindex":0}}},{"from":[-8.428572,-6.0974913,10.79459],"to":[6.428571,4.1882234,10.79459],"rotation":{"angle":45.0,"axis":"y","origin":[-1.0,-0.9546337,10.79459]},"faces":{"east":{"uv":[0.0,0.0,0.0,0.28125],"rotation":0,"texture":"#1","tintindex":0},"south":{"uv":[3.078125,6.9375,2.671875,7.21875],"rotation":0,"texture":"#1","tintindex":0},"north":{"uv":[2.65625,6.9375,3.0625,7.21875],"rotation":0,"texture":"#1","tintindex":0},"west":{"uv":[0.0,0.0,0.0,0.28125],"rotation":0,"texture":"#1","tintindex":0},"up":{"uv":[0.40625,0.0,0.0,0.0],"rotation":0,"texture":"#1","tintindex":0},"down":{"uv":[0.40625,0.0,0.0,0.0],"rotation":0,"texture":"#1","tintindex":0}}},{"from":[-13.57143,4.5714283,-1.0],"to":[31.57143,12.571428,16.714287],"rotation":{"angle":0.0,"axis":"y","origin":[9.285714,58.857143,70.42857]},"faces":{"east":{"uv":[7.078125,6.359375,7.5625,6.578125],"rotation":0,"texture":"#1","tintindex":0},"south":{"uv":[7.484375,5.640625,6.25,5.859375],"rotation":0,"texture":"#1","tintindex":0},"north":{"uv":[6.25,5.640625,7.484375,5.859375],"rotation":0,"texture":"#1","tintindex":0},"west":{"uv":[7.5625,6.359375,7.078125,6.578125],"rotation":0,"texture":"#1","tintindex":0},"up":{"uv":[6.671875,6.703125,5.4375,6.21875],"rotation":0,"texture":"#1","tintindex":0},"down":{"uv":[7.484375,5.15625,6.25,5.640625],"rotation":0,"texture":"#1","tintindex":0}}}],"textures":{"1":"modelengine:entity/tower_skeleton_maw"},"display":{"head":{"translation":[0.0,-6.4,0.0],"scale":[4.0,4.0,4.0]}}}