{"elements":[{"from":[20.142857,12.0,5.8571424],"to":[25.285715,13.714286,10.428572],"rotation":{"angle":0.0,"axis":"y","origin":[22.714287,12.857143,8.142858]},"faces":{"east":{"uv":[2.15625,6.03125,2.28125,6.078125],"rotation":0,"texture":"#1","tintindex":0},"south":{"uv":[2.015625,6.03125,2.15625,6.078125],"rotation":0,"texture":"#1","tintindex":0},"north":{"uv":[1.875,6.03125,2.015625,6.078125],"rotation":0,"texture":"#1","tintindex":0},"west":{"uv":[2.28125,6.03125,2.40625,6.078125],"rotation":0,"texture":"#1","tintindex":0},"up":{"uv":[1.734375,6.15625,1.59375,6.03125],"rotation":0,"texture":"#1","tintindex":0},"down":{"uv":[1.875,6.03125,1.734375,6.15625],"rotation":0,"texture":"#1","tintindex":0}}},{"from":[8.714286,-6.285715,4.142857],"to":[23.57143,4.0,4.142857],"rotation":{"angle":0.0,"axis":"y","origin":[9.285714,58.285717,71.0]},"faces":{"east":{"uv":[0.0,0.0,0.0,0.28125],"rotation":0,"texture":"#1","tintindex":0},"south":{"uv":[3.078125,6.9375,2.671875,7.21875],"rotation":0,"texture":"#1","tintindex":0},"north":{"uv":[2.65625,6.9375,3.0625,7.21875],"rotation":0,"texture":"#1","tintindex":0},"west":{"uv":[0.0,0.0,0.0,0.28125],"rotation":0,"texture":"#1","tintindex":0},"up":{"uv":[0.40625,0.0,0.0,0.0],"rotation":0,"texture":"#1","tintindex":0},"down":{"uv":[0.40625,0.0,0.0,0.0],"rotation":0,"texture":"#1","tintindex":0}}},{"from":[-13.57143,4.0,-0.4285717],"to":[31.57143,12.0,17.285715],"rotation":{"angle":0.0,"axis":"y","origin":[9.285714,58.285717,71.0]},"faces":{"east":{"uv":[7.078125,6.359375,7.5625,6.578125],"rotation":0,"texture":"#1","tintindex":0},"south":{"uv":[6.25,5.640625,7.484375,5.859375],"rotation":0,"texture":"#1","tintindex":0},"north":{"uv":[6.25,5.640625,7.484375,5.859375],"rotation":0,"texture":"#1","tintindex":0},"west":{"uv":[7.078125,6.359375,7.5625,6.578125],"rotation":0,"texture":"#1","tintindex":0},"up":{"uv":[6.671875,6.703125,5.4375,6.21875],"rotation":0,"texture":"#1","tintindex":0},"down":{"uv":[7.484375,5.15625,6.25,5.640625],"rotation":0,"texture":"#1","tintindex":0}}}],"textures":{"1":"modelengine:entity/tower_skeleton_maw"},"display":{"head":{"translation":[0.0,-6.4,0.0],"scale":[4.0,4.0,4.0]}}}