{"elements":[{"from":[-9.989473,-9.200001,25.231579],"to":[22.010527,62.8,30.831581],"rotation":{"angle":0.0,"axis":"y","origin":[6.010526,-8.800001,32.43158]},"faces":{"east":{"uv":[4.0,7.84375,4.4375,13.46875],"rotation":0,"texture":"#0","tintindex":0},"south":{"uv":[2.5,0.0,5.0,5.625],"rotation":0,"texture":"#0","tintindex":0},"north":{"uv":[0.0,0.0,2.5,5.625],"rotation":0,"texture":"#0","tintindex":0},"west":{"uv":[4.4375,7.84375,4.875,13.46875],"rotation":0,"texture":"#0","tintindex":0},"up":{"uv":[11.9375,6.125,9.4375,5.6875],"rotation":0,"texture":"#0","tintindex":0},"down":{"uv":[11.9375,6.125,9.4375,6.5625],"rotation":0,"texture":"#0","tintindex":0}}},{"from":[-21.589476,66.0,20.43158],"to":[-5.5894737,70.0,36.43158],"rotation":{"angle":0.0,"axis":"y","origin":[2.4105263,-5.6000004,32.43158]},"faces":{"east":{"uv":[10.5625,3.28125,11.8125,3.59375],"rotation":0,"texture":"#0","tintindex":0},"south":{"uv":[10.5625,3.28125,11.8125,3.59375],"rotation":0,"texture":"#0","tintindex":0},"north":{"uv":[10.5625,3.28125,11.8125,3.59375],"rotation":0,"texture":"#0","tintindex":0},"west":{"uv":[10.5625,3.28125,11.8125,3.59375],"rotation":0,"texture":"#0","tintindex":0},"up":{"uv":[9.65625,3.46875,8.40625,2.21875],"rotation":0,"texture":"#0","tintindex":0},"down":{"uv":[9.96875,8.9375,8.71875,10.1875],"rotation":0,"texture":"#0","tintindex":0}}},{"from":[-17.189474,-9.200001,22.83158],"to":[-9.989473,60.0,34.031578],"rotation":{"angle":0.0,"axis":"y","origin":[7.2105265,-5.6000004,33.63158]},"faces":{"east":{"uv":[5.0,3.9375,5.875,9.34375],"rotation":0,"texture":"#0","tintindex":0},"south":{"uv":[3.4375,7.84375,4.0,13.25],"rotation":0,"texture":"#0","tintindex":0},"north":{"uv":[2.875,7.84375,3.4375,13.25],"rotation":0,"texture":"#0","tintindex":0},"west":{"uv":[0.0,5.625,0.875,11.03125],"rotation":0,"texture":"#0","tintindex":0},"up":{"uv":[10.53125,9.21875,9.96875,8.34375],"rotation":0,"texture":"#0","tintindex":0},"down":{"uv":[10.53125,9.21875,9.96875,10.09375],"rotation":0,"texture":"#0","tintindex":0}}},{"from":[-13.989473,19.2,14.831579],"to":[-6.7894735,22.800001,25.231579],"rotation":{"angle":0.0,"axis":"y","origin":[10.410526,-5.6000004,33.63158]},"faces":{"east":{"uv":[10.3125,10.59375,11.125,10.875],"rotation":0,"texture":"#0","tintindex":0},"south":{"uv":[2.0,10.8125,2.5625,11.09375],"rotation":0,"texture":"#0","tintindex":0},"north":{"uv":[10.75,7.46875,11.3125,7.75],"rotation":0,"texture":"#0","tintindex":0},"west":{"uv":[5.4375,10.71875,6.25,11.0],"rotation":0,"texture":"#0","tintindex":0},"up":{"uv":[10.5625,4.09375,10.0,3.28125],"rotation":0,"texture":"#0","tintindex":0},"down":{"uv":[10.5625,4.09375,10.0,4.90625],"rotation":0,"texture":"#0","tintindex":0}}},{"from":[-13.989473,-9.200001,1.2315798],"to":[-6.7894735,19.2,25.231579],"rotation":{"angle":0.0,"axis":"y","origin":[10.410526,-5.6000004,33.63158]},"faces":{"east":{"uv":[0.875,5.625,2.75,7.84375],"rotation":0,"texture":"#0","tintindex":0},"south":{"uv":[9.4375,3.46875,10.0,5.6875],"rotation":0,"texture":"#0","tintindex":0},"north":{"uv":[4.875,9.34375,5.4375,11.5625],"rotation":0,"texture":"#0","tintindex":0},"west":{"uv":[2.75,5.625,4.625,7.84375],"rotation":0,"texture":"#0","tintindex":0},"up":{"uv":[1.4375,11.34375,0.875,9.46875],"rotation":0,"texture":"#0","tintindex":0},"down":{"uv":[2.0,9.46875,1.4375,11.34375],"rotation":0,"texture":"#0","tintindex":0}}},{"from":[-17.589474,-9.200001,4.831579],"to":[-9.989473,19.2,6.831579],"rotation":{"angle":0.0,"axis":"y","origin":[10.410526,-5.6000004,33.63158]},"faces":{"east":{"uv":[4.625,5.625,4.78125,7.84375],"rotation":0,"texture":"#0","tintindex":0},"south":{"uv":[7.875,8.9375,8.46875,11.15625],"rotation":0,"texture":"#0","tintindex":0},"north":{"uv":[8.40625,0.0,9.0,2.21875],"rotation":0,"texture":"#0","tintindex":0},"west":{"uv":[4.78125,5.625,4.9375,7.84375],"rotation":0,"texture":"#0","tintindex":0},"up":{"uv":[11.34375,7.90625,10.75,7.75],"rotation":0,"texture":"#0","tintindex":0},"down":{"uv":[11.46875,1.0,10.875,1.15625],"rotation":0,"texture":"#0","tintindex":0}}},{"from":[22.010527,-9.200001,4.831579],"to":[29.610527,19.2,6.831579],"rotation":{"angle":0.0,"axis":"y","origin":[1.6105261,-5.6000004,33.63158]},"faces":{"east":{"uv":[4.9375,5.625,4.78125,7.84375],"rotation":0,"texture":"#0","tintindex":0},"south":{"uv":[8.46875,8.9375,7.875,11.15625],"rotation":0,"texture":"#0","tintindex":0},"north":{"uv":[9.0,0.0,8.40625,2.21875],"rotation":0,"texture":"#0","tintindex":0},"west":{"uv":[4.78125,5.625,4.625,7.84375],"rotation":0,"texture":"#0","tintindex":0},"up":{"uv":[10.75,7.90625,11.34375,7.75],"rotation":0,"texture":"#0","tintindex":0},"down":{"uv":[10.875,1.0,11.46875,1.15625],"rotation":0,"texture":"#0","tintindex":0}}},{"from":[-15.989473,-9.200001,-2.3684196],"to":[27.610527,-6.3999996,22.83158],"rotation":{"angle":0.0,"axis":"y","origin":[10.410526,-5.6000004,33.63158]},"faces":{"east":{"uv":[10.0,5.34375,11.96875,5.5625],"rotation":0,"texture":"#0","tintindex":0},"south":{"uv":[9.875,8.125,13.28125,8.34375],"rotation":0,"texture":"#0","tintindex":0},"north":{"uv":[9.875,7.90625,13.28125,8.125],"rotation":0,"texture":"#0","tintindex":0},"west":{"uv":[9.96875,10.09375,11.9375,10.3125],"rotation":0,"texture":"#0","tintindex":0},"up":{"uv":[8.40625,1.96875,5.0,0.0],"rotation":0,"texture":"#0","tintindex":0},"down":{"uv":[8.40625,1.96875,5.0,3.9375],"rotation":0,"texture":"#0","tintindex":0}}},{"from":[-6.7894735,-9.200001,-0.36841965],"to":[18.810528,-3.2000008,22.83158],"rotation":{"angle":0.0,"axis":"y","origin":[10.410526,-5.6000004,33.63158]},"faces":{"east":{"uv":[9.65625,2.34375,11.46875,2.8125],"rotation":0,"texture":"#0","tintindex":0},"south":{"uv":[9.65625,1.875,11.65625,2.34375],"rotation":0,"texture":"#0","tintindex":0},"north":{"uv":[9.4375,6.5625,11.4375,7.03125],"rotation":0,"texture":"#0","tintindex":0},"west":{"uv":[9.65625,2.8125,11.46875,3.28125],"rotation":0,"texture":"#0","tintindex":0},"up":{"uv":[7.875,5.75,5.875,3.9375],"rotation":0,"texture":"#0","tintindex":0},"down":{"uv":[7.875,5.75,5.875,7.5625],"rotation":0,"texture":"#0","tintindex":0}}},{"from":[-6.7894735,-3.2000008,4.4315796],"to":[18.810528,8.800001,25.231579],"rotation":{"angle":0.0,"axis":"y","origin":[10.410526,0.40000153,33.63158]},"faces":{"east":{"uv":[9.25,0.0,10.875,0.9375],"rotation":0,"texture":"#0","tintindex":0},"south":{"uv":[7.875,8.0,9.875,8.9375],"rotation":0,"texture":"#0","tintindex":0},"north":{"uv":[7.875,7.0625,9.875,8.0],"rotation":0,"texture":"#0","tintindex":0},"west":{"uv":[9.25,0.9375,10.875,1.875],"rotation":0,"texture":"#0","tintindex":0},"up":{"uv":[7.875,9.1875,5.875,7.5625],"rotation":0,"texture":"#0","tintindex":0},"down":{"uv":[2.875,7.84375,0.875,9.46875],"rotation":0,"texture":"#0","tintindex":0}}},{"from":[-6.7894735,6.000002,2.8315802],"to":[18.810528,8.800001,4.4315796],"rotation":{"angle":0.0,"axis":"y","origin":[10.410526,0.40000153,33.63158]},"faces":{"east":{"uv":[10.875,1.59375,11.0,1.8125],"rotation":0,"texture":"#0","tintindex":0},"south":{"uv":[10.0,5.125,12.0,5.34375],"rotation":0,"texture":"#0","tintindex":0},"north":{"uv":[10.0,4.90625,12.0,5.125],"rotation":0,"texture":"#0","tintindex":0},"west":{"uv":[9.3125,10.875,9.4375,11.09375],"rotation":0,"texture":"#0","tintindex":0},"up":{"uv":[12.0,5.6875,10.0,5.5625],"rotation":0,"texture":"#0","tintindex":0},"down":{"uv":[12.53125,9.90625,10.53125,10.03125],"rotation":0,"texture":"#0","tintindex":0}}},{"from":[-19.589474,19.2,-4.7684193],"to":[-6.7894735,22.800001,14.831579],"rotation":{"angle":0.0,"axis":"y","origin":[10.410526,-5.6000004,33.63158]},"faces":{"east":{"uv":[8.71875,10.3125,10.25,10.59375],"rotation":0,"texture":"#0","tintindex":0},"south":{"uv":[9.3125,10.59375,10.3125,10.875],"rotation":0,"texture":"#0","tintindex":0},"north":{"uv":[10.5625,4.53125,11.5625,4.8125],"rotation":0,"texture":"#0","tintindex":0},"west":{"uv":[10.25,10.3125,11.78125,10.59375],"rotation":0,"texture":"#0","tintindex":0},