{"elements":[{"from":[8.735736,6.880826,7.1285715],"to":[8.8785925,8.023684,8.985714],"rotation":{"angle":0.0,"axis":"y","origin":[13.764307,-6.2620316,6.842857]},"faces":{"east":{"uv":[11.0,7.375,11.375,7.625],"rotation":0,"texture":"#0","tintindex":0},"south":{"uv":[14.0,5.875,14.125,6.125],"rotation":0,"texture":"#0","tintindex":0},"north":{"uv":[5.875,14.0,6.0,14.25],"rotation":0,"texture":"#0","tintindex":0},"west":{"uv":[0.125,12.75,0.5,13.0],"rotation":0,"texture":"#0","tintindex":0},"up":{"uv":[10.375,14.0,10.25,13.625],"rotation":0,"texture":"#0","tintindex":0},"down":{"uv":[11.625,13.625,11.5,14.0],"rotation":0,"texture":"#0","tintindex":0}}},{"from":[7.1643066,3.4522543,7.1285715],"to":[8.735736,8.023684,8.985714],"rotation":{"angle":0.0,"axis":"y","origin":[13.764307,-6.2620316,6.842857]},"faces":{"east":{"uv":[6.25,9.75,6.625,10.75],"rotation":0,"texture":"#0","tintindex":0},"south":{"uv":[7.875,9.75,8.25,10.75],"rotation":0,"texture":"#0","tintindex":0},"north":{"uv":[3.75,9.375,4.125,10.375],"rotation":0,"texture":"#0","tintindex":0},"west":{"uv":[8.25,9.75,8.625,10.75],"rotation":0,"texture":"#0","tintindex":0},"up":{"uv":[12.625,7.75,12.25,7.375],"rotation":0,"texture":"#0","tintindex":0},"down":{"uv":[8.375,12.25,8.0,12.625],"rotation":0,"texture":"#0","tintindex":0}}},{"from":[7.1643066,6.880826,8.985714],"to":[8.735736,8.452255,9.271429],"rotation":{"angle":0.0,"axis":"y","origin":[13.764307,-6.2620316,6.842857]},"faces":{"east":{"uv":[13.625,13.0,13.75,13.375],"rotation":0,"texture":"#0","tintindex":0},"south":{"uv":[12.25,10.75,12.625,11.125],"rotation":0,"texture":"#0","tintindex":0},"north":{"uv":[10.5,12.25,10.875,12.625],"rotation":0,"texture":"#0","tintindex":0},"west":{"uv":[13.625,13.375,13.75,13.75],"rotation":0,"texture":"#0","tintindex":0},"up":{"uv":[14.125,0.125,13.75,0.0],"rotation":0,"texture":"#0","tintindex":0},"down":{"uv":[14.125,0.125,13.75,0.25],"rotation":0,"texture":"#0","tintindex":0}}},{"from":[7.1643066,3.880826,6.842857],"to":[8.735736,6.452255,7.1285715],"rotation":{"angle":0.0,"axis":"y","origin":[13.764307,-6.2620316,6.842857]},"faces":{"east":{"uv":[6.875,13.0,7.0,13.625],"rotation":0,"texture":"#0","tintindex":0},"south":{"uv":[2.5,11.5,2.875,12.125],"rotation":0,"texture":"#0","tintindex":0},"north":{"uv":[10.875,11.375,11.25,12.0],"rotation":0,"texture":"#0","tintindex":0},"west":{"uv":[7.0,13.0,7.125,13.625],"rotation":0,"texture":"#0","tintindex":0},"up":{"uv":[12.0,13.75,11.625,13.625],"rotation":0,"texture":"#0","tintindex":0},"down":{"uv":[12.375,13.625,12.0,13.75],"rotation":0,"texture":"#0","tintindex":0}}},{"from":[6.8785925,3.880826,7.1285715],"to":[7.1643066,6.737969,8.985714],"rotation":{"angle":0.0,"axis":"y","origin":[13.764307,-6.2620316,6.842857]},"faces":{"east":{"uv":[5.5,11.5,5.875,12.125],"rotation":0,"texture":"#0","tintindex":0},"south":{"uv":[11.5,13.0,11.625,13.625],"rotation":0,"texture":"#0","tintindex":0},"north":{"uv":[7.875,13.0,8.0,13.625],"rotation":0,"texture":"#0","tintindex":0},"west":{"uv":[5.875,11.5,6.25,12.125],"rotation":0,"texture":"#0","tintindex":0},"up":{"uv":[12.5,14.0,12.375,13.625],"rotation":0,"texture":"#0","tintindex":0},"down":{"uv":[12.625,13.625,12.5,14.0],"rotation":0,"texture":"#0","tintindex":0}}},{"from":[7.1643066,3.880826,8.985714],"to":[8.735736,6.452255,9.271429],"rotation":{"angle":0.0,"axis":"y","origin":[13.764307,-6.2620316,6.842857]},"faces":{"east":{"uv":[7.125,13.0,7.25,13.625],"rotation":0,"texture":"#0","tintindex":0},"south":{"uv":[4.625,11.5,5.0,12.125],"rotation":0,"texture":"#0","tintindex":0},"north":{"uv":[11.5,3.625,11.875,4.25],"rotation":0,"texture":"#0","tintindex":0},"west":{"uv":[7.75,13.0,7.875,13.625],"rotation":0,"texture":"#0","tintindex":0},"up":{"uv":[14.0,12.25,13.625,12.125],"rotation":0,"texture":"#0","tintindex":0},"down":{"uv":[14.0,12.875,13.625,13.0],"rotation":0,"texture":"#0","tintindex":0}}},{"from":[7.0214496,6.880826,7.1285715],"to":[7.1643066,8.023684,8.985714],"rotation":{"angle":0.0,"axis":"y","origin":[13.764307,-6.2620316,6.842857]},"faces":{"east":{"uv":[8.5,4.0,8.875,4.25],"rotation":0,"texture":"#0","tintindex":0},"south":{"uv":[5.75,14.0,5.875,14.25],"rotation":0,"texture":"#0","tintindex":0},"north":{"uv":[5.625,14.0,5.75,14.25],"rotation":0,"texture":"#0","tintindex":0},"west":{"uv":[10.0,0.75,10.375,1.0],"rotation":0,"texture":"#0","tintindex":0},"up":{"uv":[10.125,14.0,10.0,13.625],"rotation":0,"texture":"#0","tintindex":0},"down":{"uv":[10.25,13.625,10.125,14.0],"rotation":0,"texture":"#0","tintindex":0}}},{"from":[6.8249683,2.7501888,7.1285715],"to":[8.396397,3.4644747,8.985714],"rotation":{"angle":-22.5,"axis":"z","origin":[7.7535396,2.8216176,8.057143]},"faces":{"east":{"uv":[13.625,9.0,14.0,9.125],"rotation":0,"texture":"#0","tintindex":0},"south":{"uv":[13.625,10.125,14.0,10.25],"rotation":0,"texture":"#0","tintindex":0},"north":{"uv":[13.625,8.875,14.0,9.0],"rotation":0,"texture":"#0","tintindex":0},"west":{"uv":[13.625,10.25,14.0,10.375],"rotation":0,"texture":"#0","tintindex":0},"up":{"uv":[8.75,12.625,8.375,12.25],"rotation":0,"texture":"#0","tintindex":0},"down":{"uv":[12.625,10.375,12.25,10.75],"rotation":0,"texture":"#0","tintindex":0}}},{"from":[8.25354,2.7501888,7.1285715],"to":[8.824968,3.4644747,8.414286],"rotation":{"angle":0.0,"axis":"y","origin":[7.7535396,2.8216176,8.057143]},"faces":{"east":{"uv":[14.0,5.375,14.25,5.5],"rotation":0,"texture":"#0","tintindex":0},"south":{"uv":[1.25,14.25,1.375,14.375],"rotation":0,"texture":"#0","tintindex":0},"north":{"uv":[14.25,1.125,14.375,1.25],"rotation":0,"texture":"#0","tintindex":0},"west":{"uv":[6.0,14.0,6.25,14.125],"rotation":0,"texture":"#0","tintindex":0},"up":{"uv":[6.375,14.25,6.25,14.0],"rotation":0,"texture":"#0","tintindex":0},"down":{"uv":[6.5,14.0,6.375,14.25],"rotation":0,"texture":"#0","tintindex":0}}},{"from":[7.8249683,2.893046,6.985714],"to":[8.396397,3.4644747,9.1285715],"rotation":{"angle":0.0,"axis":"y","origin":[7.7535396,2.8216176,8.057143]},"faces":{"east":{"uv":[13.375,6.125,13.875,6.25],"rotation":0,"texture":"#0","tintindex":0},"south":{"uv":[14.25,3.75,14.375,3.875],"rotation":0,"texture":"#0","tintindex":0},"north":{"uv":[3.75,14.25,3.875,14.375],"rotation":0,"texture":"#0","tintindex":0},"west":{"uv":[13.375,7.5,13.875,7.625],"rotation":0,"texture":"#0","tintindex":0},"up":{"uv":[13.5,13.5,13.375,13.0],"rotation":0,"texture":"#0","tintindex":0},"down":{"uv":[0.125,13.5,0.0,14.0],"rotation":0,"texture":"#0","tintindex":0}}},{"from":[6.5392537,2.893046,6.985714],"to":[6.9678254,3.4644747,9.1285715],"rotation":{"angle":0.0,"axis":"y","origin":[7.7535396,2.8216176,8.057143]},"faces":{"east":{"uv":[13.375,7.625,13.875,7.75],"rotation":0,"texture":"#0","tintindex":0},"south":{"uv":[14.25,4.125,14.375,4.25],"rotation":0,"texture":"#0","tintindex":0},"north":{"uv":[4.125,14.25,4.25,14.375],"rotation":0,"texture":"#0","tintindex":0},"west":{"uv":[13.375,10.875,13.875,11.0],"rotation":0,"texture":"#0","tintindex":0},"up":{"uv":[13.625,0.75,13.5,0.25],"rotation":0,"texture":"#0","tintindex":0},"down":{"uv":[0.625,13.5,0.5,14.0],"rotation":0,"texture":"#0","tintindex":0}}},{"from":[6.9678254,2.893046,6.985714],"to":[7.8249683,3.4644747,7.1285715],"rotation":{"angle":0.0,"axis":"y","origin":[7.7535396,2.8216176,8.057143]},"faces":{"east":{"uv":[3.875,14.25,4.0,14.375],"rotation":0,"texture":"#0","tintindex":0},"south":{"uv":[14.0,6.625,14.25,6.75],"rotation":0,"texture":"#0","tintindex":0},"north":{"uv":[6.625,14.0,6.875,14.125],"rotation":0,"texture":"#0","tintindex":0},"west":{"uv":[14.25,3.875,14.375,4.0],"rotation":0,"texture":"#0","tintindex":0},"up":{"uv":[14.25,6.875,14.0,6.75],"rotation":0,"texture":"#0","tintindex":0},"down":{"uv":[14.25,6.875,14.0,7.0],"rotation":0,"texture":"#0","tintindex":0}}},{"from":[6.9678254,2.893046,8.985714],"to":[7.8249683,3.4644747,9.1285715],"rotation":{"angle":0.0,"axis":"y","origin":[7.7535396,2.8216176,8.057143]},"faces":{"east":{"uv":[4.0,14.25,4.125,14.375],