{"elements":[{"from":[7.1214075,6.880826,7.1285715],"to":[7.2642646,8.023684,8.985714],"rotation":{"angle":0.0,"axis":"y","origin":[2.235693,-6.2620316,6.842857]},"faces":{"east":{"uv":[12.75,5.75,13.125,6.0],"rotation":0,"texture":"#0","tintindex":0},"south":{"uv":[10.0,14.0,10.125,14.25],"rotation":0,"texture":"#0","tintindex":0},"north":{"uv":[14.0,8.875,14.125,9.125],"rotation":0,"texture":"#0","tintindex":0},"west":{"uv":[5.875,12.75,6.25,13.0],"rotation":0,"texture":"#0","tintindex":0},"up":{"uv":[7.0,14.125,6.875,13.75],"rotation":0,"texture":"#0","tintindex":0},"down":{"uv":[7.125,13.75,7.0,14.125],"rotation":0,"texture":"#0","tintindex":0}}},{"from":[7.2642646,3.4522543,7.1285715],"to":[8.835693,8.023684,8.985714],"rotation":{"angle":0.0,"axis":"y","origin":[2.235693,-6.2620316,6.842857]},"faces":{"east":{"uv":[0.375,9.875,0.75,10.875],"rotation":0,"texture":"#0","tintindex":0},"south":{"uv":[0.75,9.875,1.125,10.875],"rotation":0,"texture":"#0","tintindex":0},"north":{"uv":[0.0,9.875,0.375,10.875],"rotation":0,"texture":"#0","tintindex":0},"west":{"uv":[1.125,9.875,1.5,10.875],"rotation":0,"texture":"#0","tintindex":0},"up":{"uv":[12.25,12.625,11.875,12.25],"rotation":0,"texture":"#0","tintindex":0},"down":{"uv":[12.625,12.25,12.25,12.625],"rotation":0,"texture":"#0","tintindex":0}}},{"from":[7.2642646,6.880826,8.985714],"to":[8.835693,8.452255,9.271429],"rotation":{"angle":0.0,"axis":"y","origin":[2.235693,-6.2620316,6.842857]},"faces":{"east":{"uv":[13.75,7.0,13.875,7.375],"rotation":0,"texture":"#0","tintindex":0},"south":{"uv":[0.375,12.375,0.75,12.75],"rotation":0,"texture":"#0","tintindex":0},"north":{"uv":[0.0,12.375,0.375,12.75],"rotation":0,"texture":"#0","tintindex":0},"west":{"uv":[7.125,13.75,7.25,14.125],"rotation":0,"texture":"#0","tintindex":0},"up":{"uv":[14.125,6.375,13.75,6.25],"rotation":0,"texture":"#0","tintindex":0},"down":{"uv":[8.375,13.75,8.0,13.875],"rotation":0,"texture":"#0","tintindex":0}}},{"from":[7.2642646,3.880826,6.842857],"to":[8.835693,6.452255,7.1285715],"rotation":{"angle":0.0,"axis":"y","origin":[2.235693,-6.2620316,6.842857]},"faces":{"east":{"uv":[13.125,1.0,13.25,1.625],"rotation":0,"texture":"#0","tintindex":0},"south":{"uv":[11.5,8.5,11.875,9.125],"rotation":0,"texture":"#0","tintindex":0},"north":{"uv":[7.125,11.5,7.5,12.125],"rotation":0,"texture":"#0","tintindex":0},"west":{"uv":[2.25,13.125,2.375,13.75],"rotation":0,"texture":"#0","tintindex":0},"up":{"uv":[14.125,8.125,13.75,8.0],"rotation":0,"texture":"#0","tintindex":0},"down":{"uv":[14.125,8.125,13.75,8.25],"rotation":0,"texture":"#0","tintindex":0}}},{"from":[8.835693,3.880826,7.1285715],"to":[9.1214075,6.737969,8.985714],"rotation":{"angle":0.0,"axis":"y","origin":[2.235693,-6.2620316,6.842857]},"faces":{"east":{"uv":[11.25,11.5,11.625,12.125],"rotation":0,"texture":"#0","tintindex":0},"south":{"uv":[2.75,13.125,2.875,13.75],"rotation":0,"texture":"#0","tintindex":0},"north":{"uv":[2.375,13.125,2.5,13.75],"rotation":0,"texture":"#0","tintindex":0},"west":{"uv":[11.625,0.375,12.0,1.0],"rotation":0,"texture":"#0","tintindex":0},"up":{"uv":[13.875,8.625,13.75,8.25],"rotation":0,"texture":"#0","tintindex":0},"down":{"uv":[8.5,13.75,8.375,14.125],"rotation":0,"texture":"#0","tintindex":0}}},{"from":[7.2642646,3.880826,8.985714],"to":[8.835693,6.452255,9.271429],"rotation":{"angle":0.0,"axis":"y","origin":[2.235693,-6.2620316,6.842857]},"faces":{"east":{"uv":[3.125,13.125,3.25,13.75],"rotation":0,"texture":"#0","tintindex":0},"south":{"uv":[11.625,2.375,12.0,3.0],"rotation":0,"texture":"#0","tintindex":0},"north":{"uv":[11.625,1.0,12.0,1.625],"rotation":0,"texture":"#0","tintindex":0},"west":{"uv":[3.25,13.125,3.375,13.75],"rotation":0,"texture":"#0","tintindex":0},"up":{"uv":[8.875,13.875,8.5,13.75],"rotation":0,"texture":"#0","tintindex":0},"down":{"uv":[9.25,13.75,8.875,13.875],"rotation":0,"texture":"#0","tintindex":0}}},{"from":[8.835693,6.880826,7.1285715],"to":[8.97855,8.023684,8.985714],"rotation":{"angle":0.0,"axis":"y","origin":[2.235693,-6.2620316,6.842857]},"faces":{"east":{"uv":[6.875,12.75,7.25,13.0],"rotation":0,"texture":"#0","tintindex":0},"south":{"uv":[14.0,10.125,14.125,10.375],"rotation":0,"texture":"#0","tintindex":0},"north":{"uv":[10.125,14.0,10.25,14.25],"rotation":0,"texture":"#0","tintindex":0},"west":{"uv":[12.75,7.75,13.125,8.0],"rotation":0,"texture":"#0","tintindex":0},"up":{"uv":[13.875,9.5,13.75,9.125],"rotation":0,"texture":"#0","tintindex":0},"down":{"uv":[9.375,13.75,9.25,14.125],"rotation":0,"texture":"#0","tintindex":0}}},{"from":[7.6036034,2.7501888,7.1285715],"to":[9.175032,3.4644747,8.985714],"rotation":{"angle":22.5,"axis":"z","origin":[8.24646,2.8216176,8.057143]},"faces":{"east":{"uv":[13.75,9.5,14.125,9.625],"rotation":0,"texture":"#0","tintindex":0},"south":{"uv":[13.75,9.625,14.125,9.75],"rotation":0,"texture":"#0","tintindex":0},"north":{"uv":[9.375,13.75,9.75,13.875],"rotation":0,"texture":"#0","tintindex":0},"west":{"uv":[13.75,9.875,14.125,10.0],"rotation":0,"texture":"#0","tintindex":0},"up":{"uv":[1.125,12.75,0.75,12.375],"rotation":0,"texture":"#0","tintindex":0},"down":{"uv":[12.75,3.875,12.375,4.25],"rotation":0,"texture":"#0","tintindex":0}}},{"from":[7.1750317,2.7501888,7.1285715],"to":[7.7464604,3.4644747,8.414286],"rotation":{"angle":0.0,"axis":"y","origin":[8.24646,2.8216176,8.057143]},"faces":{"east":{"uv":[14.0,7.875,14.25,8.0],"rotation":0,"texture":"#0","tintindex":0},"south":{"uv":[14.25,6.25,14.375,6.375],"rotation":0,"texture":"#0","tintindex":0},"north":{"uv":[6.25,14.25,6.375,14.375],"rotation":0,"texture":"#0","tintindex":0},"west":{"uv":[14.0,9.75,14.25,9.875],"rotation":0,"texture":"#0","tintindex":0},"up":{"uv":[10.375,14.25,10.25,14.0],"rotation":0,"texture":"#0","tintindex":0},"down":{"uv":[10.625,14.0,10.5,14.25],"rotation":0,"texture":"#0","tintindex":0}}}],"textures":{"0":"modelengine:entity/golden_knight"},"display":{"head":{"translation":[0.0,-6.4,0.0],"scale":[4.0,4.0,4.0]}}}