{"elements":[{"from":[5.6071544,6.743316,6.8285713],"to":[7.892869,9.029031,9.114285],"rotation":{"angle":0.0,"axis":"y","origin":[12.635726,-12.685255,6.8285713]},"faces":{"east":{"uv":[9.75,10.875,10.25,11.375],"rotation":0,"texture":"#0","tintindex":0},"south":{"uv":[10.25,10.875,10.75,11.375],"rotation":0,"texture":"#0","tintindex":0},"north":{"uv":[9.25,10.875,9.75,11.375],"rotation":0,"texture":"#0","tintindex":0},"west":{"uv":[10.75,10.875,11.25,11.375],"rotation":0,"texture":"#0","tintindex":0},"up":{"uv":[11.5,0.875,11.0,0.375],"rotation":0,"texture":"#0","tintindex":0},"down":{"uv":[3.125,11.0,2.625,11.5],"rotation":0,"texture":"#0","tintindex":0}}},{"from":[5.32144,9.029031,6.8285713],"to":[7.892869,9.457602,9.114285],"rotation":{"angle":0.0,"axis":"y","origin":[12.635726,-12.685255,6.8285713]},"faces":{"east":{"uv":[13.25,10.0,13.75,10.125],"rotation":0,"texture":"#0","tintindex":0},"south":{"uv":[13.0,11.125,13.625,11.25],"rotation":0,"texture":"#0","tintindex":0},"north":{"uv":[13.0,10.25,13.625,10.375],"rotation":0,"texture":"#0","tintindex":0},"west":{"uv":[13.25,11.375,13.75,11.5],"rotation":0,"texture":"#0","tintindex":0},"up":{"uv":[11.125,4.875,10.5,4.375],"rotation":0,"texture":"#0","tintindex":0},"down":{"uv":[11.125,9.5,10.5,10.0],"rotation":0,"texture":"#0","tintindex":0}}},{"from":[7.4642973,9.457602,6.8285713],"to":[7.892869,9.743317,9.114285],"rotation":{"angle":0.0,"axis":"y","origin":[12.635726,-12.685255,6.8285713]},"faces":{"east":{"uv":[13.375,4.625,13.875,4.75],"rotation":0,"texture":"#0","tintindex":0},"south":{"uv":[14.25,1.375,14.375,1.5],"rotation":0,"texture":"#0","tintindex":0},"north":{"uv":[14.25,1.25,14.375,1.375],"rotation":0,"texture":"#0","tintindex":0},"west":{"uv":[13.375,4.875,13.875,5.0],"rotation":0,"texture":"#0","tintindex":0},"up":{"uv":[7.5,13.875,7.375,13.375],"rotation":0,"texture":"#0","tintindex":0},"down":{"uv":[7.625,13.375,7.5,13.875],"rotation":0,"texture":"#0","tintindex":0}}},{"from":[7.4642973,6.4576015,6.4],"to":[7.892869,6.743316,9.542857],"rotation":{"angle":0.0,"axis":"y","origin":[12.635726,-12.685255,6.8285713]},"faces":{"east":{"uv":[3.125,12.75,3.875,12.875],"rotation":0,"texture":"#0","tintindex":0},"south":{"uv":[14.25,3.625,14.375,3.75],"rotation":0,"texture":"#0","tintindex":0},"north":{"uv":[3.625,14.25,3.75,14.375],"rotation":0,"texture":"#0","tintindex":0},"west":{"uv":[3.875,12.75,4.625,12.875],"rotation":0,"texture":"#0","tintindex":0},"up":{"uv":[0.625,13.5,0.5,12.75],"rotation":0,"texture":"#0","tintindex":0},"down":{"uv":[0.75,12.75,0.625,13.5],"rotation":0,"texture":"#0","tintindex":0}}},{"from":[7.4642973,9.029031,6.542857],"to":[7.892869,9.743317,6.8285713],"rotation":{"angle":0.0,"axis":"y","origin":[12.635726,-12.685255,6.8285713]},"faces":{"east":{"uv":[14.25,1.625,14.375,1.75],"rotation":0,"texture":"#0","tintindex":0},"south":{"uv":[1.75,14.25,1.875,14.375],"rotation":0,"texture":"#0","tintindex":0},"north":{"uv":[14.25,1.5,14.375,1.625],"rotation":0,"texture":"#0","tintindex":0},"west":{"uv":[1.875,14.25,2.0,14.375],"rotation":0,"texture":"#0","tintindex":0},"up":{"uv":[14.375,2.0,14.25,1.875],"rotation":0,"texture":"#0","tintindex":0},"down":{"uv":[2.125,14.25,2.0,14.375],"rotation":0,"texture":"#0","tintindex":0}}},{"from":[7.4642973,9.029031,6.1142855],"to":[7.892869,9.314745,6.542857],"rotation":{"angle":0.0,"axis":"y","origin":[12.635726,-12.685255,6.8285713]},"faces":{"east":{"uv":[14.25,2.625,14.375,2.75],"rotation":0,"texture":"#0","tintindex":0},"south":{"uv":[2.75,14.25,2.875,14.375],"rotation":0,"texture":"#0","tintindex":0},"north":{"uv":[2.625,14.25,2.75,14.375],"rotation":0,"texture":"#0","tintindex":0},"west":{"uv":[14.25,2.75,14.375,2.875],"rotation":0,"texture":"#0","tintindex":0},"up":{"uv":[3.0,14.375,2.875,14.25],"rotation":0,"texture":"#0","tintindex":0},"down":{"uv":[14.375,2.875,14.25,3.0],"rotation":0,"texture":"#0","tintindex":0}}},{"from":[7.4642973,6.743316,6.1142855],"to":[7.892869,9.029031,6.4],"rotation":{"angle":0.0,"axis":"y","origin":[12.635726,-12.685255,6.8285713]},"faces":{"east":{"uv":[13.375,10.375,13.5,10.875],"rotation":0,"texture":"#0","tintindex":0},"south":{"uv":[10.5,13.375,10.625,13.875],"rotation":0,"texture":"#0","tintindex":0},"north":{"uv":[7.625,13.375,7.75,13.875],"rotation":0,"texture":"#0","tintindex":0},"west":{"uv":[10.625,13.375,10.75,13.875],"rotation":0,"texture":"#0","tintindex":0},"up":{"uv":[3.5,14.375,3.375,14.25],"rotation":0,"texture":"#0","tintindex":0},"down":{"uv":[14.375,3.375,14.25,3.5],"rotation":0,"texture":"#0","tintindex":0}}},{"from":[7.4642973,6.743316,9.542857],"to":[7.892869,9.029031,9.828571],"rotation":{"angle":0.0,"axis":"y","origin":[12.635726,-12.685255,6.8285713]},"faces":{"east":{"uv":[11.125,13.375,11.25,13.875],"rotation":0,"texture":"#0","tintindex":0},"south":{"uv":[11.25,13.375,11.375,13.875],"rotation":0,"texture":"#0","tintindex":0},"north":{"uv":[10.75,13.375,10.875,13.875],"rotation":0,"texture":"#0","tintindex":0},"west":{"uv":[11.375,13.375,11.5,13.875],"rotation":0,"texture":"#0","tintindex":0},"up":{"uv":[3.625,14.375,3.5,14.25],"rotation":0,"texture":"#0","tintindex":0},"down":{"uv":[14.375,3.5,14.25,3.625],"rotation":0,"texture":"#0","tintindex":0}}},{"from":[7.4642973,9.029031,9.4],"to":[7.892869,9.314745,9.828571],"rotation":{"angle":0.0,"axis":"y","origin":[12.635726,-12.685255,6.8285713]},"faces":{"east":{"uv":[14.25,3.0,14.375,3.125],"rotation":0,"texture":"#0","tintindex":0},"south":{"uv":[3.125,14.25,3.25,14.375],"rotation":0,"texture":"#0","tintindex":0},"north":{"uv":[3.0,14.25,3.125,14.375],"rotation":0,"texture":"#0","tintindex":0},"west":{"uv":[14.25,3.125,14.375,3.25],"rotation":0,"texture":"#0","tintindex":0},"up":{"uv":[3.375,14.375,3.25,14.25],"rotation":0,"texture":"#0","tintindex":0},"down":{"uv":[14.375,3.25,14.25,3.375],"rotation":0,"texture":"#0","tintindex":0}}},{"from":[7.4642973,9.029031,9.114285],"to":[7.892869,9.743317,9.4],"rotation":{"angle":0.0,"axis":"y","origin":[12.635726,-12.685255,6.8285713]},"faces":{"east":{"uv":[2.125,14.25,2.25,14.375],"rotation":0,"texture":"#0","tintindex":0},"south":{"uv":[14.25,2.125,14.375,2.25],"rotation":0,"texture":"#0","tintindex":0},"north":{"uv":[14.25,2.0,14.375,2.125],"rotation":0,"texture":"#0","tintindex":0},"west":{"uv":[14.25,2.375,14.375,2.5],"rotation":0,"texture":"#0","tintindex":0},"up":{"uv":[2.625,14.375,2.5,14.25],"rotation":0,"texture":"#0","tintindex":0},"down":{"uv":[14.375,2.5,14.25,2.625],"rotation":0,"texture":"#0","tintindex":0}}},{"from":[5.178583,6.743316,6.8285713],"to":[5.6071544,9.029031,9.114285],"rotation":{"angle":0.0,"axis":"y","origin":[12.635726,-12.685255,6.8285713]},"faces":{"east":{"uv":[11.0,8.625,11.5,9.125],"rotation":0,"texture":"#0","tintindex":0},"south":{"uv":[5.0,13.25,5.125,13.75],"rotation":0,"texture":"#0","tintindex":0},"north":{"uv":[1.125,13.25,1.25,13.75],"rotation":0,"texture":"#0","tintindex":0},"west":{"uv":[11.125,0.875,11.625,1.375],"rotation":0,"texture":"#0","tintindex":0},"up":{"uv":[13.375,13.5,13.25,13.0],"rotation":0,"texture":"#0","tintindex":0},"down":{"uv":[13.5,0.25,13.375,0.75],"rotation":0,"texture":"#0","tintindex":0}}},{"from":[5.6071544,6.743316,6.4],"to":[7.892869,9.029031,6.8285713],"rotation":{"angle":0.0,"axis":"y","origin":[12.635726,-12.685255,6.8285713]},"faces":{"east":{"uv":[13.375,0.75,13.5,1.25],"rotation":0,"texture":"#0","tintindex":0},"south":{"uv":[11.125,2.625,11.625,3.125],"rotation":0,"texture":"#0","tintindex":0},"north":{"uv":[11.125,1.375,11.625,1.875],"rotation":0,"texture":"#0","tintindex":0},"west":{"uv":[5.125,13.375,5.25,13.875],"rotation":0,"texture":"#0","tintindex":0},"up":{"uv":[13.75,11.625,13.25,11.5],"rotation":0,"texture":"#0","tintindex":0},"down":{"uv":[13.75,11.625,13.25,11.75],"rotation":0,"texture":"#0","tintindex":0}}},{"from":[5.6071544,6.743316,9.114285],"to":[7.892869,9.029031,9.542857],"rotation":{"angle":0.0,"axis":"y","origin":[12.635726,-12.685255,6.8285713]},