{"elements":[{"from":[8.107131,6.743316,6.8285713],"to":[10.392845,9.029031,9.114285],"rotation":{"angle":0.0,"axis":"y","origin":[3.364274,-12.685255,6.8285713]},"faces":{"east":{"uv":[2.0,11.25,2.5,11.75],"rotation":0,"texture":"#0","tintindex":0},"south":{"uv":[11.25,10.0,11.75,10.5],"rotation":0,"texture":"#0","tintindex":0},"north":{"uv":[11.25,1.875,11.75,2.375],"rotation":0,"texture":"#0","tintindex":0},"west":{"uv":[11.25,10.5,11.75,11.0],"rotation":0,"texture":"#0","tintindex":0},"up":{"uv":[11.75,11.5,11.25,11.0],"rotation":0,"texture":"#0","tintindex":0},"down":{"uv":[0.5,11.375,0.0,11.875],"rotation":0,"texture":"#0","tintindex":0}}},{"from":[10.392845,5.600459,6.6857142],"to":[10.821417,9.314745,9.257143],"rotation":{"angle":0.0,"axis":"y","origin":[3.364274,-12.685255,6.8285713]},"faces":{"east":{"uv":[5.75,8.25,6.375,9.125],"rotation":0,"texture":"#0","tintindex":0},"south":{"uv":[8.375,12.625,8.5,13.5],"rotation":0,"texture":"#0","tintindex":0},"north":{"uv":[8.25,12.625,8.375,13.5],"rotation":0,"texture":"#0","tintindex":0},"west":{"uv":[1.0,8.375,1.625,9.25],"rotation":0,"texture":"#0","tintindex":0},"up":{"uv":[12.625,13.625,12.5,13.0],"rotation":0,"texture":"#0","tintindex":0},"down":{"uv":[13.0,13.0,12.875,13.625],"rotation":0,"texture":"#0","tintindex":0}}},{"from":[9.964274,4.7433157,6.8285713],"to":[10.67856,6.4576015,8.542857],"rotation":{"angle":0.0,"axis":"y","origin":[3.364274,-12.685255,6.8285713]},"faces":{"east":{"uv":[12.375,4.25,12.75,4.625],"rotation":0,"texture":"#0","tintindex":0},"south":{"uv":[9.875,13.75,10.0,14.125],"rotation":0,"texture":"#0","tintindex":0},"north":{"uv":[9.75,13.75,9.875,14.125],"rotation":0,"texture":"#0","tintindex":0},"west":{"uv":[12.375,5.75,12.75,6.125],"rotation":0,"texture":"#0","tintindex":0},"up":{"uv":[13.875,11.75,13.75,11.375],"rotation":0,"texture":"#0","tintindex":0},"down":{"uv":[11.75,13.75,11.625,14.125],"rotation":0,"texture":"#0","tintindex":0}}},{"from":[9.964274,8.886173,6.9714284],"to":[10.392845,10.886173,8.971429],"rotation":{"angle":22.5,"axis":"z","origin":[9.416655,9.838554,7.9714284]},"faces":{"east":{"uv":[3.125,11.375,3.625,11.875],"rotation":0,"texture":"#0","tintindex":0},"south":{"uv":[4.625,13.5,4.75,14.0],"rotation":0,"texture":"#0","tintindex":0},"north":{"uv":[4.5,13.5,4.625,14.0],"rotation":0,"texture":"#0","tintindex":0},"west":{"uv":[11.375,3.125,11.875,3.625],"rotation":0,"texture":"#0","tintindex":0},"up":{"uv":[4.875,14.0,4.75,13.5],"rotation":0,"texture":"#0","tintindex":0},"down":{"uv":[13.625,5.0,13.5,5.5],"rotation":0,"texture":"#0","tintindex":0}}},{"from":[9.107131,8.743316,7.4],"to":[9.535703,11.600459,8.542857],"rotation":{"angle":22.5,"axis":"z","origin":[8.65475,10.171887,7.9714284]},"faces":{"east":{"uv":[3.125,12.125,3.375,12.75],"rotation":0,"texture":"#0","tintindex":0},"south":{"uv":[3.5,13.125,3.625,13.75],"rotation":0,"texture":"#0","tintindex":0},"north":{"uv":[3.375,13.125,3.5,13.75],"rotation":0,"texture":"#0","tintindex":0},"west":{"uv":[3.375,12.125,3.625,12.75],"rotation":0,"texture":"#0","tintindex":0},"up":{"uv":[10.75,14.25,10.625,14.0],"rotation":0,"texture":"#0","tintindex":0},"down":{"uv":[10.875,14.0,10.75,14.25],"rotation":0,"texture":"#0","tintindex":0}}},{"from":[7.821417,8.743316,7.4],"to":[9.107131,11.600459,7.8285713],"rotation":{"angle":22.5,"axis":"z","origin":[8.65475,10.171887,7.9714284]},"faces":{"east":{"uv":[3.625,13.125,3.75,13.75],"rotation":0,"texture":"#0","tintindex":0},"south":{"uv":[3.875,12.125,4.125,12.75],"rotation":0,"texture":"#0","tintindex":0},"north":{"uv":[3.625,12.125,3.875,12.75],"rotation":0,"texture":"#0","tintindex":0},"west":{"uv":[13.125,3.625,13.25,4.25],"rotation":0,"texture":"#0","tintindex":0},"up":{"uv":[11.125,14.125,10.875,14.0],"rotation":0,"texture":"#0","tintindex":0},"down":{"uv":[11.375,14.0,11.125,14.125],"rotation":0,"texture":"#0","tintindex":0}}},{"from":[7.821417,8.743316,8.114285],"to":[9.107131,11.600459,8.542857],"rotation":{"angle":22.5,"axis":"z","origin":[8.65475,10.171887,7.9714284]},"faces":{"east":{"uv":[4.875,13.125,5.0,13.75],"rotation":0,"texture":"#0","tintindex":0},"south":{"uv":[4.375,12.125,4.625,12.75],"rotation":0,"texture":"#0","tintindex":0},"north":{"uv":[4.125,12.125,4.375,12.75],"rotation":0,"texture":"#0","tintindex":0},"west":{"uv":[5.5,13.125,5.625,13.75],"rotation":0,"texture":"#0","tintindex":0},"up":{"uv":[14.25,11.25,14.0,11.125],"rotation":0,"texture":"#0","tintindex":0},"down":{"uv":[14.25,11.25,14.0,11.375],"rotation":0,"texture":"#0","tintindex":0}}},{"from":[8.107131,6.3147445,6.542857],"to":[10.392845,9.314745,9.4],"rotation":{"angle":0.0,"axis":"y","origin":[3.364274,-12.685255,6.8285713]},"faces":{"east":{"uv":[3.125,9.375,3.75,10.0],"rotation":0,"texture":"#0","tintindex":0},"south":{"uv":[5.0,10.375,5.5,11.0],"rotation":0,"texture":"#0","tintindex":0},"north":{"uv":[2.625,10.375,3.125,11.0],"rotation":0,"texture":"#0","tintindex":0},"west":{"uv":[4.625,9.375,5.25,10.0],"rotation":0,"texture":"#0","tintindex":0},"up":{"uv":[11.125,1.875,10.625,1.25],"rotation":0,"texture":"#0","tintindex":0},"down":{"uv":[2.0,10.625,1.5,11.25],"rotation":0,"texture":"#0","tintindex":0}}},{"from":[7.964274,8.886173,6.8285713],"to":[9.964274,11.171887,7.4],"rotation":{"angle":22.5,"axis":"z","origin":[9.416655,9.838554,7.9714284]},"faces":{"east":{"uv":[5.625,13.5,5.75,14.0],"rotation":0,"texture":"#0","tintindex":0},"south":{"uv":[11.375,4.875,11.875,5.375],"rotation":0,"texture":"#0","tintindex":0},"north":{"uv":[3.625,11.375,4.125,11.875],"rotation":0,"texture":"#0","tintindex":0},"west":{"uv":[5.75,13.5,5.875,14.0],"rotation":0,"texture":"#0","tintindex":0},"up":{"uv":[14.0,4.125,13.5,4.0],"rotation":0,"texture":"#0","tintindex":0},"down":{"uv":[14.0,6.0,13.5,6.125],"rotation":0,"texture":"#0","tintindex":0}}},{"from":[7.964274,8.886173,8.542857],"to":[9.964274,11.171887,9.114285],"rotation":{"angle":22.5,"axis":"z","origin":[9.416655,9.838554,7.9714284]},"faces":{"east":{"uv":[5.875,13.5,6.0,14.0],"rotation":0,"texture":"#0","tintindex":0},"south":{"uv":[11.375,5.875,11.875,6.375],"rotation":0,"texture":"#0","tintindex":0},"north":{"uv":[11.375,5.375,11.875,5.875],"rotation":0,"texture":"#0","tintindex":0},"west":{"uv":[6.0,13.5,6.125,14.0],"rotation":0,"texture":"#0","tintindex":0},"up":{"uv":[14.0,6.5,13.5,6.375],"rotation":0,"texture":"#0","tintindex":0},"down":{"uv":[14.0,6.5,13.5,6.625],"rotation":0,"texture":"#0","tintindex":0}}},{"from":[8.249989,2.7433157,6.6285715],"to":[9.821417,6.1718874,7.1142855],"rotation":{"angle":0.0,"axis":"y","origin":[3.364274,-12.685255,6.8285713]},"faces":{"east":{"uv":[1.0,12.75,1.125,13.5],"rotation":0,"texture":"#0","tintindex":0},"south":{"uv":[7.125,10.75,7.5,11.5],"rotation":0,"texture":"#0","tintindex":0},"north":{"uv":[6.25,10.75,6.625,11.5],"rotation":0,"texture":"#0","tintindex":0},"west":{"uv":[1.25,12.75,1.375,13.5],"rotation":0,"texture":"#0","tintindex":0},"up":{"uv":[14.125,4.625,13.75,4.5],"rotation":0,"texture":"#0","tintindex":0},"down":{"uv":[14.125,5.5,13.75,5.625],"rotation":0,"texture":"#0","tintindex":0}}},{"from":[9.821417,2.7433157,6.9142857],"to":[10.392845,6.600459,9.257143],"rotation":{"angle":0.0,"axis":"y","origin":[3.364274,-12.685255,6.8285713]},"faces":{"east":{"uv":[9.0,5.25,9.5,6.125],"rotation":0,"texture":"#0","tintindex":0},"south":{"uv":[8.625,12.625,8.75,13.5],"rotation":0,"texture":"#0","tintindex":0},"north":{"uv":[8.5,12.625,8.625,13.5],"rotation":0,"texture":"#0","tintindex":0},"west":{"uv":[9.0,6.125,9.5,7.0],"rotation":0,"texture":"#0","tintindex":0},"up":{"uv":[4.375,14.0,4.25,13.5],"rotation":0,"texture":"#0","tintindex":0},"down":{"uv":[4.5,13.5,4.375,14.0],"rotation":0,"texture":"#0","tintindex":0}}},{"from":[10.249989,1.8861728,7.2],"to":[10.392845,2.7433157,8.828571],"rotation":{"angle":0.0,"axis":"y","origin":[3.364274,-12.685255,6.8285713]},"faces":{"east":{"uv":[12.75,4.375,13.125,4.625],"rotation":0,"texture":"#0","tintindex":0},