{"elements":[{"from":[6.9071426,6.480226,5.3327804],"to":[9.221429,8.023084,9.447066],"rotation":{"angle":0.0,"axis":"y","origin":[5.235714,6.480226,7.904209]},"faces":{"east":{"uv":[9.75,4.875,10.625,5.25],"rotation":0,"texture":"#0","tintindex":0},"south":{"uv":[7.125,9.375,7.625,9.75],"rotation":0,"texture":"#0","tintindex":0},"north":{"uv":[0.0,7.0,0.5,7.375],"rotation":0,"texture":"#0","tintindex":0},"west":{"uv":[9.75,9.125,10.625,9.5],"rotation":0,"texture":"#0","tintindex":0},"up":{"uv":[6.875,9.75,6.375,8.875],"rotation":0,"texture":"#0","tintindex":0},"down":{"uv":[8.125,8.875,7.625,9.75],"rotation":0,"texture":"#0","tintindex":0}}},{"from":[6.65,8.509731,4.2004166],"to":[9.092857,9.28116,6.5147023],"rotation":{"angle":-22.5,"axis":"x","origin":[5.235714,5.68116,9.086131]},"faces":{"east":{"uv":[13.125,4.25,13.625,4.375],"rotation":0,"texture":"#0","tintindex":0},"south":{"uv":[13.125,4.375,13.625,4.5],"rotation":0,"texture":"#0","tintindex":0},"north":{"uv":[13.125,3.0,13.625,3.125],"rotation":0,"texture":"#0","tintindex":0},"west":{"uv":[13.125,4.5,13.625,4.625],"rotation":0,"texture":"#0","tintindex":0},"up":{"uv":[11.25,10.875,10.75,10.375],"rotation":0,"texture":"#0","tintindex":0},"down":{"uv":[0.5,10.875,0.0,11.375],"rotation":0,"texture":"#0","tintindex":0}}},{"from":[6.9071426,6.480226,3.3134437],"to":[8.964286,7.1866465,5.3327804],"rotation":{"angle":0.0,"axis":"y","origin":[5.235714,6.480226,7.904209]},"faces":{"east":{"uv":[13.125,5.5,13.625,5.625],"rotation":0,"texture":"#0","tintindex":0},"south":{"uv":[5.625,13.125,6.125,13.25],"rotation":0,"texture":"#0","tintindex":0},"north":{"uv":[13.125,4.75,13.625,4.875],"rotation":0,"texture":"#0","tintindex":0},"west":{"uv":[13.125,5.625,13.625,5.75],"rotation":0,"texture":"#0","tintindex":0},"up":{"uv":[1.0,11.375,0.5,10.875],"rotation":0,"texture":"#0","tintindex":0},"down":{"uv":[1.5,10.875,1.0,11.375],"rotation":0,"texture":"#0","tintindex":0}}},{"from":[6.5214286,8.509731,6.5147023],"to":[9.607143,9.28116,8.700417],"rotation":{"angle":-22.5,"axis":"x","origin":[5.235714,5.68116,9.086131]},"faces":{"east":{"uv":[13.125,5.75,13.625,5.875],"rotation":0,"texture":"#0","tintindex":0},"south":{"uv":[3.125,12.875,3.75,13.0],"rotation":0,"texture":"#0","tintindex":0},"north":{"uv":[12.875,2.75,13.5,2.875],"rotation":0,"texture":"#0","tintindex":0},"west":{"uv":[13.125,5.875,13.625,6.0],"rotation":0,"texture":"#0","tintindex":0},"up":{"uv":[10.875,6.75,10.25,6.25],"rotation":0,"texture":"#0","tintindex":0},"down":{"uv":[7.75,10.25,7.125,10.75],"rotation":0,"texture":"#0","tintindex":0}}},{"from":[6.5214286,7.738303,7.800417],"to":[9.607143,8.509731,8.700417],"rotation":{"angle":-22.5,"axis":"x","origin":[5.235714,5.68116,9.086131]},"faces":{"east":{"uv":[6.875,12.375,7.125,12.5],"rotation":0,"texture":"#0","tintindex":0},"south":{"uv":[12.875,3.25,13.5,3.375],"rotation":0,"texture":"#0","tintindex":0},"north":{"uv":[12.875,3.125,13.5,3.25],"rotation":0,"texture":"#0","tintindex":0},"west":{"uv":[13.875,0.875,14.125,1.0],"rotation":0,"texture":"#0","tintindex":0},"up":{"uv":[12.5,8.875,11.875,8.625],"rotation":0,"texture":"#0","tintindex":0},"down":{"uv":[12.5,8.875,11.875,9.125],"rotation":0,"texture":"#0","tintindex":0}}}],"textures":{"0":"modelengine:entity/golden_knight"},"display":{"head":{"translation":[0.0,-6.4,0.0],"scale":[4.0,4.0,4.0]}}}