{"elements":[{"from":[6.778571,6.480226,5.3327804],"to":[9.092857,8.023084,9.447066],"rotation":{"angle":0.0,"axis":"y","origin":[10.764286,6.480226,7.904209]},"faces":{"east":{"uv":[9.875,7.0,10.75,7.375],"rotation":0,"texture":"#0","tintindex":0},"south":{"uv":[11.875,5.875,12.375,6.25],"rotation":0,"texture":"#0","tintindex":0},"north":{"uv":[11.875,3.875,12.375,4.25],"rotation":0,"texture":"#0","tintindex":0},"west":{"uv":[10.0,0.375,10.875,0.75],"rotation":0,"texture":"#0","tintindex":0},"up":{"uv":[8.625,9.75,8.125,8.875],"rotation":0,"texture":"#0","tintindex":0},"down":{"uv":[0.5,9.0,0.0,9.875],"rotation":0,"texture":"#0","tintindex":0}}},{"from":[6.9071426,8.509731,4.2004166],"to":[9.35,9.28116,6.5147023],"rotation":{"angle":-22.5,"axis":"x","origin":[10.764286,5.68116,9.086131]},"faces":{"east":{"uv":[13.25,6.625,13.75,6.75],"rotation":0,"texture":"#0","tintindex":0},"south":{"uv":[13.25,7.25,13.75,7.375],"rotation":0,"texture":"#0","tintindex":0},"north":{"uv":[13.25,6.25,13.75,6.375],"rotation":0,"texture":"#0","tintindex":0},"west":{"uv":[13.25,8.25,13.75,8.375],"rotation":0,"texture":"#0","tintindex":0},"up":{"uv":[11.375,8.125,10.875,7.625],"rotation":0,"texture":"#0","tintindex":0},"down":{"uv":[11.375,8.125,10.875,8.625],"rotation":0,"texture":"#0","tintindex":0}}},{"from":[7.035714,6.480226,3.3134437],"to":[9.092857,7.1866465,5.3327804],"rotation":{"angle":0.0,"axis":"y","origin":[10.764286,6.480226,7.904209]},"faces":{"east":{"uv":[13.25,8.5,13.75,8.625],"rotation":0,"texture":"#0","tintindex":0},"south":{"uv":[13.25,9.125,13.75,9.25],"rotation":0,"texture":"#0","tintindex":0},"north":{"uv":[13.25,8.375,13.75,8.5],"rotation":0,"texture":"#0","tintindex":0},"west":{"uv":[13.25,9.25,13.75,9.375],"rotation":0,"texture":"#0","tintindex":0},"up":{"uv":[8.75,11.375,8.25,10.875],"rotation":0,"texture":"#0","tintindex":0},"down":{"uv":[9.25,10.875,8.75,11.375],"rotation":0,"texture":"#0","tintindex":0}}},{"from":[6.392857,8.509731,6.5147023],"to":[9.478572,9.28116,8.700417],"rotation":{"angle":-22.5,"axis":"x","origin":[10.764286,5.68116,9.086131]},"faces":{"east":{"uv":[13.25,9.375,13.75,9.5],"rotation":0,"texture":"#0","tintindex":0},"south":{"uv":[13.0,8.875,13.625,9.0],"rotation":0,"texture":"#0","tintindex":0},"north":{"uv":[13.0,8.75,13.625,8.875],"rotation":0,"texture":"#0","tintindex":0},"west":{"uv":[13.25,9.875,13.75,10.0],"rotation":0,"texture":"#0","tintindex":0},"up":{"uv":[10.75,10.875,10.125,10.375],"rotation":0,"texture":"#0","tintindex":0},"down":{"uv":[11.125,2.875,10.5,3.375],"rotation":0,"texture":"#0","tintindex":0}}},{"from":[6.392857,7.738303,7.800417],"to":[9.478572,8.509731,8.700417],"rotation":{"angle":-22.5,"axis":"x","origin":[10.764286,5.68116,9.086131]},"faces":{"east":{"uv":[14.0,5.125,14.25,5.25],"rotation":0,"texture":"#0","tintindex":0},"south":{"uv":[13.0,10.125,13.625,10.25],"rotation":0,"texture":"#0","tintindex":0},"north":{"uv":[13.0,9.0,13.625,9.125],"rotation":0,"texture":"#0","tintindex":0},"west":{"uv":[14.0,5.25,14.25,5.375],"rotation":0,"texture":"#0","tintindex":0},"up":{"uv":[0.625,12.375,0.0,12.125],"rotation":0,"texture":"#0","tintindex":0},"down":{"uv":[1.25,12.125,0.625,12.375],"rotation":0,"texture":"#0","tintindex":0}}}],"textures":{"0":"modelengine:entity/golden_knight"},"display":{"head":{"translation":[0.0,-6.4,0.0],"scale":[4.0,4.0,4.0]}}}