{"elements":[{"from":[6.375552,7.54752,9.409439],"to":[9.520512,12.117121,9.947039],"rotation":{"angle":0.0,"axis":"y","origin":[6.496512,-13.55328,7.1246386]},"faces":{"east":{"uv":[2.75,12.125,2.875,13.125],"rotation":0,"texture":"#0","tintindex":0},"south":{"uv":[6.375,4.75,7.125,5.75],"rotation":0,"texture":"#0","tintindex":0},"north":{"uv":[3.5,6.125,4.25,7.125],"rotation":0,"texture":"#0","tintindex":0},"west":{"uv":[4.875,12.125,5.0,13.125],"rotation":0,"texture":"#0","tintindex":0},"up":{"uv":[13.5,6.125,12.75,6.0],"rotation":0,"texture":"#0","tintindex":0},"down":{"uv":[13.5,9.5,12.75,9.625],"rotation":0,"texture":"#0","tintindex":0}}},{"from":[6.980352,12.117121,6.1838384],"to":[9.050112,12.65472,9.409439],"rotation":{"angle":0.0,"axis":"y","origin":[6.657792,-13.55328,7.1246386]},"faces":{"east":{"uv":[12.875,2.125,13.625,2.25],"rotation":0,"texture":"#0","tintindex":0},"south":{"uv":[13.5,9.75,14.0,9.875],"rotation":0,"texture":"#0","tintindex":0},"north":{"uv":[13.5,7.375,14.0,7.5],"rotation":0,"texture":"#0","tintindex":0},"west":{"uv":[12.875,2.25,13.625,2.375],"rotation":0,"texture":"#0","tintindex":0},"up":{"uv":[2.375,10.625,1.875,9.875],"rotation":0,"texture":"#0","tintindex":0},"down":{"uv":[7.125,9.875,6.625,10.625],"rotation":0,"texture":"#0","tintindex":0}}},{"from":[6.375552,11.57952,5.6462383],"to":[9.520512,12.117121,9.409439],"rotation":{"angle":0.0,"axis":"y","origin":[6.590592,-13.55328,7.1246386]},"faces":{"east":{"uv":[12.625,6.5,13.5,6.625],"rotation":0,"texture":"#0","tintindex":0},"south":{"uv":[12.75,9.75,13.5,9.875],"rotation":0,"texture":"#0","tintindex":0},"north":{"uv":[12.75,9.625,13.5,9.75],"rotation":0,"texture":"#0","tintindex":0},"west":{"uv":[12.625,7.375,13.5,7.5],"rotation":0,"texture":"#0","tintindex":0},"up":{"uv":[4.125,8.0,3.375,7.125],"rotation":0,"texture":"#0","tintindex":0},"down":{"uv":[7.875,4.75,7.125,5.625],"rotation":0,"texture":"#0","tintindex":0}}},{"from":[9.587712,7.68192,6.1838384],"to":[10.125312,11.57952,9.409439],"rotation":{"angle":0.0,"axis":"y","origin":[6.657792,-13.55328,7.1246386]},"faces":{"east":{"uv":[6.375,6.875,7.125,7.75],"rotation":0,"texture":"#0","tintindex":0},"south":{"uv":[9.875,12.625,10.0,13.5],"rotation":0,"texture":"#0","tintindex":0},"north":{"uv":[9.75,12.625,9.875,13.5],"rotation":0,"texture":"#0","tintindex":0},"west":{"uv":[7.0,3.0,7.75,3.875],"rotation":0,"texture":"#0","tintindex":0},"up":{"uv":[4.875,13.5,4.75,12.75],"rotation":0,"texture":"#0","tintindex":0},"down":{"uv":[7.375,12.75,7.25,13.5],"rotation":0,"texture":"#0","tintindex":0}}},{"from":[7.638912,11.84832,5.3774385],"to":[8.257152,12.385921,5.6462383],"rotation":{"angle":0.0,"axis":"y","origin":[6.590592,-14.090879,8.737438]},"faces":{"east":{"uv":[14.25,7.625,14.375,7.75],"rotation":0,"texture":"#0","tintindex":0},"south":{"uv":[7.75,14.25,7.875,14.375],"rotation":0,"texture":"#0","tintindex":0},"north":{"uv":[7.625,14.25,7.75,14.375],"rotation":0,"texture":"#0","tintindex":0},"west":{"uv":[14.25,7.75,14.375,7.875],"rotation":0,"texture":"#0","tintindex":0},"up":{"uv":[8.0,14.375,7.875,14.25],"rotation":0,"texture":"#0","tintindex":0},"down":{"uv":[14.375,7.875,14.25,8.0],"rotation":0,"texture":"#0","tintindex":0}}},{"from":[7.638912,12.117121,5.6462383],"to":[8.257152,12.385921,6.1838384],"rotation":{"angle":0.0,"axis":"y","origin":[6.590592,-14.090879,8.737438]},"faces":{"east":{"uv":[14.25,8.125,14.375,8.25],"rotation":0,"texture":"#0","tintindex":0},"south":{"uv":[8.25,14.25,8.375,14.375],"rotation":0,"texture":"#0","tintindex":0},"north":{"uv":[8.125,14.25,8.25,14.375],"rotation":0,"texture":"#0","tintindex":0},"west":{"uv":[14.25,8.25,14.375,8.375],"rotation":0,"texture":"#0","tintindex":0},"up":{"uv":[8.5,14.375,8.375,14.25],"rotation":0,"texture":"#0","tintindex":0},"down":{"uv":[14.375,8.375,14.25,8.5],"rotation":0,"texture":"#0","tintindex":0}}},{"from":[7.638912,11.57952,5.1623983],"to":[8.257152,11.84832,5.6462383],"rotation":{"angle":0.0,"axis":"y","origin":[6.590592,-13.55328,7.1246386]},"faces":{"east":{"uv":[14.25,7.25,14.375,7.375],"rotation":0,"texture":"#0","tintindex":0},"south":{"uv":[7.375,14.25,7.5,14.375],"rotation":0,"texture":"#0","tintindex":0},"north":{"uv":[7.25,14.25,7.375,14.375],"rotation":0,"texture":"#0","tintindex":0},"west":{"uv":[14.25,7.375,14.375,7.5],"rotation":0,"texture":"#0","tintindex":0},"up":{"uv":[7.625,14.375,7.5,14.25],"rotation":0,"texture":"#0","tintindex":0},"down":{"uv":[14.375,7.5,14.25,7.625],"rotation":0,"texture":"#0","tintindex":0}}},{"from":[7.638912,10.6387205,4.8935986],"to":[8.257152,11.84832,5.1623983],"rotation":{"angle":0.0,"axis":"y","origin":[6.590592,-13.55328,7.1246386]},"faces":{"east":{"uv":[1.5,14.125,1.625,14.375],"rotation":0,"texture":"#0","tintindex":0},"south":{"uv":[14.125,1.5,14.25,1.75],"rotation":0,"texture":"#0","tintindex":0},"north":{"uv":[1.375,14.125,1.5,14.375],"rotation":0,"texture":"#0","tintindex":0},"west":{"uv":[1.625,14.125,1.75,14.375],"rotation":0,"texture":"#0","tintindex":0},"up":{"uv":[7.25,14.375,7.125,14.25],"rotation":0,"texture":"#0","tintindex":0},"down":{"uv":[14.375,7.125,14.25,7.25],"rotation":0,"texture":"#0","tintindex":0}}},{"from":[7.638912,10.23552,4.759198],"to":[8.257152,10.6387205,5.1623983],"rotation":{"angle":0.0,"axis":"y","origin":[6.590592,-13.55328,7.1246386]},"faces":{"east":{"uv":[14.25,6.75,14.375,6.875],"rotation":0,"texture":"#0","tintindex":0},"south":{"uv":[6.875,14.25,7.0,14.375],"rotation":0,"texture":"#0","tintindex":0},"north":{"uv":[6.75,14.25,6.875,14.375],"rotation":0,"texture":"#0","tintindex":0},"west":{"uv":[14.25,6.875,14.375,7.0],"rotation":0,"texture":"#0","tintindex":0},"up":{"uv":[7.125,14.375,7.0,14.25],"rotation":0,"texture":"#0","tintindex":0},"down":{"uv":[14.375,7.0,14.25,7.125],"rotation":0,"texture":"#0","tintindex":0}}},{"from":[7.5438104,10.23552,5.3840437],"to":[9.53293,11.57952,5.9216437],"rotation":{"angle":-22.5,"axis":"y","origin":[8.901251,8.82432,6.190444]},"faces":{"east":{"uv":[0.875,14.125,1.0,14.375],"rotation":0,"texture":"#0","tintindex":0},"south":{"uv":[11.875,12.75,12.25,13.0],"rotation":0,"texture":"#0","tintindex":0},"north":{"uv":[11.5,12.75,11.875,13.0],"rotation":0,"texture":"#0","tintindex":0},"west":{"uv":[1.125,14.125,1.25,14.375],"rotation":0,"texture":"#0","tintindex":0},"up":{"uv":[14.125,10.125,13.75,10.0],"rotation":0,"texture":"#0","tintindex":0},"down":{"uv":[14.125,11.75,13.75,11.875],"rotation":0,"texture":"#0","tintindex":0}}},{"from":[8.000771,7.95072,5.3840437],"to":[9.53293,9.69792,5.9216437],"rotation":{"angle":-22.5,"axis":"y","origin":[8.901251,8.82432,6.190444]},"faces":{"east":{"uv":[12.25,13.75,12.375,14.125],"rotation":0,"texture":"#0","tintindex":0},"south":{"uv":[12.5,2.0,12.875,2.375],"rotation":0,"texture":"#0","tintindex":0},"north":{"uv":[12.5,1.625,12.875,2.0],"rotation":0,"texture":"#0","tintindex":0},"west":{"uv":[13.75,13.25,13.875,13.625],"rotation":0,"texture":"#0","tintindex":0},"up":{"uv":[14.0,13.875,13.625,13.75],"rotation":0,"texture":"#0","tintindex":0},"down":{"uv":[14.125,13.625,13.75,13.75],"rotation":0,"texture":"#0","tintindex":0}}},{"from":[6.3631334,7.95072,5.3840437],"to":[7.8952937,9.69792,5.9216437],"rotation":{"angle":22.5,"axis":"y","origin":[6.9948134,8.82432,6.190444]},"faces":{"east":{"uv":[12.0,13.75,12.125,14.125],"rotation":0,"texture":"#0","tintindex":0},"south":{"uv":[11.5,12.375,11.875,12.75],"rotation":0,"texture":"#0","tintindex":0},"north":{"uv":[12.375,9.5,12.75,9.875],"rotation":0,"texture":"#0","tintindex":0},"west":{"uv":[12.125,13.75,12.25,14.125],"rotation":0,"texture":"#0","tintindex":0},"up":{"uv":[14.125,13.125,13.75,13.0],"rotation":0,"texture":"#0","tintindex":0},"down":{"uv":[14.125,13.125,13.75,13.25],"rotation":0,"texture":"#0","tintindex":0}}},{"from":[6.3631334,10.23552,5.3840437],"to":[8.352254,11.57952,5.9216437],"rotation":{"angle":22.5,"axis":"y","origin":[6.9948134,8.82432,6.190444]},"faces":{"east":{"uv":[14.125,2.0,14.25,2.25],