{"elements":[{"from":[6.7276783,1.6834712,7.376227],"to":[9.15625,2.8263288,9.804798],"rotation":{"angle":0.0,"axis":"y","origin":[4.870536,-0.03081417,8.090512]},"faces":{"east":{"uv":[12.25,7.75,12.75,8.0],"rotation":0,"texture":"#0","tintindex":0},"south":{"uv":[12.5,0.0,13.0,0.25],"rotation":0,"texture":"#0","tintindex":0},"north":{"uv":[11.0,6.75,11.5,7.0],"rotation":0,"texture":"#0","tintindex":0},"west":{"uv":[6.875,12.5,7.375,12.75],"rotation":0,"texture":"#0","tintindex":0},"up":{"uv":[5.75,4.0,5.25,3.5],"rotation":0,"texture":"#0","tintindex":0},"down":{"uv":[6.125,1.25,5.625,1.75],"rotation":0,"texture":"#0","tintindex":0}}},{"from":[6.584821,2.8263288,7.376227],"to":[9.441964,7.3977575,9.804798],"rotation":{"angle":0.0,"axis":"y","origin":[4.870536,-0.03081417,8.090512]},"faces":{"east":{"uv":[8.375,1.875,8.875,2.875],"rotation":0,"texture":"#0","tintindex":0},"south":{"uv":[7.25,0.0,7.875,1.0],"rotation":0,"texture":"#0","tintindex":0},"north":{"uv":[7.125,6.625,7.75,7.625],"rotation":0,"texture":"#0","tintindex":0},"west":{"uv":[8.375,4.25,8.875,5.25],"rotation":0,"texture":"#0","tintindex":0},"up":{"uv":[10.875,3.875,10.25,3.375],"rotation":0,"texture":"#0","tintindex":0},"down":{"uv":[10.875,5.25,10.25,5.75],"rotation":0,"texture":"#0","tintindex":0}}},{"from":[6.584821,2.9691858,9.804798],"to":[9.441964,6.2549005,10.23337],"rotation":{"angle":0.0,"axis":"y","origin":[4.870536,-0.03081417,8.090512]},"faces":{"east":{"uv":[4.125,7.125,4.25,7.875],"rotation":0,"texture":"#0","tintindex":0},"south":{"uv":[8.625,7.125,9.25,7.875],"rotation":0,"texture":"#0","tintindex":0},"north":{"uv":[4.625,8.625,5.25,9.375],"rotation":0,"texture":"#0","tintindex":0},"west":{"uv":[5.375,7.875,5.5,8.625],"rotation":0,"texture":"#0","tintindex":0},"up":{"uv":[7.75,5.75,7.125,5.625],"rotation":0,"texture":"#0","tintindex":0},"down":{"uv":[7.875,1.0,7.25,1.125],"rotation":0,"texture":"#0","tintindex":0}}},{"from":[6.441964,3.5406141,9.376226],"to":[9.584822,4.540614,10.519084],"rotation":{"angle":0.0,"axis":"y","origin":[4.870536,-0.03081417,8.090512]},"faces":{"east":{"uv":[3.75,2.375,4.0,2.625],"rotation":0,"texture":"#0","tintindex":0},"south":{"uv":[11.625,1.625,12.375,1.875],"rotation":0,"texture":"#0","tintindex":0},"north":{"uv":[6.75,2.25,7.5,2.5],"rotation":0,"texture":"#0","tintindex":0},"west":{"uv":[9.5,4.375,9.75,4.625],"rotation":0,"texture":"#0","tintindex":0},"up":{"uv":[12.375,4.5,11.625,4.25],"rotation":0,"texture":"#0","tintindex":0},"down":{"uv":[12.375,4.5,11.625,4.75],"rotation":0,"texture":"#0","tintindex":0}}},{"from":[6.299107,3.5406141,8.090512],"to":[9.727678,4.540614,9.376226],"rotation":{"angle":0.0,"axis":"y","origin":[4.870536,-0.03081417,8.090512]},"faces":{"east":{"uv":[3.5,10.0,3.75,10.25],"rotation":0,"texture":"#0","tintindex":0},"south":{"uv":[11.625,9.75,12.375,10.0],"rotation":0,"texture":"#0","tintindex":0},"north":{"uv":[11.625,9.5,12.375,9.75],"rotation":0,"texture":"#0","tintindex":0},"west":{"uv":[5.0,10.0,5.25,10.25],"rotation":0,"texture":"#0","tintindex":0},"up":{"uv":[12.5,0.25,11.75,0.0],"rotation":0,"texture":"#0","tintindex":0},"down":{"uv":[12.5,1.875,11.75,2.125],"rotation":0,"texture":"#0","tintindex":0}}},{"from":[6.5276785,6.3977575,8.090512],"to":[9.499107,6.8263288,9.861941],"rotation":{"angle":0.0,"axis":"y","origin":[4.870536,-0.03081417,8.090512]},"faces":{"east":{"uv":[13.5,10.375,13.875,10.5],"rotation":0,"texture":"#0","tintindex":0},"south":{"uv":[12.875,2.375,13.5,2.5],"rotation":0,"texture":"#0","tintindex":0},"north":{"uv":[8.875,3.375,9.5,3.5],"rotation":0,"texture":"#0","tintindex":0},"west":{"uv":[13.5,10.5,13.875,10.625],"rotation":0,"texture":"#0","tintindex":0},"up":{"uv":[11.75,0.375,11.125,0.0],"rotation":0,"texture":"#0","tintindex":0},"down":{"uv":[12.0,6.375,11.375,6.75],"rotation":0,"texture":"#0","tintindex":0}}},{"from":[7.013393,7.2549005,6.947655],"to":[9.013393,8.397758,7.376227],"rotation":{"angle":0.0,"axis":"y","origin":[4.870536,-0.03081417,8.090512]},"faces":{"east":{"uv":[7.0,6.625,7.125,6.875],"rotation":0,"texture":"#0","tintindex":0},"south":{"uv":[12.5,8.875,13.0,9.125],"rotation":0,"texture":"#0","tintindex":0},"north":{"uv":[12.5,8.625,13.0,8.875],"rotation":0,"texture":"#0","tintindex":0},"west":{"uv":[7.5,2.25,7.625,2.5],"rotation":0,"texture":"#0","tintindex":0},"up":{"uv":[8.875,3.0,8.375,2.875],"rotation":0,"texture":"#0","tintindex":0},"down":{"uv":[9.0,6.25,8.5,6.375],"rotation":0,"texture":"#0","tintindex":0}}},{"from":[6.441964,4.540614,7.23337],"to":[6.7276783,7.2549005,8.090512],"rotation":{"angle":0.0,"axis":"y","origin":[4.870536,-0.03081417,8.090512]},"faces":{"east":{"uv":[4.25,6.125,4.5,6.75],"rotation":0,"texture":"#0","tintindex":0},"south":{"uv":[11.25,12.75,11.375,13.375],"rotation":0,"texture":"#0","tintindex":0},"north":{"uv":[11.125,12.75,11.25,13.375],"rotation":0,"texture":"#0","tintindex":0},"west":{"uv":[7.875,1.125,8.125,1.75],"rotation":0,"texture":"#0","tintindex":0},"up":{"uv":[8.75,9.125,8.625,8.875],"rotation":0,"texture":"#0","tintindex":0},"down":{"uv":[9.375,0.375,9.25,0.625],"rotation":0,"texture":"#0","tintindex":0}}},{"from":[6.441964,2.2549,7.23337],"to":[9.584822,4.540614,8.661942],"rotation":{"angle":0.0,"axis":"y","origin":[4.870536,-0.03081417,8.090512]},"faces":{"east":{"uv":[8.0,11.75,8.375,12.25],"rotation":0,"texture":"#0","tintindex":0},"south":{"uv":[9.5,3.375,10.25,3.875],"rotation":0,"texture":"#0","tintindex":0},"north":{"uv":[9.5,2.125,10.25,2.625],"rotation":0,"texture":"#0","tintindex":0},"west":{"uv":[8.375,11.75,8.75,12.25],"rotation":0,"texture":"#0","tintindex":0},"up":{"uv":[11.125,0.375,10.375,0.0],"rotation":0,"texture":"#0","tintindex":0},"down":{"uv":[11.25,10.0,10.5,10.375],"rotation":0,"texture":"#0","tintindex":0}}},{"from":[9.299108,4.540614,7.23337],"to":[9.584822,7.2549005,8.090512],"rotation":{"angle":0.0,"axis":"y","origin":[4.870536,-0.03081417,8.090512]},"faces":{"east":{"uv":[6.875,11.75,7.125,12.375],"rotation":0,"texture":"#0","tintindex":0},"south":{"uv":[1.875,12.875,2.0,13.5],"rotation":0,"texture":"#0","tintindex":0},"north":{"uv":[1.75,12.875,1.875,13.5],"rotation":0,"texture":"#0","tintindex":0},"west":{"uv":[10.25,11.75,10.5,12.375],"rotation":0,"texture":"#0","tintindex":0},"up":{"uv":[10.875,7.875,10.75,7.625],"rotation":0,"texture":"#0","tintindex":0},"down":{"uv":[11.0,8.625,10.875,8.875],"rotation":0,"texture":"#0","tintindex":0}}},{"from":[6.7276783,2.2549,6.947655],"to":[9.299108,7.2549005,8.090512],"rotation":{"angle":0.0,"axis":"y","origin":[4.870536,-0.03081417,8.090512]},"faces":{"east":{"uv":[6.625,10.625,6.875,11.75],"rotation":0,"texture":"#0","tintindex":0},"south":{"uv":[6.625,0.0,7.25,1.125],"rotation":0,"texture":"#0","tintindex":0},"north":{"uv":[6.375,5.75,7.0,6.875],"rotation":0,"texture":"#0","tintindex":0},"west":{"uv":[6.875,10.625,7.125,11.75],"rotation":0,"texture":"#0","tintindex":0},"up":{"uv":[8.5,5.625,7.875,5.375],"rotation":0,"texture":"#0","tintindex":0},"down":{"uv":[10.25,1.5,9.625,1.75],"rotation":0,"texture":"#0","tintindex":0}}},{"from":[7.299107,2.112043,6.519084],"to":[8.727678,6.1120434,6.947655],"rotation":{"angle":0.0,"axis":"y","origin":[4.870536,-0.03081417,8.090512]},"faces":{"east":{"uv":[1.125,12.375,1.25,13.25],"rotation":0,"texture":"#0","tintindex":0},"south":{"uv":[4.625,10.0,5.0,10.875],"rotation":0,"texture":"#0","tintindex":0},"north":{"uv":[3.125,10.0,3.5,10.875],"rotation":0,"texture":"#0","tintindex":0},"west":{"uv":[7.375,12.5,7.5,13.375],"rotation":0,"texture":"#0","tintindex":0},"up":{"uv":[13.875,10.75,13.5,10.625],"rotation":0,"texture":"#0","tintindex":0},"down":{"uv":[13.875,10.75,13.5,10.875],"rotation":0,"texture":"#0","tintindex":0}}},{"from":[6.3848214,6.1120434,7.804798],"to":[6.441964,6.969186,8.090512],"rotation":{"angle":0.0,"axis":"y","origin":[4.870536,-0.03081417,8.090512]},"faces":{"east":{"uv":[2.5,11.25,2.625,11.5],"rotation":0,"texture":"#0","tintindex":0},"south":{"uv":[11.375,3.625,11.5,3.875],