{"elements":[{"from":[6.84375,1.6834712,7.376227],"to":[9.272322,2.8263288,9.804798],"rotation":{"angle":0.0,"axis":"y","origin":[11.129464,-0.03081417,8.090512]},"faces":{"east":{"uv":[12.625,0.625,13.125,0.875],"rotation":0,"texture":"#0","tintindex":0},"south":{"uv":[12.625,0.875,13.125,1.125],"rotation":0,"texture":"#0","tintindex":0},"north":{"uv":[12.625,0.375,13.125,0.625],"rotation":0,"texture":"#0","tintindex":0},"west":{"uv":[12.625,1.125,13.125,1.375],"rotation":0,"texture":"#0","tintindex":0},"up":{"uv":[11.375,6.25,10.875,5.75],"rotation":0,"texture":"#0","tintindex":0},"down":{"uv":[11.375,6.25,10.875,6.75],"rotation":0,"texture":"#0","tintindex":0}}},{"from":[6.558036,2.8263288,7.376227],"to":[9.415178,7.3977575,9.804798],"rotation":{"angle":0.0,"axis":"y","origin":[11.129464,-0.03081417,8.090512]},"faces":{"east":{"uv":[7.125,8.375,7.625,9.375],"rotation":0,"texture":"#0","tintindex":0},"south":{"uv":[1.25,7.375,1.875,8.375],"rotation":0,"texture":"#0","tintindex":0},"north":{"uv":[5.75,7.25,6.375,8.25],"rotation":0,"texture":"#0","tintindex":0},"west":{"uv":[8.5,5.25,9.0,6.25],"rotation":0,"texture":"#0","tintindex":0},"up":{"uv":[11.0,1.25,10.375,0.75],"rotation":0,"texture":"#0","tintindex":0},"down":{"uv":[4.125,10.375,3.5,10.875],"rotation":0,"texture":"#0","tintindex":0}}},{"from":[6.558036,2.9691858,9.804798],"to":[9.415178,6.2549005,10.23337],"rotation":{"angle":0.0,"axis":"y","origin":[11.129464,-0.03081417,8.090512]},"faces":{"east":{"uv":[12.625,12.625,12.75,13.375],"rotation":0,"texture":"#0","tintindex":0},"south":{"uv":[8.875,4.0,9.5,4.75],"rotation":0,"texture":"#0","tintindex":0},"north":{"uv":[8.875,2.125,9.5,2.875],"rotation":0,"texture":"#0","tintindex":0},"west":{"uv":[0.0,12.75,0.125,13.5],"rotation":0,"texture":"#0","tintindex":0},"up":{"uv":[13.625,0.25,13.0,0.125],"rotation":0,"texture":"#0","tintindex":0},"down":{"uv":[3.75,13.0,3.125,13.125],"rotation":0,"texture":"#0","tintindex":0}}},{"from":[6.4151783,3.5406141,9.376226],"to":[9.558036,4.540614,10.519084],"rotation":{"angle":0.0,"axis":"y","origin":[11.129464,-0.03081417,8.090512]},"faces":{"east":{"uv":[13.25,3.875,13.5,4.125],"rotation":0,"texture":"#0","tintindex":0},"south":{"uv":[0.0,11.875,0.75,12.125],"rotation":0,"texture":"#0","tintindex":0},"north":{"uv":[11.75,11.125,12.5,11.375],"rotation":0,"texture":"#0","tintindex":0},"west":{"uv":[5.625,13.25,5.875,13.5],"rotation":0,"texture":"#0","tintindex":0},"up":{"uv":[1.5,12.125,0.75,11.875],"rotation":0,"texture":"#0","tintindex":0},"down":{"uv":[3.875,11.875,3.125,12.125],"rotation":0,"texture":"#0","tintindex":0}}},{"from":[6.272321,3.5406141,8.090512],"to":[9.700893,4.540614,9.376226],"rotation":{"angle":0.0,"axis":"y","origin":[11.129464,-0.03081417,8.090512]},"faces":{"east":{"uv":[5.875,13.25,6.125,13.5],"rotation":0,"texture":"#0","tintindex":0},"south":{"uv":[11.875,3.375,12.625,3.625],"rotation":0,"texture":"#0","tintindex":0},"north":{"uv":[11.875,3.125,12.625,3.375],"rotation":0,"texture":"#0","tintindex":0},"west":{"uv":[13.25,8.0,13.5,8.25],"rotation":0,"texture":"#0","tintindex":0},"up":{"uv":[12.625,3.875,11.875,3.625],"rotation":0,"texture":"#0","tintindex":0},"down":{"uv":[4.625,11.875,3.875,12.125],"rotation":0,"texture":"#0","tintindex":0}}},{"from":[6.5008926,6.3977575,8.090512],"to":[9.4723215,6.8263288,9.861941],"rotation":{"angle":0.0,"axis":"y","origin":[11.129464,-0.03081417,8.090512]},"faces":{"east":{"uv":[13.625,3.0,14.0,3.125],"rotation":0,"texture":"#0","tintindex":0},"south":{"uv":[13.0,8.625,13.625,8.75],"rotation":0,"texture":"#0","tintindex":0},"north":{"uv":[5.5,13.0,6.125,13.125],"rotation":0,"texture":"#0","tintindex":0},"west":{"uv":[13.625,3.875,14.0,4.0],"rotation":0,"texture":"#0","tintindex":0},"up":{"uv":[9.875,11.75,9.25,11.375],"rotation":0,"texture":"#0","tintindex":0},"down":{"uv":[10.5,11.375,9.875,11.75],"rotation":0,"texture":"#0","tintindex":0}}},{"from":[6.986607,7.2549005,6.947655],"to":[8.986608,8.397758,7.376227],"rotation":{"angle":0.0,"axis":"y","origin":[11.129464,-0.03081417,8.090512]},"faces":{"east":{"uv":[1.0,14.0,1.125,14.25],"rotation":0,"texture":"#0","tintindex":0},"south":{"uv":[1.75,12.625,2.25,12.875],"rotation":0,"texture":"#0","tintindex":0},"north":{"uv":[12.625,1.375,13.125,1.625],"rotation":0,"texture":"#0","tintindex":0},"west":{"uv":[1.25,14.0,1.375,14.25],"rotation":0,"texture":"#0","tintindex":0},"up":{"uv":[13.75,1.625,13.25,1.5],"rotation":0,"texture":"#0","tintindex":0},"down":{"uv":[13.75,4.125,13.25,4.25],"rotation":0,"texture":"#0","tintindex":0}}},{"from":[9.272322,4.540614,7.23337],"to":[9.558036,7.2549005,8.090512],"rotation":{"angle":0.0,"axis":"y","origin":[11.129464,-0.03081417,8.090512]},"faces":{"east":{"uv":[9.25,12.0,9.5,12.625],"rotation":0,"texture":"#0","tintindex":0},"south":{"uv":[0.25,13.0,0.375,13.625],"rotation":0,"texture":"#0","tintindex":0},"north":{"uv":[0.125,13.0,0.25,13.625],"rotation":0,"texture":"#0","tintindex":0},"west":{"uv":[9.5,12.0,9.75,12.625],"rotation":0,"texture":"#0","tintindex":0},"up":{"uv":[14.125,1.875,14.0,1.625],"rotation":0,"texture":"#0","tintindex":0},"down":{"uv":[1.875,14.0,1.75,14.25],"rotation":0,"texture":"#0","tintindex":0}}},{"from":[6.4151783,2.2549,7.23337],"to":[9.558036,4.540614,8.661942],"rotation":{"angle":0.0,"axis":"y","origin":[11.129464,-0.03081417,8.090512]},"faces":{"east":{"uv":[11.875,4.875,12.25,5.375],"rotation":0,"texture":"#0","tintindex":0},"south":{"uv":[7.125,9.75,7.875,10.25],"rotation":0,"texture":"#0","tintindex":0},"north":{"uv":[5.5,9.75,6.25,10.25],"rotation":0,"texture":"#0","tintindex":0},"west":{"uv":[11.875,5.375,12.25,5.875],"rotation":0,"texture":"#0","tintindex":0},"up":{"uv":[11.375,5.25,10.625,4.875],"rotation":0,"texture":"#0","tintindex":0},"down":{"uv":[11.375,9.125,10.625,9.5],"rotation":0,"texture":"#0","tintindex":0}}},{"from":[6.4151783,4.540614,7.23337],"to":[6.700893,7.2549005,8.090512],"rotation":{"angle":0.0,"axis":"y","origin":[11.129464,-0.03081417,8.090512]},"faces":{"east":{"uv":[9.75,12.0,10.0,12.625],"rotation":0,"texture":"#0","tintindex":0},"south":{"uv":[6.125,13.0,6.25,13.625],"rotation":0,"texture":"#0","tintindex":0},"north":{"uv":[0.375,13.0,0.5,13.625],"rotation":0,"texture":"#0","tintindex":0},"west":{"uv":[10.0,12.0,10.25,12.625],"rotation":0,"texture":"#0","tintindex":0},"up":{"uv":[2.0,14.25,1.875,14.0],"rotation":0,"texture":"#0","tintindex":0},"down":{"uv":[2.125,14.0,2.0,14.25],"rotation":0,"texture":"#0","tintindex":0}}},{"from":[6.700893,2.2549,6.947655],"to":[9.272322,7.2549005,8.090512],"rotation":{"angle":0.0,"axis":"y","origin":[11.129464,-0.03081417,8.090512]},"faces":{"east":{"uv":[4.125,10.75,4.375,11.875],"rotation":0,"texture":"#0","tintindex":0},"south":{"uv":[4.875,6.75,5.5,7.875],"rotation":0,"texture":"#0","tintindex":0},"north":{"uv":[4.25,6.75,4.875,7.875],"rotation":0,"texture":"#0","tintindex":0},"west":{"uv":[4.375,10.75,4.625,11.875],"rotation":0,"texture":"#0","tintindex":0},"up":{"uv":[11.125,12.25,10.5,12.0],"rotation":0,"texture":"#0","tintindex":0},"down":{"uv":[12.5,12.0,11.875,12.25],"rotation":0,"texture":"#0","tintindex":0}}},{"from":[7.272321,2.112043,6.519084],"to":[8.700892,6.1120434,6.947655],"rotation":{"angle":0.0,"axis":"y","origin":[11.129464,-0.03081417,8.090512]},"faces":{"east":{"uv":[11.375,12.5,11.5,13.375],"rotation":0,"texture":"#0","tintindex":0},"south":{"uv":[9.0,10.0,9.375,10.875],"rotation":0,"texture":"#0","tintindex":0},"north":{"uv":[8.625,10.0,9.0,10.875],"rotation":0,"texture":"#0","tintindex":0},"west":{"uv":[6.75,12.625,6.875,13.5],"rotation":0,"texture":"#0","tintindex":0},"up":{"uv":[14.0,4.875,13.625,4.75],"rotation":0,"texture":"#0","tintindex":0},"down":{"uv":[14.0,5.375,13.625,5.5],"rotation":0,"texture":"#0","tintindex":0}}},{"from":[9.558036,6.1120434,7.804798],"to":[9.615179,6.969186,8.090512],"rotation":{"angle":0.0,"axis":"y","origin":[11.129464,-0.03081417,8.090512]},"faces":{"east":{"uv":[14.0,2.125,14.125,2.375],"rotation":0,