{"elements":[{"from":[6.5509653,2.1675582,6.517663],"to":[9.550965,7.8818445,9.517663],"rotation":{"angle":0.0,"axis":"y","origin":[4.8366795,-5.261013,7.374806]},"faces":{"east":{"uv":[5.5,1.75,6.125,3.0],"rotation":0,"texture":"#0","tintindex":0},"south":{"uv":[4.5,5.5,5.125,6.75],"rotation":0,"texture":"#0","tintindex":0},"north":{"uv":[5.375,0.0,6.0,1.25],"rotation":0,"texture":"#0","tintindex":0},"west":{"uv":[5.125,5.5,5.75,6.75],"rotation":0,"texture":"#0","tintindex":0},"up":{"uv":[6.375,9.75,5.75,9.125],"rotation":0,"texture":"#0","tintindex":0},"down":{"uv":[1.625,9.25,1.0,9.875],"rotation":0,"texture":"#0","tintindex":0}}},{"from":[6.465251,2.738987,6.431949],"to":[7.265251,3.3104153,8.374806],"rotation":{"angle":0.0,"axis":"y","origin":[4.8366795,-5.261013,7.374806]},"faces":{"east":{"uv":[2.0,10.625,2.375,10.75],"rotation":0,"texture":"#0","tintindex":0},"south":{"uv":[7.75,7.5,7.875,7.625],"rotation":0,"texture":"#0","tintindex":0},"north":{"uv":[6.625,1.125,6.75,1.25],"rotation":0,"texture":"#0","tintindex":0},"west":{"uv":[8.25,10.75,8.625,10.875],"rotation":0,"texture":"#0","tintindex":0},"up":{"uv":[2.0,7.25,1.875,6.875],"rotation":0,"texture":"#0","tintindex":0},"down":{"uv":[8.75,7.875,8.625,8.25],"rotation":0,"texture":"#0","tintindex":0}}},{"from":[8.836679,2.738987,7.6605206],"to":[9.63668,3.3104153,9.603377],"rotation":{"angle":0.0,"axis":"y","origin":[4.8366795,-5.261013,7.374806]},"faces":{"east":{"uv":[4.625,10.875,5.0,11.0],"rotation":0,"texture":"#0","tintindex":0},"south":{"uv":[11.375,8.5,11.5,8.625],"rotation":0,"texture":"#0","tintindex":0},"north":{"uv":[8.375,5.25,8.5,5.375],"rotation":0,"texture":"#0","tintindex":0},"west":{"uv":[10.0,13.5,10.375,13.625],"rotation":0,"texture":"#0","tintindex":0},"up":{"uv":[10.25,2.125,10.125,1.75],"rotation":0,"texture":"#0","tintindex":0},"down":{"uv":[11.0,0.375,10.875,0.75],"rotation":0,"texture":"#0","tintindex":0}}},{"from":[8.408108,2.738987,6.431949],"to":[9.3509655,3.4532728,6.6890917],"rotation":{"angle":0.0,"axis":"y","origin":[4.8366795,-5.261013,7.374806]},"faces":{"east":{"uv":[11.5,4.25,11.625,4.375],"rotation":0,"texture":"#0","tintindex":0},"south":{"uv":[3.125,9.25,3.375,9.375],"rotation":0,"texture":"#0","tintindex":0},"north":{"uv":[9.0,7.0,9.25,7.125],"rotation":0,"texture":"#0","tintindex":0},"west":{"uv":[11.125,12.0,11.25,12.125],"rotation":0,"texture":"#0","tintindex":0},"up":{"uv":[9.625,1.125,9.375,1.0],"rotation":0,"texture":"#0","tintindex":0},"down":{"uv":[9.75,4.625,9.5,4.75],"rotation":0,"texture":"#0","tintindex":0}}},{"from":[6.408108,2.1675582,6.374806],"to":[9.693823,2.738987,9.660521],"rotation":{"angle":0.0,"axis":"y","origin":[4.8366795,-5.261013,7.374806]},"faces":{"east":{"uv":[12.625,7.625,13.375,7.75],"rotation":0,"texture":"#0","tintindex":0},"south":{"uv":[12.625,10.375,13.375,10.5],"rotation":0,"texture":"#0","tintindex":0},"north":{"uv":[12.625,7.5,13.375,7.625],"rotation":0,"texture":"#0","tintindex":0},"west":{"uv":[12.625,10.5,13.375,10.625],"rotation":0,"texture":"#0","tintindex":0},"up":{"uv":[8.375,3.0,7.625,2.25],"rotation":0,"texture":"#0","tintindex":0},"down":{"uv":[7.875,7.625,7.125,8.375],"rotation":0,"texture":"#0","tintindex":0}}}],"textures":{"0":"modelengine:entity/golden_knight"},"display":{"head":{"translation":[0.0,-6.4,0.0],"scale":[4.0,4.0,4.0]}}}