{"elements":[{"from":[6.4490347,2.1675582,6.517663],"to":[9.449035,7.8818445,9.517663],"rotation":{"angle":0.0,"axis":"y","origin":[11.163321,-5.261013,7.374806]},"faces":{"east":{"uv":[6.0,0.0,6.625,1.25],"rotation":0,"texture":"#0","tintindex":0},"south":{"uv":[5.75,6.0,6.375,7.25],"rotation":0,"texture":"#0","tintindex":0},"north":{"uv":[5.75,4.75,6.375,6.0],"rotation":0,"texture":"#0","tintindex":0},"west":{"uv":[6.125,1.25,6.75,2.5],"rotation":0,"texture":"#0","tintindex":0},"up":{"uv":[9.875,7.625,9.25,7.0],"rotation":0,"texture":"#0","tintindex":0},"down":{"uv":[10.0,0.375,9.375,1.0],"rotation":0,"texture":"#0","tintindex":0}}},{"from":[8.734749,2.738987,6.431949],"to":[9.534749,3.3104153,8.374806],"rotation":{"angle":0.0,"axis":"y","origin":[11.163321,-5.261013,7.374806]},"faces":{"east":{"uv":[1.375,13.625,1.75,13.75],"rotation":0,"texture":"#0","tintindex":0},"south":{"uv":[9.875,14.125,10.0,14.25],"rotation":0,"texture":"#0","tintindex":0},"north":{"uv":[9.75,14.125,9.875,14.25],"rotation":0,"texture":"#0","tintindex":0},"west":{"uv":[13.625,1.625,14.0,1.75],"rotation":0,"texture":"#0","tintindex":0},"up":{"uv":[13.75,2.125,13.625,1.75],"rotation":0,"texture":"#0","tintindex":0},"down":{"uv":[13.75,3.5,13.625,3.875],"rotation":0,"texture":"#0","tintindex":0}}},{"from":[6.3633204,2.738987,7.6605206],"to":[7.1633205,3.3104153,9.603377],"rotation":{"angle":0.0,"axis":"y","origin":[11.163321,-5.261013,7.374806]},"faces":{"east":{"uv":[13.625,2.125,14.0,2.25],"rotation":0,"texture":"#0","tintindex":0},"south":{"uv":[14.125,10.0,14.25,10.125],"rotation":0,"texture":"#0","tintindex":0},"north":{"uv":[14.125,9.875,14.25,10.0],"rotation":0,"texture":"#0","tintindex":0},"west":{"uv":[13.625,2.25,14.0,2.375],"rotation":0,"texture":"#0","tintindex":0},"up":{"uv":[13.75,4.625,13.625,4.25],"rotation":0,"texture":"#0","tintindex":0},"down":{"uv":[13.75,5.0,13.625,5.375],"rotation":0,"texture":"#0","tintindex":0}}},{"from":[6.6490345,2.738987,6.431949],"to":[7.591892,3.4532728,6.6890917],"rotation":{"angle":0.0,"axis":"y","origin":[11.163321,-5.261013,7.374806]},"faces":{"east":{"uv":[14.125,10.125,14.25,10.25],"rotation":0,"texture":"#0","tintindex":0},"south":{"uv":[14.0,1.0,14.25,1.125],"rotation":0,"texture":"#0","tintindex":0},"north":{"uv":[0.75,14.0,1.0,14.125],"rotation":0,"texture":"#0","tintindex":0},"west":{"uv":[14.125,10.25,14.25,10.375],"rotation":0,"texture":"#0","tintindex":0},"up":{"uv":[14.25,1.25,14.0,1.125],"rotation":0,"texture":"#0","tintindex":0},"down":{"uv":[14.25,1.25,14.0,1.375],"rotation":0,"texture":"#0","tintindex":0}}},{"from":[6.3061776,2.1675582,6.374806],"to":[9.591892,2.738987,9.660521],"rotation":{"angle":0.0,"axis":"y","origin":[11.163321,-5.261013,7.374806]},"faces":{"east":{"uv":[12.625,12.25,13.375,12.375],"rotation":0,"texture":"#0","tintindex":0},"south":{"uv":[12.625,12.375,13.375,12.5],"rotation":0,"texture":"#0","tintindex":0},"north":{"uv":[11.875,12.625,12.625,12.75],"rotation":0,"texture":"#0","tintindex":0},"west":{"uv":[12.625,12.5,13.375,12.625],"rotation":0,"texture":"#0","tintindex":0},"up":{"uv":[8.5,4.25,7.75,3.5],"rotation":0,"texture":"#0","tintindex":0},"down":{"uv":[8.5,5.625,7.75,6.375],"rotation":0,"texture":"#0","tintindex":0}}}],"textures":{"0":"modelengine:entity/golden_knight"},"display":{"head":{"translation":[0.0,-6.4,0.0],"scale":[4.0,4.0,4.0]}}}