{"elements":[{"from":[3.3508925,8.030357,9.388572],"to":[9.608036,8.030357,9.588572],"rotation":{"angle":0.0,"axis":"y","origin":[0.09374952,7.1732144,5.1028566]},"faces":{"east":{"uv":[0.0,0.0,0.125,0.0],"rotation":0,"texture":"#0","tintindex":0},"south":{"uv":[0.0,0.0,1.375,0.0],"rotation":0,"texture":"#0","tintindex":0},"north":{"uv":[0.0,0.0,1.375,0.0],"rotation":0,"texture":"#0","tintindex":0},"west":{"uv":[0.0,0.0,0.125,0.0],"rotation":0,"texture":"#0","tintindex":0},"up":{"uv":[13.25,7.375,11.875,7.25],"rotation":0,"texture":"#0","tintindex":0},"down":{"uv":[13.25,8.5,11.875,8.625],"rotation":0,"texture":"#0","tintindex":0}}},{"from":[3.7794638,8.029786,6.1885715],"to":[8.836607,8.029786,6.3885713],"rotation":{"angle":0.0,"axis":"y","origin":[6.59375,7.6012144,6.3885713]},"faces":{"east":{"uv":[0.0,0.0,0.125,0.0],"rotation":0,"texture":"#0","tintindex":0},"south":{"uv":[0.0,0.0,1.125,0.0],"rotation":0,"texture":"#0","tintindex":0},"north":{"uv":[0.0,0.0,1.125,0.0],"rotation":0,"texture":"#0","tintindex":0},"west":{"uv":[0.0,0.0,0.125,0.0],"rotation":0,"texture":"#0","tintindex":0},"up":{"uv":[13.375,3.0,12.25,2.875],"rotation":0,"texture":"#0","tintindex":0},"down":{"uv":[13.375,4.875,12.25,5.0],"rotation":0,"texture":"#0","tintindex":0}}},{"from":[9.408035,8.030357,6.5314283],"to":[9.608036,8.030357,9.388572],"rotation":{"angle":0.0,"axis":"y","origin":[9.408035,6.8875,8.031428]},"faces":{"east":{"uv":[0.0,0.0,0.625,0.0],"rotation":0,"texture":"#0","tintindex":0},"south":{"uv":[0.0,0.0,0.125,0.0],"rotation":0,"texture":"#0","tintindex":0},"north":{"uv":[0.0,0.0,0.125,0.0],"rotation":0,"texture":"#0","tintindex":0},"west":{"uv":[0.0,0.0,0.625,0.0],"rotation":0,"texture":"#0","tintindex":0},"up":{"uv":[10.5,13.5,10.375,12.875],"rotation":0,"texture":"#0","tintindex":0},"down":{"uv":[12.875,12.875,12.75,13.5],"rotation":0,"texture":"#0","tintindex":0}}},{"from":[9.608036,6.602576,6.1885715],"to":[9.607464,7.4589286,9.588572],"rotation":{"angle":0.0,"axis":"y","origin":[9.550893,7.602576,8.216015]},"faces":{"east":{"uv":[12.625,10.875,13.375,11.0],"rotation":0,"texture":"#0","tintindex":0},"south":{"uv":[0.0,0.0,0.0,0.125],"rotation":0,"texture":"#0","tintindex":0},"north":{"uv":[0.0,0.0,0.0,0.125],"rotation":0,"texture":"#0","tintindex":0},"west":{"uv":[12.625,11.0,13.375,11.125],"rotation":0,"texture":"#0","tintindex":0},"up":{"uv":[0.0,0.75,0.0,0.0],"rotation":0,"texture":"#0","tintindex":0},"down":{"uv":[0.0,0.0,0.0,0.75],"rotation":0,"texture":"#0","tintindex":0}}},{"from":[9.608036,6.602576,6.7599998],"to":[9.607464,8.030357,9.588572],"rotation":{"angle":0.0,"axis":"y","origin":[9.550893,7.602576,8.216015]},"faces":{"east":{"uv":[12.0,1.375,12.625,1.625],"rotation":0,"texture":"#0","tintindex":0},"south":{"uv":[0.0,0.0,0.0,0.25],"rotation":0,"texture":"#0","tintindex":0},"north":{"uv":[0.0,0.0,0.0,0.25],"rotation":0,"texture":"#0","tintindex":0},"west":{"uv":[12.0,6.375,12.625,6.625],"rotation":0,"texture":"#0","tintindex":0},"up":{"uv":[0.0,0.625,0.0,0.0],"rotation":0,"texture":"#0","tintindex":0},"down":{"uv":[0.0,0.0,0.0,0.625],"rotation":0,"texture":"#0","tintindex":0}}},{"from":[4.7372074,7.4589286,6.1885715],"to":[9.036607,8.030357,6.1885715],"rotation":{"angle":0.0,"axis":"y","origin":[-0.23422146,8.030357,5.6742854]},"faces":{"east":{"uv":[0.0,0.0,0.0,0.125],"rotation":0,"texture":"#0","tintindex":0},"south":{"uv":[12.375,6.125,13.375,6.25],"rotation":0,"texture":"#0","tintindex":0},"north":{"uv":[12.375,4.625,13.375,4.75],"rotation":0,"texture":"#0","tintindex":0},"west":{"uv":[0.0,0.0,0.0,0.125],"rotation":0,"texture":"#0","tintindex":0},"up":{"uv":[1.0,0.0,0.0,0.0],"rotation":0,"texture":"#0","tintindex":0},"down":{"uv":[1.0,0.0,0.0,0.0],"rotation":0,"texture":"#0","tintindex":0}}},{"from":[4.7372074,6.6017857,6.1885715],"to":[9.608036,7.4589286,6.1885715],"rotation":{"angle":0.0,"axis":"y","origin":[-0.23422146,8.030357,5.6742854]},"faces":{"east":{"uv":[0.0,0.0,0.0,0.25],"rotation":0,"texture":"#0","tintindex":0},"south":{"uv":[10.25,2.375,11.375,2.625],"rotation":0,"texture":"#0","tintindex":0},"north":{"uv":[9.875,7.375,11.0,7.625],"rotation":0,"texture":"#0","tintindex":0},"west":{"uv":[0.0,0.0,0.0,0.25],"rotation":0,"texture":"#0","tintindex":0},"up":{"uv":[1.125,0.0,0.0,0.0],"rotation":0,"texture":"#0","tintindex":0},"down":{"uv":[1.125,0.0,0.0,0.0],"rotation":0,"texture":"#0","tintindex":0}}},{"from":[4.122321,6.602357,9.588],"to":[9.608036,8.030929,9.588],"rotation":{"angle":0.0,"axis":"y","origin":[0.2937498,7.7452145,5.302285]},"faces":{"east":{"uv":[0.0,0.0,0.0,0.375],"rotation":0,"texture":"#0","tintindex":0},"south":{"uv":[8.875,1.75,10.125,2.125],"rotation":0,"texture":"#0","tintindex":0},"north":{"uv":[4.0,3.0,5.25,3.375],"rotation":0,"texture":"#0","tintindex":0},"west":{"uv":[0.0,0.0,0.0,0.375],"rotation":0,"texture":"#0","tintindex":0},"up":{"uv":[1.25,0.0,0.0,0.0],"rotation":0,"texture":"#0","tintindex":0},"down":{"uv":[1.25,0.0,0.0,0.0],"rotation":0,"texture":"#0","tintindex":0}}}],"textures":{"0":"modelengine:entity/golden_knight"},"display":{"head":{"translation":[0.0,-6.4,0.0],"scale":[4.0,4.0,4.0]}}}