{"elements":[{"from":[6.7150364,5.8633537,6.928571],"to":[7.7150364,17.863354,9.071428],"rotation":{"angle":0.0,"axis":"y","origin":[10.07218,7.5062113,8.0]},"faces":{"east":{"uv":[0.0,2.625,0.5,5.25],"rotation":0,"texture":"#0","tintindex":0},"south":{"uv":[5.5,6.75,5.75,9.375],"rotation":0,"texture":"#0","tintindex":0},"north":{"uv":[3.125,6.625,3.375,9.25],"rotation":0,"texture":"#0","tintindex":0},"west":{"uv":[0.5,2.625,1.0,5.25],"rotation":0,"texture":"#0","tintindex":0},"up":{"uv":[6.75,13.125,6.5,12.625],"rotation":0,"texture":"#0","tintindex":0},"down":{"uv":[12.875,6.75,12.625,7.25],"rotation":0,"texture":"#0","tintindex":0}}},{"from":[6.429322,15.577641,6.928571],"to":[6.7150364,17.863354,9.071428],"rotation":{"angle":0.0,"axis":"y","origin":[10.07218,7.5062113,8.0]},"faces":{"east":{"uv":[11.125,9.5,11.625,10.0],"rotation":0,"texture":"#0","tintindex":0},"south":{"uv":[3.875,13.5,4.0,14.0],"rotation":0,"texture":"#0","tintindex":0},"north":{"uv":[3.75,13.5,3.875,14.0],"rotation":0,"texture":"#0","tintindex":0},"west":{"uv":[1.5,11.25,2.0,11.75],"rotation":0,"texture":"#0","tintindex":0},"up":{"uv":[4.125,14.0,4.0,13.5],"rotation":0,"texture":"#0","tintindex":0},"down":{"uv":[4.25,13.5,4.125,14.0],"rotation":0,"texture":"#0","tintindex":0}}},{"from":[6.429322,13.863355,7.5],"to":[6.7150364,15.577641,8.5],"rotation":{"angle":0.0,"axis":"y","origin":[10.07218,7.5062113,8.0]},"faces":{"east":{"uv":[8.125,1.875,8.375,2.25],"rotation":0,"texture":"#0","tintindex":0},"south":{"uv":[13.75,5.0,13.875,5.375],"rotation":0,"texture":"#0","tintindex":0},"north":{"uv":[5.0,13.75,5.125,14.125],"rotation":0,"texture":"#0","tintindex":0},"west":{"uv":[5.5,9.375,5.75,9.75],"rotation":0,"texture":"#0","tintindex":0},"up":{"uv":[7.375,14.25,7.25,14.0],"rotation":0,"texture":"#0","tintindex":0},"down":{"uv":[14.125,7.5,14.0,7.75],"rotation":0,"texture":"#0","tintindex":0}}},{"from":[7.0869937,8.149068,5.058614],"to":[8.086994,17.863354,7.201471],"rotation":{"angle":-22.5,"axis":"y","origin":[7.5869937,13.006212,6.130042]},"faces":{"east":{"uv":[3.5,4.0,4.0,6.125],"rotation":0,"texture":"#0","tintindex":0},"south":{"uv":[2.625,8.25,2.875,10.375],"rotation":0,"texture":"#0","tintindex":0},"north":{"uv":[6.875,7.75,7.125,9.875],"rotation":0,"texture":"#0","tintindex":0},"west":{"uv":[4.0,4.0,4.5,6.125],"rotation":0,"texture":"#0","tintindex":0},"up":{"uv":[1.25,8.375,1.0,7.875],"rotation":0,"texture":"#0","tintindex":0},"down":{"uv":[7.875,8.375,7.625,8.875],"rotation":0,"texture":"#0","tintindex":0}}},{"from":[6.875821,8.149068,5.058614],"to":[7.0869937,8.434783,7.2889414],"rotation":{"angle":-22.5,"axis":"y","origin":[7.5869937,13.006212,6.130042]},"faces":{"east":{"uv":[13.375,11.0,13.875,11.125],"rotation":0,"texture":"#0","tintindex":0},"south":{"uv":[14.25,4.25,14.375,4.375],"rotation":0,"texture":"#0","tintindex":0},"north":{"uv":[4.25,14.25,4.375,14.375],"rotation":0,"texture":"#0","tintindex":0},"west":{"uv":[13.375,11.875,13.875,12.0],"rotation":0,"texture":"#0","tintindex":0},"up":{"uv":[0.75,14.0,0.625,13.5],"rotation":0,"texture":"#0","tintindex":0},"down":{"uv":[0.875,13.5,0.75,14.0],"rotation":0,"texture":"#0","tintindex":0}}},{"from":[6.875821,17.57764,5.058614],"to":[7.0869937,17.863354,7.2889414],"rotation":{"angle":-22.5,"axis":"y","origin":[7.5869937,22.434784,6.130042]},"faces":{"east":{"uv":[13.5,2.5,14.0,2.625],"rotation":0,"texture":"#0","tintindex":0},"south":{"uv":[14.25,5.75,14.375,5.875],"rotation":0,"texture":"#0","tintindex":0},"north":{"uv":[5.75,14.25,5.875,14.375],"rotation":0,"texture":"#0","tintindex":0},"west":{"uv":[13.5,2.625,14.0,2.75],"rotation":0,"texture":"#0","tintindex":0},"up":{"uv":[2.25,14.0,2.125,13.5],"rotation":0,"texture":"#0","tintindex":0},"down":{"uv":[2.625,13.5,2.5,14.0],"rotation":0,"texture":"#0","tintindex":0}}},{"from":[6.875821,8.149068,8.711059],"to":[7.0869937,8.434783,10.941386],"rotation":{"angle":22.5,"axis":"y","origin":[7.5869937,13.006212,9.869958]},"faces":{"east":{"uv":[1.25,13.5,1.75,13.625],"rotation":0,"texture":"#0","tintindex":0},"south":{"uv":[14.25,5.125,14.375,5.25],"rotation":0,"texture":"#0","tintindex":0},"north":{"uv":[5.125,14.25,5.25,14.375],"rotation":0,"texture":"#0","tintindex":0},"west":{"uv":[13.5,1.25,14.0,1.375],"rotation":0,"texture":"#0","tintindex":0},"up":{"uv":[1.125,14.0,1.0,13.5],"rotation":0,"texture":"#0","tintindex":0},"down":{"uv":[1.875,13.5,1.75,14.0],"rotation":0,"texture":"#0","tintindex":0}}},{"from":[6.875821,17.57764,8.711059],"to":[7.0869937,17.863354,10.941386],"rotation":{"angle":22.5,"axis":"y","origin":[7.5869937,22.434784,9.869958]},"faces":{"east":{"uv":[13.5,3.25,14.0,3.375],"rotation":0,"texture":"#0","tintindex":0},"south":{"uv":[14.25,6.0,14.375,6.125],"rotation":0,"texture":"#0","tintindex":0},"north":{"uv":[6.0,14.25,6.125,14.375],"rotation":0,"texture":"#0","tintindex":0},"west":{"uv":[13.5,3.375,14.0,3.5],"rotation":0,"texture":"#0","tintindex":0},"up":{"uv":[3.125,14.0,3.0,13.5],"rotation":0,"texture":"#0","tintindex":0},"down":{"uv":[13.625,3.5,13.5,4.0],"rotation":0,"texture":"#0","tintindex":0}}},{"from":[6.4864645,5.8633537,6.928571],"to":[6.7150364,8.434783,7.214286],"rotation":{"angle":0.0,"axis":"y","origin":[6.6007504,6.0062113,8.0]},"faces":{"east":{"uv":[11.625,13.0,11.75,13.625],"rotation":0,"texture":"#0","tintindex":0},"south":{"uv":[11.75,13.0,11.875,13.625],"rotation":0,"texture":"#0","tintindex":0},"north":{"uv":[13.0,11.5,13.125,12.125],"rotation":0,"texture":"#0","tintindex":0},"west":{"uv":[11.875,13.0,12.0,13.625],"rotation":0,"texture":"#0","tintindex":0},"up":{"uv":[4.875,14.375,4.75,14.25],"rotation":0,"texture":"#0","tintindex":0},"down":{"uv":[14.375,4.75,14.25,4.875],"rotation":0,"texture":"#0","tintindex":0}}},{"from":[6.4864645,5.8633537,8.785714],"to":[6.7150364,8.434783,9.071428],"rotation":{"angle":0.0,"axis":"y","origin":[6.6007504,6.0062113,8.0]},"faces":{"east":{"uv":[12.125,13.0,12.25,13.625],"rotation":0,"texture":"#0","tintindex":0},"south":{"uv":[12.25,13.0,12.375,13.625],"rotation":0,"texture":"#0","tintindex":0},"north":{"uv":[12.0,13.0,12.125,13.625],"rotation":0,"texture":"#0","tintindex":0},"west":{"uv":[12.375,13.0,12.5,13.625],"rotation":0,"texture":"#0","tintindex":0},"up":{"uv":[5.125,14.375,5.0,14.25],"rotation":0,"texture":"#0","tintindex":0},"down":{"uv":[14.375,5.0,14.25,5.125],"rotation":0,"texture":"#0","tintindex":0}}},{"from":[6.4864645,5.8633537,7.214286],"to":[6.7150364,6.1490684,8.785714],"rotation":{"angle":0.0,"axis":"y","origin":[6.6007504,6.0062113,8.0]},"faces":{"east":{"uv":[13.75,0.25,14.125,0.375],"rotation":0,"texture":"#0","tintindex":0},"south":{"uv":[14.25,4.875,14.375,5.0],"rotation":0,"texture":"#0","tintindex":0},"north":{"uv":[4.875,14.25,5.0,14.375],"rotation":0,"texture":"#0","tintindex":0},"west":{"uv":[13.75,1.5,14.125,1.625],"rotation":0,"texture":"#0","tintindex":0},"up":{"uv":[1.625,14.125,1.5,13.75],"rotation":0,"texture":"#0","tintindex":0},"down":{"uv":[1.75,13.75,1.625,14.125],"rotation":0,"texture":"#0","tintindex":0}}},{"from":[6.2007504,17.57764,6.928571],"to":[6.429322,17.863354,9.071428],"rotation":{"angle":0.0,"axis":"y","origin":[6.6007504,15.434783,8.0]},"faces":{"east":{"uv":[13.5,2.75,14.0,2.875],"rotation":0,"texture":"#0","tintindex":0},"south":{"uv":[14.25,5.875,14.375,6.0],"rotation":0,"texture":"#0","tintindex":0},"north":{"uv":[5.875,14.25,6.0,14.375],"rotation":0,"texture":"#0","tintindex":0},"west":{"uv":[13.5,3.125,14.0,3.25],"rotation":0,"texture":"#0","tintindex":0},"up":{"uv":[2.75,14.0,2.625,13.5],"rotation":0,"texture":"#0","tintindex":0},"down":{"uv":[3.0,13.5,2.875,14.0],"rotation":0,"texture":"#0","tintindex":0}}},{"from":[6.875821,8.434783,5.058614],"to":[7.0869937,10.149069,5.344328],"rotation":{"angle":-22.5,"axis":"y","origin":[7.5869937,13.006212,6.130042]},"faces":{"east":{"uv":[13.75,0.625,13.875,1.0],"rotation":0,"texture":"#0","tintindex":0},"south":{"uv":[1.125,13.75,1.25,14.125],"rotation":0,"texture":"#0",