{"elements":[{"from":[7.857143,6.969516,-2.0154285],"to":[8.142858,8.969516,5.984572],"rotation":{"angle":0.0,"axis":"y","origin":[8.357142,7.612373,8.056001]},"faces":{"east":{"uv":[3.875,1.25,5.625,1.75],"rotation":0,"texture":"#0","tintindex":0},"south":{"uv":[7.25,13.5,7.375,14.0],"rotation":0,"texture":"#0","tintindex":0},"north":{"uv":[6.75,13.5,6.875,14.0],"rotation":0,"texture":"#0","tintindex":0},"west":{"uv":[5.25,3.0,7.0,3.5],"rotation":0,"texture":"#0","tintindex":0},"up":{"uv":[1.625,13.5,1.5,11.75],"rotation":0,"texture":"#0","tintindex":0},"down":{"uv":[1.75,11.75,1.625,13.5],"rotation":0,"texture":"#0","tintindex":0}}},{"from":[7.5714283,5.969516,5.984572],"to":[8.428572,9.969516,6.5560007],"rotation":{"angle":0.0,"axis":"y","origin":[8.357142,7.612373,8.056001]},"faces":{"east":{"uv":[9.0,12.625,9.125,13.5],"rotation":0,"texture":"#0","tintindex":0},"south":{"uv":[11.625,11.5,11.875,12.375],"rotation":0,"texture":"#0","tintindex":0},"north":{"uv":[7.75,11.625,8.0,12.5],"rotation":0,"texture":"#0","tintindex":0},"west":{"uv":[9.125,12.625,9.25,13.5],"rotation":0,"texture":"#0","tintindex":0},"up":{"uv":[11.625,14.125,11.375,14.0],"rotation":0,"texture":"#0","tintindex":0},"down":{"uv":[14.25,11.5,14.0,11.625],"rotation":0,"texture":"#0","tintindex":0}}},{"from":[7.5714283,9.927674,6.061077],"to":[8.428572,10.499103,6.6325054],"rotation":{"angle":-45.0,"axis":"x","origin":[8.0,10.070532,6.4896483]},"faces":{"east":{"uv":[6.625,14.25,6.75,14.375],"rotation":0,"texture":"#0","tintindex":0},"south":{"uv":[12.375,14.0,12.625,14.125],"rotation":0,"texture":"#0","tintindex":0},"north":{"uv":[14.0,12.25,14.25,12.375],"rotation":0,"texture":"#0","tintindex":0},"west":{"uv":[14.25,6.625,14.375,6.75],"rotation":0,"texture":"#0","tintindex":0},"up":{"uv":[14.25,12.5,14.0,12.375],"rotation":0,"texture":"#0","tintindex":0},"down":{"uv":[14.25,12.5,14.0,12.625],"rotation":0,"texture":"#0","tintindex":0}}},{"from":[7.5714283,5.6838017,5.9600616],"to":[8.428572,6.25523,6.5314903],"rotation":{"angle":-45.0,"axis":"x","origin":[8.0,5.969516,6.3886333]},"faces":{"east":{"uv":[6.5,14.25,6.625,14.375],"rotation":0,"texture":"#0","tintindex":0},"south":{"uv":[14.0,11.875,14.25,12.0],"rotation":0,"texture":"#0","tintindex":0},"north":{"uv":[14.0,11.625,14.25,11.75],"rotation":0,"texture":"#0","tintindex":0},"west":{"uv":[14.25,6.5,14.375,6.625],"rotation":0,"texture":"#0","tintindex":0},"up":{"uv":[14.25,12.125,14.0,12.0],"rotation":0,"texture":"#0","tintindex":0},"down":{"uv":[14.25,12.125,14.0,12.25],"rotation":0,"texture":"#0","tintindex":0}}},{"from":[7.714286,7.6838017,6.5560007],"to":[8.285714,8.25523,10.698858],"rotation":{"angle":0.0,"axis":"y","origin":[8.357142,7.612373,8.056001]},"faces":{"east":{"uv":[12.375,9.875,13.25,10.0],"rotation":0,"texture":"#0","tintindex":0},"south":{"uv":[14.25,6.375,14.375,6.5],"rotation":0,"texture":"#0","tintindex":0},"north":{"uv":[6.375,14.25,6.5,14.375],"rotation":0,"texture":"#0","tintindex":0},"west":{"uv":[12.625,6.375,13.5,6.5],"rotation":0,"texture":"#0","tintindex":0},"up":{"uv":[8.875,13.5,8.75,12.625],"rotation":0,"texture":"#0","tintindex":0},"down":{"uv":[9.0,12.625,8.875,13.5],"rotation":0,"texture":"#0","tintindex":0}}},{"from":[7.5714283,7.5409446,10.698858],"to":[8.428572,8.3980875,11.556001],"rotation":{"angle":0.0,"axis":"y","origin":[8.357142,7.612373,8.056001]},"faces":{"east":{"uv":[13.5,7.0,13.75,7.25],"rotation":0,"texture":"#0","tintindex":0},"south":{"uv":[8.0,13.5,8.25,13.75],"rotation":0,"texture":"#0","tintindex":0},"north":{"uv":[13.5,6.75,13.75,7.0],"rotation":0,"texture":"#0","tintindex":0},"west":{"uv":[13.5,8.0,13.75,8.25],"rotation":0,"texture":"#0","tintindex":0},"up":{"uv":[8.5,13.75,8.25,13.5],"rotation":0,"texture":"#0","tintindex":0},"down":{"uv":[8.75,13.5,8.5,13.75],"rotation":0,"texture":"#0","tintindex":0}}},{"from":[7.857143,7.25523,-5.4439993],"to":[8.142858,8.683802,-2.0154285],"rotation":{"angle":0.0,"axis":"y","origin":[8.357142,7.612373,8.056001]},"faces":{"east":{"uv":[10.75,7.0,11.5,7.375],"rotation":0,"texture":"#0","tintindex":0},"south":{"uv":[11.875,13.75,12.0,14.125],"rotation":0,"texture":"#0","tintindex":0},"north":{"uv":[11.75,13.75,11.875,14.125],"rotation":0,"texture":"#0","tintindex":0},"west":{"uv":[7.5,10.75,8.25,11.125],"rotation":0,"texture":"#0","tintindex":0},"up":{"uv":[1.5,13.5,1.375,12.75],"rotation":0,"texture":"#0","tintindex":0},"down":{"uv":[2.625,12.75,2.5,13.5],"rotation":0,"texture":"#0","tintindex":0}}},{"from":[7.857143,7.5409446,-8.872572],"to":[8.142858,8.3980875,-5.4439993],"rotation":{"angle":0.0,"axis":"y","origin":[8.357142,7.612373,8.056001]},"faces":{"east":{"uv":[11.875,6.75,12.625,7.0],"rotation":0,"texture":"#0","tintindex":0},"south":{"uv":[13.25,14.0,13.375,14.25],"rotation":0,"texture":"#0","tintindex":0},"north":{"uv":[13.125,14.0,13.25,14.25],"rotation":0,"texture":"#0","tintindex":0},"west":{"uv":[11.875,7.0,12.625,7.25],"rotation":0,"texture":"#0","tintindex":0},"up":{"uv":[2.75,13.5,2.625,12.75],"rotation":0,"texture":"#0","tintindex":0},"down":{"uv":[4.75,12.75,4.625,13.5],"rotation":0,"texture":"#0","tintindex":0}}},{"from":[7.5714283,7.5409446,6.5560007],"to":[8.428572,8.3980875,6.841715],"rotation":{"angle":0.0,"axis":"y","origin":[8.357142,7.612373,8.056001]},"faces":{"east":{"uv":[12.875,14.0,13.0,14.25],"rotation":0,"texture":"#0","tintindex":0},"south":{"uv":[9.0,13.5,9.25,13.75],"rotation":0,"texture":"#0","tintindex":0},"north":{"uv":[8.75,13.5,9.0,13.75],"rotation":0,"texture":"#0","tintindex":0},"west":{"uv":[13.0,14.0,13.125,14.25],"rotation":0,"texture":"#0","tintindex":0},"up":{"uv":[14.25,12.75,14.0,12.625],"rotation":0,"texture":"#0","tintindex":0},"down":{"uv":[14.25,12.875,14.0,13.0],"rotation":0,"texture":"#0","tintindex":0}}}],"textures":{"0":"modelengine:entity/golden_knight"},"display":{"head":{"translation":[0.0,-6.4,0.0],"scale":[4.0,4.0,4.0]}}}