{"elements":[{"from":[6.639235,7.9416695,5.4564447],"to":[9.610663,9.770241,10.713588],"rotation":{"angle":0.0,"axis":"y","origin":[2.5351286,1.8789434,24.390947]},"faces":{"east":{"uv":[8.96875,5.21875,9.28125,5.34375],"rotation":0,"texture":"#0","tintindex":0},"south":{"uv":[9.34375,4.28125,9.53125,4.40625],"rotation":0,"texture":"#0","tintindex":0},"north":{"uv":[3.34375,9.34375,3.53125,9.46875],"rotation":0,"texture":"#0","tintindex":0},"west":{"uv":[8.96875,5.75,9.28125,5.875],"rotation":0,"texture":"#0","tintindex":0},"up":{"uv":[1.25,9.1875,1.0625,8.875],"rotation":0,"texture":"#0","tintindex":0},"down":{"uv":[3.71875,8.875,3.53125,9.1875],"rotation":0,"texture":"#0","tintindex":0}}},{"from":[6.5806775,7.1570234,5.227873],"to":[6.5806775,10.585595,10.942159],"rotation":{"angle":-22.5,"axis":"z","origin":[2.5351286,1.8789434,24.390947]},"faces":{"east":{"uv":[1.96875,8.90625,2.28125,9.09375],"rotation":0,"texture":"#0","tintindex":0},"south":{"uv":[0.0,0.0,0.0,0.1875],"rotation":0,"texture":"#0","tintindex":0},"north":{"uv":[0.0,0.0,0.0,0.1875],"rotation":0,"texture":"#0","tintindex":0},"west":{"uv":[2.5625,8.90625,2.875,9.09375],"rotation":0,"texture":"#0","tintindex":0},"up":{"uv":[0.0,0.3125,0.0,0.0],"rotation":0,"texture":"#0","tintindex":0},"down":{"uv":[0.0,0.0,0.0,0.3125],"rotation":0,"texture":"#0","tintindex":0}}}],"textures":{"0":"modelengine:entity/nocsy_dragon_full"},"display":{"head":{"translation":[0.0,-6.4,0.0],"scale":[4.0,4.0,4.0]}}}