{"elements":[{"from":[6.3893366,7.9416695,5.4564447],"to":[9.360765,9.770241,10.713588],"rotation":{"angle":0.0,"axis":"y","origin":[13.464871,1.8789434,24.390947]},"faces":{"east":{"uv":[7.625,1.75,7.9375,1.875],"rotation":0,"texture":"#0","tintindex":0},"south":{"uv":[9.34375,3.1875,9.53125,3.3125],"rotation":0,"texture":"#0","tintindex":0},"north":{"uv":[1.71875,9.34375,1.90625,9.46875],"rotation":0,"texture":"#0","tintindex":0},"west":{"uv":[8.15625,1.375,8.46875,1.5],"rotation":0,"texture":"#0","tintindex":0},"up":{"uv":[4.5,9.15625,4.3125,8.84375],"rotation":0,"texture":"#0","tintindex":0},"down":{"uv":[8.59375,8.84375,8.40625,9.15625],"rotation":0,"texture":"#0","tintindex":0}}},{"from":[9.419323,7.1570234,5.227873],"to":[9.419323,10.585595,10.942159],"rotation":{"angle":22.5,"axis":"z","origin":[13.464871,1.8789434,24.390947]},"faces":{"east":{"uv":[0.75,8.875,1.0625,9.0625],"rotation":0,"texture":"#0","tintindex":0},"south":{"uv":[0.0,0.0,0.0,0.1875],"rotation":0,"texture":"#0","tintindex":0},"north":{"uv":[0.0,0.0,0.0,0.1875],"rotation":0,"texture":"#0","tintindex":0},"west":{"uv":[1.65625,8.875,1.96875,9.0625],"rotation":0,"texture":"#0","tintindex":0},"up":{"uv":[0.0,0.3125,0.0,0.0],"rotation":0,"texture":"#0","tintindex":0},"down":{"uv":[0.0,0.0,0.0,0.3125],"rotation":0,"texture":"#0","tintindex":0}}}],"textures":{"0":"modelengine:entity/nocsy_dragon_full"},"display":{"head":{"translation":[0.0,-6.4,0.0],"scale":[4.0,4.0,4.0]}}}