{"elements":[{"from":[12.982838,4.2095737,7.278461],"to":[15.497124,6.7238593,14.364176],"rotation":{"angle":45.0,"axis":"z","origin":[7.9148617,-0.85840225,25.833767]},"faces":{"east":{"uv":[8.9375,4.71875,9.3125,4.84375],"rotation":0,"texture":"#0","tintindex":0},"south":{"uv":[7.46875,9.59375,7.59375,9.71875],"rotation":0,"texture":"#0","tintindex":0},"north":{"uv":[9.59375,7.40625,9.71875,7.53125],"rotation":0,"texture":"#0","tintindex":0},"west":{"uv":[0.0,8.96875,0.375,9.09375],"rotation":0,"texture":"#0","tintindex":0},"up":{"uv":[4.28125,9.3125,4.15625,8.9375],"rotation":0,"texture":"#0","tintindex":0},"down":{"uv":[7.21875,8.9375,7.09375,9.3125],"rotation":0,"texture":"#0","tintindex":0}}}],"textures":{"0":"modelengine:entity/nocsy_dragon_full"},"display":{"head":{"translation":[0.0,-6.4,0.0],"scale":[4.0,4.0,4.0]}}}