{"elements":[{"from":[5.7688313,4.028571,-0.54285717],"to":[5.7688313,7.457143,5.1714287],"rotation":{"angle":0.0,"axis":"y","origin":[9.797402,9.485714,-3.2000008]},"faces":{"east":{"uv":[6.75,2.125,7.0625,2.3125],"rotation":0,"texture":"#0","tintindex":0},"south":{"uv":[0.0,0.0,0.0,0.1875],"rotation":0,"texture":"#0","tintindex":0},"north":{"uv":[0.0,0.0,0.0,0.1875],"rotation":0,"texture":"#0","tintindex":0},"west":{"uv":[7.15625,6.9375,7.46875,7.125],"rotation":0,"texture":"#0","tintindex":0},"up":{"uv":[0.0,0.3125,0.0,0.0],"rotation":0,"texture":"#0","tintindex":0},"down":{"uv":[0.0,0.0,0.0,0.3125],"rotation":0,"texture":"#0","tintindex":0}}},{"from":[5.3688307,4.028571,-2.1428576],"to":[5.3688307,7.457143,0.1428566],"rotation":{"angle":-22.5,"axis":"y","origin":[7.397403,8.6,0.7142854]},"faces":{"east":{"uv":[6.5625,9.28125,6.6875,9.46875],"rotation":0,"texture":"#0","tintindex":0},"south":{"uv":[0.0,0.0,0.0,0.1875],"rotation":0,"texture":"#0","tintindex":0},"north":{"uv":[0.0,0.0,0.0,0.1875],"rotation":0,"texture":"#0","tintindex":0},"west":{"uv":[6.6875,9.28125,6.8125,9.46875],"rotation":0,"texture":"#0","tintindex":0},"up":{"uv":[0.0,0.125,0.0,0.0],"rotation":0,"texture":"#0","tintindex":0},"down":{"uv":[0.0,0.0,0.0,0.125],"rotation":0,"texture":"#0","tintindex":0}}},{"from":[10.631169,4.028571,-2.1428576],"to":[10.631169,7.457143,0.1428566],"rotation":{"angle":22.5,"axis":"y","origin":[8.602597,8.6,0.7142854]},"faces":{"east":{"uv":[9.28125,6.875,9.40625,7.0625],"rotation":0,"texture":"#0","tintindex":0},"south":{"uv":[0.0,0.0,0.0,0.1875],"rotation":0,"texture":"#0","tintindex":0},"north":{"uv":[0.0,0.0,0.0,0.1875],"rotation":0,"texture":"#0","tintindex":0},"west":{"uv":[9.28125,7.28125,9.40625,7.46875],"rotation":0,"texture":"#0","tintindex":0},"up":{"uv":[0.0,0.125,0.0,0.0],"rotation":0,"texture":"#0","tintindex":0},"down":{"uv":[0.0,0.0,0.0,0.125],"rotation":0,"texture":"#0","tintindex":0}}},{"from":[10.231169,4.028571,-0.54285717],"to":[10.231169,7.457143,5.1714287],"rotation":{"angle":0.0,"axis":"y","origin":[6.202597,9.485714,-3.2000008]},"faces":{"east":{"uv":[8.1875,1.9375,8.5,2.125],"rotation":0,"texture":"#0","tintindex":0},"south":{"uv":[0.0,0.0,0.0,0.1875],"rotation":0,"texture":"#0","tintindex":0},"north":{"uv":[0.0,0.0,0.0,0.1875],"rotation":0,"texture":"#0","tintindex":0},"west":{"uv":[8.46875,1.3125,8.78125,1.5],"rotation":0,"texture":"#0","tintindex":0},"up":{"uv":[0.0,0.3125,0.0,0.0],"rotation":0,"texture":"#0","tintindex":0},"down":{"uv":[0.0,0.0,0.0,0.3125],"rotation":0,"texture":"#0","tintindex":0}}},{"from":[6.285714,4.0,-2.6000004],"to":[9.714286,7.714286,-2.6000004],"rotation":{"angle":0.0,"axis":"y","origin":[6.857143,8.885715,-2.0]},"faces":{"east":{"uv":[0.0,0.0,0.0,0.21875],"rotation":0,"texture":"#0","tintindex":0},"south":{"uv":[8.96875,6.28125,9.15625,6.5],"rotation":0,"texture":"#0","tintindex":0},"north":{"uv":[6.0,8.96875,6.1875,9.1875],"rotation":0,"texture":"#0","tintindex":0},"west":{"uv":[0.0,0.0,0.0,0.21875],"rotation":0,"texture":"#0","tintindex":0},"up":{"uv":[0.1875,0.0,0.0,0.0],"rotation":0,"texture":"#0","tintindex":0},"down":{"uv":[0.1875,0.0,0.0,0.0],"rotation":0,"texture":"#0","tintindex":0}}},{"from":[7.374026,7.457143,0.5999999],"to":[8.516883,8.6,4.028571],"rotation":{"angle":22.5,"axis":"y","origin":[5.631169,9.485714,-2.0571432]},"faces":{"east":{"uv":[6.75,5.4375,6.9375,5.5],"rotation":0,"texture":"#0","tintindex":0},"south":{"uv":[8.78125,1.40625,8.84375,1.46875],"rotation":0,"texture":"#0","tintindex":0},"north":{"uv":[7.59375,8.65625,7.65625,8.71875],"rotation":0,"texture":"#0","tintindex":0},"west":{"uv":[6.78125,5.0,6.96875,5.0625],"rotation":0,"texture":"#0","tintindex":0},"up":{"uv":[2.0625,7.9375,2.0,7.75],"rotation":0,"texture":"#0","tintindex":0},"down":{"uv":[7.875,4.0,7.8125,4.1875],"rotation":0,"texture":"#0","tintindex":0}}},{"from":[7.3711705,9.742857,2.885714],"to":[10.799742,10.885715,5.1714287],"rotation":{"angle":0.0,"axis":"y","origin":[6.7711706,9.485714,-3.2000008]},"faces":{"east":{"uv":[9.15625,3.1875,9.28125,3.25],"rotation":0,"texture":"#0","tintindex":0},"south":{"uv":[3.3125,6.875,3.5,6.9375],"rotation":0,"texture":"#0","tintindex":0},"north":{"uv":[0.9375,6.875,1.125,6.9375],"rotation":0,"texture":"#0","tintindex":0},"west":{"uv":[9.15625,6.875,9.28125,6.9375],"rotation":0,"texture":"#0","tintindex":0},"up":{"uv":[5.125,9.46875,4.9375,9.34375],"rotation":0,"texture":"#0","tintindex":0},"down":{"uv":[9.53125,5.875,9.34375,6.0],"rotation":0,"texture":"#0","tintindex":0}}},{"from":[9.488312,7.457143,-2.1428576],"to":[10.631169,9.742857,0.1428566],"rotation":{"angle":22.5,"axis":"y","origin":[8.602597,8.6,0.7142854]},"faces":{"east":{"uv":[9.59375,9.28125,9.71875,9.40625],"rotation":0,"texture":"#0","tintindex":0},"south":{"uv":[7.21875,8.6875,7.28125,8.8125],"rotation":0,"texture":"#0","tintindex":0},"north":{"uv":[7.21875,8.5625,7.28125,8.6875],"rotation":0,"texture":"#0","tintindex":0},"west":{"uv":[9.59375,9.40625,9.71875,9.53125],"rotation":0,"texture":"#0","tintindex":0},"up":{"uv":[8.78125,6.46875,8.71875,6.34375],"rotation":0,"texture":"#0","tintindex":0},"down":{"uv":[0.5625,8.96875,0.5,9.09375],"rotation":0,"texture":"#0","tintindex":0}}},{"from":[7.374026,7.457143,0.5999999],"to":[8.516883,8.6,4.028571],"rotation":{"angle":22.5,"axis":"y","origin":[5.631169,9.485714,-2.0571432]},"faces":{"east":{"uv":[6.9375,6.0625,7.125,6.125],"rotation":0,"texture":"#0","tintindex":0},"south":{"uv":[8.34375,9.09375,8.40625,9.15625],"rotation":0,"texture":"#0","tintindex":0},"north":{"uv":[7.21875,8.8125,7.28125,8.875],"rotation":0,"texture":"#0","tintindex":0},"west":{"uv":[6.96875,5.0,7.15625,5.0625],"rotation":0,"texture":"#0","tintindex":0},"up":{"uv":[7.875,4.375,7.8125,4.1875],"rotation":0,"texture":"#0","tintindex":0},"down":{"uv":[3.6875,7.875,3.625,8.0625],"rotation":0,"texture":"#0","tintindex":0}}},{"from":[7.9453974,7.4570856,-0.5429144],"to":[10.231226,9.742914,5.171486],"rotation":{"angle":0.0,"axis":"y","origin":[6.202597,9.485714,-3.2000008]},"faces":{"east":{"uv":[9.0,2.5,9.3125,2.625],"rotation":0,"texture":"#0","tintindex":0},"south":{"uv":[0.5,9.625,0.625,9.75],"rotation":0,"texture":"#0","tintindex":0},"north":{"uv":[0.375,9.625,0.5,9.75],"rotation":0,"texture":"#0","tintindex":0},"west":{"uv":[9.0,2.625,9.3125,2.75],"rotation":0,"texture":"#0","tintindex":0},"up":{"uv":[6.3125,9.34375,6.1875,9.03125],"rotation":0,"texture":"#0","tintindex":0},"down":{"uv":[6.4375,9.03125,6.3125,9.34375],"rotation":0,"texture":"#0","tintindex":0}}},{"from":[9.488312,7.457143,2.4285712],"to":[10.631169,8.6,3.5714283],"rotation":{"angle":0.0,"axis":"y","origin":[7.745455,9.485714,-2.514286]},"faces":{"east":{"uv":[3.4375,9.125,3.5,9.1875],"rotation":0,"texture":"#0","tintindex":0},"south":{"uv":[4.40625,9.15625,4.46875,9.21875],"rotation":0,"texture":"#0","tintindex":0},"north":{"uv":[0.6875,9.125,0.75,9.1875],"rotation":0,"texture":"#0","tintindex":0},"west":{"uv":[7.03125,9.15625,7.09375,9.21875],"rotation":0,"texture":"#0","tintindex":0},"up":{"uv":[0.75,9.25,0.6875,9.1875],"rotation":0,"texture":"#0","tintindex":0},"down":{"uv":[0.375,9.21875,0.3125,9.28125],"rotation":0,"texture":"#0","tintindex":0}}},{"from":[6.285714,9.742857,2.885714],"to":[9.714286,10.885715,7.457143],"rotation":{"angle":0.0,"axis":"y","origin":[9.142858,9.485714,-3.2000008]},"faces":{"east":{"uv":[3.75,5.4375,4.0,5.5],"rotation":0,"texture":"#0","tintindex":0},"south":{"uv":[7.15625,5.0,7.34375,5.0625],"rotation":0,"texture":"#0","tintindex":0},"north":{"uv":[7.15625,3.375,7.34375,3.4375],"rotation":0,"texture":"#0","tintindex":0},"west":{"uv":[3.5,6.375,3.75,6.4375],"rotation":0,"texture":"#0","tintindex":0},"up":{"uv":[9.15625,2.28125,8.96875,2.03125],"rotation":0,"texture":"#0","tintindex":0},"down":{"uv":[2.46875,8.96875,2.28125,9.21875],"rotation":0,"texture":"#0","tintindex":0}}},{"from":[5.3688307,7.457143,-2.1428576],"to":[6.511688,9.742857,0.1428566],"rotation":{"angle":-22.5,