{"elements":[{"from":[6.7959,6.671313,6.489195],"to":[9.653043,9.528456,9.346337],"rotation":{"angle":0.0,"axis":"y","origin":[0.82457304,11.525345,14.34144]},"faces":{"east":{"uv":[9.21875,3.375,9.375,3.53125],"rotation":0,"texture":"#0","tintindex":0},"south":{"uv":[9.21875,3.84375,9.375,4.0],"rotation":0,"texture":"#0","tintindex":0},"north":{"uv":[9.21875,2.75,9.375,2.90625],"rotation":0,"texture":"#0","tintindex":0},"west":{"uv":[4.40625,9.21875,4.5625,9.375],"rotation":0,"texture":"#0","tintindex":0},"up":{"uv":[9.375,5.0,9.21875,4.84375],"rotation":0,"texture":"#0","tintindex":0},"down":{"uv":[9.375,5.0,9.21875,5.15625],"rotation":0,"texture":"#0","tintindex":0}}},{"from":[6.9101853,9.071313,7.2891946],"to":[9.538757,11.699884,9.917767],"rotation":{"angle":22.5,"axis":"x","origin":[8.224471,10.61417,7.917766]},"faces":{"east":{"uv":[5.53125,9.21875,5.6875,9.375],"rotation":0,"texture":"#0","tintindex":0},"south":{"uv":[9.21875,5.53125,9.375,5.6875],"rotation":0,"texture":"#0","tintindex":0},"north":{"uv":[5.375,9.21875,5.53125,9.375],"rotation":0,"texture":"#0","tintindex":0},"west":{"uv":[9.21875,7.125,9.375,7.28125],"rotation":0,"texture":"#0","tintindex":0},"up":{"uv":[8.75,9.375,8.59375,9.21875],"rotation":0,"texture":"#0","tintindex":0},"down":{"uv":[8.90625,9.21875,8.75,9.375],"rotation":0,"texture":"#0","tintindex":0}}},{"from":[7.081614,11.357027,7.174909],"to":[9.367329,13.642742,9.460624],"rotation":{"angle":45.0,"axis":"x","origin":[8.224471,10.61417,7.917766]},"faces":{"east":{"uv":[2.875,9.25,3.03125,9.40625],"rotation":0,"texture":"#0","tintindex":0},"south":{"uv":[3.03125,9.25,3.1875,9.40625],"rotation":0,"texture":"#0","tintindex":0},"north":{"uv":[9.25,0.3125,9.40625,0.46875],"rotation":0,"texture":"#0","tintindex":0},"west":{"uv":[3.1875,9.25,3.34375,9.40625],"rotation":0,"texture":"#0","tintindex":0},"up":{"uv":[3.75,9.40625,3.59375,9.25],"rotation":0,"texture":"#0","tintindex":0},"down":{"uv":[3.90625,9.25,3.75,9.40625],"rotation":0,"texture":"#0","tintindex":0}}},{"from":[7.0244713,11.642742,9.289195],"to":[9.310185,14.499885,11.003481],"rotation":{"angle":0.0,"axis":"y","origin":[8.453043,10.61417,7.917766]},"faces":{"east":{"uv":[7.46875,9.71875,7.5625,9.875],"rotation":0,"texture":"#0","tintindex":0},"south":{"uv":[5.125,9.40625,5.25,9.5625],"rotation":0,"texture":"#0","tintindex":0},"north":{"uv":[9.40625,5.09375,9.53125,5.25],"rotation":0,"texture":"#0","tintindex":0},"west":{"uv":[7.5625,9.71875,7.65625,9.875],"rotation":0,"texture":"#0","tintindex":0},"up":{"uv":[9.90625,0.09375,9.78125,0.0],"rotation":0,"texture":"#0","tintindex":0},"down":{"uv":[0.375,9.78125,0.25,9.875],"rotation":0,"texture":"#0","tintindex":0}}},{"from":[7.081614,13.528456,9.632051],"to":[9.253043,16.271313,11.232052],"rotation":{"angle":-22.5,"axis":"x","origin":[8.453043,13.071314,10.1463375]},"faces":{"east":{"uv":[7.65625,9.71875,7.75,9.875],"rotation":0,"texture":"#0","tintindex":0},"south":{"uv":[9.40625,5.65625,9.53125,5.8125],"rotation":0,"texture":"#0","tintindex":0},"north":{"uv":[9.40625,5.25,9.53125,5.40625],"rotation":0,"texture":"#0","tintindex":0},"west":{"uv":[7.75,9.71875,7.84375,9.875],"rotation":0,"texture":"#0","tintindex":0},"up":{"uv":[9.90625,0.4375,9.78125,0.34375],"rotation":0,"texture":"#0","tintindex":0},"down":{"uv":[1.53125,9.78125,1.40625,9.875],"rotation":0,"texture":"#0","tintindex":0}}},{"from":[7.2530427,15.384317,9.310539],"to":[9.1959,17.898603,10.681968],"rotation":{"angle":-45.0,"axis":"x","origin":[8.453043,14.870031,9.710539]},"faces":{"east":{"uv":[8.21875,9.71875,8.3125,9.875],"rotation":0,"texture":"#0","tintindex":0},"south":{"uv":[5.875,9.40625,6.0,9.5625],"rotation":0,"texture":"#0","tintindex":0},"north":{"uv":[5.75,9.40625,5.875,9.5625],"rotation":0,"texture":"#0","tintindex":0},"west":{"uv":[8.3125,9.71875,8.40625,9.875],"rotation":0,"texture":"#0","tintindex":0},"up":{"uv":[1.65625,9.875,1.53125,9.78125],"rotation":0,"texture":"#0","tintindex":0},"down":{"uv":[9.90625,1.59375,9.78125,1.6875],"rotation":0,"texture":"#0","tintindex":0}}},{"from":[7.3101854,16.373573,5.8369956],"to":[9.138757,17.630716,8.236996],"rotation":{"angle":0.0,"axis":"y","origin":[8.510185,16.487858,7.4941387]},"faces":{"east":{"uv":[9.71875,9.28125,9.875,9.375],"rotation":0,"texture":"#0","tintindex":0},"south":{"uv":[9.78125,2.75,9.90625,2.84375],"rotation":0,"texture":"#0","tintindex":0},"north":{"uv":[1.65625,9.78125,1.78125,9.875],"rotation":0,"texture":"#0","tintindex":0},"west":{"uv":[9.71875,9.375,9.875,9.46875],"rotation":0,"texture":"#0","tintindex":0},"up":{"uv":[9.53125,6.15625,9.40625,6.0],"rotation":0,"texture":"#0","tintindex":0},"down":{"uv":[9.53125,6.15625,9.40625,6.3125],"rotation":0,"texture":"#0","tintindex":0}}},{"from":[7.381614,16.487858,4.4084244],"to":[9.0959,18.202145,6.6941385],"rotation":{"angle":-45.0,"axis":"x","origin":[8.510185,16.88786,7.036996]},"faces":{"east":{"uv":[9.78125,2.84375,9.90625,2.9375],"rotation":0,"texture":"#0","tintindex":0},"south":{"uv":[9.8125,9.125,9.90625,9.21875],"rotation":0,"texture":"#0","tintindex":0},"north":{"uv":[9.8125,7.4375,9.90625,7.53125],"rotation":0,"texture":"#0","tintindex":0},"west":{"uv":[2.875,9.78125,3.0,9.875],"rotation":0,"texture":"#0","tintindex":0},"up":{"uv":[1.75,8.875,1.65625,8.75],"rotation":0,"texture":"#0","tintindex":0},"down":{"uv":[3.625,8.75,3.53125,8.875],"rotation":0,"texture":"#0","tintindex":0}}},{"from":[7.4244714,15.630716,2.1227098],"to":[9.024471,17.230717,4.865567],"rotation":{"angle":-22.5,"axis":"x","origin":[8.510185,16.88786,7.036996]},"faces":{"east":{"uv":[0.375,9.75,0.53125,9.84375],"rotation":0,"texture":"#0","tintindex":0},"south":{"uv":[9.84375,0.9375,9.9375,1.03125],"rotation":0,"texture":"#0","tintindex":0},"north":{"uv":[0.375,9.84375,0.46875,9.9375],"rotation":0,"texture":"#0","tintindex":0},"west":{"uv":[9.75,0.65625,9.90625,0.75],"rotation":0,"texture":"#0","tintindex":0},"up":{"uv":[8.5,9.875,8.40625,9.71875],"rotation":0,"texture":"#0","tintindex":0},"down":{"uv":[0.625,9.75,0.53125,9.90625],"rotation":0,"texture":"#0","tintindex":0}}},{"from":[7.4301853,13.915434,0.4016204],"to":[9.018757,15.504006,3.1330495],"rotation":{"angle":0.0,"axis":"y","origin":[8.510185,15.10972,3.9387631]},"faces":{"east":{"uv":[9.75,0.75,9.90625,0.84375],"rotation":0,"texture":"#0","tintindex":0},"south":{"uv":[9.84375,2.5,9.9375,2.59375],"rotation":0,"texture":"#0","tintindex":0},"north":{"uv":[0.96875,9.84375,1.0625,9.9375],"rotation":0,"texture":"#0","tintindex":0},"west":{"uv":[9.75,0.84375,9.90625,0.9375],"rotation":0,"texture":"#0","tintindex":0},"up":{"uv":[0.96875,9.90625,0.875,9.75],"rotation":0,"texture":"#0","tintindex":0},"down":{"uv":[9.84375,0.9375,9.75,1.09375],"rotation":0,"texture":"#0","tintindex":0}}},{"from":[7.653043,14.081148,-1.4326658],"to":[8.910186,15.338292,0.96733475],"rotation":{"angle":0.0,"axis":"y","origin":[8.510185,15.10972,3.9387631]},"faces":{"east":{"uv":[7.625,0.4375,7.75,0.5],"rotation":0,"texture":"#0","tintindex":0},"south":{"uv":[3.875,8.3125,3.9375,8.375],"rotation":0,"texture":"#0","tintindex":0},"north":{"uv":[8.15625,5.8125,8.21875,5.875],"rotation":0,"texture":"#0","tintindex":0},"west":{"uv":[8.34375,4.28125,8.46875,4.34375],"rotation":0,"texture":"#0","tintindex":0},"up":{"uv":[3.9375,8.1875,3.875,8.0625],"rotation":0,"texture":"#0","tintindex":0},"down":{"uv":[2.0625,8.125,2.0,8.25],"rotation":0,"texture":"#0","tintindex":0}}},{"from":[7.8244715,14.252577,-2.975522],"to":[8.738757,15.166863,-1.489809],"rotation":{"angle":0.0,"axis":"y","origin":[8.510185,15.10972,3.9387631]},"faces":{"east":{"uv":[8.6875,2.0625,8.78125,2.125],"rotation":0,"texture":"#0","tintindex":0},"south":{"uv":[2.25,8.625,2.3125,8.6875],"rotation":0,"texture":"#0","tintindex":0},"north":{"uv":[8.34375,8.0,8.40625,8.0625],"rotation":0,"texture":"#0","tintindex":0},"west":{"uv":[9.125,2.3125,9.21875,2.375],"rotation":0,"texture":"#0","tintindex":0},"up":{"uv":[7.46875,8.28125,7.40625,8.1875],"rotation":0,