{"elements":[{"from":[4.6391478,6.9382796,6.9988823],"to":[7.382005,9.681137,9.74174],"rotation":{"angle":0.0,"axis":"y","origin":[13.581903,11.906597,14.965414]},"faces":{"east":{"uv":[9.4375,9.5625,9.5625,9.6875],"rotation":0,"texture":"#0","tintindex":0},"south":{"uv":[9.5625,9.5625,9.6875,9.6875],"rotation":0,"texture":"#0","tintindex":0},"north":{"uv":[8.65625,9.5625,8.78125,9.6875],"rotation":0,"texture":"#0","tintindex":0},"west":{"uv":[9.59375,0.25,9.71875,0.375],"rotation":0,"texture":"#0","tintindex":0},"up":{"uv":[9.71875,0.6875,9.59375,0.5625],"rotation":0,"texture":"#0","tintindex":0},"down":{"uv":[9.71875,1.5,9.59375,1.625],"rotation":0,"texture":"#0","tintindex":0}}},{"from":[4.982005,3.412272,11.489002],"to":[7.0391483,5.812272,13.889002],"rotation":{"angle":22.5,"axis":"x","origin":[9.553331,16.735168,24.479702]},"faces":{"east":{"uv":[9.59375,1.90625,9.71875,2.03125],"rotation":0,"texture":"#0","tintindex":0},"south":{"uv":[9.59375,2.03125,9.71875,2.15625],"rotation":0,"texture":"#0","tintindex":0},"north":{"uv":[9.59375,1.78125,9.71875,1.90625],"rotation":0,"texture":"#0","tintindex":0},"west":{"uv":[9.59375,2.15625,9.71875,2.28125],"rotation":0,"texture":"#0","tintindex":0},"up":{"uv":[2.90625,9.71875,2.78125,9.59375],"rotation":0,"texture":"#0","tintindex":0},"down":{"uv":[3.15625,9.59375,3.03125,9.71875],"rotation":0,"texture":"#0","tintindex":0}}},{"from":[5.096291,1.8026538,16.972956],"to":[6.696291,3.4026542,18.572956],"rotation":{"angle":45.0,"axis":"x","origin":[9.553331,16.735168,24.479702]},"faces":{"east":{"uv":[9.8125,1.28125,9.90625,1.375],"rotation":0,"texture":"#0","tintindex":0},"south":{"uv":[9.8125,1.375,9.90625,1.46875],"rotation":0,"texture":"#0","tintindex":0},"north":{"uv":[0.71875,9.8125,0.8125,9.90625],"rotation":0,"texture":"#0","tintindex":0},"west":{"uv":[9.8125,1.46875,9.90625,1.5625],"rotation":0,"texture":"#0","tintindex":0},"up":{"uv":[9.90625,1.78125,9.8125,1.6875],"rotation":0,"texture":"#0","tintindex":0},"down":{"uv":[1.875,9.8125,1.78125,9.90625],"rotation":0,"texture":"#0","tintindex":0}}},{"from":[5.3248625,11.509708,9.627454],"to":[6.4677196,13.7954235,10.770311],"rotation":{"angle":0.0,"axis":"y","origin":[9.553331,16.735168,24.479702]},"faces":{"east":{"uv":[6.75,9.6875,6.84375,9.84375],"rotation":0,"texture":"#0","tintindex":0},"south":{"uv":[8.65625,9.6875,8.75,9.84375],"rotation":0,"texture":"#0","tintindex":0},"north":{"uv":[5.78125,9.6875,5.875,9.84375],"rotation":0,"texture":"#0","tintindex":0},"west":{"uv":[9.40625,9.6875,9.5,9.84375],"rotation":0,"texture":"#0","tintindex":0},"up":{"uv":[9.90625,1.875,9.8125,1.78125],"rotation":0,"texture":"#0","tintindex":0},"down":{"uv":[1.96875,9.8125,1.875,9.90625],"rotation":0,"texture":"#0","tintindex":0}}},{"from":[5.5534334,19.856152,8.2755575],"to":[6.239148,21.684723,8.961272],"rotation":{"angle":-22.5,"axis":"x","origin":[9.439046,21.078026,26.308271]},"faces":{"east":{"uv":[9.6875,9.53125,9.78125,9.6875],"rotation":0,"texture":"#0","tintindex":0},"south":{"uv":[9.59375,9.6875,9.6875,9.84375],"rotation":0,"texture":"#0","tintindex":0},"north":{"uv":[9.5,9.6875,9.59375,9.84375],"rotation":0,"texture":"#0","tintindex":0},"west":{"uv":[9.6875,9.6875,9.78125,9.84375],"rotation":0,"texture":"#0","tintindex":0},"up":{"uv":[9.90625,1.96875,9.8125,1.875],"rotation":0,"texture":"#0","tintindex":0},"down":{"uv":[2.0625,9.8125,1.96875,9.90625],"rotation":0,"texture":"#0","tintindex":0}}}],"textures":{"0":"modelengine:entity/nocsy_dragon_full"},"display":{"head":{"translation":[0.0,-6.4,0.0],"scale":[4.0,4.0,4.0]}}}