{"elements":[{"from":[8.617994,6.9382796,6.9988823],"to":[11.360852,9.681137,9.74174],"rotation":{"angle":0.0,"axis":"y","origin":[2.4180965,11.906597,14.965414]},"faces":{"east":{"uv":[9.59375,3.5625,9.71875,3.6875],"rotation":0,"texture":"#0","tintindex":0},"south":{"uv":[4.65625,9.59375,4.78125,9.71875],"rotation":0,"texture":"#0","tintindex":0},"north":{"uv":[3.34375,9.59375,3.46875,9.71875],"rotation":0,"texture":"#0","tintindex":0},"west":{"uv":[4.78125,9.59375,4.90625,9.71875],"rotation":0,"texture":"#0","tintindex":0},"up":{"uv":[5.03125,9.71875,4.90625,9.59375],"rotation":0,"texture":"#0","tintindex":0},"down":{"uv":[6.375,9.59375,6.25,9.71875],"rotation":0,"texture":"#0","tintindex":0}}},{"from":[8.960852,3.412272,11.489002],"to":[11.017995,5.812272,13.889002],"rotation":{"angle":22.5,"axis":"x","origin":[6.446668,16.735168,24.479702]},"faces":{"east":{"uv":[6.5,9.59375,6.625,9.71875],"rotation":0,"texture":"#0","tintindex":0},"south":{"uv":[9.59375,6.53125,9.71875,6.65625],"rotation":0,"texture":"#0","tintindex":0},"north":{"uv":[6.375,9.59375,6.5,9.71875],"rotation":0,"texture":"#0","tintindex":0},"west":{"uv":[6.625,9.59375,6.75,9.71875],"rotation":0,"texture":"#0","tintindex":0},"up":{"uv":[7.0,9.71875,6.875,9.59375],"rotation":0,"texture":"#0","tintindex":0},"down":{"uv":[7.34375,9.59375,7.21875,9.71875],"rotation":0,"texture":"#0","tintindex":0}}},{"from":[9.303709,1.8026538,16.972956],"to":[10.903709,3.4026542,18.572956],"rotation":{"angle":45.0,"axis":"x","origin":[6.446668,16.735168,24.479702]},"faces":{"east":{"uv":[2.0625,9.8125,2.15625,9.90625],"rotation":0,"texture":"#0","tintindex":0},"south":{"uv":[9.8125,2.0625,9.90625,2.15625],"rotation":0,"texture":"#0","tintindex":0},"north":{"uv":[9.8125,1.96875,9.90625,2.0625],"rotation":0,"texture":"#0","tintindex":0},"west":{"uv":[2.15625,9.8125,2.25,9.90625],"rotation":0,"texture":"#0","tintindex":0},"up":{"uv":[9.90625,2.25,9.8125,2.15625],"rotation":0,"texture":"#0","tintindex":0},"down":{"uv":[2.34375,9.8125,2.25,9.90625],"rotation":0,"texture":"#0","tintindex":0}}},{"from":[9.53228,11.509708,9.627454],"to":[10.6751375,13.7954235,10.770311],"rotation":{"angle":0.0,"axis":"y","origin":[6.446668,16.735168,24.479702]},"faces":{"east":{"uv":[9.71875,1.4375,9.8125,1.59375],"rotation":0,"texture":"#0","tintindex":0},"south":{"uv":[9.71875,1.75,9.8125,1.90625],"rotation":0,"texture":"#0","tintindex":0},"north":{"uv":[9.71875,0.5,9.8125,0.65625],"rotation":0,"texture":"#0","tintindex":0},"west":{"uv":[9.71875,1.90625,9.8125,2.0625],"rotation":0,"texture":"#0","tintindex":0},"up":{"uv":[9.90625,2.34375,9.8125,2.25],"rotation":0,"texture":"#0","tintindex":0},"down":{"uv":[2.4375,9.8125,2.34375,9.90625],"rotation":0,"texture":"#0","tintindex":0}}},{"from":[9.760852,19.856152,8.2755575],"to":[10.446567,21.684723,8.961272],"rotation":{"angle":-22.5,"axis":"x","origin":[6.560954,21.078026,26.308271]},"faces":{"east":{"uv":[2.78125,9.71875,2.875,9.875],"rotation":0,"texture":"#0","tintindex":0},"south":{"uv":[3.03125,9.71875,3.125,9.875],"rotation":0,"texture":"#0","tintindex":0},"north":{"uv":[9.71875,2.0625,9.8125,2.21875],"rotation":0,"texture":"#0","tintindex":0},"west":{"uv":[3.34375,9.71875,3.4375,9.875],"rotation":0,"texture":"#0","tintindex":0},"up":{"uv":[2.53125,9.90625,2.4375,9.8125],"rotation":0,"texture":"#0","tintindex":0},"down":{"uv":[2.625,9.8125,2.53125,9.90625],"rotation":0,"texture":"#0","tintindex":0}}}],"textures":{"0":"modelengine:entity/nocsy_dragon_full"},"display":{"head":{"translation":[0.0,-6.4,0.0],"scale":[4.0,4.0,4.0]}}}