{"elements":[{"from":[6.3058558,7.42134,6.191149],"to":[9.162999,10.278483,9.048292],"rotation":{"angle":0.0,"axis":"y","origin":[15.134325,12.2753725,14.043396]},"faces":{"east":{"uv":[7.6875,9.1875,7.84375,9.34375],"rotation":0,"texture":"#0","tintindex":0},"south":{"uv":[7.84375,9.1875,8.0,9.34375],"rotation":0,"texture":"#0","tintindex":0},"north":{"uv":[7.53125,9.1875,7.6875,9.34375],"rotation":0,"texture":"#0","tintindex":0},"west":{"uv":[8.0,9.1875,8.15625,9.34375],"rotation":0,"texture":"#0","tintindex":0},"up":{"uv":[8.3125,9.34375,8.15625,9.1875],"rotation":0,"texture":"#0","tintindex":0},"down":{"uv":[9.25,9.1875,9.09375,9.34375],"rotation":0,"texture":"#0","tintindex":0}}},{"from":[6.4201417,9.821341,6.9911494],"to":[9.048713,12.449912,9.61972],"rotation":{"angle":22.5,"axis":"x","origin":[7.7344275,11.364198,7.619721]},"faces":{"east":{"uv":[0.15625,9.21875,0.3125,9.375],"rotation":0,"texture":"#0","tintindex":0},"south":{"uv":[9.21875,0.84375,9.375,1.0],"rotation":0,"texture":"#0","tintindex":0},"north":{"uv":[0.0,9.21875,0.15625,9.375],"rotation":0,"texture":"#0","tintindex":0},"west":{"uv":[9.21875,1.0,9.375,1.15625],"rotation":0,"texture":"#0","tintindex":0},"up":{"uv":[9.375,1.3125,9.21875,1.15625],"rotation":0,"texture":"#0","tintindex":0},"down":{"uv":[2.09375,9.21875,1.9375,9.375],"rotation":0,"texture":"#0","tintindex":0}}},{"from":[6.59157,12.107055,6.8768635],"to":[8.877285,14.392769,9.162579],"rotation":{"angle":45.0,"axis":"x","origin":[7.7344275,11.364198,7.619721]},"faces":{"east":{"uv":[2.25,9.21875,2.40625,9.375],"rotation":0,"texture":"#0","tintindex":0},"south":{"uv":[9.21875,2.3125,9.375,2.46875],"rotation":0,"texture":"#0","tintindex":0},"north":{"uv":[2.09375,9.21875,2.25,9.375],"rotation":0,"texture":"#0","tintindex":0},"west":{"uv":[2.40625,9.21875,2.5625,9.375],"rotation":0,"texture":"#0","tintindex":0},"up":{"uv":[2.71875,9.375,2.5625,9.21875],"rotation":0,"texture":"#0","tintindex":0},"down":{"uv":[2.875,9.21875,2.71875,9.375],"rotation":0,"texture":"#0","tintindex":0}}},{"from":[6.648713,12.392769,8.99115],"to":[8.934427,15.249912,10.705435],"rotation":{"angle":0.0,"axis":"y","origin":[7.505856,11.364198,7.619721]},"faces":{"east":{"uv":[4.59375,9.71875,4.6875,9.875],"rotation":0,"texture":"#0","tintindex":0},"south":{"uv":[9.40625,3.5,9.53125,3.65625],"rotation":0,"texture":"#0","tintindex":0},"north":{"uv":[3.21875,9.40625,3.34375,9.5625],"rotation":0,"texture":"#0","tintindex":0},"west":{"uv":[4.6875,9.71875,4.78125,9.875],"rotation":0,"texture":"#0","tintindex":0},"up":{"uv":[8.0,4.875,7.875,4.78125],"rotation":0,"texture":"#0","tintindex":0},"down":{"uv":[8.71875,7.90625,8.59375,8.0],"rotation":0,"texture":"#0","tintindex":0}}},{"from":[6.705856,14.278483,9.334006],"to":[8.877285,17.02134,10.934007],"rotation":{"angle":-22.5,"axis":"x","origin":[7.505856,13.821341,9.848292]},"faces":{"east":{"uv":[4.78125,9.71875,4.875,9.875],"rotation":0,"texture":"#0","tintindex":0},"south":{"uv":[3.65625,9.40625,3.78125,9.5625],"rotation":0,"texture":"#0","tintindex":0},"north":{"uv":[3.53125,9.40625,3.65625,9.5625],"rotation":0,"texture":"#0","tintindex":0},"west":{"uv":[4.875,9.71875,4.96875,9.875],"rotation":0,"texture":"#0","tintindex":0},"up":{"uv":[8.90625,7.25,8.78125,7.15625],"rotation":0,"texture":"#0","tintindex":0},"down":{"uv":[9.15625,6.0,9.03125,6.09375],"rotation":0,"texture":"#0","tintindex":0}}},{"from":[6.7629986,16.134344,9.012494],"to":[8.705856,18.648632,10.383923],"rotation":{"angle":-45.0,"axis":"x","origin":[7.505856,15.620058,9.412494]},"faces":{"east":{"uv":[6.1875,9.71875,6.28125,9.875],"rotation":0,"texture":"#0","tintindex":0},"south":{"uv":[4.28125,9.40625,4.40625,9.5625],"rotation":0,"texture":"#0","tintindex":0},"north":{"uv":[3.78125,9.40625,3.90625,9.5625],"rotation":0,"texture":"#0","tintindex":0},"west":{"uv":[6.28125,9.71875,6.375,9.875],"rotation":0,"texture":"#0","tintindex":0},"up":{"uv":[9.28125,9.0,9.15625,8.90625],"rotation":0,"texture":"#0","tintindex":0},"down":{"uv":[9.53125,3.09375,9.40625,3.1875],"rotation":0,"texture":"#0","tintindex":0}}},{"from":[6.820142,17.1236,5.5389504],"to":[8.648713,18.380743,7.9389505],"rotation":{"angle":0.0,"axis":"y","origin":[7.4487133,17.237886,7.1960936]},"faces":{"east":{"uv":[9.6875,5.53125,9.84375,5.625],"rotation":0,"texture":"#0","tintindex":0},"south":{"uv":[8.84375,9.75,8.96875,9.84375],"rotation":0,"texture":"#0","tintindex":0},"north":{"uv":[9.46875,2.09375,9.59375,2.1875],"rotation":0,"texture":"#0","tintindex":0},"west":{"uv":[9.71875,0.25,9.875,0.34375],"rotation":0,"texture":"#0","tintindex":0},"up":{"uv":[9.53125,4.5625,9.40625,4.40625],"rotation":0,"texture":"#0","tintindex":0},"down":{"uv":[4.65625,9.40625,4.53125,9.5625],"rotation":0,"texture":"#0","tintindex":0}}},{"from":[6.862999,17.237886,4.110379],"to":[8.577285,18.952171,6.3960934],"rotation":{"angle":-45.0,"axis":"x","origin":[7.4487133,17.637886,6.7389503]},"faces":{"east":{"uv":[9.75,8.84375,9.875,8.9375],"rotation":0,"texture":"#0","tintindex":0},"south":{"uv":[9.8125,5.375,9.90625,5.46875],"rotation":0,"texture":"#0","tintindex":0},"north":{"uv":[9.8125,4.0,9.90625,4.09375],"rotation":0,"texture":"#0","tintindex":0},"west":{"uv":[9.75,8.9375,9.875,9.03125],"rotation":0,"texture":"#0","tintindex":0},"up":{"uv":[3.0,6.875,2.90625,6.75],"rotation":0,"texture":"#0","tintindex":0},"down":{"uv":[8.5,8.71875,8.40625,8.84375],"rotation":0,"texture":"#0","tintindex":0}}},{"from":[6.9344273,16.380743,1.8246646],"to":[8.534428,17.980743,4.567522],"rotation":{"angle":-22.5,"axis":"x","origin":[7.4487133,17.637886,6.7389503]},"faces":{"east":{"uv":[9.71875,3.5625,9.875,3.65625],"rotation":0,"texture":"#0","tintindex":0},"south":{"uv":[6.84375,9.8125,6.9375,9.90625],"rotation":0,"texture":"#0","tintindex":0},"north":{"uv":[6.375,9.8125,6.46875,9.90625],"rotation":0,"texture":"#0","tintindex":0},"west":{"uv":[6.375,9.71875,6.53125,9.8125],"rotation":0,"texture":"#0","tintindex":0},"up":{"uv":[6.625,9.875,6.53125,9.71875],"rotation":0,"texture":"#0","tintindex":0},"down":{"uv":[6.71875,9.71875,6.625,9.875],"rotation":0,"texture":"#0","tintindex":0}}},{"from":[6.9401417,14.665462,0.10357475],"to":[8.528713,16.254034,2.8350039],"rotation":{"angle":0.0,"axis":"y","origin":[7.4487133,15.859748,3.640718]},"faces":{"east":{"uv":[9.71875,6.53125,9.875,6.625],"rotation":0,"texture":"#0","tintindex":0},"south":{"uv":[9.8125,7.34375,9.90625,7.4375],"rotation":0,"texture":"#0","tintindex":0},"north":{"uv":[9.8125,6.90625,9.90625,7.0],"rotation":0,"texture":"#0","tintindex":0},"west":{"uv":[6.84375,9.71875,7.0,9.8125],"rotation":0,"texture":"#0","tintindex":0},"up":{"uv":[7.3125,9.875,7.21875,9.71875],"rotation":0,"texture":"#0","tintindex":0},"down":{"uv":[9.8125,7.375,9.71875,7.53125],"rotation":0,"texture":"#0","tintindex":0}}},{"from":[7.048713,14.831176,-1.730711],"to":[8.305856,16.08832,0.6692896],"rotation":{"angle":0.0,"axis":"y","origin":[7.4487133,15.859748,3.640718]},"faces":{"east":{"uv":[1.125,6.875,1.25,6.9375],"rotation":0,"texture":"#0","tintindex":0},"south":{"uv":[7.34375,3.375,7.40625,3.4375],"rotation":0,"texture":"#0","tintindex":0},"north":{"uv":[7.3125,4.9375,7.375,5.0],"rotation":0,"texture":"#0","tintindex":0},"west":{"uv":[0.78125,7.375,0.90625,7.4375],"rotation":0,"texture":"#0","tintindex":0},"up":{"uv":[7.375,1.375,7.3125,1.25],"rotation":0,"texture":"#0","tintindex":0},"down":{"uv":[3.3125,7.4375,3.25,7.5625],"rotation":0,"texture":"#0","tintindex":0}}},{"from":[7.2201414,15.0026045,-3.2735682],"to":[8.134427,15.916891,-1.7878542],"rotation":{"angle":0.0,"axis":"y","origin":[7.4487133,15.859748,3.640718]},"faces":{"east":{"uv":[8.0625,0.75,8.15625,0.8125],"rotation":0,"texture":"#0","tintindex":0},"south":{"uv":[7.875,1.6875,7.9375,1.75],"rotation":0,"texture":"#0","tintindex":0},"north":{"uv":[5.96875,7.78125,6.03125,7.84375],"rotation":0,"texture":"#0","tintindex":0},"west":{"uv":[2.46875,8.21875,2.5625,8.28125],"rotation":0,"texture":"#0","tintindex":0},