{"elements":[{"from":[7.4973025,-1.0419025,0.444654],"to":[9.097302,10.158097,2.044654],"rotation":{"angle":0.0,"axis":"y","origin":[7.679655,-6.670192,10.904676]},"faces":{"east":{"uv":[7.875,5.1875,8.0,6.0625],"rotation":0,"texture":"#0","tintindex":0},"south":{"uv":[5.21875,7.875,5.34375,8.75],"rotation":0,"texture":"#0","tintindex":0},"north":{"uv":[5.09375,7.875,5.21875,8.75],"rotation":0,"texture":"#0","tintindex":0},"west":{"uv":[5.34375,7.875,5.46875,8.75],"rotation":0,"texture":"#0","tintindex":0},"up":{"uv":[7.46875,9.65625,7.34375,9.53125],"rotation":0,"texture":"#0","tintindex":0},"down":{"uv":[9.65625,7.5625,9.53125,7.6875],"rotation":0,"texture":"#0","tintindex":0}}},{"from":[8.377302,-1.0419025,0.444654],"to":[8.377302,31.758099,26.044655],"rotation":{"angle":0.0,"axis":"y","origin":[7.679655,-6.670192,10.904676]},"faces":{"east":{"uv":[0.0,2.5625,2.0,5.125],"rotation":0,"texture":"#0","tintindex":0},"south":{"uv":[0.0,0.0,0.0,2.5625],"rotation":0,"texture":"#0","tintindex":0},"north":{"uv":[0.0,0.0,0.0,2.5625],"rotation":0,"texture":"#0","tintindex":0},"west":{"uv":[2.0,2.5625,4.0,5.125],"rotation":0,"texture":"#0","tintindex":0},"up":{"uv":[0.0,2.0,0.0,0.0],"rotation":0,"texture":"#0","tintindex":0},"down":{"uv":[0.0,0.0,0.0,2.0],"rotation":0,"texture":"#0","tintindex":0}}},{"from":[7.5773025,13.285088,4.06392],"to":[9.0173025,14.725089,12.70392],"rotation":{"angle":-45.0,"axis":"x","origin":[6.879655,2.9298086,20.664677]},"faces":{"east":{"uv":[8.125,0.0,8.8125,0.125],"rotation":0,"texture":"#0","tintindex":0},"south":{"uv":[7.90625,9.53125,8.03125,9.65625],"rotation":0,"texture":"#0","tintindex":0},"north":{"uv":[9.53125,7.6875,9.65625,7.8125],"rotation":0,"texture":"#0","tintindex":0},"west":{"uv":[8.125,0.125,8.8125,0.25],"rotation":0,"texture":"#0","tintindex":0},"up":{"uv":[7.40625,8.875,7.28125,8.1875],"rotation":0,"texture":"#0","tintindex":0},"down":{"uv":[8.34375,7.375,8.21875,8.0625],"rotation":0,"texture":"#0","tintindex":0}}},{"from":[7.5773025,-1.521903,-1.2353458],"to":[9.0173025,-0.081902504,1.8046541],"rotation":{"angle":0.0,"axis":"y","origin":[6.879655,2.9298086,20.664677]},"faces":{"east":{"uv":[9.15625,6.0,9.40625,6.125],"rotation":0,"texture":"#0","tintindex":0},"south":{"uv":[8.15625,9.53125,8.28125,9.65625],"rotation":0,"texture":"#0","tintindex":0},"north":{"uv":[8.03125,9.53125,8.15625,9.65625],"rotation":0,"texture":"#0","tintindex":0},"west":{"uv":[9.15625,6.125,9.40625,6.25],"rotation":0,"texture":"#0","tintindex":0},"up":{"uv":[9.28125,6.5,9.15625,6.25],"rotation":0,"texture":"#0","tintindex":0},"down":{"uv":[9.28125,6.5,9.15625,6.75],"rotation":0,"texture":"#0","tintindex":0}}},{"from":[7.4173026,-5.483797,-0.3618393],"to":[9.177302,-3.7237968,1.3981609],"rotation":{"angle":22.5,"axis":"x","origin":[6.879655,2.3698082,9.824676]},"faces":{"east":{"uv":[9.53125,9.15625,9.65625,9.28125],"rotation":0,"texture":"#0","tintindex":0},"south":{"uv":[9.1875,9.53125,9.3125,9.65625],"rotation":0,"texture":"#0","tintindex":0},"north":{"uv":[9.0625,9.53125,9.1875,9.65625],"rotation":0,"texture":"#0","tintindex":0},"west":{"uv":[9.3125,9.53125,9.4375,9.65625],"rotation":0,"texture":"#0","tintindex":0},"up":{"uv":[0.125,9.6875,0.0,9.5625],"rotation":0,"texture":"#0","tintindex":0},"down":{"uv":[0.25,9.5625,0.125,9.6875],"rotation":0,"texture":"#0","tintindex":0}}},{"from":[7.6573024,-8.390947,2.1893969],"to":[8.937303,-7.1109486,3.4693966],"rotation":{"angle":45.0,"axis":"x","origin":[6.879655,2.3698082,9.824676]},"faces":{"east":{"uv":[0.6875,9.5625,0.8125,9.6875],"rotation":0,"texture":"#0","tintindex":0},"south":{"uv":[0.8125,9.5625,0.9375,9.6875],"rotation":0,"texture":"#0","tintindex":0},"north":{"uv":[9.5625,0.125,9.6875,0.25],"rotation":0,"texture":"#0","tintindex":0},"west":{"uv":[9.5625,1.375,9.6875,1.5],"rotation":0,"texture":"#0","tintindex":0},"up":{"uv":[2.03125,9.6875,1.90625,9.5625],"rotation":0,"texture":"#0","tintindex":0},"down":{"uv":[2.15625,9.5625,2.03125,9.6875],"rotation":0,"texture":"#0","tintindex":0}}},{"from":[7.8973026,4.762856,-2.789362],"to":[8.697303,6.3628564,-1.9893618],"rotation":{"angle":-22.5,"axis":"x","origin":[6.879655,2.3698082,9.824676]},"faces":{"east":{"uv":[5.03125,9.6875,5.125,9.84375],"rotation":0,"texture":"#0","tintindex":0},"south":{"uv":[5.125,9.6875,5.21875,9.84375],"rotation":0,"texture":"#0","tintindex":0},"north":{"uv":[9.6875,4.65625,9.78125,4.8125],"rotation":0,"texture":"#0","tintindex":0},"west":{"uv":[5.21875,9.6875,5.3125,9.84375],"rotation":0,"texture":"#0","tintindex":0},"up":{"uv":[0.09375,9.90625,0.0,9.8125],"rotation":0,"texture":"#0","tintindex":0},"down":{"uv":[0.1875,9.8125,0.09375,9.90625],"rotation":0,"texture":"#0","tintindex":0}}},{"from":[7.5813026,9.326857,8.854639],"to":[9.013303,10.758857,19.08664],"rotation":{"angle":-22.5,"axis":"x","origin":[6.879655,2.9298086,20.664677]},"faces":{"east":{"uv":[7.96875,6.625,8.78125,6.75],"rotation":0,"texture":"#0","tintindex":0},"south":{"uv":[2.28125,9.5625,2.40625,9.6875],"rotation":0,"texture":"#0","tintindex":0},"north":{"uv":[2.15625,9.5625,2.28125,9.6875],"rotation":0,"texture":"#0","tintindex":0},"west":{"uv":[8.0,1.5,8.8125,1.625],"rotation":0,"texture":"#0","tintindex":0},"up":{"uv":[1.28125,8.875,1.15625,8.0625],"rotation":0,"texture":"#0","tintindex":0},"down":{"uv":[1.875,8.0625,1.75,8.875],"rotation":0,"texture":"#0","tintindex":0}}},{"from":[7.5773025,8.159618,16.366493],"to":[9.0173025,9.599618,26.606493],"rotation":{"angle":0.0,"axis":"y","origin":[6.879655,14.091329,33.186516]},"faces":{"east":{"uv":[8.0,4.34375,8.8125,4.46875],"rotation":0,"texture":"#0","tintindex":0},"south":{"uv":[2.40625,9.5625,2.53125,9.6875],"rotation":0,"texture":"#0","tintindex":0},"north":{"uv":[9.5625,2.3125,9.6875,2.4375],"rotation":0,"texture":"#0","tintindex":0},"west":{"uv":[8.0,4.46875,8.8125,4.59375],"rotation":0,"texture":"#0","tintindex":0},"up":{"uv":[2.0,8.875,1.875,8.0625],"rotation":0,"texture":"#0","tintindex":0},"down":{"uv":[3.75,8.0625,3.625,8.875],"rotation":0,"texture":"#0","tintindex":0}}},{"from":[7.4173026,8.0396185,24.846495],"to":[9.177302,9.799618,28.206493],"rotation":{"angle":0.0,"axis":"y","origin":[6.879655,13.851329,32.746513]},"faces":{"east":{"uv":[6.65625,9.15625,6.90625,9.28125],"rotation":0,"texture":"#0","tintindex":0},"south":{"uv":[2.65625,9.5625,2.78125,9.6875],"rotation":0,"texture":"#0","tintindex":0},"north":{"uv":[2.53125,9.5625,2.65625,9.6875],"rotation":0,"texture":"#0","tintindex":0},"west":{"uv":[9.15625,6.75,9.40625,6.875],"rotation":0,"texture":"#0","tintindex":0},"up":{"uv":[7.03125,9.40625,6.90625,9.15625],"rotation":0,"texture":"#0","tintindex":0},"down":{"uv":[9.28125,7.90625,9.15625,8.15625],"rotation":0,"texture":"#0","tintindex":0}}},{"from":[7.6573024,4.4777236,29.839998],"to":[8.937303,5.757724,31.12],"rotation":{"angle":22.5,"axis":"x","origin":[6.879655,12.09133,38.826515]},"faces":{"east":{"uv":[3.46875,9.5625,3.59375,9.6875],"rotation":0,"texture":"#0","tintindex":0},"south":{"uv":[3.59375,9.5625,3.71875,9.6875],"rotation":0,"texture":"#0","tintindex":0},"north":{"uv":[3.21875,9.5625,3.34375,9.6875],"rotation":0,"texture":"#0","tintindex":0},"west":{"uv":[3.71875,9.5625,3.84375,9.6875],"rotation":0,"texture":"#0","tintindex":0},"up":{"uv":[3.96875,9.6875,3.84375,9.5625],"rotation":0,"texture":"#0","tintindex":0},"down":{"uv":[4.09375,9.5625,3.96875,9.6875],"rotation":0,"texture":"#0","tintindex":0}}},{"from":[7.8973026,4.7177234,30.4],"to":[8.697303,5.5177236,32.0],"rotation":{"angle":22.5,"axis":"x","origin":[6.879655,12.09133,38.826515]},"faces":{"east":{"uv":[9.65625,9.1875,9.8125,9.28125],"rotation":0,"texture":"#0","tintindex":0},"south":{"uv":[9.8125,0.4375,9.90625,0.53125],"rotation":0,"texture":"#0","tintindex":0},"north":{"uv":[9.8125,0.09375,9.90625,0.1875],"rotation":0,"texture":"#0","tintindex":0},"west":{"uv":[5.53125,9.6875,5.6875,9.78125],"rotation":0,"texture":"#0","tintindex":0},"up":{"uv":[5.40625,9.84375,5.3125,9.6875],