{"elements":[{"from":[6.2266035,7.0012646,6.7815],"to":[8.969461,23.458408,9.524357],"rotation":{"angle":0.0,"axis":"y","origin":[8.969461,14.527908,21.953224]},"faces":{"east":{"uv":[4.625,7.5,4.78125,8.40625],"rotation":0,"texture":"#0","tintindex":0},"south":{"uv":[4.78125,7.5,4.9375,8.40625],"rotation":0,"texture":"#0","tintindex":0},"north":{"uv":[1.59375,7.4375,1.75,8.34375],"rotation":0,"texture":"#0","tintindex":0},"west":{"uv":[4.9375,7.5,5.09375,8.40625],"rotation":0,"texture":"#0","tintindex":0},"up":{"uv":[3.59375,9.34375,3.4375,9.1875],"rotation":0,"texture":"#0","tintindex":0},"down":{"uv":[6.15625,9.1875,6.0,9.34375],"rotation":0,"texture":"#0","tintindex":0}}},{"from":[7.0266037,1.1726933,6.9529285],"to":[9.54089,13.401265,9.467215],"rotation":{"angle":-22.5,"axis":"z","origin":[7.5980325,15.229836,8.152928]},"faces":{"east":{"uv":[8.0,5.1875,8.15625,5.875],"rotation":0,"texture":"#0","tintindex":0},"south":{"uv":[7.65625,8.03125,7.8125,8.71875],"rotation":0,"texture":"#0","tintindex":0},"north":{"uv":[8.0,3.65625,8.15625,4.34375],"rotation":0,"texture":"#0","tintindex":0},"west":{"uv":[7.8125,8.03125,7.96875,8.71875],"rotation":0,"texture":"#0","tintindex":0},"up":{"uv":[7.375,9.34375,7.21875,9.1875],"rotation":0,"texture":"#0","tintindex":0},"down":{"uv":[7.53125,9.1875,7.375,9.34375],"rotation":0,"texture":"#0","tintindex":0}}},{"from":[8.055175,6.658407,6.4386425],"to":[8.055175,23.801266,20.152927],"rotation":{"angle":0.0,"axis":"y","origin":[8.969461,14.527908,21.953224]},"faces":{"east":{"uv":[4.5,5.5,5.25,6.4375],"rotation":0,"texture":"#0","tintindex":0},"south":{"uv":[0.0,0.0,0.0,0.9375],"rotation":0,"texture":"#0","tintindex":0},"north":{"uv":[0.0,0.0,0.0,0.9375],"rotation":0,"texture":"#0","tintindex":0},"west":{"uv":[5.25,5.5,6.0,6.4375],"rotation":0,"texture":"#0","tintindex":0},"up":{"uv":[0.0,0.75,0.0,0.0],"rotation":0,"texture":"#0","tintindex":0},"down":{"uv":[0.0,0.0,0.0,0.75],"rotation":0,"texture":"#0","tintindex":0}}},{"from":[6.7980323,21.515553,7.0100713],"to":[8.855175,23.572693,14.7815],"rotation":{"angle":0.0,"axis":"y","origin":[8.969461,14.527908,21.953224]},"faces":{"east":{"uv":[8.90625,7.78125,9.34375,7.90625],"rotation":0,"texture":"#0","tintindex":0},"south":{"uv":[9.53125,1.65625,9.65625,1.78125],"rotation":0,"texture":"#0","tintindex":0},"north":{"uv":[1.53125,9.53125,1.65625,9.65625],"rotation":0,"texture":"#0","tintindex":0},"west":{"uv":[8.9375,0.1875,9.375,0.3125],"rotation":0,"texture":"#0","tintindex":0},"up":{"uv":[4.03125,9.375,3.90625,8.9375],"rotation":0,"texture":"#0","tintindex":0},"down":{"uv":[4.15625,8.9375,4.03125,9.375],"rotation":0,"texture":"#0","tintindex":0}}},{"from":[6.8037467,16.847992,17.253063],"to":[8.849461,18.893707,21.584492],"rotation":{"angle":22.5,"axis":"x","origin":[7.826604,27.099339,27.896082]},"faces":{"east":{"uv":[9.15625,3.0625,9.40625,3.1875],"rotation":0,"texture":"#0","tintindex":0},"south":{"uv":[2.90625,9.53125,3.03125,9.65625],"rotation":0,"texture":"#0","tintindex":0},"north":{"uv":[9.53125,2.8125,9.65625,2.9375],"rotation":0,"texture":"#0","tintindex":0},"west":{"uv":[5.125,9.15625,5.375,9.28125],"rotation":0,"texture":"#0","tintindex":0},"up":{"uv":[5.875,9.40625,5.75,9.15625],"rotation":0,"texture":"#0","tintindex":0},"down":{"uv":[6.0,9.15625,5.875,9.40625],"rotation":0,"texture":"#0","tintindex":0}}},{"from":[6.569461,16.613708,20.447348],"to":[9.083747,19.127995,24.10449],"rotation":{"angle":22.5,"axis":"x","origin":[7.826604,27.099339,27.896082]},"faces":{"east":{"uv":[9.28125,3.71875,9.46875,3.84375],"rotation":0,"texture":"#0","tintindex":0},"south":{"uv":[9.53125,3.0625,9.65625,3.1875],"rotation":0,"texture":"#0","tintindex":0},"north":{"uv":[9.53125,2.9375,9.65625,3.0625],"rotation":0,"texture":"#0","tintindex":0},"west":{"uv":[5.125,9.28125,5.3125,9.40625],"rotation":0,"texture":"#0","tintindex":0},"up":{"uv":[9.40625,5.34375,9.28125,5.15625],"rotation":0,"texture":"#0","tintindex":0},"down":{"uv":[9.40625,5.34375,9.28125,5.53125],"rotation":0,"texture":"#0","tintindex":0}}},{"from":[6.912318,8.379453,28.253117],"to":[8.74089,10.208024,30.081686],"rotation":{"angle":45.0,"axis":"x","origin":[7.826604,24.535786,37.9674]},"faces":{"east":{"uv":[9.53125,3.4375,9.65625,3.5625],"rotation":0,"texture":"#0","tintindex":0},"south":{"uv":[9.53125,4.03125,9.65625,4.15625],"rotation":0,"texture":"#0","tintindex":0},"north":{"uv":[9.53125,3.1875,9.65625,3.3125],"rotation":0,"texture":"#0","tintindex":0},"west":{"uv":[9.53125,4.28125,9.65625,4.40625],"rotation":0,"texture":"#0","tintindex":0},"up":{"uv":[9.65625,4.53125,9.53125,4.40625],"rotation":0,"texture":"#0","tintindex":0},"down":{"uv":[9.65625,5.03125,9.53125,5.15625],"rotation":0,"texture":"#0","tintindex":0}}},{"from":[7.255175,25.461618,20.289398],"to":[8.398032,26.604475,21.432255],"rotation":{"angle":-22.5,"axis":"x","origin":[7.826604,24.535786,37.9674]},"faces":{"east":{"uv":[9.78125,7.53125,9.875,7.625],"rotation":0,"texture":"#0","tintindex":0},"south":{"uv":[9.78125,7.625,9.875,7.71875],"rotation":0,"texture":"#0","tintindex":0},"north":{"uv":[7.3125,9.78125,7.40625,9.875],"rotation":0,"texture":"#0","tintindex":0},"west":{"uv":[7.84375,9.78125,7.9375,9.875],"rotation":0,"texture":"#0","tintindex":0},"up":{"uv":[8.03125,9.875,7.9375,9.78125],"rotation":0,"texture":"#0","tintindex":0},"down":{"uv":[8.125,9.78125,8.03125,9.875],"rotation":0,"texture":"#0","tintindex":0}}}],"textures":{"0":"modelengine:entity/nocsy_dragon_full"},"display":{"head":{"translation":[0.0,-6.4,0.0],"scale":[4.0,4.0,4.0]}}}