{"elements":[{"from":[7.0371456,7.40759,-6.8571453],"to":[9.32286,23.407589,-4.57143],"rotation":{"angle":0.0,"axis":"y","origin":[8.784984,-11.393469,7.651819]},"faces":{"east":{"uv":[3.375,7.875,3.5,8.75],"rotation":0,"texture":"#0","tintindex":0},"south":{"uv":[3.5,7.875,3.625,8.75],"rotation":0,"texture":"#0","tintindex":0},"north":{"uv":[3.25,7.875,3.375,8.75],"rotation":0,"texture":"#0","tintindex":0},"west":{"uv":[7.875,3.90625,8.0,4.78125],"rotation":0,"texture":"#0","tintindex":0},"up":{"uv":[9.65625,5.28125,9.53125,5.15625],"rotation":0,"texture":"#0","tintindex":0},"down":{"uv":[9.65625,5.28125,9.53125,5.40625],"rotation":0,"texture":"#0","tintindex":0}}},{"from":[8.294289,-0.59241104,-6.8571453],"to":[8.294289,24.550447,32.0],"rotation":{"angle":0.0,"axis":"y","origin":[8.784984,-11.393469,7.651819]},"faces":{"east":{"uv":[4.0,2.75,6.125,4.125],"rotation":0,"texture":"#0","tintindex":0},"south":{"uv":[0.0,0.0,0.0,1.375],"rotation":0,"texture":"#0","tintindex":0},"north":{"uv":[0.0,0.0,0.0,1.375],"rotation":0,"texture":"#0","tintindex":0},"west":{"uv":[4.0,4.125,6.125,5.5],"rotation":0,"texture":"#0","tintindex":0},"up":{"uv":[0.0,2.125,0.0,0.0],"rotation":0,"texture":"#0","tintindex":0},"down":{"uv":[0.0,0.0,0.0,2.125],"rotation":0,"texture":"#0","tintindex":0}}}],"textures":{"0":"modelengine:entity/nocsy_dragon_full"},"display":{"head":{"translation":[0.0,-6.4,55.991013],"scale":[4.0,4.0,4.0]}}}