{"elements":[{"from":[5.137143,6.2492323,7.125508],"to":[10.84,8.523518,11.685508],"rotation":{"angle":0.0,"axis":"y","origin":[7.417143,10.284725,27.298643]},"faces":{"east":{"uv":[9.15625,8.15625,9.40625,8.28125],"rotation":0,"texture":"#0","tintindex":0},"south":{"uv":[0.0,9.09375,0.3125,9.21875],"rotation":0,"texture":"#0","tintindex":0},"north":{"uv":[1.625,9.0625,1.9375,9.1875],"rotation":0,"texture":"#0","tintindex":0},"west":{"uv":[9.15625,8.28125,9.40625,8.40625],"rotation":0,"texture":"#0","tintindex":0},"up":{"uv":[8.78125,0.8125,8.46875,0.5625],"rotation":0,"texture":"#0","tintindex":0},"down":{"uv":[8.78125,0.8125,8.46875,1.0625],"rotation":0,"texture":"#0","tintindex":0}}},{"from":[5.137143,6.2492323,7.125508],"to":[10.84,8.523518,11.685508],"rotation":{"angle":0.0,"axis":"y","origin":[7.417143,10.284725,27.298643]},"faces":{"east":{"uv":[8.34375,9.15625,8.59375,9.28125],"rotation":0,"texture":"#0","tintindex":0},"south":{"uv":[9.09375,0.59375,9.40625,0.71875],"rotation":0,"texture":"#0","tintindex":0},"north":{"uv":[9.09375,0.46875,9.40625,0.59375],"rotation":0,"texture":"#0","tintindex":0},"west":{"uv":[9.15625,8.40625,9.40625,8.53125],"rotation":0,"texture":"#0","tintindex":0},"up":{"uv":[8.78125,1.3125,8.46875,1.0625],"rotation":0,"texture":"#0","tintindex":0},"down":{"uv":[8.78125,3.4375,8.46875,3.6875],"rotation":0,"texture":"#0","tintindex":0}}},{"from":[9.588572,-8.333103,15.408318],"to":[11.874286,-4.9045315,17.694033],"rotation":{"angle":45.0,"axis":"x","origin":[7.417143,10.284725,27.298643]},"faces":{"east":{"uv":[8.03125,9.34375,8.15625,9.53125],"rotation":0,"texture":"#0","tintindex":0},"south":{"uv":[8.15625,9.34375,8.28125,9.53125],"rotation":0,"texture":"#0","tintindex":0},"north":{"uv":[7.90625,9.34375,8.03125,9.53125],"rotation":0,"texture":"#0","tintindex":0},"west":{"uv":[9.09375,9.34375,9.21875,9.53125],"rotation":0,"texture":"#0","tintindex":0},"up":{"uv":[9.75,8.8125,9.625,8.6875],"rotation":0,"texture":"#0","tintindex":0},"down":{"uv":[8.90625,9.625,8.78125,9.75],"rotation":0,"texture":"#0","tintindex":0}}},{"from":[6.96,-8.333103,15.408318],"to":[9.245714,-4.9045315,17.694033],"rotation":{"angle":45.0,"axis":"x","origin":[7.417143,10.284725,27.298643]},"faces":{"east":{"uv":[9.34375,9.34375,9.46875,9.53125],"rotation":0,"texture":"#0","tintindex":0},"south":{"uv":[0.0,9.375,0.125,9.5625],"rotation":0,"texture":"#0","tintindex":0},"north":{"uv":[9.21875,9.34375,9.34375,9.53125],"rotation":0,"texture":"#0","tintindex":0},"west":{"uv":[0.125,9.375,0.25,9.5625],"rotation":0,"texture":"#0","tintindex":0},"up":{"uv":[9.75,8.9375,9.625,8.8125],"rotation":0,"texture":"#0","tintindex":0},"down":{"uv":[9.03125,9.625,8.90625,9.75],"rotation":0,"texture":"#0","tintindex":0}}},{"from":[3.9885712,-8.333103,15.408318],"to":[6.274286,-4.9045315,17.694033],"rotation":{"angle":45.0,"axis":"x","origin":[7.417143,10.284725,27.298643]},"faces":{"east":{"uv":[9.375,0.84375,9.5,1.03125],"rotation":0,"texture":"#0","tintindex":0},"south":{"uv":[0.875,9.375,1.0,9.5625],"rotation":0,"texture":"#0","tintindex":0},"north":{"uv":[0.75,9.375,0.875,9.5625],"rotation":0,"texture":"#0","tintindex":0},"west":{"uv":[9.375,1.03125,9.5,1.21875],"rotation":0,"texture":"#0","tintindex":0},"up":{"uv":[9.75,9.0625,9.625,8.9375],"rotation":0,"texture":"#0","tintindex":0},"down":{"uv":[9.78125,0.0,9.65625,0.125],"rotation":0,"texture":"#0","tintindex":0}}},{"from":[7.302857,-4.976411,9.514917],"to":[8.902857,-1.6621227,11.114918],"rotation":{"angle":22.5,"axis":"x","origin":[7.417143,10.284725,27.298643]},"faces":{"east":{"uv":[2.65625,8.5,2.75,8.6875],"rotation":0,"texture":"#0","tintindex":0},"south":{"uv":[1.65625,8.5625,1.75,8.75],"rotation":0,"texture":"#0","tintindex":0},"north":{"uv":[8.375,0.5625,8.46875,0.75],"rotation":0,"texture":"#0","tintindex":0},"west":{"uv":[2.5625,8.71875,2.65625,8.90625],"rotation":0,"texture":"#0","tintindex":0},"up":{"uv":[4.3125,9.9375,4.21875,9.84375],"rotation":0,"texture":"#0","tintindex":0},"down":{"uv":[4.40625,9.84375,4.3125,9.9375],"rotation":0,"texture":"#0","tintindex":0}}},{"from":[9.931429,-4.976411,9.514917],"to":[11.531428,-1.6621227,11.114918],"rotation":{"angle":22.5,"axis":"x","origin":[7.417143,10.284725,27.298643]},"faces":{"east":{"uv":[6.4375,9.03125,6.53125,9.21875],"rotation":0,"texture":"#0","tintindex":0},"south":{"uv":[6.9375,9.40625,7.03125,9.59375],"rotation":0,"texture":"#0","tintindex":0},"north":{"uv":[3.4375,8.9375,3.53125,9.125],"rotation":0,"texture":"#0","tintindex":0},"west":{"uv":[9.40625,7.25,9.5,7.4375],"rotation":0,"texture":"#0","tintindex":0},"up":{"uv":[4.5,9.9375,4.40625,9.84375],"rotation":0,"texture":"#0","tintindex":0},"down":{"uv":[4.59375,9.84375,4.5,9.9375],"rotation":0,"texture":"#0","tintindex":0}}},{"from":[4.3314285,-4.976411,9.514917],"to":[5.9314284,-1.6621227,11.114918],"rotation":{"angle":22.5,"axis":"x","origin":[7.417143,10.284725,27.298643]},"faces":{"east":{"uv":[9.40625,8.09375,9.5,8.28125],"rotation":0,"texture":"#0","tintindex":0},"south":{"uv":[9.40625,8.28125,9.5,8.46875],"rotation":0,"texture":"#0","tintindex":0},"north":{"uv":[9.40625,7.90625,9.5,8.09375],"rotation":0,"texture":"#0","tintindex":0},"west":{"uv":[9.40625,8.46875,9.5,8.65625],"rotation":0,"texture":"#0","tintindex":0},"up":{"uv":[5.0625,9.9375,4.96875,9.84375],"rotation":0,"texture":"#0","tintindex":0},"down":{"uv":[5.15625,9.84375,5.0625,9.9375],"rotation":0,"texture":"#0","tintindex":0}}},{"from":[5.245714,-8.862125,9.17206],"to":[5.245714,-4.8621244,12.600632],"rotation":{"angle":22.5,"axis":"x","origin":[7.417143,10.284725,27.298643]},"faces":{"east":{"uv":[8.96875,6.5,9.15625,6.71875],"rotation":0,"texture":"#0","tintindex":0},"south":{"uv":[0.0,0.0,0.0,0.21875],"rotation":0,"texture":"#0","tintindex":0},"north":{"uv":[0.0,0.0,0.0,0.21875],"rotation":0,"texture":"#0","tintindex":0},"west":{"uv":[8.96875,6.71875,9.15625,6.9375],"rotation":0,"texture":"#0","tintindex":0},"up":{"uv":[0.0,0.1875,0.0,0.0],"rotation":0,"texture":"#0","tintindex":0},"down":{"uv":[0.0,0.0,0.0,0.1875],"rotation":0,"texture":"#0","tintindex":0}}},{"from":[8.102858,-8.862125,9.17206],"to":[8.102858,-4.8621244,12.600632],"rotation":{"angle":22.5,"axis":"x","origin":[7.417143,10.284725,27.298643]},"faces":{"east":{"uv":[7.40625,8.96875,7.59375,9.1875],"rotation":0,"texture":"#0","tintindex":0},"south":{"uv":[0.0,0.0,0.0,0.21875],"rotation":0,"texture":"#0","tintindex":0},"north":{"uv":[0.0,0.0,0.0,0.21875],"rotation":0,"texture":"#0","tintindex":0},"west":{"uv":[7.59375,8.96875,7.78125,9.1875],"rotation":0,"texture":"#0","tintindex":0},"up":{"uv":[0.0,0.1875,0.0,0.0],"rotation":0,"texture":"#0","tintindex":0},"down":{"uv":[0.0,0.0,0.0,0.1875],"rotation":0,"texture":"#0","tintindex":0}}},{"from":[10.731429,-8.862125,9.17206],"to":[10.731429,-4.8621244,12.600632],"rotation":{"angle":22.5,"axis":"x","origin":[7.417143,10.284725,27.298643]},"faces":{"east":{"uv":[7.78125,8.96875,7.96875,9.1875],"rotation":0,"texture":"#0","tintindex":0},"south":{"uv":[0.0,0.0,0.0,0.21875],"rotation":0,"texture":"#0","tintindex":0},"north":{"uv":[0.0,0.0,0.0,0.21875],"rotation":0,"texture":"#0","tintindex":0},"west":{"uv":[8.96875,7.90625,9.15625,8.125],"rotation":0,"texture":"#0","tintindex":0},"up":{"uv":[0.0,0.1875,0.0,0.0],"rotation":0,"texture":"#0","tintindex":0},"down":{"uv":[0.0,0.0,0.0,0.1875],"rotation":0,"texture":"#0","tintindex":0}}}],"textures":{"0":"modelengine:entity/nocsy_dragon_full"},"display":{"head":{"translation":[0.0,-6.4,0.0],"scale":[4.0,4.0,4.0]}}}