{"elements":[{"from":[5.5682535,9.635253,10.999653],"to":[10.139683,14.206682,14.428225],"rotation":{"angle":-22.5,"axis":"x","origin":[7.853968,-6.239994,19.422813]},"faces":{"east":{"uv":[8.96875,3.59375,9.15625,3.84375],"rotation":0,"texture":"#0","tintindex":0},"south":{"uv":[8.6875,4.59375,8.9375,4.84375],"rotation":0,"texture":"#0","tintindex":0},"north":{"uv":[4.0625,8.6875,4.3125,8.9375],"rotation":0,"texture":"#0","tintindex":0},"west":{"uv":[4.5,8.96875,4.6875,9.21875],"rotation":0,"texture":"#0","tintindex":0},"up":{"uv":[9.21875,4.03125,8.96875,3.84375],"rotation":0,"texture":"#0","tintindex":0},"down":{"uv":[9.21875,5.03125,8.96875,5.21875],"rotation":0,"texture":"#0","tintindex":0}}},{"from":[8.539682,13.063826,9.856795],"to":[10.8253975,15.349539,13.285367],"rotation":{"angle":-22.5,"axis":"x","origin":[7.853968,-6.239994,19.422813]},"faces":{"east":{"uv":[9.375,0.1875,9.5625,0.3125],"rotation":0,"texture":"#0","tintindex":0},"south":{"uv":[9.65625,7.53125,9.78125,7.65625],"rotation":0,"texture":"#0","tintindex":0},"north":{"uv":[7.34375,9.65625,7.46875,9.78125],"rotation":0,"texture":"#0","tintindex":0},"west":{"uv":[9.375,1.40625,9.5625,1.53125],"rotation":0,"texture":"#0","tintindex":0},"up":{"uv":[4.15625,9.5625,4.03125,9.375],"rotation":0,"texture":"#0","tintindex":0},"down":{"uv":[4.53125,9.375,4.40625,9.5625],"rotation":0,"texture":"#0","tintindex":0}}},{"from":[4.996825,13.063826,9.856795],"to":[7.28254,15.349539,13.285367],"rotation":{"angle":-22.5,"axis":"x","origin":[7.853968,-6.239994,19.422813]},"faces":{"east":{"uv":[9.375,2.3125,9.5625,2.4375],"rotation":0,"texture":"#0","tintindex":0},"south":{"uv":[7.84375,9.65625,7.96875,9.78125],"rotation":0,"texture":"#0","tintindex":0},"north":{"uv":[9.65625,7.65625,9.78125,7.78125],"rotation":0,"texture":"#0","tintindex":0},"west":{"uv":[9.375,4.78125,9.5625,4.90625],"rotation":0,"texture":"#0","tintindex":0},"up":{"uv":[9.5,5.09375,9.375,4.90625],"rotation":0,"texture":"#0","tintindex":0},"down":{"uv":[5.4375,9.375,5.3125,9.5625],"rotation":0,"texture":"#0","tintindex":0}}},{"from":[5.3396826,10.313559,14.518178],"to":[6.9396825,11.913558,17.261036],"rotation":{"angle":-45.0,"axis":"x","origin":[6.1396823,-5.820224,12.074225]},"faces":{"east":{"uv":[9.75,2.65625,9.90625,2.75],"rotation":0,"texture":"#0","tintindex":0},"south":{"uv":[1.40625,9.875,1.5,9.96875],"rotation":0,"texture":"#0","tintindex":0},"north":{"uv":[0.28125,9.875,0.375,9.96875],"rotation":0,"texture":"#0","tintindex":0},"west":{"uv":[9.75,3.3125,9.90625,3.40625],"rotation":0,"texture":"#0","tintindex":0},"up":{"uv":[9.84375,3.8125,9.75,3.65625],"rotation":0,"texture":"#0","tintindex":0},"down":{"uv":[4.125,9.75,4.03125,9.90625],"rotation":0,"texture":"#0","tintindex":0}}},{"from":[6.2539682,8.199272,10.232464],"to":[6.2539682,12.770701,14.803892],"rotation":{"angle":-45.0,"axis":"x","origin":[6.1396823,-5.820224,12.074225]},"faces":{"east":{"uv":[2.3125,8.71875,2.5625,8.96875],"rotation":0,"texture":"#0","tintindex":0},"south":{"uv":[0.0,0.0,0.0,0.25],"rotation":0,"texture":"#0","tintindex":0},"north":{"uv":[0.0,0.0,0.0,0.25],"rotation":0,"texture":"#0","tintindex":0},"west":{"uv":[8.71875,2.84375,8.96875,3.09375],"rotation":0,"texture":"#0","tintindex":0},"up":{"uv":[0.0,0.25,0.0,0.0],"rotation":0,"texture":"#0","tintindex":0},"down":{"uv":[0.0,0.0,0.0,0.25],"rotation":0,"texture":"#0","tintindex":0}}},{"from":[9.853969,8.199272,10.232464],"to":[9.853969,12.770701,14.803892],"rotation":{"angle":-45.0,"axis":"x","origin":[6.1396823,-5.820224,12.074225]},"faces":{"east":{"uv":[4.59375,8.71875,4.84375,8.96875],"rotation":0,"texture":"#0","tintindex":0},"south":{"uv":[0.0,0.0,0.0,0.25],"rotation":0,"texture":"#0","tintindex":0},"north":{"uv":[0.0,0.0,0.0,0.25],"rotation":0,"texture":"#0","tintindex":0},"west":{"uv":[5.46875,8.71875,5.71875,8.96875],"rotation":0,"texture":"#0","tintindex":0},"up":{"uv":[0.0,0.25,0.0,0.0],"rotation":0,"texture":"#0","tintindex":0},"down":{"uv":[0.0,0.0,0.0,0.25],"rotation":0,"texture":"#0","tintindex":0}}},{"from":[8.311111,4.9121656,4.8510637],"to":[8.311111,9.483595,9.422492],"rotation":{"angle":-22.5,"axis":"x","origin":[6.1396823,-5.820224,12.074225]},"faces":{"east":{"uv":[8.71875,5.65625,8.96875,5.90625],"rotation":0,"texture":"#0","tintindex":0},"south":{"uv":[0.0,0.0,0.0,0.25],"rotation":0,"texture":"#0","tintindex":0},"north":{"uv":[0.0,0.0,0.0,0.25],"rotation":0,"texture":"#0","tintindex":0},"west":{"uv":[5.71875,8.71875,5.96875,8.96875],"rotation":0,"texture":"#0","tintindex":0},"up":{"uv":[0.0,0.25,0.0,0.0],"rotation":0,"texture":"#0","tintindex":0},"down":{"uv":[0.0,0.0,0.0,0.25],"rotation":0,"texture":"#0","tintindex":0}}},{"from":[8.996825,10.313559,14.518178],"to":[10.596826,11.913558,17.261036],"rotation":{"angle":-45.0,"axis":"x","origin":[6.1396823,-5.820224,12.074225]},"faces":{"east":{"uv":[9.75,3.8125,9.90625,3.90625],"rotation":0,"texture":"#0","tintindex":0},"south":{"uv":[1.59375,9.875,1.6875,9.96875],"rotation":0,"texture":"#0","tintindex":0},"north":{"uv":[1.5,9.875,1.59375,9.96875],"rotation":0,"texture":"#0","tintindex":0},"west":{"uv":[9.75,4.15625,9.90625,4.25],"rotation":0,"texture":"#0","tintindex":0},"up":{"uv":[4.21875,9.90625,4.125,9.75],"rotation":0,"texture":"#0","tintindex":0},"down":{"uv":[5.5,9.75,5.40625,9.90625],"rotation":0,"texture":"#0","tintindex":0}}},{"from":[6.8253965,8.606682,9.856795],"to":[9.111111,10.892396,13.285367],"rotation":{"angle":-22.5,"axis":"x","origin":[7.853968,-6.239994,19.422813]},"faces":{"east":{"uv":[5.4375,9.375,5.625,9.5],"rotation":0,"texture":"#0","tintindex":0},"south":{"uv":[8.09375,9.65625,8.21875,9.78125],"rotation":0,"texture":"#0","tintindex":0},"north":{"uv":[7.96875,9.65625,8.09375,9.78125],"rotation":0,"texture":"#0","tintindex":0},"west":{"uv":[9.375,5.53125,9.5625,5.65625],"rotation":0,"texture":"#0","tintindex":0},"up":{"uv":[5.75,9.5625,5.625,9.375],"rotation":0,"texture":"#0","tintindex":0},"down":{"uv":[9.5,7.0625,9.375,7.25],"rotation":0,"texture":"#0","tintindex":0}}}],"textures":{"0":"modelengine:entity/nocsy_dragon_full"},"display":{"head":{"translation":[0.0,-6.4,0.0],"scale":[4.0,4.0,4.0]}}}