{"elements":[{"from":[6.6971426,7.676382,5.58614],"to":[9.440001,10.419239,8.328997],"rotation":{"angle":0.0,"axis":"y","origin":[15.639898,15.642914,3.3606796]},"faces":{"east":{"uv":[9.53125,5.65625,9.65625,5.78125],"rotation":0,"texture":"#0","tintindex":0},"south":{"uv":[9.53125,5.78125,9.65625,5.90625],"rotation":0,"texture":"#0","tintindex":0},"north":{"uv":[9.53125,5.40625,9.65625,5.53125],"rotation":0,"texture":"#0","tintindex":0},"west":{"uv":[9.53125,5.90625,9.65625,6.03125],"rotation":0,"texture":"#0","tintindex":0},"up":{"uv":[6.125,9.65625,6.0,9.53125],"rotation":0,"texture":"#0","tintindex":0},"down":{"uv":[9.65625,6.03125,9.53125,6.15625],"rotation":0,"texture":"#0","tintindex":0}}},{"from":[7.04,12.166502,9.455005],"to":[9.097143,14.566502,11.855004],"rotation":{"angle":22.5,"axis":"x","origin":[11.611326,25.1572,-1.4678926]},"faces":{"east":{"uv":[9.53125,6.15625,9.65625,6.28125],"rotation":0,"texture":"#0","tintindex":0},"south":{"uv":[9.53125,6.28125,9.65625,6.40625],"rotation":0,"texture":"#0","tintindex":0},"north":{"uv":[6.125,9.53125,6.25,9.65625],"rotation":0,"texture":"#0","tintindex":0},"west":{"uv":[9.53125,6.40625,9.65625,6.53125],"rotation":0,"texture":"#0","tintindex":0},"up":{"uv":[9.65625,6.875,9.53125,6.75],"rotation":0,"texture":"#0","tintindex":0},"down":{"uv":[9.65625,6.875,9.53125,7.0],"rotation":0,"texture":"#0","tintindex":0}}},{"from":[7.1542854,17.650455,11.864622],"to":[8.754286,19.250456,13.4646225],"rotation":{"angle":45.0,"axis":"x","origin":[11.611326,25.1572,-1.4678926]},"faces":{"east":{"uv":[8.96875,9.78125,9.0625,9.875],"rotation":0,"texture":"#0","tintindex":0},"south":{"uv":[9.78125,9.03125,9.875,9.125],"rotation":0,"texture":"#0","tintindex":0},"north":{"uv":[8.125,9.78125,8.21875,9.875],"rotation":0,"texture":"#0","tintindex":0},"west":{"uv":[9.0625,9.78125,9.15625,9.875],"rotation":0,"texture":"#0","tintindex":0},"up":{"uv":[9.25,9.875,9.15625,9.78125],"rotation":0,"texture":"#0","tintindex":0},"down":{"uv":[9.34375,9.78125,9.25,9.875],"rotation":0,"texture":"#0","tintindex":0}}},{"from":[7.3828573,10.304954,1.4718537],"to":[8.525714,11.447811,3.7575684],"rotation":{"angle":0.0,"axis":"y","origin":[11.611326,25.1572,-1.4678926]},"faces":{"east":{"uv":[9.21875,1.3125,9.375,1.40625],"rotation":0,"texture":"#0","tintindex":0},"south":{"uv":[9.78125,9.5625,9.875,9.65625],"rotation":0,"texture":"#0","tintindex":0},"north":{"uv":[9.78125,9.46875,9.875,9.5625],"rotation":0,"texture":"#0","tintindex":0},"west":{"uv":[9.65625,4.0625,9.8125,4.15625],"rotation":0,"texture":"#0","tintindex":0},"up":{"uv":[4.3125,9.84375,4.21875,9.6875],"rotation":0,"texture":"#0","tintindex":0},"down":{"uv":[4.40625,9.6875,4.3125,9.84375],"rotation":0,"texture":"#0","tintindex":0}}},{"from":[7.6114287,8.953057,-6.417445],"to":[8.297143,9.638772,-4.588874],"rotation":{"angle":-22.5,"axis":"x","origin":[11.497041,26.985771,-5.810749]},"faces":{"east":{"uv":[9.65625,5.4375,9.8125,5.53125],"rotation":0,"texture":"#0","tintindex":0},"south":{"uv":[9.78125,9.75,9.875,9.84375],"rotation":0,"texture":"#0","tintindex":0},"north":{"uv":[9.78125,9.65625,9.875,9.75],"rotation":0,"texture":"#0","tintindex":0},"west":{"uv":[9.65625,6.90625,9.8125,7.0],"rotation":0,"texture":"#0","tintindex":0},"up":{"uv":[4.5,9.84375,4.40625,9.6875],"rotation":0,"texture":"#0","tintindex":0},"down":{"uv":[4.59375,9.6875,4.5,9.84375],"rotation":0,"texture":"#0","tintindex":0}}}],"textures":{"0":"modelengine:entity/nocsy_dragon_full"},"display":{"head":{"translation":[0.0,-6.4,0.0],"scale":[4.0,4.0,4.0]}}}