{"elements":[{"from":[6.9651947,6.6805067,-1.4695473],"to":[9.250909,8.966221,-0.32669067],"rotation":{"angle":0.0,"axis":"y","origin":[8.108052,-18.814718,26.367184]},"faces":{"east":{"uv":[3.875,8.1875,3.9375,8.3125],"rotation":0,"texture":"#0","tintindex":0},"south":{"uv":[7.71875,9.59375,7.84375,9.71875],"rotation":0,"texture":"#0","tintindex":0},"north":{"uv":[7.59375,9.59375,7.71875,9.71875],"rotation":0,"texture":"#0","tintindex":0},"west":{"uv":[2.0,8.25,2.0625,8.375],"rotation":0,"texture":"#0","tintindex":0},"up":{"uv":[8.9375,0.25,8.8125,0.1875],"rotation":0,"texture":"#0","tintindex":0},"down":{"uv":[8.96875,6.28125,8.84375,6.34375],"rotation":0,"texture":"#0","tintindex":0}}},{"from":[6.970909,2.1147923,-1.00669],"to":[9.245195,8.903364,0.12473822],"rotation":{"angle":0.0,"axis":"y","origin":[8.108052,-18.814718,26.367184]},"faces":{"east":{"uv":[2.90625,6.375,2.96875,6.75],"rotation":0,"texture":"#0","tintindex":0},"south":{"uv":[8.96875,0.46875,9.09375,0.84375],"rotation":0,"texture":"#0","tintindex":0},"north":{"uv":[0.375,8.96875,0.5,9.34375],"rotation":0,"texture":"#0","tintindex":0},"west":{"uv":[7.09375,2.5625,7.15625,2.9375],"rotation":0,"texture":"#0","tintindex":0},"up":{"uv":[8.71875,8.90625,8.59375,8.84375],"rotation":0,"texture":"#0","tintindex":0},"down":{"uv":[9.25,4.5,9.125,4.5625],"rotation":0,"texture":"#0","tintindex":0}}},{"from":[0.2178092,4.8576756,3.341844],"to":[1.3606663,8.286247,5.6275587],"rotation":{"angle":-22.5,"axis":"y","origin":[7.3406124,-0.8718605,18.2529]},"faces":{"east":{"uv":[9.28125,7.90625,9.40625,8.09375],"rotation":0,"texture":"#0","tintindex":0},"south":{"uv":[5.53125,7.0625,5.59375,7.25],"rotation":0,"texture":"#0","tintindex":0},"north":{"uv":[4.65625,6.875,4.71875,7.0625],"rotation":0,"texture":"#0","tintindex":0},"west":{"uv":[8.3125,9.28125,8.4375,9.46875],"rotation":0,"texture":"#0","tintindex":0},"up":{"uv":[8.21875,8.375,8.15625,8.25],"rotation":0,"texture":"#0","tintindex":0},"down":{"uv":[7.65625,8.28125,7.59375,8.40625],"rotation":0,"texture":"#0","tintindex":0}}},{"from":[5.5740967,4.9433846,3.8014116],"to":[6.7055254,8.360527,6.0756974],"rotation":{"angle":0.0,"axis":"y","origin":[7.3406124,-0.8718605,18.2529]},"faces":{"east":{"uv":[8.4375,9.28125,8.5625,9.46875],"rotation":0,"texture":"#0","tintindex":0},"south":{"uv":[7.3125,4.5625,7.375,4.75],"rotation":0,"texture":"#0","tintindex":0},"north":{"uv":[3.25,7.25,3.3125,7.4375],"rotation":0,"texture":"#0","tintindex":0},"west":{"uv":[9.28125,8.90625,9.40625,9.09375],"rotation":0,"texture":"#0","tintindex":0},"up":{"uv":[2.3125,8.5,2.25,8.375],"rotation":0,"texture":"#0","tintindex":0},"down":{"uv":[8.21875,8.375,8.15625,8.5],"rotation":0,"texture":"#0","tintindex":0}}},{"from":[5.8223376,8.394793,-0.5552616],"to":[10.393766,11.823364,-0.5552616],"rotation":{"angle":0.0,"axis":"y","origin":[9.250909,-18.814718,26.367184]},"faces":{"east":{"uv":[0.0,0.0,0.0,0.1875],"rotation":0,"texture":"#0","tintindex":0},"south":{"uv":[8.96875,1.03125,9.21875,1.21875],"rotation":0,"texture":"#0","tintindex":0},"north":{"uv":[8.96875,0.84375,9.21875,1.03125],"rotation":0,"texture":"#0","tintindex":0},"west":{"uv":[0.0,0.0,0.0,0.1875],"rotation":0,"texture":"#0","tintindex":0},"up":{"uv":[0.25,0.0,0.0,0.0],"rotation":0,"texture":"#0","tintindex":0},"down":{"uv":[0.25,0.0,0.0,0.0],"rotation":0,"texture":"#0","tintindex":0}}},{"from":[10.310521,8.366241,-0.77573204],"to":[10.310521,11.794813,4.9385543],"rotation":{"angle":0.0,"axis":"y","origin":[9.452577,-0.8718605,18.2529]},"faces":{"east":{"uv":[8.71875,5.90625,9.03125,6.09375],"rotation":0,"texture":"#0","tintindex":0},"south":{"uv":[0.0,0.0,0.0,0.1875],"rotation":0,"texture":"#0","tintindex":0},"north":{"uv":[0.0,0.0,0.0,0.1875],"rotation":0,"texture":"#0","tintindex":0},"west":{"uv":[3.21875,8.75,3.53125,8.9375],"rotation":0,"texture":"#0","tintindex":0},"up":{"uv":[0.0,0.3125,0.0,0.0],"rotation":0,"texture":"#0","tintindex":0},"down":{"uv":[0.0,0.0,0.0,0.3125],"rotation":0,"texture":"#0","tintindex":0}}},{"from":[5.9055834,8.366241,-0.77573204],"to":[5.9055834,11.794813,4.9385543],"rotation":{"angle":0.0,"axis":"y","origin":[6.763528,-0.8718605,18.2529]},"faces":{"east":{"uv":[3.75,8.75,4.0625,8.9375],"rotation":0,"texture":"#0","tintindex":0},"south":{"uv":[0.0,0.0,0.0,0.1875],"rotation":0,"texture":"#0","tintindex":0},"north":{"uv":[0.0,0.0,0.0,0.1875],"rotation":0,"texture":"#0","tintindex":0},"west":{"uv":[4.84375,8.75,5.15625,8.9375],"rotation":0,"texture":"#0","tintindex":0},"up":{"uv":[0.0,0.3125,0.0,0.0],"rotation":0,"texture":"#0","tintindex":0},"down":{"uv":[0.0,0.0,0.0,0.3125],"rotation":0,"texture":"#0","tintindex":0}}},{"from":[5.8223376,4.93767,-0.77573204],"to":[10.393766,8.366241,4.9385543],"rotation":{"angle":0.0,"axis":"y","origin":[6.4517107,-0.8718605,18.2529]},"faces":{"east":{"uv":[5.15625,8.75,5.46875,8.9375],"rotation":0,"texture":"#0","tintindex":0},"south":{"uv":[1.25,8.96875,1.5,9.15625],"rotation":0,"texture":"#0","tintindex":0},"north":{"uv":[8.96875,1.21875,9.21875,1.40625],"rotation":0,"texture":"#0","tintindex":0},"west":{"uv":[0.25,8.78125,0.5625,8.96875],"rotation":0,"texture":"#0","tintindex":0},"up":{"uv":[4.0,5.4375,3.75,5.125],"rotation":0,"texture":"#0","tintindex":0},"down":{"uv":[3.75,6.0625,3.5,6.375],"rotation":0,"texture":"#0","tintindex":0}}},{"from":[6.965766,-2.7321596,-3.672636],"to":[9.250338,0.6952691,-1.3880644],"rotation":{"angle":22.5,"axis":"x","origin":[8.679481,-2.471861,15.510042]},"faces":{"east":{"uv":[0.5,9.3125,0.625,9.5],"rotation":0,"texture":"#0","tintindex":0},"south":{"uv":[0.625,9.3125,0.75,9.5],"rotation":0,"texture":"#0","tintindex":0},"north":{"uv":[9.3125,0.0,9.4375,0.1875],"rotation":0,"texture":"#0","tintindex":0},"west":{"uv":[1.0,9.3125,1.125,9.5],"rotation":0,"texture":"#0","tintindex":0},"up":{"uv":[8.40625,9.71875,8.28125,9.59375],"rotation":0,"texture":"#0","tintindex":0},"down":{"uv":[8.53125,9.59375,8.40625,9.71875],"rotation":0,"texture":"#0","tintindex":0}}},{"from":[6.388052,2.6747918,-0.560976],"to":[9.8280525,8.400507,1.736167],"rotation":{"angle":0.0,"axis":"y","origin":[8.679481,-18.814718,26.367184]},"faces":{"east":{"uv":[7.75,5.4375,7.875,5.75],"rotation":0,"texture":"#0","tintindex":0},"south":{"uv":[8.78125,0.78125,8.96875,1.09375],"rotation":0,"texture":"#0","tintindex":0},"north":{"uv":[8.78125,0.46875,8.96875,0.78125],"rotation":0,"texture":"#0","tintindex":0},"west":{"uv":[1.5,8.96875,1.625,9.28125],"rotation":0,"texture":"#0","tintindex":0},"up":{"uv":[9.46875,6.75,9.28125,6.625],"rotation":0,"texture":"#0","tintindex":0},"down":{"uv":[1.3125,9.3125,1.125,9.4375],"rotation":0,"texture":"#0","tintindex":0}}},{"from":[6.3937664,3.1376495,1.0447383],"to":[9.822338,8.851935,3.330453],"rotation":{"angle":0.0,"axis":"y","origin":[8.679481,-18.814718,26.367184]},"faces":{"east":{"uv":[4.6875,8.96875,4.8125,9.28125],"rotation":0,"texture":"#0","tintindex":0},"south":{"uv":[8.78125,2.0625,8.96875,2.375],"rotation":0,"texture":"#0","tintindex":0},"north":{"uv":[8.78125,1.09375,8.96875,1.40625],"rotation":0,"texture":"#0","tintindex":0},"west":{"uv":[9.0,4.25,9.125,4.5625],"rotation":0,"texture":"#0","tintindex":0},"up":{"uv":[9.5,2.59375,9.3125,2.46875],"rotation":0,"texture":"#0","tintindex":0},"down":{"uv":[9.5,2.59375,9.3125,2.71875],"rotation":0,"texture":"#0","tintindex":0}}},{"from":[6.3937664,3.480507,3.330453],"to":[9.822338,9.194793,5.616167],"rotation":{"angle":0.0,"axis":"y","origin":[8.679481,-18.814718,26.367184]},"faces":{"east":{"uv":[8.96875,9.0,9.09375,9.3125],"rotation":0,"texture":"#0","tintindex":0},"south":{"uv":[8.78125,3.75,8.96875,4.0625],"rotation":0,"texture":"#0","tintindex":0},"north":{"uv":[8.78125,3.4375,8.96875,3.75],"rotation":0,"texture":"#0","tintindex":0},"west":{"uv":[9.03125,1.40625,9.15625,1.71875],"rotation":0,"texture":"#0","tintindex":0},"up":{"uv":[9.5,4.28125,9.3125,4.15625],"rotation":0,"texture":"#0","tintindex":0},"down":{"uv":[9.5,4.65625,9.3125,4.78125],