{"elements":[{"from":[5.714286,2.8571424,-1.0285721],"to":[10.285714,8.571428,4.685714],"rotation":{"angle":0.0,"axis":"y","origin":[6.857143,5.714286,1.2571425]},"faces":{"east":{"uv":[8.15625,3.96875,8.46875,4.28125],"rotation":0,"texture":"#0","tintindex":0},"south":{"uv":[8.34375,7.375,8.59375,7.6875],"rotation":0,"texture":"#0","tintindex":0},"north":{"uv":[8.34375,4.84375,8.59375,5.15625],"rotation":0,"texture":"#0","tintindex":0},"west":{"uv":[8.15625,5.1875,8.46875,5.5],"rotation":0,"texture":"#0","tintindex":0},"up":{"uv":[8.59375,8.0,8.34375,7.6875],"rotation":0,"texture":"#0","tintindex":0},"down":{"uv":[8.625,0.25,8.375,0.5625],"rotation":0,"texture":"#0","tintindex":0}}},{"from":[8.0,6.285714,-1.0285721],"to":[8.0,13.142858,6.9714284],"rotation":{"angle":0.0,"axis":"y","origin":[6.857143,5.714286,1.2571425]},"faces":{"east":{"uv":[7.3125,0.5,7.75,0.875],"rotation":0,"texture":"#0","tintindex":0},"south":{"uv":[0.0,0.0,0.0,0.375],"rotation":0,"texture":"#0","tintindex":0},"north":{"uv":[0.0,0.0,0.0,0.375],"rotation":0,"texture":"#0","tintindex":0},"west":{"uv":[7.3125,0.875,7.75,1.25],"rotation":0,"texture":"#0","tintindex":0},"up":{"uv":[0.0,0.4375,0.0,0.0],"rotation":0,"texture":"#0","tintindex":0},"down":{"uv":[0.0,0.0,0.0,0.4375],"rotation":0,"texture":"#0","tintindex":0}}},{"from":[5.725714,5.725714,-1.702857],"to":[10.274286,9.131429,3.9885712],"rotation":{"angle":22.5,"axis":"x","origin":[8.0,6.285714,1.1428566]},"faces":{"east":{"uv":[8.90625,4.84375,9.21875,5.03125],"rotation":0,"texture":"#0","tintindex":0},"south":{"uv":[8.96875,3.40625,9.21875,3.59375],"rotation":0,"texture":"#0","tintindex":0},"north":{"uv":[8.96875,2.75,9.21875,2.9375],"rotation":0,"texture":"#0","tintindex":0},"west":{"uv":[8.90625,7.15625,9.21875,7.34375],"rotation":0,"texture":"#0","tintindex":0},"up":{"uv":[2.25,8.6875,2.0,8.375],"rotation":0,"texture":"#0","tintindex":0},"down":{"uv":[4.84375,8.40625,4.59375,8.71875],"rotation":0,"texture":"#0","tintindex":0}}},{"from":[5.142857,2.2857141,3.1999998],"to":[10.857143,8.0,8.914286],"rotation":{"angle":0.0,"axis":"y","origin":[7.428571,5.714286,1.2571425]},"faces":{"east":{"uv":[8.15625,6.75,8.46875,7.0625],"rotation":0,"texture":"#0","tintindex":0},"south":{"uv":[8.15625,7.0625,8.46875,7.375],"rotation":0,"texture":"#0","tintindex":0},"north":{"uv":[8.15625,5.5,8.46875,5.8125],"rotation":0,"texture":"#0","tintindex":0},"west":{"uv":[8.1875,1.625,8.5,1.9375],"rotation":0,"texture":"#0","tintindex":0},"up":{"uv":[8.53125,2.8125,8.21875,2.5],"rotation":0,"texture":"#0","tintindex":0},"down":{"uv":[8.53125,2.8125,8.21875,3.125],"rotation":0,"texture":"#0","tintindex":0}}},{"from":[5.2,2.9142857,4.3999996],"to":[10.8,6.8,10.0],"rotation":{"angle":0.0,"axis":"y","origin":[7.428571,5.714286,1.2571425]},"faces":{"east":{"uv":[8.59375,4.84375,8.90625,5.0625],"rotation":0,"texture":"#0","tintindex":0},"south":{"uv":[8.59375,7.25,8.90625,7.46875],"rotation":0,"texture":"#0","tintindex":0},"north":{"uv":[8.53125,3.21875,8.84375,3.4375],"rotation":0,"texture":"#0","tintindex":0},"west":{"uv":[8.59375,7.46875,8.90625,7.6875],"rotation":0,"texture":"#0","tintindex":0},"up":{"uv":[8.53125,3.4375,8.21875,3.125],"rotation":0,"texture":"#0","tintindex":0},"down":{"uv":[8.53125,5.8125,8.21875,6.125],"rotation":0,"texture":"#0","tintindex":0}}}],"textures":{"0":"modelengine:entity/nocsy_dragon_full"},"display":{"head":{"translation":[0.0,-6.4,0.0],"scale":[4.0,4.0,4.0]}}}