{"elements":[{"from":[6.12529,2.150766,16.000427],"to":[8.868147,4.893623,18.743286],"rotation":{"angle":0.0,"axis":"y","origin":[-0.07460785,7.1190834,23.96696]},"faces":{"east":{"uv":[9.625,7.0,9.75,7.125],"rotation":0,"texture":"#0","tintindex":0},"south":{"uv":[9.625,7.125,9.75,7.25],"rotation":0,"texture":"#0","tintindex":0},"north":{"uv":[7.0,9.625,7.125,9.75],"rotation":0,"texture":"#0","tintindex":0},"west":{"uv":[9.625,7.25,9.75,7.375],"rotation":0,"texture":"#0","tintindex":0},"up":{"uv":[9.75,7.9375,9.625,7.8125],"rotation":0,"texture":"#0","tintindex":0},"down":{"uv":[9.75,7.9375,9.625,8.0625],"rotation":0,"texture":"#0","tintindex":0}}},{"from":[6.468147,-1.3752413,20.490547],"to":[8.52529,1.0247583,22.890547],"rotation":{"angle":22.5,"axis":"x","origin":[3.9539633,11.947655,33.481247]},"faces":{"east":{"uv":[9.625,8.1875,9.75,8.3125],"rotation":0,"texture":"#0","tintindex":0},"south":{"uv":[9.625,8.3125,9.75,8.4375],"rotation":0,"texture":"#0","tintindex":0},"north":{"uv":[9.625,8.0625,9.75,8.1875],"rotation":0,"texture":"#0","tintindex":0},"west":{"uv":[9.625,8.4375,9.75,8.5625],"rotation":0,"texture":"#0","tintindex":0},"up":{"uv":[8.65625,9.75,8.53125,9.625],"rotation":0,"texture":"#0","tintindex":0},"down":{"uv":[9.75,8.5625,9.625,8.6875],"rotation":0,"texture":"#0","tintindex":0}}},{"from":[6.811004,-2.9848604,25.9745],"to":[8.411004,-1.3848591,27.574501],"rotation":{"angle":45.0,"axis":"x","origin":[3.9539633,11.947655,33.481247]},"faces":{"east":{"uv":[3.125,9.84375,3.21875,9.9375],"rotation":0,"texture":"#0","tintindex":0},"south":{"uv":[3.21875,9.84375,3.3125,9.9375],"rotation":0,"texture":"#0","tintindex":0},"north":{"uv":[2.625,9.84375,2.71875,9.9375],"rotation":0,"texture":"#0","tintindex":0},"west":{"uv":[3.4375,9.84375,3.53125,9.9375],"rotation":0,"texture":"#0","tintindex":0},"up":{"uv":[3.625,9.9375,3.53125,9.84375],"rotation":0,"texture":"#0","tintindex":0},"down":{"uv":[3.71875,9.84375,3.625,9.9375],"rotation":0,"texture":"#0","tintindex":0}}},{"from":[7.0395756,6.6079087,18.629],"to":[8.182433,7.750766,20.343285],"rotation":{"angle":-22.5,"axis":"x","origin":[7.6110044,7.8650517,19.200428]},"faces":{"east":{"uv":[9.78125,3.40625,9.90625,3.5],"rotation":0,"texture":"#0","tintindex":0},"south":{"uv":[3.71875,9.84375,3.8125,9.9375],"rotation":0,"texture":"#0","tintindex":0},"north":{"uv":[9.84375,3.65625,9.9375,3.75],"rotation":0,"texture":"#0","tintindex":0},"west":{"uv":[9.78125,3.90625,9.90625,4.0],"rotation":0,"texture":"#0","tintindex":0},"up":{"uv":[4.59375,8.96875,4.5,8.84375],"rotation":0,"texture":"#0","tintindex":0},"down":{"uv":[2.5625,8.96875,2.46875,9.09375],"rotation":0,"texture":"#0","tintindex":0}}},{"from":[7.268147,7.2730017,20.02198],"to":[7.953861,7.9587164,21.279121],"rotation":{"angle":0.0,"axis":"y","origin":[7.6110044,7.8444304,20.65055]},"faces":{"east":{"uv":[9.78125,4.25,9.90625,4.34375],"rotation":0,"texture":"#0","tintindex":0},"south":{"uv":[3.90625,9.84375,4.0,9.9375],"rotation":0,"texture":"#0","tintindex":0},"north":{"uv":[3.8125,9.84375,3.90625,9.9375],"rotation":0,"texture":"#0","tintindex":0},"west":{"uv":[9.78125,4.34375,9.90625,4.4375],"rotation":0,"texture":"#0","tintindex":0},"up":{"uv":[2.875,9.21875,2.78125,9.09375],"rotation":0,"texture":"#0","tintindex":0},"down":{"uv":[6.90625,9.28125,6.8125,9.40625],"rotation":0,"texture":"#0","tintindex":0}}},{"from":[5.8287344,0.6835184,4.676736],"to":[10.400164,12.11209,12.676737],"rotation":{"angle":0.0,"axis":"y","origin":[16.114449,10.857832,23.679129]},"faces":{"east":{"uv":[4.71875,6.4375,5.15625,7.0625],"rotation":0,"texture":"#0","tintindex":0},"south":{"uv":[0.53125,7.375,0.78125,8.0],"rotation":0,"texture":"#0","tintindex":0},"north":{"uv":[0.28125,7.375,0.53125,8.0],"rotation":0,"texture":"#0","tintindex":0},"west":{"uv":[5.15625,6.4375,5.59375,7.0625],"rotation":0,"texture":"#0","tintindex":0},"up":{"uv":[6.625,8.3125,6.375,7.875],"rotation":0,"texture":"#0","tintindex":0},"down":{"uv":[6.875,7.875,6.625,8.3125],"rotation":0,"texture":"#0","tintindex":0}}},{"from":[6.977306,-3.0742884,12.50425],"to":[10.394449,2.6285691,20.49282],"rotation":{"angle":22.5,"axis":"x","origin":[16.114449,10.857832,23.679129]},"faces":{"east":{"uv":[7.53125,2.21875,7.96875,2.53125],"rotation":0,"texture":"#0","tintindex":0},"south":{"uv":[8.90625,7.34375,9.09375,7.65625],"rotation":0,"texture":"#0","tintindex":0},"north":{"uv":[7.21875,8.875,7.40625,9.1875],"rotation":0,"texture":"#0","tintindex":0},"west":{"uv":[6.03125,7.53125,6.46875,7.84375],"rotation":0,"texture":"#0","tintindex":0},"up":{"uv":[8.40625,8.5,8.21875,8.0625],"rotation":0,"texture":"#0","tintindex":0},"down":{"uv":[8.15625,8.25,7.96875,8.6875],"rotation":0,"texture":"#0","tintindex":0}}},{"from":[5.257306,-9.499882,18.364902],"to":[10.971592,1.92869,22.93633],"rotation":{"angle":22.5,"axis":"x","origin":[16.114449,10.857832,23.679129]},"faces":{"east":{"uv":[7.375,1.25,7.625,1.875],"rotation":0,"texture":"#0","tintindex":0},"south":{"uv":[3.3125,6.9375,3.625,7.5625],"rotation":0,"texture":"#0","tintindex":0},"north":{"uv":[1.75,6.9375,2.0625,7.5625],"rotation":0,"texture":"#0","tintindex":0},"west":{"uv":[2.3125,7.375,2.5625,8.0],"rotation":0,"texture":"#0","tintindex":0},"up":{"uv":[8.71875,8.25,8.40625,8.0],"rotation":0,"texture":"#0","tintindex":0},"down":{"uv":[8.71875,8.25,8.40625,8.5],"rotation":0,"texture":"#0","tintindex":0}}},{"from":[5.3715916,-9.842739,19.050617],"to":[10.8573065,-7.328454,22.822044],"rotation":{"angle":22.5,"axis":"x","origin":[16.114449,10.857832,23.679129]},"faces":{"east":{"uv":[8.5,6.34375,8.71875,6.5],"rotation":0,"texture":"#0","tintindex":0},"south":{"uv":[8.9375,0.3125,9.25,0.46875],"rotation":0,"texture":"#0","tintindex":0},"north":{"uv":[8.46875,4.1875,8.78125,4.34375],"rotation":0,"texture":"#0","tintindex":0},"west":{"uv":[9.125,4.34375,9.34375,4.5],"rotation":0,"texture":"#0","tintindex":0},"up":{"uv":[8.90625,7.90625,8.59375,7.6875],"rotation":0,"texture":"#0","tintindex":0},"down":{"uv":[8.9375,0.25,8.625,0.46875],"rotation":0,"texture":"#0","tintindex":0}}}],"textures":{"0":"modelengine:entity/nocsy_dragon_full"},"display":{"head":{"translation":[0.0,-6.4,0.0],"scale":[4.0,4.0,4.0]}}}