{"elements":[{"from":[7.3605876,-3.0149164,7.6457324],"to":[10.103445,-0.2720585,10.38859],"rotation":{"angle":0.0,"axis":"y","origin":[8.6634445,-2.7418318,12.011062]},"faces":{"east":{"uv":[9.65625,9.0625,9.78125,9.1875],"rotation":0,"texture":"#0","tintindex":0},"south":{"uv":[9.15625,9.65625,9.28125,9.78125],"rotation":0,"texture":"#0","tintindex":0},"north":{"uv":[9.03125,9.65625,9.15625,9.78125],"rotation":0,"texture":"#0","tintindex":0},"west":{"uv":[9.28125,9.65625,9.40625,9.78125],"rotation":0,"texture":"#0","tintindex":0},"up":{"uv":[0.125,9.8125,0.0,9.6875],"rotation":0,"texture":"#0","tintindex":0},"down":{"uv":[0.25,9.6875,0.125,9.8125],"rotation":0,"texture":"#0","tintindex":0}}},{"from":[7.7034445,-3.940961,9.45075],"to":[9.760588,-1.5409613,11.85075],"rotation":{"angle":22.5,"axis":"x","origin":[8.6634445,-2.7418318,12.011062]},"faces":{"east":{"uv":[0.625,9.6875,0.75,9.8125],"rotation":0,"texture":"#0","tintindex":0},"south":{"uv":[0.75,9.6875,0.875,9.8125],"rotation":0,"texture":"#0","tintindex":0},"north":{"uv":[9.6875,0.125,9.8125,0.25],"rotation":0,"texture":"#0","tintindex":0},"west":{"uv":[9.6875,1.3125,9.8125,1.4375],"rotation":0,"texture":"#0","tintindex":0},"up":{"uv":[1.9375,9.8125,1.8125,9.6875],"rotation":0,"texture":"#0","tintindex":0},"down":{"uv":[2.0625,9.6875,1.9375,9.8125],"rotation":0,"texture":"#0","tintindex":0}}},{"from":[7.8177304,-3.6088057,11.533651],"to":[9.41773,-2.0088043,13.133652],"rotation":{"angle":45.0,"axis":"x","origin":[8.6634445,-2.7418318,12.011062]},"faces":{"east":{"uv":[2.71875,9.875,2.8125,9.96875],"rotation":0,"texture":"#0","tintindex":0},"south":{"uv":[2.8125,9.875,2.90625,9.96875],"rotation":0,"texture":"#0","tintindex":0},"north":{"uv":[1.6875,9.875,1.78125,9.96875],"rotation":0,"texture":"#0","tintindex":0},"west":{"uv":[2.90625,9.875,3.0,9.96875],"rotation":0,"texture":"#0","tintindex":0},"up":{"uv":[3.09375,9.96875,3.0,9.875],"rotation":0,"texture":"#0","tintindex":0},"down":{"uv":[3.40625,9.875,3.3125,9.96875],"rotation":0,"texture":"#0","tintindex":0}}},{"from":[8.046302,-4.0434866,12.217161],"to":[9.189159,-2.90063,14.502875],"rotation":{"angle":0.0,"axis":"y","origin":[8.6634445,-2.7418318,12.011062]},"faces":{"east":{"uv":[9.75,4.53125,9.90625,4.625],"rotation":0,"texture":"#0","tintindex":0},"south":{"uv":[4.59375,9.875,4.6875,9.96875],"rotation":0,"texture":"#0","tintindex":0},"north":{"uv":[9.875,3.5,9.96875,3.59375],"rotation":0,"texture":"#0","tintindex":0},"west":{"uv":[9.75,4.8125,9.90625,4.90625],"rotation":0,"texture":"#0","tintindex":0},"up":{"uv":[7.09375,9.90625,7.0,9.75],"rotation":0,"texture":"#0","tintindex":0},"down":{"uv":[9.84375,7.0,9.75,7.15625],"rotation":0,"texture":"#0","tintindex":0}}},{"from":[8.046302,-4.2931156,12.918186],"to":[8.732017,-3.6074018,14.7467575],"rotation":{"angle":-22.5,"axis":"x","origin":[8.434874,-2.3418312,11.553919]},"faces":{"east":{"uv":[9.75,7.15625,9.90625,7.25],"rotation":0,"texture":"#0","tintindex":0},"south":{"uv":[4.78125,9.875,4.875,9.96875],"rotation":0,"texture":"#0","tintindex":0},"north":{"uv":[4.6875,9.875,4.78125,9.96875],"rotation":0,"texture":"#0","tintindex":0},"west":{"uv":[9.75,7.25,9.90625,7.34375],"rotation":0,"texture":"#0","tintindex":0},"up":{"uv":[9.84375,7.9375,9.75,7.78125],"rotation":0,"texture":"#0","tintindex":0},"down":{"uv":[9.84375,7.9375,9.75,8.09375],"rotation":0,"texture":"#0","tintindex":0}}},{"from":[5.714286,3.9052525,4.0639076],"to":[10.285714,11.905252,12.063908],"rotation":{"angle":0.0,"axis":"y","origin":[0.0,-9.08581,13.905703]},"faces":{"east":{"uv":[7.0625,7.125,7.5,7.5625],"rotation":0,"texture":"#0","tintindex":0},"south":{"uv":[7.96875,7.375,8.21875,7.8125],"rotation":0,"texture":"#0","tintindex":0},"north":{"uv":[7.96875,6.0625,8.21875,6.5],"rotation":0,"texture":"#0","tintindex":0},"west":{"uv":[7.15625,2.5625,7.59375,3.0],"rotation":0,"texture":"#0","tintindex":0},"up":{"uv":[8.21875,8.25,7.96875,7.8125],"rotation":0,"texture":"#0","tintindex":0},"down":{"uv":[0.5,8.0,0.25,8.4375],"rotation":0,"texture":"#0","tintindex":0}}},{"from":[5.714286,-6.800289,-1.1135454],"to":[9.142858,0.056853294,4.600741],"rotation":{"angle":22.5,"axis":"x","origin":[7.428571,-14.114382,17.905704]},"faces":{"east":{"uv":[7.65625,7.65625,7.96875,8.03125],"rotation":0,"texture":"#0","tintindex":0},"south":{"uv":[7.03125,8.5625,7.21875,8.9375],"rotation":0,"texture":"#0","tintindex":0},"north":{"uv":[8.53125,5.65625,8.71875,6.03125],"rotation":0,"texture":"#0","tintindex":0},"west":{"uv":[7.75,0.4375,8.0625,0.8125],"rotation":0,"texture":"#0","tintindex":0},"up":{"uv":[3.4375,9.25,3.25,8.9375],"rotation":0,"texture":"#0","tintindex":0},"down":{"uv":[3.90625,8.9375,3.71875,9.25],"rotation":0,"texture":"#0","tintindex":0}}},{"from":[6.4,-4.318679,0.8249583],"to":[10.971429,0.25274944,9.967815],"rotation":{"angle":0.0,"axis":"y","origin":[7.428571,-14.452599,17.752468]},"faces":{"east":{"uv":[5.46875,7.59375,5.96875,7.84375],"rotation":0,"texture":"#0","tintindex":0},"south":{"uv":[7.40625,8.71875,7.65625,8.96875],"rotation":0,"texture":"#0","tintindex":0},"north":{"uv":[5.96875,8.71875,6.21875,8.96875],"rotation":0,"texture":"#0","tintindex":0},"west":{"uv":[7.625,0.0,8.125,0.25],"rotation":0,"texture":"#0","tintindex":0},"up":{"uv":[7.875,1.75,7.625,1.25],"rotation":0,"texture":"#0","tintindex":0},"down":{"uv":[7.875,4.375,7.625,4.875],"rotation":0,"texture":"#0","tintindex":0}}},{"from":[6.9714284,-3.7472506,-3.1750422],"to":[10.4,-0.31867886,2.5392442],"rotation":{"angle":0.0,"axis":"y","origin":[8.685715,-16.624027,9.523896]},"faces":{"east":{"uv":[8.5,6.125,8.84375,6.34375],"rotation":0,"texture":"#0","tintindex":0},"south":{"uv":[6.875,8.9375,7.09375,9.15625],"rotation":0,"texture":"#0","tintindex":0},"north":{"uv":[6.65625,8.9375,6.875,9.15625],"rotation":0,"texture":"#0","tintindex":0},"west":{"uv":[8.15625,8.5,8.5,8.71875],"rotation":0,"texture":"#0","tintindex":0},"up":{"uv":[8.71875,8.84375,8.5,8.5],"rotation":0,"texture":"#0","tintindex":0},"down":{"uv":[8.75,2.5,8.53125,2.84375],"rotation":0,"texture":"#0","tintindex":0}}}],"textures":{"0":"modelengine:entity/nocsy_dragon_full"},"display":{"head":{"translation":[0.0,-6.4,0.0],"scale":[4.0,4.0,4.0]}}}