{"elements":[{"from":[7.131853,2.150766,16.000427],"to":[9.87471,4.893623,18.743286],"rotation":{"angle":0.0,"axis":"y","origin":[16.074608,7.1190834,23.96696]},"faces":{"east":{"uv":[9.65625,0.375,9.78125,0.5],"rotation":0,"texture":"#0","tintindex":0},"south":{"uv":[1.4375,9.65625,1.5625,9.78125],"rotation":0,"texture":"#0","tintindex":0},"north":{"uv":[0.25,9.65625,0.375,9.78125],"rotation":0,"texture":"#0","tintindex":0},"west":{"uv":[1.5625,9.65625,1.6875,9.78125],"rotation":0,"texture":"#0","tintindex":0},"up":{"uv":[9.78125,1.75,9.65625,1.625],"rotation":0,"texture":"#0","tintindex":0},"down":{"uv":[1.8125,9.65625,1.6875,9.78125],"rotation":0,"texture":"#0","tintindex":0}}},{"from":[7.47471,-1.3752413,20.490547],"to":[9.531853,1.0247583,22.890547],"rotation":{"angle":22.5,"axis":"x","origin":[12.046037,11.947655,33.481247]},"faces":{"east":{"uv":[2.90625,9.65625,3.03125,9.78125],"rotation":0,"texture":"#0","tintindex":0},"south":{"uv":[9.65625,2.9375,9.78125,3.0625],"rotation":0,"texture":"#0","tintindex":0},"north":{"uv":[9.65625,2.8125,9.78125,2.9375],"rotation":0,"texture":"#0","tintindex":0},"west":{"uv":[9.65625,3.0625,9.78125,3.1875],"rotation":0,"texture":"#0","tintindex":0},"up":{"uv":[9.78125,3.3125,9.65625,3.1875],"rotation":0,"texture":"#0","tintindex":0},"down":{"uv":[9.78125,3.4375,9.65625,3.5625],"rotation":0,"texture":"#0","tintindex":0}}},{"from":[7.588996,-2.9848604,25.9745],"to":[9.188995,-1.3848591,27.574501],"rotation":{"angle":45.0,"axis":"x","origin":[12.046037,11.947655,33.481247]},"faces":{"east":{"uv":[5.25,9.84375,5.34375,9.9375],"rotation":0,"texture":"#0","tintindex":0},"south":{"uv":[9.84375,5.46875,9.9375,5.5625],"rotation":0,"texture":"#0","tintindex":0},"north":{"uv":[5.15625,9.84375,5.25,9.9375],"rotation":0,"texture":"#0","tintindex":0},"west":{"uv":[5.6875,9.84375,5.78125,9.9375],"rotation":0,"texture":"#0","tintindex":0},"up":{"uv":[5.875,9.9375,5.78125,9.84375],"rotation":0,"texture":"#0","tintindex":0},"down":{"uv":[6.8125,9.84375,6.71875,9.9375],"rotation":0,"texture":"#0","tintindex":0}}},{"from":[7.8175673,6.6079087,18.629],"to":[8.960424,7.750766,20.343285],"rotation":{"angle":-22.5,"axis":"x","origin":[8.388996,7.8650517,19.200428]},"faces":{"east":{"uv":[9.78125,4.4375,9.90625,4.53125],"rotation":0,"texture":"#0","tintindex":0},"south":{"uv":[9.84375,7.71875,9.9375,7.8125],"rotation":0,"texture":"#0","tintindex":0},"north":{"uv":[9.84375,7.0,9.9375,7.09375],"rotation":0,"texture":"#0","tintindex":0},"west":{"uv":[9.78125,4.625,9.90625,4.71875],"rotation":0,"texture":"#0","tintindex":0},"up":{"uv":[9.875,5.03125,9.78125,4.90625],"rotation":0,"texture":"#0","tintindex":0},"down":{"uv":[9.875,5.03125,9.78125,5.15625],"rotation":0,"texture":"#0","tintindex":0}}},{"from":[8.046139,7.2730017,20.02198],"to":[8.731853,7.9587164,21.279121],"rotation":{"angle":0.0,"axis":"y","origin":[8.388996,7.8444304,20.65055]},"faces":{"east":{"uv":[9.78125,4.71875,9.90625,4.8125],"rotation":0,"texture":"#0","tintindex":0},"south":{"uv":[9.84375,7.90625,9.9375,8.0],"rotation":0,"texture":"#0","tintindex":0},"north":{"uv":[9.84375,7.8125,9.9375,7.90625],"rotation":0,"texture":"#0","tintindex":0},"west":{"uv":[9.78125,5.15625,9.90625,5.25],"rotation":0,"texture":"#0","tintindex":0},"up":{"uv":[9.875,5.375,9.78125,5.25],"rotation":0,"texture":"#0","tintindex":0},"down":{"uv":[5.59375,9.78125,5.5,9.90625],"rotation":0,"texture":"#0","tintindex":0}}},{"from":[5.599837,0.6835184,4.676736],"to":[10.171266,12.11209,12.676737],"rotation":{"angle":0.0,"axis":"y","origin":[-0.1144495,10.857832,23.679129]},"faces":{"east":{"uv":[6.5,5.5,6.9375,6.125],"rotation":0,"texture":"#0","tintindex":0},"south":{"uv":[7.40625,3.375,7.65625,4.0],"rotation":0,"texture":"#0","tintindex":0},"north":{"uv":[7.375,4.5625,7.625,5.1875],"rotation":0,"texture":"#0","tintindex":0},"west":{"uv":[6.65625,2.3125,7.09375,2.9375],"rotation":0,"texture":"#0","tintindex":0},"up":{"uv":[7.125,8.3125,6.875,7.875],"rotation":0,"texture":"#0","tintindex":0},"down":{"uv":[0.25,7.90625,0.0,8.34375],"rotation":0,"texture":"#0","tintindex":0}}},{"from":[5.6055512,-3.0742884,12.50425],"to":[9.022694,2.6285691,20.49282],"rotation":{"angle":22.5,"axis":"x","origin":[-0.1144495,10.857832,23.679129]},"faces":{"east":{"uv":[7.53125,6.4375,7.96875,6.75],"rotation":0,"texture":"#0","tintindex":0},"south":{"uv":[8.78125,8.90625,8.96875,9.21875],"rotation":0,"texture":"#0","tintindex":0},"north":{"uv":[8.59375,8.90625,8.78125,9.21875],"rotation":0,"texture":"#0","tintindex":0},"west":{"uv":[3.25,7.5625,3.6875,7.875],"rotation":0,"texture":"#0","tintindex":0},"up":{"uv":[2.65625,8.71875,2.46875,8.28125],"rotation":0,"texture":"#0","tintindex":0},"down":{"uv":[7.59375,8.28125,7.40625,8.71875],"rotation":0,"texture":"#0","tintindex":0}}},{"from":[5.028408,-9.499882,18.364902],"to":[10.742694,1.92869,22.93633],"rotation":{"angle":22.5,"axis":"x","origin":[-0.1144495,10.857832,23.679129]},"faces":{"east":{"uv":[0.78125,7.4375,1.03125,8.0625],"rotation":0,"texture":"#0","tintindex":0},"south":{"uv":[6.9375,5.4375,7.25,6.0625],"rotation":0,"texture":"#0","tintindex":0},"north":{"uv":[3.625,6.9375,3.9375,7.5625],"rotation":0,"texture":"#0","tintindex":0},"west":{"uv":[1.03125,7.4375,1.28125,8.0625],"rotation":0,"texture":"#0","tintindex":0},"up":{"uv":[8.78125,3.9375,8.46875,3.6875],"rotation":0,"texture":"#0","tintindex":0},"down":{"uv":[8.78125,3.9375,8.46875,4.1875],"rotation":0,"texture":"#0","tintindex":0}}},{"from":[5.1426935,-9.842739,19.050617],"to":[10.628408,-7.328454,22.822044],"rotation":{"angle":22.5,"axis":"x","origin":[-0.1144495,10.857832,23.679129]},"faces":{"east":{"uv":[1.25,9.15625,1.46875,9.3125],"rotation":0,"texture":"#0","tintindex":0},"south":{"uv":[4.84375,8.9375,5.15625,9.09375],"rotation":0,"texture":"#0","tintindex":0},"north":{"uv":[8.9375,4.5625,9.25,4.71875],"rotation":0,"texture":"#0","tintindex":0},"west":{"uv":[9.15625,1.40625,9.375,1.5625],"rotation":0,"texture":"#0","tintindex":0},"up":{"uv":[2.3125,8.90625,2.0,8.6875],"rotation":0,"texture":"#0","tintindex":0},"down":{"uv":[2.96875,8.6875,2.65625,8.90625],"rotation":0,"texture":"#0","tintindex":0}}}],"textures":{"0":"modelengine:entity/nocsy_dragon_full"},"display":{"head":{"translation":[0.0,-6.4,0.0],"scale":[4.0,4.0,4.0]}}}