{"elements":[{"from":[5.896555,-3.0149164,7.6457324],"to":[8.639413,-0.2720585,10.38859],"rotation":{"angle":0.0,"axis":"y","origin":[7.3365555,-2.7418318,12.011062]},"faces":{"east":{"uv":[9.65625,5.65625,9.78125,5.78125],"rotation":0,"texture":"#0","tintindex":0},"south":{"uv":[9.65625,5.78125,9.78125,5.90625],"rotation":0,"texture":"#0","tintindex":0},"north":{"uv":[9.65625,5.3125,9.78125,5.4375],"rotation":0,"texture":"#0","tintindex":0},"west":{"uv":[9.65625,5.90625,9.78125,6.03125],"rotation":0,"texture":"#0","tintindex":0},"up":{"uv":[6.0625,9.78125,5.9375,9.65625],"rotation":0,"texture":"#0","tintindex":0},"down":{"uv":[9.78125,6.03125,9.65625,6.15625],"rotation":0,"texture":"#0","tintindex":0}}},{"from":[6.2394123,-3.940961,9.45075],"to":[8.2965555,-1.5409613,11.85075],"rotation":{"angle":22.5,"axis":"x","origin":[7.3365555,-2.7418318,12.011062]},"faces":{"east":{"uv":[9.65625,6.15625,9.78125,6.28125],"rotation":0,"texture":"#0","tintindex":0},"south":{"uv":[9.65625,6.28125,9.78125,6.40625],"rotation":0,"texture":"#0","tintindex":0},"north":{"uv":[6.0625,9.65625,6.1875,9.78125],"rotation":0,"texture":"#0","tintindex":0},"west":{"uv":[9.65625,6.40625,9.78125,6.53125],"rotation":0,"texture":"#0","tintindex":0},"up":{"uv":[9.78125,6.78125,9.65625,6.65625],"rotation":0,"texture":"#0","tintindex":0},"down":{"uv":[9.78125,6.78125,9.65625,6.90625],"rotation":0,"texture":"#0","tintindex":0}}},{"from":[6.5822697,-3.6088057,11.533651],"to":[8.18227,-2.0088043,13.133652],"rotation":{"angle":45.0,"axis":"x","origin":[7.3365555,-2.7418318,12.011062]},"faces":{"east":{"uv":[8.84375,9.84375,8.9375,9.9375],"rotation":0,"texture":"#0","tintindex":0},"south":{"uv":[9.34375,9.84375,9.4375,9.9375],"rotation":0,"texture":"#0","tintindex":0},"north":{"uv":[9.84375,8.6875,9.9375,8.78125],"rotation":0,"texture":"#0","tintindex":0},"west":{"uv":[9.4375,9.84375,9.53125,9.9375],"rotation":0,"texture":"#0","tintindex":0},"up":{"uv":[9.625,9.9375,9.53125,9.84375],"rotation":0,"texture":"#0","tintindex":0},"down":{"uv":[9.71875,9.84375,9.625,9.9375],"rotation":0,"texture":"#0","tintindex":0}}},{"from":[6.810841,-4.0434866,12.217161],"to":[7.953698,-2.90063,14.502875],"rotation":{"angle":0.0,"axis":"y","origin":[7.3365555,-2.7418318,12.011062]},"faces":{"east":{"uv":[0.96875,9.75,1.125,9.84375],"rotation":0,"texture":"#0","tintindex":0},"south":{"uv":[9.8125,9.84375,9.90625,9.9375],"rotation":0,"texture":"#0","tintindex":0},"north":{"uv":[9.71875,9.84375,9.8125,9.9375],"rotation":0,"texture":"#0","tintindex":0},"west":{"uv":[9.75,1.09375,9.90625,1.1875],"rotation":0,"texture":"#0","tintindex":0},"up":{"uv":[1.21875,9.90625,1.125,9.75],"rotation":0,"texture":"#0","tintindex":0},"down":{"uv":[1.3125,9.75,1.21875,9.90625],"rotation":0,"texture":"#0","tintindex":0}}},{"from":[7.267984,-4.2931156,12.918186],"to":[7.953698,-3.6074018,14.7467575],"rotation":{"angle":-22.5,"axis":"x","origin":[7.565127,-2.3418312,11.553919]},"faces":{"east":{"uv":[9.75,1.1875,9.90625,1.28125],"rotation":0,"texture":"#0","tintindex":0},"south":{"uv":[9.875,0.1875,9.96875,0.28125],"rotation":0,"texture":"#0","tintindex":0},"north":{"uv":[0.1875,9.875,0.28125,9.96875],"rotation":0,"texture":"#0","tintindex":0},"west":{"uv":[9.75,2.40625,9.90625,2.5],"rotation":0,"texture":"#0","tintindex":0},"up":{"uv":[1.40625,9.90625,1.3125,9.75],"rotation":0,"texture":"#0","tintindex":0},"down":{"uv":[9.84375,2.5,9.75,2.65625],"rotation":0,"texture":"#0","tintindex":0}}},{"from":[5.714286,3.9052525,4.0639076],"to":[10.285714,11.905252,12.063908],"rotation":{"angle":0.0,"axis":"y","origin":[16.0,-9.08581,13.905703]},"faces":{"east":{"uv":[7.09375,2.125,7.53125,2.5625],"rotation":0,"texture":"#0","tintindex":0},"south":{"uv":[7.9375,1.6875,8.1875,2.125],"rotation":0,"texture":"#0","tintindex":0},"north":{"uv":[7.90625,6.9375,8.15625,7.375],"rotation":0,"texture":"#0","tintindex":0},"west":{"uv":[6.625,7.125,7.0625,7.5625],"rotation":0,"texture":"#0","tintindex":0},"up":{"uv":[8.21875,3.21875,7.96875,2.78125],"rotation":0,"texture":"#0","tintindex":0},"down":{"uv":[8.21875,3.21875,7.96875,3.65625],"rotation":0,"texture":"#0","tintindex":0}}},{"from":[6.857143,-6.800289,-1.1135454],"to":[10.285714,0.056853294,4.600741],"rotation":{"angle":22.5,"axis":"x","origin":[8.571428,-14.114382,17.905704]},"faces":{"east":{"uv":[7.65625,3.53125,7.96875,3.90625],"rotation":0,"texture":"#0","tintindex":0},"south":{"uv":[8.53125,2.84375,8.71875,3.21875],"rotation":0,"texture":"#0","tintindex":0},"north":{"uv":[3.875,8.375,4.0625,8.75],"rotation":0,"texture":"#0","tintindex":0},"west":{"uv":[7.65625,6.0625,7.96875,6.4375],"rotation":0,"texture":"#0","tintindex":0},"up":{"uv":[3.0625,9.25,2.875,8.9375],"rotation":0,"texture":"#0","tintindex":0},"down":{"uv":[3.25,8.9375,3.0625,9.25],"rotation":0,"texture":"#0","tintindex":0}}},{"from":[5.028571,-4.318679,0.8249583],"to":[9.6,0.25274944,9.967815],"rotation":{"angle":0.0,"axis":"y","origin":[8.571428,-14.452599,17.752468]},"faces":{"east":{"uv":[7.375,5.1875,7.875,5.4375],"rotation":0,"texture":"#0","tintindex":0},"south":{"uv":[2.96875,8.6875,3.21875,8.9375],"rotation":0,"texture":"#0","tintindex":0},"north":{"uv":[6.375,8.59375,6.625,8.84375],"rotation":0,"texture":"#0","tintindex":0},"west":{"uv":[7.59375,2.53125,8.09375,2.78125],"rotation":0,"texture":"#0","tintindex":0},"up":{"uv":[2.0,8.0625,1.75,7.5625],"rotation":0,"texture":"#0","tintindex":0},"down":{"uv":[3.9375,7.5625,3.6875,8.0625],"rotation":0,"texture":"#0","tintindex":0}}},{"from":[5.6,-3.7472506,-3.1750422],"to":[9.028571,-0.31867886,2.5392442],"rotation":{"angle":0.0,"axis":"y","origin":[7.3142858,-16.624027,9.523896]},"faces":{"east":{"uv":[8.5,1.625,8.84375,1.84375],"rotation":0,"texture":"#0","tintindex":0},"south":{"uv":[5.15625,8.9375,5.375,9.15625],"rotation":0,"texture":"#0","tintindex":0},"north":{"uv":[8.21875,3.4375,8.4375,3.65625],"rotation":0,"texture":"#0","tintindex":0},"west":{"uv":[8.5,1.84375,8.84375,2.0625],"rotation":0,"texture":"#0","tintindex":0},"up":{"uv":[5.0625,8.75,4.84375,8.40625],"rotation":0,"texture":"#0","tintindex":0},"down":{"uv":[0.46875,8.4375,0.25,8.78125],"rotation":0,"texture":"#0","tintindex":0}}}],"textures":{"0":"modelengine:entity/nocsy_dragon_full"},"display":{"head":{"translation":[0.0,-6.4,0.0],"scale":[4.0,4.0,4.0]}}}