{"elements":[{"from":[6.56,7.676382,5.58614],"to":[9.302857,10.419239,8.328997],"rotation":{"angle":0.0,"axis":"y","origin":[0.36010218,15.642914,3.3606796]},"faces":{"east":{"uv":[4.78125,9.46875,4.90625,9.59375],"rotation":0,"texture":"#0","tintindex":0},"south":{"uv":[4.90625,9.46875,5.03125,9.59375],"rotation":0,"texture":"#0","tintindex":0},"north":{"uv":[4.65625,9.46875,4.78125,9.59375],"rotation":0,"texture":"#0","tintindex":0},"west":{"uv":[6.25,9.46875,6.375,9.59375],"rotation":0,"texture":"#0","tintindex":0},"up":{"uv":[6.5,9.59375,6.375,9.46875],"rotation":0,"texture":"#0","tintindex":0},"down":{"uv":[6.625,9.46875,6.5,9.59375],"rotation":0,"texture":"#0","tintindex":0}}},{"from":[6.902857,12.166502,9.455005],"to":[8.96,14.566502,11.855004],"rotation":{"angle":22.5,"axis":"x","origin":[4.388674,25.1572,-1.4678926]},"faces":{"east":{"uv":[9.46875,6.625,9.59375,6.75],"rotation":0,"texture":"#0","tintindex":0},"south":{"uv":[7.21875,9.46875,7.34375,9.59375],"rotation":0,"texture":"#0","tintindex":0},"north":{"uv":[6.625,9.46875,6.75,9.59375],"rotation":0,"texture":"#0","tintindex":0},"west":{"uv":[9.46875,7.4375,9.59375,7.5625],"rotation":0,"texture":"#0","tintindex":0},"up":{"uv":[7.65625,9.59375,7.53125,9.46875],"rotation":0,"texture":"#0","tintindex":0},"down":{"uv":[7.78125,9.46875,7.65625,9.59375],"rotation":0,"texture":"#0","tintindex":0}}},{"from":[7.245714,17.650455,11.864622],"to":[8.845715,19.250456,13.4646225],"rotation":{"angle":45.0,"axis":"x","origin":[4.388674,25.1572,-1.4678926]},"faces":{"east":{"uv":[9.78125,5.71875,9.875,5.8125],"rotation":0,"texture":"#0","tintindex":0},"south":{"uv":[9.78125,5.8125,9.875,5.90625],"rotation":0,"texture":"#0","tintindex":0},"north":{"uv":[9.78125,5.625,9.875,5.71875],"rotation":0,"texture":"#0","tintindex":0},"west":{"uv":[5.875,9.78125,5.96875,9.875],"rotation":0,"texture":"#0","tintindex":0},"up":{"uv":[9.875,6.0,9.78125,5.90625],"rotation":0,"texture":"#0","tintindex":0},"down":{"uv":[6.0625,9.78125,5.96875,9.875],"rotation":0,"texture":"#0","tintindex":0}}},{"from":[7.4742856,10.304954,1.4718537],"to":[8.617143,11.447811,3.7575684],"rotation":{"angle":0.0,"axis":"y","origin":[4.388674,25.1572,-1.4678926]},"faces":{"east":{"uv":[8.53125,6.03125,8.6875,6.125],"rotation":0,"texture":"#0","tintindex":0},"south":{"uv":[6.0625,9.78125,6.15625,9.875],"rotation":0,"texture":"#0","tintindex":0},"north":{"uv":[9.78125,6.0,9.875,6.09375],"rotation":0,"texture":"#0","tintindex":0},"west":{"uv":[8.59375,5.0625,8.75,5.15625],"rotation":0,"texture":"#0","tintindex":0},"up":{"uv":[7.21875,9.78125,7.125,9.625],"rotation":0,"texture":"#0","tintindex":0},"down":{"uv":[2.78125,9.6875,2.6875,9.84375],"rotation":0,"texture":"#0","tintindex":0}}},{"from":[7.702857,8.953057,-6.417445],"to":[8.388572,9.638772,-4.588874],"rotation":{"angle":-22.5,"axis":"x","origin":[4.5029593,26.985771,-5.810749]},"faces":{"east":{"uv":[8.625,0.46875,8.78125,0.5625],"rotation":0,"texture":"#0","tintindex":0},"south":{"uv":[9.78125,6.1875,9.875,6.28125],"rotation":0,"texture":"#0","tintindex":0},"north":{"uv":[9.78125,6.09375,9.875,6.1875],"rotation":0,"texture":"#0","tintindex":0},"west":{"uv":[0.46875,8.6875,0.625,8.78125],"rotation":0,"texture":"#0","tintindex":0},"up":{"uv":[3.25,9.84375,3.15625,9.6875],"rotation":0,"texture":"#0","tintindex":0},"down":{"uv":[3.34375,9.6875,3.25,9.84375],"rotation":0,"texture":"#0","tintindex":0}}}],"textures":{"0":"modelengine:entity/nocsy_dragon_full"},"display":{"head":{"translation":[0.0,-6.4,0.0],"scale":[4.0,4.0,4.0]}}}