{"elements":[{"from":[5.860317,9.635253,10.999653],"to":[10.4317465,14.206682,14.428225],"rotation":{"angle":-22.5,"axis":"x","origin":[8.146031,-6.239994,19.422813]},"faces":{"east":{"uv":[5.375,8.96875,5.5625,9.21875],"rotation":0,"texture":"#0","tintindex":0},"south":{"uv":[7.90625,8.71875,8.15625,8.96875],"rotation":0,"texture":"#0","tintindex":0},"north":{"uv":[7.65625,8.71875,7.90625,8.96875],"rotation":0,"texture":"#0","tintindex":0},"west":{"uv":[5.5625,8.96875,5.75,9.21875],"rotation":0,"texture":"#0","tintindex":0},"up":{"uv":[9.21875,5.75,8.96875,5.5625],"rotation":0,"texture":"#0","tintindex":0},"down":{"uv":[6.0,8.96875,5.75,9.15625],"rotation":0,"texture":"#0","tintindex":0}}},{"from":[5.174603,13.063826,9.856795],"to":[7.4603176,15.349539,13.285367],"rotation":{"angle":-22.5,"axis":"x","origin":[8.146031,-6.239994,19.422813]},"faces":{"east":{"uv":[8.5625,9.375,8.75,9.5],"rotation":0,"texture":"#0","tintindex":0},"south":{"uv":[2.1875,9.6875,2.3125,9.8125],"rotation":0,"texture":"#0","tintindex":0},"north":{"uv":[2.0625,9.6875,2.1875,9.8125],"rotation":0,"texture":"#0","tintindex":0},"west":{"uv":[9.40625,0.3125,9.59375,0.4375],"rotation":0,"texture":"#0","tintindex":0},"up":{"uv":[8.875,9.5625,8.75,9.375],"rotation":0,"texture":"#0","tintindex":0},"down":{"uv":[9.53125,0.4375,9.40625,0.625],"rotation":0,"texture":"#0","tintindex":0}}},{"from":[8.717461,13.063826,9.856795],"to":[11.003175,15.349539,13.285367],"rotation":{"angle":-22.5,"axis":"x","origin":[8.146031,-6.239994,19.422813]},"faces":{"east":{"uv":[9.40625,0.625,9.59375,0.75],"rotation":0,"texture":"#0","tintindex":0},"south":{"uv":[2.3125,9.6875,2.4375,9.8125],"rotation":0,"texture":"#0","tintindex":0},"north":{"uv":[9.6875,2.28125,9.8125,2.40625],"rotation":0,"texture":"#0","tintindex":0},"west":{"uv":[9.40625,1.53125,9.59375,1.65625],"rotation":0,"texture":"#0","tintindex":0},"up":{"uv":[9.53125,1.84375,9.40625,1.65625],"rotation":0,"texture":"#0","tintindex":0},"down":{"uv":[2.90625,9.40625,2.78125,9.59375],"rotation":0,"texture":"#0","tintindex":0}}},{"from":[9.060318,10.313559,14.518178],"to":[10.660317,11.913558,17.261036],"rotation":{"angle":-45.0,"axis":"x","origin":[9.860317,-5.820224,12.074225]},"faces":{"east":{"uv":[9.75,8.09375,9.90625,8.1875],"rotation":0,"texture":"#0","tintindex":0},"south":{"uv":[9.875,4.90625,9.96875,5.0],"rotation":0,"texture":"#0","tintindex":0},"north":{"uv":[4.875,9.875,4.96875,9.96875],"rotation":0,"texture":"#0","tintindex":0},"west":{"uv":[9.75,8.1875,9.90625,8.28125],"rotation":0,"texture":"#0","tintindex":0},"up":{"uv":[9.84375,8.4375,9.75,8.28125],"rotation":0,"texture":"#0","tintindex":0},"down":{"uv":[9.84375,8.4375,9.75,8.59375],"rotation":0,"texture":"#0","tintindex":0}}},{"from":[9.746032,8.199272,10.232464],"to":[9.746032,12.770701,14.803892],"rotation":{"angle":-45.0,"axis":"x","origin":[9.860317,-5.820224,12.074225]},"faces":{"east":{"uv":[8.71875,7.90625,8.96875,8.15625],"rotation":0,"texture":"#0","tintindex":0},"south":{"uv":[0.0,0.0,0.0,0.25],"rotation":0,"texture":"#0","tintindex":0},"north":{"uv":[0.0,0.0,0.0,0.25],"rotation":0,"texture":"#0","tintindex":0},"west":{"uv":[8.15625,8.71875,8.40625,8.96875],"rotation":0,"texture":"#0","tintindex":0},"up":{"uv":[0.0,0.25,0.0,0.0],"rotation":0,"texture":"#0","tintindex":0},"down":{"uv":[0.0,0.0,0.0,0.25],"rotation":0,"texture":"#0","tintindex":0}}},{"from":[6.146032,8.199272,10.232464],"to":[6.146032,12.770701,14.803892],"rotation":{"angle":-45.0,"axis":"x","origin":[9.860317,-5.820224,12.074225]},"faces":{"east":{"uv":[8.71875,8.15625,8.96875,8.40625],"rotation":0,"texture":"#0","tintindex":0},"south":{"uv":[0.0,0.0,0.0,0.25],"rotation":0,"texture":"#0","tintindex":0},"north":{"uv":[0.0,0.0,0.0,0.25],"rotation":0,"texture":"#0","tintindex":0},"west":{"uv":[8.71875,8.40625,8.96875,8.65625],"rotation":0,"texture":"#0","tintindex":0},"up":{"uv":[0.0,0.25,0.0,0.0],"rotation":0,"texture":"#0","tintindex":0},"down":{"uv":[0.0,0.0,0.0,0.25],"rotation":0,"texture":"#0","tintindex":0}}},{"from":[7.688889,4.9121656,4.8510637],"to":[7.688889,9.483595,9.422492],"rotation":{"angle":-22.5,"axis":"x","origin":[9.860317,-5.820224,12.074225]},"faces":{"east":{"uv":[8.71875,8.65625,8.96875,8.90625],"rotation":0,"texture":"#0","tintindex":0},"south":{"uv":[0.0,0.0,0.0,0.25],"rotation":0,"texture":"#0","tintindex":0},"north":{"uv":[0.0,0.0,0.0,0.25],"rotation":0,"texture":"#0","tintindex":0},"west":{"uv":[8.75,2.5,9.0,2.75],"rotation":0,"texture":"#0","tintindex":0},"up":{"uv":[0.0,0.25,0.0,0.0],"rotation":0,"texture":"#0","tintindex":0},"down":{"uv":[0.0,0.0,0.0,0.25],"rotation":0,"texture":"#0","tintindex":0}}},{"from":[5.4031744,10.313559,14.518178],"to":[7.003175,11.913558,17.261036],"rotation":{"angle":-45.0,"axis":"x","origin":[9.860317,-5.820224,12.074225]},"faces":{"east":{"uv":[8.5,9.75,8.65625,9.84375],"rotation":0,"texture":"#0","tintindex":0},"south":{"uv":[9.875,5.25,9.96875,5.34375],"rotation":0,"texture":"#0","tintindex":0},"north":{"uv":[9.875,5.0,9.96875,5.09375],"rotation":0,"texture":"#0","tintindex":0},"west":{"uv":[9.75,8.59375,9.90625,8.6875],"rotation":0,"texture":"#0","tintindex":0},"up":{"uv":[9.84375,8.84375,9.75,8.6875],"rotation":0,"texture":"#0","tintindex":0},"down":{"uv":[8.84375,9.75,8.75,9.90625],"rotation":0,"texture":"#0","tintindex":0}}},{"from":[6.888889,8.606682,9.856795],"to":[9.174603,10.892396,13.285367],"rotation":{"angle":-22.5,"axis":"x","origin":[8.146031,-6.239994,19.422813]},"faces":{"east":{"uv":[9.40625,2.1875,9.59375,2.3125],"rotation":0,"texture":"#0","tintindex":0},"south":{"uv":[2.5625,9.6875,2.6875,9.8125],"rotation":0,"texture":"#0","tintindex":0},"north":{"uv":[2.4375,9.6875,2.5625,9.8125],"rotation":0,"texture":"#0","tintindex":0},"west":{"uv":[2.90625,9.40625,3.09375,9.53125],"rotation":0,"texture":"#0","tintindex":0},"up":{"uv":[9.53125,3.09375,9.40625,2.90625],"rotation":0,"texture":"#0","tintindex":0},"down":{"uv":[3.21875,9.40625,3.09375,9.59375],"rotation":0,"texture":"#0","tintindex":0}}}],"textures":{"0":"modelengine:entity/nocsy_dragon_full"},"display":{"head":{"translation":[0.0,-6.4,0.0],"scale":[4.0,4.0,4.0]}}}