{"elements":[{"from":[6.6771398,7.40759,-6.8571453],"to":[8.962854,23.407589,-4.57143],"rotation":{"angle":0.0,"axis":"y","origin":[7.2150164,-11.393469,7.651819]},"faces":{"east":{"uv":[5.625,7.84375,5.75,8.71875],"rotation":0,"texture":"#0","tintindex":0},"south":{"uv":[5.75,7.84375,5.875,8.71875],"rotation":0,"texture":"#0","tintindex":0},"north":{"uv":[4.34375,7.84375,4.46875,8.71875],"rotation":0,"texture":"#0","tintindex":0},"west":{"uv":[5.875,7.84375,6.0,8.71875],"rotation":0,"texture":"#0","tintindex":0},"up":{"uv":[3.46875,9.59375,3.34375,9.46875],"rotation":0,"texture":"#0","tintindex":0},"down":{"uv":[9.59375,3.65625,9.46875,3.78125],"rotation":0,"texture":"#0","tintindex":0}}},{"from":[7.7057114,-0.59241104,-6.8571453],"to":[7.7057114,24.550447,32.0],"rotation":{"angle":0.0,"axis":"y","origin":[7.2150164,-11.393469,7.651819]},"faces":{"east":{"uv":[4.0,0.0,6.125,1.375],"rotation":0,"texture":"#0","tintindex":0},"south":{"uv":[0.0,0.0,0.0,1.375],"rotation":0,"texture":"#0","tintindex":0},"north":{"uv":[0.0,0.0,0.0,1.375],"rotation":0,"texture":"#0","tintindex":0},"west":{"uv":[4.0,1.375,6.125,2.75],"rotation":0,"texture":"#0","tintindex":0},"up":{"uv":[0.0,2.125,0.0,0.0],"rotation":0,"texture":"#0","tintindex":0},"down":{"uv":[0.0,0.0,0.0,2.125],"rotation":0,"texture":"#0","tintindex":0}}}],"textures":{"0":"modelengine:entity/nocsy_dragon_full"},"display":{"head":{"translation":[0.0,-6.4,55.991013],"scale":[4.0,4.0,4.0]}}}