{"elements":[{"from":[6.9026976,-1.0419025,0.444654],"to":[8.502698,10.158097,2.044654],"rotation":{"angle":0.0,"axis":"y","origin":[8.320345,-6.670192,10.904676]},"faces":{"east":{"uv":[6.125,7.84375,6.25,8.71875],"rotation":0,"texture":"#0","tintindex":0},"south":{"uv":[6.25,7.84375,6.375,8.71875],"rotation":0,"texture":"#0","tintindex":0},"north":{"uv":[6.0,7.84375,6.125,8.71875],"rotation":0,"texture":"#0","tintindex":0},"west":{"uv":[7.875,0.8125,8.0,1.6875],"rotation":0,"texture":"#0","tintindex":0},"up":{"uv":[7.90625,9.59375,7.78125,9.46875],"rotation":0,"texture":"#0","tintindex":0},"down":{"uv":[8.40625,9.46875,8.28125,9.59375],"rotation":0,"texture":"#0","tintindex":0}}},{"from":[7.622698,-1.0419025,0.444654],"to":[7.622698,31.758099,26.044655],"rotation":{"angle":0.0,"axis":"y","origin":[8.320345,-6.670192,10.904676]},"faces":{"east":{"uv":[0.0,0.0,2.0,2.5625],"rotation":0,"texture":"#0","tintindex":0},"south":{"uv":[0.0,0.0,0.0,2.5625],"rotation":0,"texture":"#0","tintindex":0},"north":{"uv":[0.0,0.0,0.0,2.5625],"rotation":0,"texture":"#0","tintindex":0},"west":{"uv":[2.0,0.0,4.0,2.5625],"rotation":0,"texture":"#0","tintindex":0},"up":{"uv":[0.0,2.0,0.0,0.0],"rotation":0,"texture":"#0","tintindex":0},"down":{"uv":[0.0,0.0,0.0,2.0],"rotation":0,"texture":"#0","tintindex":0}}},{"from":[6.9826975,13.285088,4.06392],"to":[8.422698,14.725089,12.70392],"rotation":{"angle":-45.0,"axis":"x","origin":[9.120345,2.9298086,20.664677]},"faces":{"east":{"uv":[8.0,4.59375,8.6875,4.71875],"rotation":0,"texture":"#0","tintindex":0},"south":{"uv":[9.46875,9.3125,9.59375,9.4375],"rotation":0,"texture":"#0","tintindex":0},"north":{"uv":[8.40625,9.46875,8.53125,9.59375],"rotation":0,"texture":"#0","tintindex":0},"west":{"uv":[8.0,4.71875,8.6875,4.84375],"rotation":0,"texture":"#0","tintindex":0},"up":{"uv":[3.875,8.75,3.75,8.0625],"rotation":0,"texture":"#0","tintindex":0},"down":{"uv":[4.59375,8.15625,4.46875,8.84375],"rotation":0,"texture":"#0","tintindex":0}}},{"from":[6.9826975,-1.521903,-1.2353458],"to":[8.422698,-0.081902504,1.8046541],"rotation":{"angle":0.0,"axis":"y","origin":[9.120345,2.9298086,20.664677]},"faces":{"east":{"uv":[9.15625,1.6875,9.40625,1.8125],"rotation":0,"texture":"#0","tintindex":0},"south":{"uv":[0.4375,9.5,0.5625,9.625],"rotation":0,"texture":"#0","tintindex":0},"north":{"uv":[9.46875,9.4375,9.59375,9.5625],"rotation":0,"texture":"#0","tintindex":0},"west":{"uv":[9.15625,1.8125,9.40625,1.9375],"rotation":0,"texture":"#0","tintindex":0},"up":{"uv":[5.125,9.34375,5.0,9.09375],"rotation":0,"texture":"#0","tintindex":0},"down":{"uv":[9.28125,1.9375,9.15625,2.1875],"rotation":0,"texture":"#0","tintindex":0}}},{"from":[6.8226976,-5.483797,-0.3618393],"to":[8.582698,-3.7237968,1.3981609],"rotation":{"angle":22.5,"axis":"x","origin":[9.120345,2.3698082,9.824676]},"faces":{"east":{"uv":[9.5,0.75,9.625,0.875],"rotation":0,"texture":"#0","tintindex":0},"south":{"uv":[9.5,0.875,9.625,1.0],"rotation":0,"texture":"#0","tintindex":0},"north":{"uv":[0.5625,9.5,0.6875,9.625],"rotation":0,"texture":"#0","tintindex":0},"west":{"uv":[1.0,9.5,1.125,9.625],"rotation":0,"texture":"#0","tintindex":0},"up":{"uv":[9.625,1.125,9.5,1.0],"rotation":0,"texture":"#0","tintindex":0},"down":{"uv":[9.625,1.125,9.5,1.25],"rotation":0,"texture":"#0","tintindex":0}}},{"from":[7.0626974,-8.390947,2.1893969],"to":[8.342697,-7.1109486,3.4693966],"rotation":{"angle":45.0,"axis":"x","origin":[9.120345,2.3698082,9.824676]},"faces":{"east":{"uv":[1.3125,9.5,1.4375,9.625],"rotation":0,"texture":"#0","tintindex":0},"south":{"uv":[9.5,2.4375,9.625,2.5625],"rotation":0,"texture":"#0","tintindex":0},"north":{"uv":[9.5,1.25,9.625,1.375],"rotation":0,"texture":"#0","tintindex":0},"west":{"uv":[9.5,2.5625,9.625,2.6875],"rotation":0,"texture":"#0","tintindex":0},"up":{"uv":[9.625,2.8125,9.5,2.6875],"rotation":0,"texture":"#0","tintindex":0},"down":{"uv":[9.625,3.3125,9.5,3.4375],"rotation":0,"texture":"#0","tintindex":0}}},{"from":[7.3026977,4.762856,-2.789362],"to":[8.102697,6.3628564,-1.9893618],"rotation":{"angle":-22.5,"axis":"x","origin":[9.120345,2.3698082,9.824676]},"faces":{"east":{"uv":[3.5625,9.6875,3.65625,9.84375],"rotation":0,"texture":"#0","tintindex":0},"south":{"uv":[3.65625,9.6875,3.75,9.84375],"rotation":0,"texture":"#0","tintindex":0},"north":{"uv":[3.46875,9.6875,3.5625,9.84375],"rotation":0,"texture":"#0","tintindex":0},"west":{"uv":[3.75,9.6875,3.84375,9.84375],"rotation":0,"texture":"#0","tintindex":0},"up":{"uv":[9.875,6.375,9.78125,6.28125],"rotation":0,"texture":"#0","tintindex":0},"down":{"uv":[9.875,6.375,9.78125,6.46875],"rotation":0,"texture":"#0","tintindex":0}}},{"from":[6.9866977,9.326857,8.854639],"to":[8.418697,10.758857,19.08664],"rotation":{"angle":-22.5,"axis":"x","origin":[9.120345,2.9298086,20.664677]},"faces":{"east":{"uv":[7.96875,2.125,8.78125,2.25],"rotation":0,"texture":"#0","tintindex":0},"south":{"uv":[9.5,3.90625,9.625,4.03125],"rotation":0,"texture":"#0","tintindex":0},"north":{"uv":[9.5,3.78125,9.625,3.90625],"rotation":0,"texture":"#0","tintindex":0},"west":{"uv":[7.96875,2.25,8.78125,2.375],"rotation":0,"texture":"#0","tintindex":0},"up":{"uv":[0.78125,8.8125,0.65625,8.0],"rotation":0,"texture":"#0","tintindex":0},"down":{"uv":[0.90625,8.0625,0.78125,8.875],"rotation":0,"texture":"#0","tintindex":0}}},{"from":[6.9826975,8.159618,16.366493],"to":[8.422698,9.599618,26.606493],"rotation":{"angle":0.0,"axis":"y","origin":[9.120345,14.091329,33.186516]},"faces":{"east":{"uv":[7.96875,2.375,8.78125,2.5],"rotation":0,"texture":"#0","tintindex":0},"south":{"uv":[9.5,4.15625,9.625,4.28125],"rotation":0,"texture":"#0","tintindex":0},"north":{"uv":[4.15625,9.5,4.28125,9.625],"rotation":0,"texture":"#0","tintindex":0},"west":{"uv":[7.96875,6.5,8.78125,6.625],"rotation":0,"texture":"#0","tintindex":0},"up":{"uv":[1.03125,8.875,0.90625,8.0625],"rotation":0,"texture":"#0","tintindex":0},"down":{"uv":[1.15625,8.0625,1.03125,8.875],"rotation":0,"texture":"#0","tintindex":0}}},{"from":[6.8226976,8.0396185,24.846495],"to":[8.582698,9.799618,28.206493],"rotation":{"angle":0.0,"axis":"y","origin":[9.120345,13.851329,32.746513]},"faces":{"east":{"uv":[9.15625,2.1875,9.40625,2.3125],"rotation":0,"texture":"#0","tintindex":0},"south":{"uv":[9.5,4.90625,9.625,5.03125],"rotation":0,"texture":"#0","tintindex":0},"north":{"uv":[9.5,4.5625,9.625,4.6875],"rotation":0,"texture":"#0","tintindex":0},"west":{"uv":[9.15625,2.9375,9.40625,3.0625],"rotation":0,"texture":"#0","tintindex":0},"up":{"uv":[9.28125,3.84375,9.15625,3.59375],"rotation":0,"texture":"#0","tintindex":0},"down":{"uv":[4.40625,9.15625,4.28125,9.40625],"rotation":0,"texture":"#0","tintindex":0}}},{"from":[7.0626974,4.4777236,29.839998],"to":[8.342697,5.757724,31.12],"rotation":{"angle":22.5,"axis":"x","origin":[9.120345,12.09133,38.826515]},"faces":{"east":{"uv":[9.5,7.03125,9.625,7.15625],"rotation":0,"texture":"#0","tintindex":0},"south":{"uv":[9.5,7.15625,9.625,7.28125],"rotation":0,"texture":"#0","tintindex":0},"north":{"uv":[5.4375,9.5,5.5625,9.625],"rotation":0,"texture":"#0","tintindex":0},"west":{"uv":[9.5,7.28125,9.625,7.40625],"rotation":0,"texture":"#0","tintindex":0},"up":{"uv":[9.625,8.03125,9.5,7.90625],"rotation":0,"texture":"#0","tintindex":0},"down":{"uv":[9.625,8.03125,9.5,8.15625],"rotation":0,"texture":"#0","tintindex":0}}},{"from":[7.3026977,4.7177234,30.4],"to":[8.102697,5.5177236,32.0],"rotation":{"angle":22.5,"axis":"x","origin":[9.120345,12.09133,38.826515]},"faces":{"east":{"uv":[8.78125,5.5625,8.9375,5.65625],"rotation":0,"texture":"#0","tintindex":0},"south":{"uv":[9.78125,6.71875,9.875,6.8125],"rotation":0,"texture":"#0","tintindex":0},"north":{"uv":[9.78125,6.625,9.875,6.71875],"rotation":0,"texture":"#0","tintindex":0},"west":{"uv":[8.96875,2.28125,9.125,2.375],"rotation":0,"texture":"#0","tintindex":0},"up":{"uv":[3.9375,9.84375,3.84375,9.6875],"rotation":0,"texture":"#0","tintindex":0},"down":{"uv":[4.03125,9.6875,3.9375,9.84375],"rotation":0,"texture":"#0",