{"elements":[{"from":[5.16,6.2492323,7.125508],"to":[10.862857,8.523518,11.685508],"rotation":{"angle":0.0,"axis":"y","origin":[8.582857,10.284725,27.298643]},"faces":{"east":{"uv":[9.15625,8.53125,9.40625,8.65625],"rotation":0,"texture":"#0","tintindex":0},"south":{"uv":[1.9375,9.09375,2.25,9.21875],"rotation":0,"texture":"#0","tintindex":0},"north":{"uv":[9.09375,0.71875,9.40625,0.84375],"rotation":0,"texture":"#0","tintindex":0},"west":{"uv":[9.15625,8.65625,9.40625,8.78125],"rotation":0,"texture":"#0","tintindex":0},"up":{"uv":[8.78125,5.40625,8.46875,5.15625],"rotation":0,"texture":"#0","tintindex":0},"down":{"uv":[8.78125,5.40625,8.46875,5.65625],"rotation":0,"texture":"#0","tintindex":0}}},{"from":[5.16,6.2492323,7.125508],"to":[10.862857,8.523518,11.685508],"rotation":{"angle":0.0,"axis":"y","origin":[8.582857,10.284725,27.298643]},"faces":{"east":{"uv":[9.15625,8.78125,9.40625,8.90625],"rotation":0,"texture":"#0","tintindex":0},"south":{"uv":[9.09375,4.03125,9.40625,4.15625],"rotation":0,"texture":"#0","tintindex":0},"north":{"uv":[2.46875,9.09375,2.78125,9.21875],"rotation":0,"texture":"#0","tintindex":0},"west":{"uv":[1.0,9.1875,1.25,9.3125],"rotation":0,"texture":"#0","tintindex":0},"up":{"uv":[8.78125,7.0,8.46875,6.75],"rotation":0,"texture":"#0","tintindex":0},"down":{"uv":[8.78125,7.0,8.46875,7.25],"rotation":0,"texture":"#0","tintindex":0}}},{"from":[4.1257143,-8.333103,15.408318],"to":[6.4114285,-4.9045315,17.694033],"rotation":{"angle":45.0,"axis":"x","origin":[8.582857,10.284725,27.298643]},"faces":{"east":{"uv":[1.90625,9.375,2.03125,9.5625],"rotation":0,"texture":"#0","tintindex":0},"south":{"uv":[2.03125,9.375,2.15625,9.5625],"rotation":0,"texture":"#0","tintindex":0},"north":{"uv":[9.375,1.21875,9.5,1.40625],"rotation":0,"texture":"#0","tintindex":0},"west":{"uv":[2.15625,9.375,2.28125,9.5625],"rotation":0,"texture":"#0","tintindex":0},"up":{"uv":[9.78125,4.0625,9.65625,3.9375],"rotation":0,"texture":"#0","tintindex":0},"down":{"uv":[9.78125,4.28125,9.65625,4.40625],"rotation":0,"texture":"#0","tintindex":0}}},{"from":[6.754286,-8.333103,15.408318],"to":[9.04,-4.9045315,17.694033],"rotation":{"angle":45.0,"axis":"x","origin":[8.582857,10.284725,27.298643]},"faces":{"east":{"uv":[2.40625,9.375,2.53125,9.5625],"rotation":0,"texture":"#0","tintindex":0},"south":{"uv":[2.53125,9.375,2.65625,9.5625],"rotation":0,"texture":"#0","tintindex":0},"north":{"uv":[2.28125,9.375,2.40625,9.5625],"rotation":0,"texture":"#0","tintindex":0},"west":{"uv":[2.65625,9.375,2.78125,9.5625],"rotation":0,"texture":"#0","tintindex":0},"up":{"uv":[9.78125,4.53125,9.65625,4.40625],"rotation":0,"texture":"#0","tintindex":0},"down":{"uv":[9.78125,4.9375,9.65625,5.0625],"rotation":0,"texture":"#0","tintindex":0}}},{"from":[9.725715,-8.333103,15.408318],"to":[12.011429,-4.9045315,17.694033],"rotation":{"angle":45.0,"axis":"x","origin":[8.582857,10.284725,27.298643]},"faces":{"east":{"uv":[9.375,3.3125,9.5,3.5],"rotation":0,"texture":"#0","tintindex":0},"south":{"uv":[9.375,3.84375,9.5,4.03125],"rotation":0,"texture":"#0","tintindex":0},"north":{"uv":[9.375,2.71875,9.5,2.90625],"rotation":0,"texture":"#0","tintindex":0},"west":{"uv":[3.90625,9.375,4.03125,9.5625],"rotation":0,"texture":"#0","tintindex":0},"up":{"uv":[9.78125,5.1875,9.65625,5.0625],"rotation":0,"texture":"#0","tintindex":0},"down":{"uv":[9.78125,5.1875,9.65625,5.3125],"rotation":0,"texture":"#0","tintindex":0}}},{"from":[7.0971427,-4.976411,9.514917],"to":[8.697143,-1.6621227,11.114918],"rotation":{"angle":22.5,"axis":"x","origin":[8.582857,10.284725,27.298643]},"faces":{"east":{"uv":[9.40625,8.84375,9.5,9.03125],"rotation":0,"texture":"#0","tintindex":0},"south":{"uv":[9.4375,0.0,9.53125,0.1875],"rotation":0,"texture":"#0","tintindex":0},"north":{"uv":[9.40625,8.65625,9.5,8.84375],"rotation":0,"texture":"#0","tintindex":0},"west":{"uv":[1.125,9.4375,1.21875,9.625],"rotation":0,"texture":"#0","tintindex":0},"up":{"uv":[9.9375,8.09375,9.84375,8.0],"rotation":0,"texture":"#0","tintindex":0},"down":{"uv":[9.9375,8.28125,9.84375,8.375],"rotation":0,"texture":"#0","tintindex":0}}},{"from":[4.4685717,-4.976411,9.514917],"to":[6.0685716,-1.6621227,11.114918],"rotation":{"angle":22.5,"axis":"x","origin":[8.582857,10.284725,27.298643]},"faces":{"east":{"uv":[7.03125,9.4375,7.125,9.625],"rotation":0,"texture":"#0","tintindex":0},"south":{"uv":[7.125,9.4375,7.21875,9.625],"rotation":0,"texture":"#0","tintindex":0},"north":{"uv":[1.21875,9.4375,1.3125,9.625],"rotation":0,"texture":"#0","tintindex":0},"west":{"uv":[8.875,9.4375,8.96875,9.625],"rotation":0,"texture":"#0","tintindex":0},"up":{"uv":[9.9375,8.46875,9.84375,8.375],"rotation":0,"texture":"#0","tintindex":0},"down":{"uv":[9.9375,8.46875,9.84375,8.5625],"rotation":0,"texture":"#0","tintindex":0}}},{"from":[10.068571,-4.976411,9.514917],"to":[11.668571,-1.6621227,11.114918],"rotation":{"angle":22.5,"axis":"x","origin":[8.582857,10.284725,27.298643]},"faces":{"east":{"uv":[1.4375,9.46875,1.53125,9.65625],"rotation":0,"texture":"#0","tintindex":0},"south":{"uv":[1.71875,9.46875,1.8125,9.65625],"rotation":0,"texture":"#0","tintindex":0},"north":{"uv":[8.96875,9.4375,9.0625,9.625],"rotation":0,"texture":"#0","tintindex":0},"west":{"uv":[1.8125,9.46875,1.90625,9.65625],"rotation":0,"texture":"#0","tintindex":0},"up":{"uv":[8.59375,9.9375,8.5,9.84375],"rotation":0,"texture":"#0","tintindex":0},"down":{"uv":[8.6875,9.84375,8.59375,9.9375],"rotation":0,"texture":"#0","tintindex":0}}},{"from":[10.754286,-8.862125,9.17206],"to":[10.754286,-4.8621244,12.600632],"rotation":{"angle":22.5,"axis":"x","origin":[8.582857,10.284725,27.298643]},"faces":{"east":{"uv":[7.96875,8.96875,8.15625,9.1875],"rotation":0,"texture":"#0","tintindex":0},"south":{"uv":[0.0,0.0,0.0,0.21875],"rotation":0,"texture":"#0","tintindex":0},"north":{"uv":[0.0,0.0,0.0,0.21875],"rotation":0,"texture":"#0","tintindex":0},"west":{"uv":[8.96875,8.125,9.15625,8.34375],"rotation":0,"texture":"#0","tintindex":0},"up":{"uv":[0.0,0.1875,0.0,0.0],"rotation":0,"texture":"#0","tintindex":0},"down":{"uv":[0.0,0.0,0.0,0.1875],"rotation":0,"texture":"#0","tintindex":0}}},{"from":[7.897143,-8.862125,9.17206],"to":[7.897143,-4.8621244,12.600632],"rotation":{"angle":22.5,"axis":"x","origin":[8.582857,10.284725,27.298643]},"faces":{"east":{"uv":[8.15625,8.96875,8.34375,9.1875],"rotation":0,"texture":"#0","tintindex":0},"south":{"uv":[0.0,0.0,0.0,0.21875],"rotation":0,"texture":"#0","tintindex":0},"north":{"uv":[0.0,0.0,0.0,0.21875],"rotation":0,"texture":"#0","tintindex":0},"west":{"uv":[8.96875,8.34375,9.15625,8.5625],"rotation":0,"texture":"#0","tintindex":0},"up":{"uv":[0.0,0.1875,0.0,0.0],"rotation":0,"texture":"#0","tintindex":0},"down":{"uv":[0.0,0.0,0.0,0.1875],"rotation":0,"texture":"#0","tintindex":0}}},{"from":[5.268571,-8.862125,9.17206],"to":[5.268571,-4.8621244,12.600632],"rotation":{"angle":22.5,"axis":"x","origin":[8.582857,10.284725,27.298643]},"faces":{"east":{"uv":[8.96875,8.5625,9.15625,8.78125],"rotation":0,"texture":"#0","tintindex":0},"south":{"uv":[0.0,0.0,0.0,0.21875],"rotation":0,"texture":"#0","tintindex":0},"north":{"uv":[0.0,0.0,0.0,0.21875],"rotation":0,"texture":"#0","tintindex":0},"west":{"uv":[8.96875,8.78125,9.15625,9.0],"rotation":0,"texture":"#0","tintindex":0},"up":{"uv":[0.0,0.1875,0.0,0.0],"rotation":0,"texture":"#0","tintindex":0},"down":{"uv":[0.0,0.0,0.0,0.1875],"rotation":0,"texture":"#0","tintindex":0}}}],"textures":{"0":"modelengine:entity/nocsy_dragon_full"},"display":{"head":{"translation":[0.0,-6.4,0.0],"scale":[4.0,4.0,4.0]}}}