{"elements":[{"from":[7.030539,7.0012646,6.7815],"to":[9.7733965,23.458408,9.524357],"rotation":{"angle":0.0,"axis":"y","origin":[7.030539,14.527908,21.953224]},"faces":{"east":{"uv":[2.5625,7.375,2.71875,8.28125],"rotation":0,"texture":"#0","tintindex":0},"south":{"uv":[1.28125,7.4375,1.4375,8.34375],"rotation":0,"texture":"#0","tintindex":0},"north":{"uv":[4.46875,7.25,4.625,8.15625],"rotation":0,"texture":"#0","tintindex":0},"west":{"uv":[1.4375,7.4375,1.59375,8.34375],"rotation":0,"texture":"#0","tintindex":0},"up":{"uv":[6.65625,6.28125,6.5,6.125],"rotation":0,"texture":"#0","tintindex":0},"down":{"uv":[5.625,8.5625,5.46875,8.71875],"rotation":0,"texture":"#0","tintindex":0}}},{"from":[6.4591103,1.1726933,6.9529285],"to":[8.973396,13.401265,9.467215],"rotation":{"angle":22.5,"axis":"z","origin":[8.401968,15.229836,8.152928]},"faces":{"east":{"uv":[0.5,8.0,0.65625,8.6875],"rotation":0,"texture":"#0","tintindex":0},"south":{"uv":[8.0,0.8125,8.15625,1.5],"rotation":0,"texture":"#0","tintindex":0},"north":{"uv":[7.125,7.875,7.28125,8.5625],"rotation":0,"texture":"#0","tintindex":0},"west":{"uv":[2.3125,8.0,2.46875,8.6875],"rotation":0,"texture":"#0","tintindex":0},"up":{"uv":[1.78125,9.34375,1.625,9.1875],"rotation":0,"texture":"#0","tintindex":0},"down":{"uv":[1.9375,9.1875,1.78125,9.34375],"rotation":0,"texture":"#0","tintindex":0}}},{"from":[7.9448247,6.658407,6.4386425],"to":[7.9448247,23.801266,20.152927],"rotation":{"angle":0.0,"axis":"y","origin":[7.030539,14.527908,21.953224]},"faces":{"east":{"uv":[3.0,5.125,3.75,6.0625],"rotation":0,"texture":"#0","tintindex":0},"south":{"uv":[0.0,0.0,0.0,0.9375],"rotation":0,"texture":"#0","tintindex":0},"north":{"uv":[0.0,0.0,0.0,0.9375],"rotation":0,"texture":"#0","tintindex":0},"west":{"uv":[3.75,5.5,4.5,6.4375],"rotation":0,"texture":"#0","tintindex":0},"up":{"uv":[0.0,0.75,0.0,0.0],"rotation":0,"texture":"#0","tintindex":0},"down":{"uv":[0.0,0.0,0.0,0.75],"rotation":0,"texture":"#0","tintindex":0}}},{"from":[7.1448245,21.515553,7.0100713],"to":[9.201967,23.572693,14.7815],"rotation":{"angle":0.0,"axis":"y","origin":[7.030539,14.527908,21.953224]},"faces":{"east":{"uv":[8.78125,2.375,9.21875,2.5],"rotation":0,"texture":"#0","tintindex":0},"south":{"uv":[8.46875,7.25,8.59375,7.375],"rotation":0,"texture":"#0","tintindex":0},"north":{"uv":[6.65625,3.4375,6.78125,3.5625],"rotation":0,"texture":"#0","tintindex":0},"west":{"uv":[8.90625,7.65625,9.34375,7.78125],"rotation":0,"texture":"#0","tintindex":0},"up":{"uv":[7.875,1.25,7.75,0.8125],"rotation":0,"texture":"#0","tintindex":0},"down":{"uv":[6.65625,8.84375,6.53125,9.28125],"rotation":0,"texture":"#0","tintindex":0}}},{"from":[7.150539,16.847992,17.253063],"to":[9.196254,18.893707,21.584492],"rotation":{"angle":22.5,"axis":"x","origin":[8.173396,27.099339,27.896082]},"faces":{"east":{"uv":[9.09375,7.53125,9.34375,7.65625],"rotation":0,"texture":"#0","tintindex":0},"south":{"uv":[8.71875,3.09375,8.84375,3.21875],"rotation":0,"texture":"#0","tintindex":0},"north":{"uv":[4.1875,8.5625,4.3125,8.6875],"rotation":0,"texture":"#0","tintindex":0},"west":{"uv":[9.15625,1.5625,9.40625,1.6875],"rotation":0,"texture":"#0","tintindex":0},"up":{"uv":[7.5,2.125,7.375,1.875],"rotation":0,"texture":"#0","tintindex":0},"down":{"uv":[8.21875,2.5,8.09375,2.75],"rotation":0,"texture":"#0","tintindex":0}}},{"from":[6.916253,16.613708,20.447348],"to":[9.430539,19.127995,24.10449],"rotation":{"angle":22.5,"axis":"x","origin":[8.173396,27.099339,27.896082]},"faces":{"east":{"uv":[9.28125,1.9375,9.46875,2.0625],"rotation":0,"texture":"#0","tintindex":0},"south":{"uv":[6.21875,8.71875,6.34375,8.84375],"rotation":0,"texture":"#0","tintindex":0},"north":{"uv":[4.3125,8.71875,4.4375,8.84375],"rotation":0,"texture":"#0","tintindex":0},"west":{"uv":[9.28125,2.0625,9.46875,2.1875],"rotation":0,"texture":"#0","tintindex":0},"up":{"uv":[8.375,0.4375,8.25,0.25],"rotation":0,"texture":"#0","tintindex":0},"down":{"uv":[4.6875,9.21875,4.5625,9.40625],"rotation":0,"texture":"#0","tintindex":0}}},{"from":[7.2591105,8.379453,28.253117],"to":[9.087682,10.208024,30.081686],"rotation":{"angle":45.0,"axis":"x","origin":[8.173396,24.535786,37.9674]},"faces":{"east":{"uv":[9.40625,5.40625,9.53125,5.53125],"rotation":0,"texture":"#0","tintindex":0},"south":{"uv":[9.40625,6.90625,9.53125,7.03125],"rotation":0,"texture":"#0","tintindex":0},"north":{"uv":[9.40625,4.03125,9.53125,4.15625],"rotation":0,"texture":"#0","tintindex":0},"west":{"uv":[9.40625,9.1875,9.53125,9.3125],"rotation":0,"texture":"#0","tintindex":0},"up":{"uv":[9.59375,1.96875,9.46875,1.84375],"rotation":0,"texture":"#0","tintindex":0},"down":{"uv":[9.59375,1.96875,9.46875,2.09375],"rotation":0,"texture":"#0","tintindex":0}}},{"from":[7.601968,25.461618,20.289398],"to":[8.744824,26.604475,21.432255],"rotation":{"angle":-22.5,"axis":"x","origin":[8.173396,24.535786,37.9674]},"faces":{"east":{"uv":[9.40625,0.75,9.5,0.84375],"rotation":0,"texture":"#0","tintindex":0},"south":{"uv":[9.40625,4.5625,9.5,4.65625],"rotation":0,"texture":"#0","tintindex":0},"north":{"uv":[3.34375,9.25,3.4375,9.34375],"rotation":0,"texture":"#0","tintindex":0},"west":{"uv":[5.03125,9.46875,5.125,9.5625],"rotation":0,"texture":"#0","tintindex":0},"up":{"uv":[9.625,7.90625,9.53125,7.8125],"rotation":0,"texture":"#0","tintindex":0},"down":{"uv":[5.6875,9.78125,5.59375,9.875],"rotation":0,"texture":"#0","tintindex":0}}}],"textures":{"0":"modelengine:entity/nocsy_dragon_full"},"display":{"head":{"translation":[0.0,-6.4,0.0],"scale":[4.0,4.0,4.0]}}}