{"elements":[{"from":[6.4,10.607462,-6.9200983],"to":[9.6,13.807463,0.27990198],"rotation":{"angle":-22.5,"axis":"x","origin":[8.0,13.188331,8.657218]},"faces":{"east":{"uv":[7.25,5.78125,7.84375,6.0625],"rotation":0,"texture":"#0","tintindex":0},"south":{"uv":[6.375,8.3125,6.65625,8.59375],"rotation":0,"texture":"#0","tintindex":0},"north":{"uv":[8.21875,6.125,8.5,6.40625],"rotation":0,"texture":"#0","tintindex":0},"west":{"uv":[6.03125,7.25,6.625,7.53125],"rotation":0,"texture":"#0","tintindex":0},"up":{"uv":[4.46875,7.84375,4.1875,7.25],"rotation":0,"texture":"#0","tintindex":0},"down":{"uv":[0.28125,7.3125,0.0,7.90625],"rotation":0,"texture":"#0","tintindex":0}}},{"from":[6.8,14.612968,-1.0400009],"to":[9.2,17.012968,6.959999],"rotation":{"angle":-45.0,"axis":"x","origin":[7.2,13.188331,8.657218]},"faces":{"east":{"uv":[7.53125,6.75,8.15625,6.9375],"rotation":0,"texture":"#0","tintindex":0},"south":{"uv":[9.125,4.15625,9.3125,4.34375],"rotation":0,"texture":"#0","tintindex":0},"north":{"uv":[0.5,9.125,0.6875,9.3125],"rotation":0,"texture":"#0","tintindex":0},"west":{"uv":[7.625,0.25,8.25,0.4375],"rotation":0,"texture":"#0","tintindex":0},"up":{"uv":[7.46875,8.1875,7.28125,7.5625],"rotation":0,"texture":"#0","tintindex":0},"down":{"uv":[7.65625,7.65625,7.46875,8.28125],"rotation":0,"texture":"#0","tintindex":0}}},{"from":[7.04,14.852968,3.4399986],"to":[8.96,16.772968,12.559999],"rotation":{"angle":-45.0,"axis":"x","origin":[7.2,13.188331,8.657218]},"faces":{"east":{"uv":[7.625,4.875,8.34375,5.03125],"rotation":0,"texture":"#0","tintindex":0},"south":{"uv":[9.25,9.1875,9.40625,9.34375],"rotation":0,"texture":"#0","tintindex":0},"north":{"uv":[9.25,4.5,9.40625,4.65625],"rotation":0,"texture":"#0","tintindex":0},"west":{"uv":[7.625,5.03125,8.34375,5.1875],"rotation":0,"texture":"#0","tintindex":0},"up":{"uv":[4.34375,8.5625,4.1875,7.84375],"rotation":0,"texture":"#0","tintindex":0},"down":{"uv":[5.625,7.84375,5.46875,8.5625],"rotation":0,"texture":"#0","tintindex":0}}},{"from":[8.0,7.412968,12.799999],"to":[8.0,23.412968,32.0],"rotation":{"angle":-45.0,"axis":"x","origin":[8.4,13.188331,8.657218]},"faces":{"east":{"uv":[0.0,5.125,1.5,6.375],"rotation":0,"texture":"#0","tintindex":0},"south":{"uv":[0.0,0.0,0.0,1.25],"rotation":0,"texture":"#0","tintindex":0},"north":{"uv":[0.0,0.0,0.0,1.25],"rotation":0,"texture":"#0","tintindex":0},"west":{"uv":[1.5,5.125,3.0,6.375],"rotation":0,"texture":"#0","tintindex":0},"up":{"uv":[0.0,1.5,0.0,0.0],"rotation":0,"texture":"#0","tintindex":0},"down":{"uv":[0.0,0.0,0.0,1.5],"rotation":0,"texture":"#0","tintindex":0}}},{"from":[8.0,10.612968,6.3999996],"to":[8.0,21.01297,12.799999],"rotation":{"angle":-45.0,"axis":"x","origin":[8.4,13.188331,8.657218]},"faces":{"east":{"uv":[6.0,5.5,6.5,6.3125],"rotation":0,"texture":"#0","tintindex":0},"south":{"uv":[0.0,0.0,0.0,0.8125],"rotation":0,"texture":"#0","tintindex":0},"north":{"uv":[0.0,0.0,0.0,0.8125],"rotation":0,"texture":"#0","tintindex":0},"west":{"uv":[3.0,6.0625,3.5,6.875],"rotation":0,"texture":"#0","tintindex":0},"up":{"uv":[0.0,0.5,0.0,0.0],"rotation":0,"texture":"#0","tintindex":0},"down":{"uv":[0.0,0.0,0.0,0.5],"rotation":0,"texture":"#0","tintindex":0}}},{"from":[8.0,16.212967,-1.0400009],"to":[8.0,21.01297,6.959999],"rotation":{"angle":-45.0,"axis":"x","origin":[-7.4399996,13.188331,8.657218]},"faces":{"east":{"uv":[6.78125,3.8125,7.40625,4.1875],"rotation":0,"texture":"#0","tintindex":0},"south":{"uv":[0.0,0.0,0.0,0.375],"rotation":0,"texture":"#0","tintindex":0},"north":{"uv":[0.0,0.0,0.0,0.375],"rotation":0,"texture":"#0","tintindex":0},"west":{"uv":[6.78125,4.1875,7.40625,4.5625],"rotation":0,"texture":"#0","tintindex":0},"up":{"uv":[0.0,0.625,0.0,0.0],"rotation":0,"texture":"#0","tintindex":0},"down":{"uv":[0.0,0.0,0.0,0.625],"rotation":0,"texture":"#0","tintindex":0}}},{"from":[8.0,12.607462,-7.320098],"to":[8.0,18.207462,0.6799021],"rotation":{"angle":-22.5,"axis":"x","origin":[-5.839999,13.188331,8.657218]},"faces":{"east":{"uv":[6.125,5.0625,6.75,5.5],"rotation":0,"texture":"#0","tintindex":0},"south":{"uv":[0.0,0.0,0.0,0.4375],"rotation":0,"texture":"#0","tintindex":0},"north":{"uv":[0.0,0.0,0.0,0.4375],"rotation":0,"texture":"#0","tintindex":0},"west":{"uv":[4.09375,6.4375,4.71875,6.875],"rotation":0,"texture":"#0","tintindex":0},"up":{"uv":[0.0,0.625,0.0,0.0],"rotation":0,"texture":"#0","tintindex":0},"down":{"uv":[0.0,0.0,0.0,0.625],"rotation":0,"texture":"#0","tintindex":0}}}],"textures":{"0":"modelengine:entity/nocsy_dragon_full"},"display":{"head":{"translation":[0.0,-6.4,49.85652],"scale":[4.0,4.0,4.0]}}}