{"elements":[{"from":[6.285714,7.9935975,6.9560947],"to":[9.714286,10.85074,8.670381],"rotation":{"angle":0.0,"axis":"y","origin":[8.0,7.9935975,7.9560947]},"faces":{"east":{"uv":[3.3125,6.34375,3.40625,6.5],"rotation":0,"texture":"#0","tintindex":0},"south":{"uv":[4.25,3.84375,4.4375,4.0],"rotation":0,"texture":"#0","tintindex":0},"north":{"uv":[3.5,2.03125,3.6875,2.1875],"rotation":0,"texture":"#0","tintindex":0},"west":{"uv":[7.65625,1.90625,7.75,2.0625],"rotation":0,"texture":"#0","tintindex":0},"up":{"uv":[2.4375,6.84375,2.25,6.75],"rotation":0,"texture":"#0","tintindex":0},"down":{"uv":[8.03125,3.125,7.84375,3.21875],"rotation":0,"texture":"#0","tintindex":0}}},{"from":[8.0,7.9935975,8.670381],"to":[8.0,10.85074,9.813237],"rotation":{"angle":0.0,"axis":"y","origin":[8.0,7.9935975,7.9560947]},"faces":{"east":{"uv":[2.4375,3.875,2.5,4.03125],"rotation":0,"texture":"#0","tintindex":0},"south":{"uv":[0.0,0.0,0.0,0.15625],"rotation":0,"texture":"#0","tintindex":0},"north":{"uv":[0.0,0.0,0.0,0.15625],"rotation":0,"texture":"#0","tintindex":0},"west":{"uv":[3.25,6.90625,3.3125,7.0625],"rotation":0,"texture":"#0","tintindex":0},"up":{"uv":[0.0,0.0625,0.0,0.0],"rotation":0,"texture":"#0","tintindex":0},"down":{"uv":[0.0,0.0,0.0,0.0625],"rotation":0,"texture":"#0","tintindex":0}}},{"from":[4.5714283,7.9935975,8.098952],"to":[6.285714,10.85074,8.098952],"rotation":{"angle":0.0,"axis":"y","origin":[8.0,7.9935975,7.9560947]},"faces":{"east":{"uv":[0.0,0.0,0.0,0.15625],"rotation":0,"texture":"#0","tintindex":0},"south":{"uv":[6.96875,8.0625,7.0625,8.21875],"rotation":0,"texture":"#0","tintindex":0},"north":{"uv":[6.96875,7.90625,7.0625,8.0625],"rotation":0,"texture":"#0","tintindex":0},"west":{"uv":[0.0,0.0,0.0,0.15625],"rotation":0,"texture":"#0","tintindex":0},"up":{"uv":[0.09375,0.0,0.0,0.0],"rotation":0,"texture":"#0","tintindex":0},"down":{"uv":[0.09375,0.0,0.0,0.0],"rotation":0,"texture":"#0","tintindex":0}}},{"from":[9.714286,7.9935975,8.098952],"to":[11.428572,10.85074,8.098952],"rotation":{"angle":0.0,"axis":"y","origin":[8.0,7.9935975,7.9560947]},"faces":{"east":{"uv":[0.0,0.0,0.0,0.15625],"rotation":0,"texture":"#0","tintindex":0},"south":{"uv":[4.53125,8.25,4.625,8.40625],"rotation":0,"texture":"#0","tintindex":0},"north":{"uv":[5.78125,8.21875,5.875,8.375],"rotation":0,"texture":"#0","tintindex":0},"west":{"uv":[0.0,0.0,0.0,0.15625],"rotation":0,"texture":"#0","tintindex":0},"up":{"uv":[0.09375,0.0,0.0,0.0],"rotation":0,"texture":"#0","tintindex":0},"down":{"uv":[0.09375,0.0,0.0,0.0],"rotation":0,"texture":"#0","tintindex":0}}},{"from":[9.714286,11.993597,8.098952],"to":[11.428572,14.85074,8.098952],"rotation":{"angle":0.0,"axis":"y","origin":[8.0,11.993597,7.9560947]},"faces":{"east":{"uv":[0.0,0.0,0.0,0.15625],"rotation":0,"texture":"#0","tintindex":0},"south":{"uv":[5.78125,8.375,5.875,8.53125],"rotation":0,"texture":"#0","tintindex":0},"north":{"uv":[0.78125,8.3125,0.875,8.46875],"rotation":0,"texture":"#0","tintindex":0},"west":{"uv":[0.0,0.0,0.0,0.15625],"rotation":0,"texture":"#0","tintindex":0},"up":{"uv":[0.09375,0.0,0.0,0.0],"rotation":0,"texture":"#0","tintindex":0},"down":{"uv":[0.09375,0.0,0.0,0.0],"rotation":0,"texture":"#0","tintindex":0}}},{"from":[6.285714,11.993597,6.9560947],"to":[9.714286,14.85074,8.670381],"rotation":{"angle":0.0,"axis":"y","origin":[8.0,11.993597,7.9560947]},"faces":{"east":{"uv":[4.53125,8.40625,4.625,8.5625],"rotation":0,"texture":"#0","tintindex":0},"south":{"uv":[2.875,5.59375,3.0625,5.75],"rotation":0,"texture":"#0","tintindex":0},"north":{"uv":[0.3125,5.1875,0.5,5.34375],"rotation":0,"texture":"#0","tintindex":0},"west":{"uv":[1.125,8.78125,1.21875,8.9375],"rotation":0,"texture":"#0","tintindex":0},"up":{"uv":[9.9375,2.1875,9.75,2.09375],"rotation":0,"texture":"#0","tintindex":0},"down":{"uv":[9.9375,2.1875,9.75,2.28125],"rotation":0,"texture":"#0","tintindex":0}}},{"from":[8.0,11.993597,8.670381],"to":[8.0,14.85074,9.813237],"rotation":{"angle":0.0,"axis":"y","origin":[8.0,11.993597,7.9560947]},"faces":{"east":{"uv":[2.1875,7.78125,2.25,7.9375],"rotation":0,"texture":"#0","tintindex":0},"south":{"uv":[0.0,0.0,0.0,0.15625],"rotation":0,"texture":"#0","tintindex":0},"north":{"uv":[0.0,0.0,0.0,0.15625],"rotation":0,"texture":"#0","tintindex":0},"west":{"uv":[2.1875,7.9375,2.25,8.09375],"rotation":0,"texture":"#0","tintindex":0},"up":{"uv":[0.0,0.0625,0.0,0.0],"rotation":0,"texture":"#0","tintindex":0},"down":{"uv":[0.0,0.0,0.0,0.0625],"rotation":0,"texture":"#0","tintindex":0}}},{"from":[4.5714283,11.993597,8.098952],"to":[6.285714,14.85074,8.098952],"rotation":{"angle":0.0,"axis":"y","origin":[8.0,11.993597,7.9560947]},"faces":{"east":{"uv":[0.0,0.0,0.0,0.15625],"rotation":0,"texture":"#0","tintindex":0},"south":{"uv":[2.78125,9.46875,2.875,9.625],"rotation":0,"texture":"#0","tintindex":0},"north":{"uv":[5.5625,8.96875,5.65625,9.125],"rotation":0,"texture":"#0","tintindex":0},"west":{"uv":[0.0,0.0,0.0,0.15625],"rotation":0,"texture":"#0","tintindex":0},"up":{"uv":[0.09375,0.0,0.0,0.0],"rotation":0,"texture":"#0","tintindex":0},"down":{"uv":[0.09375,0.0,0.0,0.0],"rotation":0,"texture":"#0","tintindex":0}}},{"from":[1.1428566,9.142858,-0.57142925],"to":[14.857143,12.0,8.0],"rotation":{"angle":0.0,"axis":"y","origin":[8.0,-19.428574,0.0]},"faces":{"east":{"uv":[1.4375,2.0625,1.90625,2.21875],"rotation":0,"texture":"#0","tintindex":0},"south":{"uv":[8.375,4.59375,9.125,4.75],"rotation":0,"texture":"#0","tintindex":0},"north":{"uv":[8.375,4.4375,9.125,4.59375],"rotation":0,"texture":"#0","tintindex":0},"west":{"uv":[0.9375,2.84375,1.40625,3.0],"rotation":0,"texture":"#0","tintindex":0},"up":{"uv":[5.1875,0.90625,4.4375,0.4375],"rotation":0,"texture":"#0","tintindex":0},"down":{"uv":[5.1875,3.84375,4.4375,4.3125],"rotation":0,"texture":"#0","tintindex":0}}},{"from":[-0.57142925,12.0,-1.7142859],"to":[16.57143,22.285715,8.0],"rotation":{"angle":0.0,"axis":"y","origin":[8.0,-19.428574,0.0]},"faces":{"east":{"uv":[5.71875,4.34375,6.25,4.90625],"rotation":0,"texture":"#0","tintindex":0},"south":{"uv":[2.65625,0.0,3.59375,0.5625],"rotation":0,"texture":"#0","tintindex":0},"north":{"uv":[2.125,2.21875,3.0625,2.78125],"rotation":0,"texture":"#0","tintindex":0},"west":{"uv":[5.71875,4.90625,6.25,5.46875],"rotation":0,"texture":"#0","tintindex":0},"up":{"uv":[4.0,3.53125,3.0625,3.0],"rotation":0,"texture":"#0","tintindex":0},"down":{"uv":[2.5,3.34375,1.5625,3.875],"rotation":0,"texture":"#0","tintindex":0}}},{"from":[0.5714283,14.285715,-0.57142925],"to":[15.428572,22.285715,6.857143],"rotation":{"angle":0.0,"axis":"y","origin":[8.0,-19.428574,0.0]},"faces":{"east":{"uv":[2.25,7.25,2.65625,7.6875],"rotation":0,"texture":"#0","tintindex":0},"south":{"uv":[4.4375,0.0,5.25,0.4375],"rotation":0,"texture":"#0","tintindex":0},"north":{"uv":[4.25,3.40625,5.0625,3.84375],"rotation":0,"texture":"#0","tintindex":0},"west":{"uv":[2.65625,7.3125,3.0625,7.75],"rotation":0,"texture":"#0","tintindex":0},"up":{"uv":[2.25,5.09375,1.4375,4.6875],"rotation":0,"texture":"#0","tintindex":0},"down":{"uv":[3.0625,4.75,2.25,5.15625],"rotation":0,"texture":"#0","tintindex":0}}},{"from":[4.0,8.0,1.1428566],"to":[12.0,14.285715,6.857143],"rotation":{"angle":0.0,"axis":"y","origin":[8.0,-19.428574,0.0]},"faces":{"east":{"uv":[0.0,8.5625,0.3125,8.90625],"rotation":0,"texture":"#0","tintindex":0},"south":{"uv":[3.59375,7.84375,4.03125,8.1875],"rotation":0,"texture":"#0","tintindex":0},"north":{"uv":[3.15625,7.84375,3.59375,8.1875],"rotation":0,"texture":"#0","tintindex":0},"west":{"uv":[2.1875,8.5625,2.5,8.90625],"rotation":0,"texture":"#0","tintindex":0},"up":{"uv":[8.6875,0.875,8.25,0.5625],"rotation":0,"texture":"#0","tintindex":0},"down":{"uv":[2.625,8.25,2.1875,8.5625],"rotation":0,"texture":"#0","tintindex":0}}},{"from":[6.285714,15.993597,6.9560947],"to":[9.714286,18.850742,8.670381],"rotation":{"angle":0.0,"axis":"y","origin":[8.0,15.993597,7.9560947]},"faces":{"east":{"uv":[7.78125,9.5625,7.875,9.71875],"rotation":0,"texture":"#0",