{"elements":[{"from":[7.0,7.2909055,18.000002],"to":[9.0,9.290906,32.4],"rotation":{"angle":0.0,"axis":"y","origin":[-9.800001,-5.909095,24.000004]},"faces":{"east":{"uv":[6.875,4.3125,9.125,4.625],"rotation":0,"texture":"#2","tintindex":0},"south":{"uv":[5.375,8.25,5.6875,8.5625],"rotation":0,"texture":"#2","tintindex":0},"north":{"uv":[0.5625,8.25,0.875,8.5625],"rotation":0,"texture":"#2","tintindex":0},"west":{"uv":[6.875,4.625,9.125,4.9375],"rotation":0,"texture":"#2","tintindex":0},"up":{"uv":[3.0625,8.125,2.75,5.875],"rotation":0,"texture":"#2","tintindex":0},"down":{"uv":[2.5625,6.6875,2.25,8.9375],"rotation":0,"texture":"#2","tintindex":0}}},{"from":[6.6,0.49090576,7.2000017],"to":[9.4,16.090906,13.600002],"rotation":{"angle":0.0,"axis":"y","origin":[-9.800001,-5.909095,24.000004]},"faces":{"east":{"uv":[4.375,5.0,5.375,7.4375],"rotation":0,"texture":"#2","tintindex":0},"south":{"uv":[3.6875,5.0625,4.125,7.5],"rotation":0,"texture":"#2","tintindex":0},"north":{"uv":[3.25,5.0625,3.6875,7.5],"rotation":0,"texture":"#2","tintindex":0},"west":{"uv":[5.375,5.0,4.375,7.4375],"rotation":0,"texture":"#2","tintindex":0},"up":{"uv":[4.5625,8.4375,4.125,7.4375],"rotation":0,"texture":"#2","tintindex":0},"down":{"uv":[5.0,7.4375,4.5625,8.4375],"rotation":0,"texture":"#2","tintindex":0}}},{"from":[7.4,2.8909059,-6.7999973],"to":[8.6,13.690907,7.2000017],"rotation":{"angle":0.0,"axis":"y","origin":[-10.6,-5.909095,24.000004]},"faces":{"east":{"uv":[0.0,3.375,2.1875,5.0625],"rotation":0,"texture":"#2","tintindex":0},"south":{"uv":[7.8125,7.3125,8.0,9.0],"rotation":0,"texture":"#2","tintindex":0},"north":{"uv":[6.375,7.5,6.5625,9.1875],"rotation":0,"texture":"#2","tintindex":0},"west":{"uv":[2.1875,3.375,4.375,5.0625],"rotation":0,"texture":"#2","tintindex":0},"up":{"uv":[2.75,8.875,2.5625,6.6875],"rotation":0,"texture":"#2","tintindex":0},"down":{"uv":[5.1875,7.4375,5.0,9.625],"rotation":0,"texture":"#2","tintindex":0}}},{"from":[8.64,2.8909059,-16.0],"to":[8.64,13.690907,7.2000017],"rotation":{"angle":0.0,"axis":"y","origin":[-10.6,-5.909095,24.000004]},"faces":{"east":{"uv":[0.0,0.0,3.625,1.6875],"rotation":0,"texture":"#2","tintindex":0},"south":{"uv":[0.0,0.0,0.0,1.6875],"rotation":0,"texture":"#2","tintindex":0},"north":{"uv":[0.0,0.0,0.0,1.6875],"rotation":0,"texture":"#2","tintindex":0},"west":{"uv":[0.0,1.6875,3.625,3.375],"rotation":0,"texture":"#2","tintindex":0},"up":{"uv":[0.0,3.625,0.0,0.0],"rotation":0,"texture":"#2","tintindex":0},"down":{"uv":[0.0,0.0,0.0,3.625],"rotation":0,"texture":"#2","tintindex":0}}},{"from":[7.36,2.8909059,-16.0],"to":[7.36,13.690907,7.2000017],"rotation":{"angle":0.0,"axis":"y","origin":[26.6,-5.909095,24.000004]},"faces":{"east":{"uv":[3.625,1.6875,0.0,3.375],"rotation":0,"texture":"#2","tintindex":0},"south":{"uv":[0.0,0.0,0.0,1.6875],"rotation":0,"texture":"#2","tintindex":0},"north":{"uv":[0.0,0.0,0.0,1.6875],"rotation":0,"texture":"#2","tintindex":0},"west":{"uv":[3.625,0.0,0.0,1.6875],"rotation":0,"texture":"#2","tintindex":0},"up":{"uv":[0.0,3.625,0.0,0.0],"rotation":0,"texture":"#2","tintindex":0},"down":{"uv":[0.0,0.0,0.0,3.625],"rotation":0,"texture":"#2","tintindex":0}}},{"from":[7.4,8.222277,-10.631876],"to":[8.6,12.622276,-2.631874],"rotation":{"angle":-45.0,"axis":"x","origin":[7.2,7.2222767,-3.631874]},"faces":{"east":{"uv":[1.0,6.6875,2.25,7.375],"rotation":0,"texture":"#2","tintindex":0},"south":{"uv":[8.1875,7.75,8.375,8.4375],"rotation":0,"texture":"#2","tintindex":0},"north":{"uv":[8.1875,7.0625,8.375,7.75],"rotation":0,"texture":"#2","tintindex":0},"west":{"uv":[5.375,6.8125,6.625,7.5],"rotation":0,"texture":"#2","tintindex":0},"up":{"uv":[7.9375,2.8125,7.75,1.5625],"rotation":0,"texture":"#2","tintindex":0},"down":{"uv":[8.125,1.5625,7.9375,2.8125],"rotation":0,"texture":"#2","tintindex":0}}},{"from":[7.4,2.8909059,-16.0],"to":[8.6,6.0909057,-6.7999973],"rotation":{"angle":0.0,"axis":"y","origin":[-10.6,-5.909095,24.000004]},"faces":{"east":{"uv":[6.875,3.3125,8.3125,3.8125],"rotation":0,"texture":"#2","tintindex":0},"south":{"uv":[8.3125,3.3125,8.5,3.8125],"rotation":0,"texture":"#2","tintindex":0},"north":{"uv":[8.3125,2.0,8.5,2.5],"rotation":0,"texture":"#2","tintindex":0},"west":{"uv":[6.875,3.8125,8.3125,4.3125],"rotation":0,"texture":"#2","tintindex":0},"up":{"uv":[7.5,9.3125,7.3125,7.875],"rotation":0,"texture":"#2","tintindex":0},"down":{"uv":[7.6875,7.875,7.5,9.3125],"rotation":0,"texture":"#2","tintindex":0}}},{"from":[9.4,11.690906,9.200003],"to":[10.2,14.090906,11.600002],"rotation":{"angle":0.0,"axis":"y","origin":[-9.800001,-5.909095,24.000004]},"faces":{"east":{"uv":[3.625,3.0,4.0,3.375],"rotation":0,"texture":"#2","tintindex":0},"south":{"uv":[4.0,7.5,4.125,7.875],"rotation":0,"texture":"#2","tintindex":0},"north":{"uv":[2.125,7.375,2.25,7.75],"rotation":0,"texture":"#2","tintindex":0},"west":{"uv":[4.0,3.0,4.375,3.375],"rotation":0,"texture":"#2","tintindex":0},"up":{"uv":[2.25,8.125,2.125,7.75],"rotation":0,"texture":"#2","tintindex":0},"down":{"uv":[7.8125,7.875,7.6875,8.25],"rotation":0,"texture":"#2","tintindex":0}}},{"from":[9.4,2.0909057,9.200003],"to":[10.2,4.490906,11.600002],"rotation":{"angle":0.0,"axis":"y","origin":[-9.800001,-5.909095,24.000004]},"faces":{"east":{"uv":[8.1875,1.0,8.5625,1.375],"rotation":0,"texture":"#2","tintindex":0},"south":{"uv":[3.125,8.125,3.25,8.5],"rotation":0,"texture":"#2","tintindex":0},"north":{"uv":[2.125,8.125,2.25,8.5],"rotation":0,"texture":"#2","tintindex":0},"west":{"uv":[8.1875,6.6875,8.5625,7.0625],"rotation":0,"texture":"#2","tintindex":0},"up":{"uv":[1.0,8.625,0.875,8.25],"rotation":0,"texture":"#2","tintindex":0},"down":{"uv":[5.8125,8.25,5.6875,8.625],"rotation":0,"texture":"#2","tintindex":0}}},{"from":[5.8,11.690906,9.200003],"to":[6.6,14.090906,11.600002],"rotation":{"angle":0.0,"axis":"y","origin":[25.800001,-5.909095,24.000004]},"faces":{"east":{"uv":[4.375,3.0,4.0,3.375],"rotation":0,"texture":"#2","tintindex":0},"south":{"uv":[4.125,7.5,4.0,7.875],"rotation":0,"texture":"#2","tintindex":0},"north":{"uv":[2.25,7.375,2.125,7.75],"rotation":0,"texture":"#2","tintindex":0},"west":{"uv":[4.0,3.0,3.625,3.375],"rotation":0,"texture":"#2","tintindex":0},"up":{"uv":[2.125,8.125,2.25,7.75],"rotation":0,"texture":"#2","tintindex":0},"down":{"uv":[7.6875,7.875,7.8125,8.25],"rotation":0,"texture":"#2","tintindex":0}}},{"from":[5.8,2.0909057,9.200003],"to":[6.6,4.490906,11.600002],"rotation":{"angle":0.0,"axis":"y","origin":[25.800001,-5.909095,24.000004]},"faces":{"east":{"uv":[8.5625,6.6875,8.1875,7.0625],"rotation":0,"texture":"#2","tintindex":0},"south":{"uv":[3.25,8.125,3.125,8.5],"rotation":0,"texture":"#2","tintindex":0},"north":{"uv":[2.25,8.125,2.125,8.5],"rotation":0,"texture":"#2","tintindex":0},"west":{"uv":[8.5625,1.0,8.1875,1.375],"rotation":0,"texture":"#2","tintindex":0},"up":{"uv":[0.875,8.625,1.0,8.25],"rotation":0,"texture":"#2","tintindex":0},"down":{"uv":[5.6875,8.25,5.8125,8.625],"rotation":0,"texture":"#2","tintindex":0}}},{"from":[6.6,6.8909054,26.400002],"to":[9.4,9.690906,29.600002],"rotation":{"angle":0.0,"axis":"y","origin":[-9.800001,-5.909095,24.400002]},"faces":{"east":{"uv":[7.625,4.9375,8.125,5.375],"rotation":0,"texture":"#2","tintindex":0},"south":{"uv":[8.0625,5.8125,8.5,6.25],"rotation":0,"texture":"#2","tintindex":0},"north":{"uv":[7.625,6.375,8.0625,6.8125],"rotation":0,"texture":"#2","tintindex":0},"west":{"uv":[8.125,4.9375,7.625,5.375],"rotation":0,"texture":"#2","tintindex":0},"up":{"uv":[3.6875,8.4375,3.25,7.9375],"rotation":0,"texture":"#2","tintindex":0},"down":{"uv":[3.25,7.9375,3.6875,8.4375],"rotation":0,"texture":"#2","tintindex":0}}},{"from":[6.6,6.8909054,20.800003],"to":[9.4,9.690906,24.000004],"rotation":{"angle":0.0,"axis":"y","origin":[-9.800001,-5.909095,18.800003]},"faces":{"east":{"uv":[7.625,4.9375,8.125,5.375],"rotation":0,"texture":"#2","tintindex":0},"south":{"uv":[8.0625,5.8125,8.5,6.25],"rotation":0,"texture":"#2","tintindex":0},