{"elements":[{"from":[1.7142854,18.285715,2.2857141],"to":[4.0,23.428572,11.428572],"rotation":{"angle":0.0,"axis":"y","origin":[8.0,18.285715,2.8571424]},"faces":{"east":{"uv":[7.90625,0.0,8.40625,0.28125],"rotation":0,"texture":"#0","tintindex":0},"south":{"uv":[6.90625,1.625,7.03125,1.90625],"rotation":0,"texture":"#0","tintindex":0},"north":{"uv":[6.34375,1.9375,6.46875,2.21875],"rotation":0,"texture":"#0","tintindex":0},"west":{"uv":[7.90625,0.28125,8.40625,0.5625],"rotation":0,"texture":"#0","tintindex":0},"up":{"uv":[5.1875,3.75,5.0625,3.25],"rotation":0,"texture":"#0","tintindex":0},"down":{"uv":[5.65625,2.71875,5.53125,3.21875],"rotation":0,"texture":"#0","tintindex":0}}},{"from":[12.0,18.285715,2.2857141],"to":[14.285715,23.428572,11.428572],"rotation":{"angle":0.0,"axis":"y","origin":[8.0,18.285715,2.8571424]},"faces":{"east":{"uv":[0.0,7.9375,0.5,8.21875],"rotation":0,"texture":"#0","tintindex":0},"south":{"uv":[2.5,8.5625,2.625,8.84375],"rotation":0,"texture":"#0","tintindex":0},"north":{"uv":[7.375,8.21875,7.5,8.5],"rotation":0,"texture":"#0","tintindex":0},"west":{"uv":[5.375,7.9375,5.875,8.21875],"rotation":0,"texture":"#0","tintindex":0},"up":{"uv":[5.15625,9.5625,5.03125,9.0625],"rotation":0,"texture":"#0","tintindex":0},"down":{"uv":[5.6875,9.125,5.5625,9.625],"rotation":0,"texture":"#0","tintindex":0}}},{"from":[1.1428566,19.428572,4.0],"to":[1.7142854,21.714287,6.285714],"rotation":{"angle":0.0,"axis":"y","origin":[8.0,18.285715,3.4285712]},"faces":{"east":{"uv":[0.65625,8.65625,0.78125,8.78125],"rotation":0,"texture":"#0","tintindex":0},"south":{"uv":[1.125,1.5625,1.15625,1.6875],"rotation":0,"texture":"#0","tintindex":0},"north":{"uv":[1.125,1.4375,1.15625,1.5625],"rotation":0,"texture":"#0","tintindex":0},"west":{"uv":[8.75,1.375,8.875,1.5],"rotation":0,"texture":"#0","tintindex":0},"up":{"uv":[1.15625,1.8125,1.125,1.6875],"rotation":0,"texture":"#0","tintindex":0},"down":{"uv":[1.15625,1.8125,1.125,1.9375],"rotation":0,"texture":"#0","tintindex":0}}},{"from":[-2.285715,19.142857,5.142857],"to":[1.1428566,22.0,5.142857],"rotation":{"angle":0.0,"axis":"y","origin":[8.0,18.0,3.4285712]},"faces":{"east":{"uv":[0.0,0.0,0.0,0.15625],"rotation":0,"texture":"#0","tintindex":0},"south":{"uv":[2.0,8.9375,2.1875,9.09375],"rotation":0,"texture":"#0","tintindex":0},"north":{"uv":[2.65625,8.875,2.84375,9.03125],"rotation":0,"texture":"#0","tintindex":0},"west":{"uv":[0.0,0.0,0.0,0.15625],"rotation":0,"texture":"#0","tintindex":0},"up":{"uv":[0.1875,0.0,0.0,0.0],"rotation":0,"texture":"#0","tintindex":0},"down":{"uv":[0.1875,0.0,0.0,0.0],"rotation":0,"texture":"#0","tintindex":0}}},{"from":[-2.285715,19.142857,5.142857],"to":[1.1428566,22.0,5.142857],"rotation":{"angle":-45.0,"axis":"x","origin":[-0.57142925,20.57143,5.142857]},"faces":{"east":{"uv":[0.0,0.0,0.0,0.15625],"rotation":0,"texture":"#0","tintindex":0},"south":{"uv":[9.46875,2.875,9.65625,3.03125],"rotation":0,"texture":"#0","tintindex":0},"north":{"uv":[9.46875,1.125,9.65625,1.28125],"rotation":0,"texture":"#0","tintindex":0},"west":{"uv":[0.0,0.0,0.0,0.15625],"rotation":0,"texture":"#0","tintindex":0},"up":{"uv":[0.1875,0.0,0.0,0.0],"rotation":0,"texture":"#0","tintindex":0},"down":{"uv":[0.1875,0.0,0.0,0.0],"rotation":0,"texture":"#0","tintindex":0}}},{"from":[-2.285715,19.142857,9.142858],"to":[1.1428566,22.0,9.142858],"rotation":{"angle":-45.0,"axis":"x","origin":[-0.57142925,20.57143,9.142858]},"faces":{"east":{"uv":[0.0,0.0,0.0,0.15625],"rotation":0,"texture":"#0","tintindex":0},"south":{"uv":[9.5,4.6875,9.6875,4.84375],"rotation":0,"texture":"#0","tintindex":0},"north":{"uv":[9.46875,6.875,9.65625,7.03125],"rotation":0,"texture":"#0","tintindex":0},"west":{"uv":[0.0,0.0,0.0,0.15625],"rotation":0,"texture":"#0","tintindex":0},"up":{"uv":[0.1875,0.0,0.0,0.0],"rotation":0,"texture":"#0","tintindex":0},"down":{"uv":[0.1875,0.0,0.0,0.0],"rotation":0,"texture":"#0","tintindex":0}}},{"from":[-2.285715,19.142857,9.142858],"to":[1.1428566,22.0,9.142858],"rotation":{"angle":0.0,"axis":"y","origin":[8.0,18.0,7.428571]},"faces":{"east":{"uv":[0.0,0.0,0.0,0.15625],"rotation":0,"texture":"#0","tintindex":0},"south":{"uv":[9.5,8.625,9.6875,8.78125],"rotation":0,"texture":"#0","tintindex":0},"north":{"uv":[9.5,5.09375,9.6875,5.25],"rotation":0,"texture":"#0","tintindex":0},"west":{"uv":[0.0,0.0,0.0,0.15625],"rotation":0,"texture":"#0","tintindex":0},"up":{"uv":[0.1875,0.0,0.0,0.0],"rotation":0,"texture":"#0","tintindex":0},"down":{"uv":[0.1875,0.0,0.0,0.0],"rotation":0,"texture":"#0","tintindex":0}}},{"from":[1.1428566,19.428572,8.0],"to":[1.7142854,21.714287,10.285714],"rotation":{"angle":0.0,"axis":"y","origin":[8.0,18.285715,7.428571]},"faces":{"east":{"uv":[9.53125,8.5,9.65625,8.625],"rotation":0,"texture":"#0","tintindex":0},"south":{"uv":[2.84375,0.90625,2.875,1.03125],"rotation":0,"texture":"#0","tintindex":0},"north":{"uv":[1.125,1.9375,1.15625,2.0625],"rotation":0,"texture":"#0","tintindex":0},"west":{"uv":[9.5625,6.0,9.6875,6.125],"rotation":0,"texture":"#0","tintindex":0},"up":{"uv":[1.4375,2.96875,1.40625,2.84375],"rotation":0,"texture":"#0","tintindex":0},"down":{"uv":[4.46875,0.90625,4.4375,1.03125],"rotation":0,"texture":"#0","tintindex":0}}},{"from":[-1.1428576,9.714286,0.5714283],"to":[16.57143,18.285715,11.428572],"rotation":{"angle":0.0,"axis":"y","origin":[8.0,18.285715,2.8571424]},"faces":{"east":{"uv":[1.90625,5.8125,2.5,6.28125],"rotation":0,"texture":"#0","tintindex":0},"south":{"uv":[3.5,1.5625,4.46875,2.03125],"rotation":0,"texture":"#0","tintindex":0},"north":{"uv":[3.5,1.09375,4.46875,1.5625],"rotation":0,"texture":"#0","tintindex":0},"west":{"uv":[4.5625,5.8125,5.15625,6.28125],"rotation":0,"texture":"#0","tintindex":0},"up":{"uv":[2.875,1.625,1.90625,1.03125],"rotation":0,"texture":"#0","tintindex":0},"down":{"uv":[2.875,1.625,1.90625,2.21875],"rotation":0,"texture":"#0","tintindex":0}}},{"from":[4.0,18.11592,3.6865664],"to":[12.0,20.973063,9.9722805],"rotation":{"angle":-22.5,"axis":"x","origin":[8.0,19.54449,6.257995]},"faces":{"east":{"uv":[0.4375,6.0,0.78125,6.15625],"rotation":0,"texture":"#0","tintindex":0},"south":{"uv":[9.03125,6.65625,9.46875,6.8125],"rotation":0,"texture":"#0","tintindex":0},"north":{"uv":[8.9375,8.5,9.375,8.65625],"rotation":0,"texture":"#0","tintindex":0},"west":{"uv":[9.25,3.21875,9.59375,3.375],"rotation":0,"texture":"#0","tintindex":0},"up":{"uv":[8.3125,1.34375,7.875,1.0],"rotation":0,"texture":"#0","tintindex":0},"down":{"uv":[7.5,7.875,7.0625,8.21875],"rotation":0,"texture":"#0","tintindex":0}}},{"from":[0.0,8.0,1.7142854],"to":[15.428572,9.714286,10.857143],"rotation":{"angle":0.0,"axis":"y","origin":[8.0,18.285715,2.8571424]},"faces":{"east":{"uv":[9.3125,3.375,9.8125,3.46875],"rotation":0,"texture":"#0","tintindex":0},"south":{"uv":[8.875,2.0,9.71875,2.09375],"rotation":0,"texture":"#0","tintindex":0},"north":{"uv":[8.84375,7.71875,9.6875,7.8125],"rotation":0,"texture":"#0","tintindex":0},"west":{"uv":[9.3125,3.46875,9.8125,3.5625],"rotation":0,"texture":"#0","tintindex":0},"up":{"uv":[4.4375,0.5,3.59375,0.0],"rotation":0,"texture":"#0","tintindex":0},"down":{"uv":[4.53125,2.03125,3.6875,2.53125],"rotation":0,"texture":"#0","tintindex":0}}},{"from":[0.0,5.2950983,0.9489188],"to":[15.428572,10.437956,0.9489188],"rotation":{"angle":22.5,"axis":"x","origin":[7.714286,8.437955,0.9489188]},"faces":{"east":{"uv":[0.0,0.0,0.0,0.28125],"rotation":0,"texture":"#0","tintindex":0},"south":{"uv":[6.46875,5.90625,7.3125,6.1875],"rotation":0,"texture":"#0","tintindex":0},"north":{"uv":[6.25,5.625,7.09375,5.90625],"rotation":0,"texture":"#0","tintindex":0},"west":{"uv":[0.0,0.0,0.0,0.28125],"rotation":0,"texture":"#0","tintindex":0},"up":{"uv":[0.84375,0.0,0.0,0.0],"rotation":0,"texture":"#0","tintindex":0},"down":{"uv":[0.84375,0.0,0.0,0.0],"rotation":0,"texture":"#0","tintindex":0}}},{"from":[0.5714283,9.714286,-1.1428576],"to":[8.571428,17.714287,1.7142854],"rotation":{"angle":-22.5,"axis":"z",