{"elements":[{"from":[4.285714,8.269944,1.6037579],"to":[11.714286,13.412802,8.460901],"rotation":{"angle":0.0,"axis":"y","origin":[7.714286,11.698516,6.7466154]},"faces":{"east":{"uv":[3.15625,8.59375,3.53125,8.875],"rotation":0,"texture":"#0","tintindex":0},"south":{"uv":[8.53125,8.375,8.9375,8.65625],"rotation":0,"texture":"#0","tintindex":0},"north":{"uv":[8.53125,6.40625,8.9375,6.6875],"rotation":0,"texture":"#0","tintindex":0},"west":{"uv":[8.59375,4.96875,8.96875,5.25],"rotation":0,"texture":"#0","tintindex":0},"up":{"uv":[8.25,1.0,7.84375,0.625],"rotation":0,"texture":"#0","tintindex":0},"down":{"uv":[8.25,2.75,7.84375,3.125],"rotation":0,"texture":"#0","tintindex":0}}},{"from":[3.7142854,8.8413725,0.46090078],"to":[12.285715,12.269944,5.0323296],"rotation":{"angle":0.0,"axis":"y","origin":[7.714286,11.698516,6.7466154]},"faces":{"east":{"uv":[7.28125,5.125,7.53125,5.3125],"rotation":0,"texture":"#0","tintindex":0},"south":{"uv":[5.1875,8.78125,5.65625,8.96875],"rotation":0,"texture":"#0","tintindex":0},"north":{"uv":[0.65625,8.78125,1.125,8.96875],"rotation":0,"texture":"#0","tintindex":0},"west":{"uv":[9.3125,5.9375,9.5625,6.125],"rotation":0,"texture":"#0","tintindex":0},"up":{"uv":[8.875,0.5625,8.40625,0.3125],"rotation":0,"texture":"#0","tintindex":0},"down":{"uv":[8.875,1.90625,8.40625,2.15625],"rotation":0,"texture":"#0","tintindex":0}}},{"from":[5.428571,7.714286,1.7142854],"to":[10.571428,9.428572,5.142857],"rotation":{"angle":-22.5,"axis":"x","origin":[8.0,8.571428,4.5714283]},"faces":{"east":{"uv":[9.75,5.375,9.9375,5.46875],"rotation":0,"texture":"#0","tintindex":0},"south":{"uv":[8.96875,8.21875,9.25,8.3125],"rotation":0,"texture":"#0","tintindex":0},"north":{"uv":[7.6875,6.40625,7.96875,6.5],"rotation":0,"texture":"#0","tintindex":0},"west":{"uv":[9.75,5.46875,9.9375,5.5625],"rotation":0,"texture":"#0","tintindex":0},"up":{"uv":[8.3125,2.46875,8.03125,2.28125],"rotation":0,"texture":"#0","tintindex":0},"down":{"uv":[9.53125,4.15625,9.25,4.34375],"rotation":0,"texture":"#0","tintindex":0}}},{"from":[5.428571,6.5714283,1.7142854],"to":[10.571428,7.714286,1.7142854],"rotation":{"angle":-22.5,"axis":"x","origin":[8.0,8.571428,4.5714283]},"faces":{"east":{"uv":[0.0,0.0,0.0,0.0625],"rotation":0,"texture":"#0","tintindex":0},"south":{"uv":[7.90625,0.5625,8.1875,0.625],"rotation":0,"texture":"#0","tintindex":0},"north":{"uv":[1.15625,5.65625,1.4375,5.71875],"rotation":0,"texture":"#0","tintindex":0},"west":{"uv":[0.0,0.0,0.0,0.0625],"rotation":0,"texture":"#0","tintindex":0},"up":{"uv":[0.28125,0.0,0.0,0.0],"rotation":0,"texture":"#0","tintindex":0},"down":{"uv":[0.28125,0.0,0.0,0.0],"rotation":0,"texture":"#0","tintindex":0}}},{"from":[5.428571,6.5714283,1.7142854],"to":[5.428571,7.714286,5.142857],"rotation":{"angle":-22.5,"axis":"x","origin":[8.0,8.571428,4.5714283]},"faces":{"east":{"uv":[2.25,4.6875,2.4375,4.75],"rotation":0,"texture":"#0","tintindex":0},"south":{"uv":[0.0,0.0,0.0,0.0625],"rotation":0,"texture":"#0","tintindex":0},"north":{"uv":[0.0,0.0,0.0,0.0625],"rotation":0,"texture":"#0","tintindex":0},"west":{"uv":[7.21875,2.75,7.40625,2.8125],"rotation":0,"texture":"#0","tintindex":0},"up":{"uv":[0.0,0.1875,0.0,0.0],"rotation":0,"texture":"#0","tintindex":0},"down":{"uv":[0.0,0.0,0.0,0.1875],"rotation":0,"texture":"#0","tintindex":0}}},{"from":[10.571428,6.5714283,1.7142854],"to":[10.571428,7.714286,5.142857],"rotation":{"angle":-22.5,"axis":"x","origin":[8.0,8.571428,4.5714283]},"faces":{"east":{"uv":[7.40625,1.5625,7.59375,1.625],"rotation":0,"texture":"#0","tintindex":0},"south":{"uv":[0.0,0.0,0.0,0.0625],"rotation":0,"texture":"#0","tintindex":0},"north":{"uv":[0.0,0.0,0.0,0.0625],"rotation":0,"texture":"#0","tintindex":0},"west":{"uv":[8.28125,1.5,8.46875,1.5625],"rotation":0,"texture":"#0","tintindex":0},"up":{"uv":[0.0,0.1875,0.0,0.0],"rotation":0,"texture":"#0","tintindex":0},"down":{"uv":[0.0,0.0,0.0,0.1875],"rotation":0,"texture":"#0","tintindex":0}}}],"textures":{"0":"modelengine:entity/tower_skeleton_body"},"display":{"head":{"translation":[0.0,-6.4,0.0],"scale":[4.0,4.0,4.0]}}}