{"elements":[{"from":[-1.7802296,6.285714,-0.360384],"to":[0.50548506,9.142858,7.068188],"rotation":{"angle":0.0,"axis":"y","origin":[3.0281792,7.857143,5.9307985]},"faces":{"east":{"uv":[4.03125,9.125,4.4375,9.28125],"rotation":0,"texture":"#0","tintindex":0},"south":{"uv":[9.71875,6.3125,9.84375,6.46875],"rotation":0,"texture":"#0","tintindex":0},"north":{"uv":[5.59375,5.875,5.71875,6.03125],"rotation":0,"texture":"#0","tintindex":0},"west":{"uv":[9.125,4.375,9.53125,4.53125],"rotation":0,"texture":"#0","tintindex":0},"up":{"uv":[6.03125,2.71875,5.90625,2.3125],"rotation":0,"texture":"#0","tintindex":0},"down":{"uv":[6.1875,7.9375,6.0625,8.34375],"rotation":0,"texture":"#0","tintindex":0}}},{"from":[-0.637372,9.142858,-0.360384],"to":[-0.637372,10.857143,4.2110453],"rotation":{"angle":0.0,"axis":"y","origin":[3.0281792,7.857143,5.9307985]},"faces":{"east":{"uv":[4.0,3.40625,4.25,3.5],"rotation":0,"texture":"#0","tintindex":0},"south":{"uv":[0.0,0.0,0.0,0.09375],"rotation":0,"texture":"#0","tintindex":0},"north":{"uv":[0.0,0.0,0.0,0.09375],"rotation":0,"texture":"#0","tintindex":0},"west":{"uv":[7.53125,5.65625,7.78125,5.75],"rotation":0,"texture":"#0","tintindex":0},"up":{"uv":[0.0,0.25,0.0,0.0],"rotation":0,"texture":"#0","tintindex":0},"down":{"uv":[0.0,0.0,0.0,0.25],"rotation":0,"texture":"#0","tintindex":0}}},{"from":[-1.2088003,7.051676,-3.6397038],"to":[-0.06594372,9.908819,0.36029673],"rotation":{"angle":22.5,"axis":"x","origin":[-0.637372,8.4802475,-1.9254179]},"faces":{"east":{"uv":[6.03125,4.1875,6.25,4.34375],"rotation":0,"texture":"#0","tintindex":0},"south":{"uv":[4.53125,9.875,4.59375,10.03125],"rotation":0,"texture":"#0","tintindex":0},"north":{"uv":[6.375,9.84375,6.4375,10.0],"rotation":0,"texture":"#0","tintindex":0},"west":{"uv":[7.09375,5.75,7.3125,5.90625],"rotation":0,"texture":"#0","tintindex":0},"up":{"uv":[4.53125,1.9375,4.46875,1.71875],"rotation":0,"texture":"#0","tintindex":0},"down":{"uv":[5.25,4.5625,5.1875,4.78125],"rotation":0,"texture":"#0","tintindex":0}}},{"from":[-1.2934008,7.816448,-8.186394],"to":[-1.2934008,13.530734,-3.0435371],"rotation":{"angle":-22.5,"axis":"y","origin":[-1.2934008,9.24502,-1.3292513]},"faces":{"east":{"uv":[1.15625,5.34375,1.4375,5.65625],"rotation":0,"texture":"#0","tintindex":0},"south":{"uv":[0.0,0.0,0.0,0.3125],"rotation":0,"texture":"#0","tintindex":0},"north":{"uv":[0.0,0.0,0.0,0.3125],"rotation":0,"texture":"#0","tintindex":0},"west":{"uv":[4.53125,8.59375,4.8125,8.90625],"rotation":0,"texture":"#0","tintindex":0},"up":{"uv":[0.0,0.28125,0.0,0.0],"rotation":0,"texture":"#0","tintindex":0},"down":{"uv":[0.0,0.0,0.0,0.28125],"rotation":0,"texture":"#0","tintindex":0}}},{"from":[-1.1761351,6.0,2.763568],"to":[2.8238654,9.428572,9.049282],"rotation":{"angle":45.0,"axis":"y","origin":[3.0281792,7.857143,5.9307985]},"faces":{"east":{"uv":[9.09375,0.9375,9.4375,1.125],"rotation":0,"texture":"#0","tintindex":0},"south":{"uv":[9.3125,6.28125,9.53125,6.46875],"rotation":0,"texture":"#0","tintindex":0},"north":{"uv":[4.9375,6.28125,5.15625,6.46875],"rotation":0,"texture":"#0","tintindex":0},"west":{"uv":[9.09375,3.03125,9.4375,3.21875],"rotation":0,"texture":"#0","tintindex":0},"up":{"uv":[2.875,0.90625,2.65625,0.5625],"rotation":0,"texture":"#0","tintindex":0},"down":{"uv":[1.15625,6.15625,0.9375,6.5],"rotation":0,"texture":"#0","tintindex":0}}},{"from":[0.5381508,9.428572,2.763568],"to":[0.5381508,11.142858,7.3349967],"rotation":{"angle":45.0,"axis":"y","origin":[3.0281792,7.857143,5.9307985]},"faces":{"east":{"uv":[8.34375,5.84375,8.59375,5.9375],"rotation":0,"texture":"#0","tintindex":0},"south":{"uv":[0.0,0.0,0.0,0.09375],"rotation":0,"texture":"#0","tintindex":0},"north":{"uv":[0.0,0.0,0.0,0.09375],"rotation":0,"texture":"#0","tintindex":0},"west":{"uv":[8.6875,6.28125,8.9375,6.375],"rotation":0,"texture":"#0","tintindex":0},"up":{"uv":[0.0,0.25,0.0,0.0],"rotation":0,"texture":"#0","tintindex":0},"down":{"uv":[0.0,0.0,0.0,0.25],"rotation":0,"texture":"#0","tintindex":0}}},{"from":[2.2603812,5.714286,6.5373697],"to":[6.2603817,10.285714,11.108799],"rotation":{"angle":0.0,"axis":"y","origin":[3.0281792,7.857143,5.9307985]},"faces":{"east":{"uv":[8.40625,9.125,8.65625,9.375],"rotation":0,"texture":"#0","tintindex":0},"south":{"uv":[6.125,9.21875,6.34375,9.46875],"rotation":0,"texture":"#0","tintindex":0},"north":{"uv":[2.65625,9.21875,2.875,9.46875],"rotation":0,"texture":"#0","tintindex":0},"west":{"uv":[0.0,9.15625,0.25,9.40625],"rotation":0,"texture":"#0","tintindex":0},"up":{"uv":[6.5625,9.46875,6.34375,9.21875],"rotation":0,"texture":"#0","tintindex":0},"down":{"uv":[6.78125,9.25,6.5625,9.5],"rotation":0,"texture":"#0","tintindex":0}}},{"from":[2.2603812,10.285714,8.823084],"to":[6.2603817,12.0,8.823084],"rotation":{"angle":0.0,"axis":"y","origin":[3.0281792,7.857143,5.9307985]},"faces":{"east":{"uv":[0.0,0.0,0.0,0.09375],"rotation":0,"texture":"#0","tintindex":0},"south":{"uv":[2.84375,7.75,3.0625,7.84375],"rotation":0,"texture":"#0","tintindex":0},"north":{"uv":[6.90625,3.84375,7.125,3.9375],"rotation":0,"texture":"#0","tintindex":0},"west":{"uv":[0.0,0.0,0.0,0.09375],"rotation":0,"texture":"#0","tintindex":0},"up":{"uv":[0.21875,0.0,0.0,0.0],"rotation":0,"texture":"#0","tintindex":0},"down":{"uv":[0.21875,0.0,0.0,0.0],"rotation":0,"texture":"#0","tintindex":0}}},{"from":[6.2603817,4.0,4.8230844],"to":[6.2603817,12.0,12.823084],"rotation":{"angle":0.0,"axis":"y","origin":[3.0281792,7.857143,5.9307985]},"faces":{"east":{"uv":[5.375,7.09375,5.8125,7.53125],"rotation":0,"texture":"#0","tintindex":0},"south":{"uv":[0.0,0.0,0.0,0.4375],"rotation":0,"texture":"#0","tintindex":0},"north":{"uv":[0.0,0.0,0.0,0.4375],"rotation":0,"texture":"#0","tintindex":0},"west":{"uv":[5.8125,7.09375,6.25,7.53125],"rotation":0,"texture":"#0","tintindex":0},"up":{"uv":[0.0,0.4375,0.0,0.0],"rotation":0,"texture":"#0","tintindex":0},"down":{"uv":[0.0,0.0,0.0,0.4375],"rotation":0,"texture":"#0","tintindex":0}}},{"from":[4.0,6.857143,8.571428],"to":[7.428571,9.142858,10.857143],"rotation":{"angle":22.5,"axis":"y","origin":[3.0281792,7.857143,5.9307985]},"faces":{"east":{"uv":[4.28125,9.59375,4.40625,9.71875],"rotation":0,"texture":"#0","tintindex":0},"south":{"uv":[6.25,5.90625,6.4375,6.03125],"rotation":0,"texture":"#0","tintindex":0},"north":{"uv":[2.65625,0.90625,2.84375,1.03125],"rotation":0,"texture":"#0","tintindex":0},"west":{"uv":[5.0,9.75,5.125,9.875],"rotation":0,"texture":"#0","tintindex":0},"up":{"uv":[8.59375,2.28125,8.40625,2.15625],"rotation":0,"texture":"#0","tintindex":0},"down":{"uv":[9.3125,7.40625,9.125,7.53125],"rotation":0,"texture":"#0","tintindex":0}}}],"textures":{"0":"modelengine:entity/tower_skeleton_body"},"display":{"head":{"translation":[0.0,-6.4,0.0],"scale":[4.0,4.0,4.0]}}}