{"elements":[{"from":[15.494514,6.285714,-0.360384],"to":[17.78023,9.142858,7.068188],"rotation":{"angle":0.0,"axis":"y","origin":[12.971821,7.857143,5.9307985]},"faces":{"east":{"uv":[9.125,4.53125,9.53125,4.6875],"rotation":0,"texture":"#0","tintindex":0},"south":{"uv":[9.75,0.84375,9.875,1.0],"rotation":0,"texture":"#0","tintindex":0},"north":{"uv":[9.75,0.0,9.875,0.15625],"rotation":0,"texture":"#0","tintindex":0},"west":{"uv":[9.125,7.25,9.53125,7.40625],"rotation":0,"texture":"#0","tintindex":0},"up":{"uv":[8.1875,9.59375,8.0625,9.1875],"rotation":0,"texture":"#0","tintindex":0},"down":{"uv":[3.0,9.21875,2.875,9.625],"rotation":0,"texture":"#0","tintindex":0}}},{"from":[16.637371,9.142858,-0.360384],"to":[16.637371,10.857143,4.2110453],"rotation":{"angle":0.0,"axis":"y","origin":[12.971821,7.857143,5.9307985]},"faces":{"east":{"uv":[9.0625,5.625,9.3125,5.71875],"rotation":0,"texture":"#0","tintindex":0},"south":{"uv":[0.0,0.0,0.0,0.09375],"rotation":0,"texture":"#0","tintindex":0},"north":{"uv":[0.0,0.0,0.0,0.09375],"rotation":0,"texture":"#0","tintindex":0},"west":{"uv":[9.6875,8.8125,9.9375,8.90625],"rotation":0,"texture":"#0","tintindex":0},"up":{"uv":[0.0,0.25,0.0,0.0],"rotation":0,"texture":"#0","tintindex":0},"down":{"uv":[0.0,0.0,0.0,0.25],"rotation":0,"texture":"#0","tintindex":0}}},{"from":[16.065945,7.051676,-3.6397038],"to":[17.208801,9.908819,0.36029673],"rotation":{"angle":22.5,"axis":"x","origin":[16.637371,8.4802475,-1.9254179]},"faces":{"east":{"uv":[9.40625,6.46875,9.625,6.625],"rotation":0,"texture":"#0","tintindex":0},"south":{"uv":[9.875,4.75,9.9375,4.90625],"rotation":0,"texture":"#0","tintindex":0},"north":{"uv":[9.875,4.59375,9.9375,4.75],"rotation":0,"texture":"#0","tintindex":0},"west":{"uv":[9.4375,3.03125,9.65625,3.1875],"rotation":0,"texture":"#0","tintindex":0},"up":{"uv":[5.71875,4.5625,5.65625,4.34375],"rotation":0,"texture":"#0","tintindex":0},"down":{"uv":[7.125,7.5625,7.0625,7.78125],"rotation":0,"texture":"#0","tintindex":0}}},{"from":[17.2934,7.816448,-8.186394],"to":[17.2934,13.530734,-3.0435371],"rotation":{"angle":22.5,"axis":"y","origin":[17.2934,9.24502,-1.3292513]},"faces":{"east":{"uv":[6.90625,8.78125,7.1875,9.09375],"rotation":0,"texture":"#0","tintindex":0},"south":{"uv":[0.0,0.0,0.0,0.3125],"rotation":0,"texture":"#0","tintindex":0},"north":{"uv":[0.0,0.0,0.0,0.3125],"rotation":0,"texture":"#0","tintindex":0},"west":{"uv":[7.1875,8.78125,7.46875,9.09375],"rotation":0,"texture":"#0","tintindex":0},"up":{"uv":[0.0,0.28125,0.0,0.0],"rotation":0,"texture":"#0","tintindex":0},"down":{"uv":[0.0,0.0,0.0,0.28125],"rotation":0,"texture":"#0","tintindex":0}}},{"from":[13.176134,6.0,2.763568],"to":[17.176136,9.428572,9.049282],"rotation":{"angle":-45.0,"axis":"y","origin":[12.971821,7.857143,5.9307985]},"faces":{"east":{"uv":[6.84375,9.09375,7.1875,9.28125],"rotation":0,"texture":"#0","tintindex":0},"south":{"uv":[9.34375,7.0625,9.5625,7.25],"rotation":0,"texture":"#0","tintindex":0},"north":{"uv":[9.34375,4.90625,9.5625,5.09375],"rotation":0,"texture":"#0","tintindex":0},"west":{"uv":[9.09375,7.8125,9.4375,8.0],"rotation":0,"texture":"#0","tintindex":0},"up":{"uv":[1.8125,9.03125,1.59375,8.6875],"rotation":0,"texture":"#0","tintindex":0},"down":{"uv":[5.875,8.78125,5.65625,9.125],"rotation":0,"texture":"#0","tintindex":0}}},{"from":[15.461849,9.428572,2.763568],"to":[15.461849,11.142858,7.3349967],"rotation":{"angle":-45.0,"axis":"y","origin":[12.971821,7.857143,5.9307985]},"faces":{"east":{"uv":[9.71875,2.0,9.96875,2.09375],"rotation":0,"texture":"#0","tintindex":0},"south":{"uv":[0.0,0.0,0.0,0.09375],"rotation":0,"texture":"#0","tintindex":0},"north":{"uv":[0.0,0.0,0.0,0.09375],"rotation":0,"texture":"#0","tintindex":0},"west":{"uv":[9.71875,5.8125,9.96875,5.90625],"rotation":0,"texture":"#0","tintindex":0},"up":{"uv":[0.0,0.25,0.0,0.0],"rotation":0,"texture":"#0","tintindex":0},"down":{"uv":[0.0,0.0,0.0,0.25],"rotation":0,"texture":"#0","tintindex":0}}},{"from":[9.739618,5.714286,6.5373697],"to":[13.739618,10.285714,11.108799],"rotation":{"angle":0.0,"axis":"y","origin":[12.971821,7.857143,5.9307985]},"faces":{"east":{"uv":[9.15625,0.0,9.40625,0.25],"rotation":0,"texture":"#0","tintindex":0},"south":{"uv":[9.28125,3.625,9.5,3.875],"rotation":0,"texture":"#0","tintindex":0},"north":{"uv":[9.25,6.8125,9.46875,7.0625],"rotation":0,"texture":"#0","tintindex":0},"west":{"uv":[0.25,9.15625,0.5,9.40625],"rotation":0,"texture":"#0","tintindex":0},"up":{"uv":[9.5,4.125,9.28125,3.875],"rotation":0,"texture":"#0","tintindex":0},"down":{"uv":[4.25,9.28125,4.03125,9.53125],"rotation":0,"texture":"#0","tintindex":0}}},{"from":[9.739618,10.285714,8.823084],"to":[13.739618,12.0,8.823084],"rotation":{"angle":0.0,"axis":"y","origin":[12.971821,7.857143,5.9307985]},"faces":{"east":{"uv":[0.0,0.0,0.0,0.09375],"rotation":0,"texture":"#0","tintindex":0},"south":{"uv":[9.71875,5.90625,9.9375,6.0],"rotation":0,"texture":"#0","tintindex":0},"north":{"uv":[9.03125,6.8125,9.25,6.90625],"rotation":0,"texture":"#0","tintindex":0},"west":{"uv":[0.0,0.0,0.0,0.09375],"rotation":0,"texture":"#0","tintindex":0},"up":{"uv":[0.21875,0.0,0.0,0.0],"rotation":0,"texture":"#0","tintindex":0},"down":{"uv":[0.21875,0.0,0.0,0.0],"rotation":0,"texture":"#0","tintindex":0}}},{"from":[9.739618,4.0,4.8230844],"to":[9.739618,12.0,12.823084],"rotation":{"angle":0.0,"axis":"y","origin":[12.971821,7.857143,5.9307985]},"faces":{"east":{"uv":[7.125,3.84375,7.5625,4.28125],"rotation":0,"texture":"#0","tintindex":0},"south":{"uv":[0.0,0.0,0.0,0.4375],"rotation":0,"texture":"#0","tintindex":0},"north":{"uv":[0.0,0.0,0.0,0.4375],"rotation":0,"texture":"#0","tintindex":0},"west":{"uv":[7.125,6.53125,7.5625,6.96875],"rotation":0,"texture":"#0","tintindex":0},"up":{"uv":[0.0,0.4375,0.0,0.0],"rotation":0,"texture":"#0","tintindex":0},"down":{"uv":[0.0,0.0,0.0,0.4375],"rotation":0,"texture":"#0","tintindex":0}}},{"from":[8.571428,6.857143,8.571428],"to":[12.0,9.142858,10.857143],"rotation":{"angle":-22.5,"axis":"y","origin":[12.971821,7.857143,5.9307985]},"faces":{"east":{"uv":[9.75,5.5625,9.875,5.6875],"rotation":0,"texture":"#0","tintindex":0},"south":{"uv":[5.875,9.71875,6.0625,9.84375],"rotation":0,"texture":"#0","tintindex":0},"north":{"uv":[9.1875,0.8125,9.375,0.9375],"rotation":0,"texture":"#0","tintindex":0},"west":{"uv":[9.75,5.6875,9.875,5.8125],"rotation":0,"texture":"#0","tintindex":0},"up":{"uv":[6.25,9.84375,6.0625,9.71875],"rotation":0,"texture":"#0","tintindex":0},"down":{"uv":[6.4375,9.71875,6.25,9.84375],"rotation":0,"texture":"#0","tintindex":0}}}],"textures":{"0":"modelengine:entity/tower_skeleton_body"},"display":{"head":{"translation":[0.0,-6.4,0.0],"scale":[4.0,4.0,4.0]}}}