{"elements":[{"from":[5.142857,5.714286,7.142857],"to":[6.285714,8.571428,8.857143],"rotation":{"angle":0.0,"axis":"y","origin":[8.0,4.5714283,7.714286]},"faces":{"east":{"uv":[9.875,4.28125,9.96875,4.4375],"rotation":0,"texture":"#0","tintindex":0},"south":{"uv":[8.59375,9.375,8.65625,9.53125],"rotation":0,"texture":"#0","tintindex":0},"north":{"uv":[9.3125,8.3125,9.375,8.46875],"rotation":0,"texture":"#0","tintindex":0},"west":{"uv":[4.34375,9.875,4.4375,10.03125],"rotation":0,"texture":"#0","tintindex":0},"up":{"uv":[4.53125,2.03125,4.46875,1.9375],"rotation":0,"texture":"#0","tintindex":0},"down":{"uv":[5.125,3.75,5.0625,3.84375],"rotation":0,"texture":"#0","tintindex":0}}},{"from":[5.142857,5.714286,3.7142854],"to":[5.142857,6.857143,7.142857],"rotation":{"angle":0.0,"axis":"y","origin":[8.0,4.5714283,7.714286]},"faces":{"east":{"uv":[8.3125,2.6875,8.5,2.75],"rotation":0,"texture":"#0","tintindex":0},"south":{"uv":[0.0,0.0,0.0,0.0625],"rotation":0,"texture":"#0","tintindex":0},"north":{"uv":[0.0,0.0,0.0,0.0625],"rotation":0,"texture":"#0","tintindex":0},"west":{"uv":[8.375,4.75,8.5625,4.8125],"rotation":0,"texture":"#0","tintindex":0},"up":{"uv":[0.0,0.1875,0.0,0.0],"rotation":0,"texture":"#0","tintindex":0},"down":{"uv":[0.0,0.0,0.0,0.1875],"rotation":0,"texture":"#0","tintindex":0}}},{"from":[10.857143,5.714286,3.7142854],"to":[10.857143,6.857143,7.142857],"rotation":{"angle":0.0,"axis":"y","origin":[8.0,4.5714283,7.714286]},"faces":{"east":{"uv":[8.625,4.375,8.8125,4.4375],"rotation":0,"texture":"#0","tintindex":0},"south":{"uv":[0.0,0.0,0.0,0.0625],"rotation":0,"texture":"#0","tintindex":0},"north":{"uv":[0.0,0.0,0.0,0.0625],"rotation":0,"texture":"#0","tintindex":0},"west":{"uv":[8.625,8.3125,8.8125,8.375],"rotation":0,"texture":"#0","tintindex":0},"up":{"uv":[0.0,0.1875,0.0,0.0],"rotation":0,"texture":"#0","tintindex":0},"down":{"uv":[0.0,0.0,0.0,0.1875],"rotation":0,"texture":"#0","tintindex":0}}},{"from":[9.714286,5.714286,7.142857],"to":[10.857143,8.571428,8.857143],"rotation":{"angle":0.0,"axis":"y","origin":[8.0,4.5714283,7.714286]},"faces":{"east":{"uv":[4.4375,9.875,4.53125,10.03125],"rotation":0,"texture":"#0","tintindex":0},"south":{"uv":[4.84375,9.84375,4.90625,10.0],"rotation":0,"texture":"#0","tintindex":0},"north":{"uv":[9.4375,7.8125,9.5,7.96875],"rotation":0,"texture":"#0","tintindex":0},"west":{"uv":[9.875,4.4375,9.96875,4.59375],"rotation":0,"texture":"#0","tintindex":0},"up":{"uv":[5.1875,3.84375,5.125,3.75],"rotation":0,"texture":"#0","tintindex":0},"down":{"uv":[6.40625,2.21875,6.34375,2.3125],"rotation":0,"texture":"#0","tintindex":0}}},{"from":[5.142857,5.6490393,3.386271],"to":[10.857143,7.363325,3.386271],"rotation":{"angle":-22.5,"axis":"x","origin":[8.0,6.506182,3.386271]},"faces":{"east":{"uv":[0.0,0.0,0.0,0.09375],"rotation":0,"texture":"#0","tintindex":0},"south":{"uv":[7.5625,7.3125,7.875,7.40625],"rotation":0,"texture":"#0","tintindex":0},"north":{"uv":[6.5,0.6875,6.8125,0.78125],"rotation":0,"texture":"#0","tintindex":0},"west":{"uv":[0.0,0.0,0.0,0.09375],"rotation":0,"texture":"#0","tintindex":0},"up":{"uv":[0.3125,0.0,0.0,0.0],"rotation":0,"texture":"#0","tintindex":0},"down":{"uv":[0.3125,0.0,0.0,0.0],"rotation":0,"texture":"#0","tintindex":0}}},{"from":[5.142857,4.0,3.7142854],"to":[10.857143,5.714286,8.857143],"rotation":{"angle":0.0,"axis":"y","origin":[8.0,4.5714283,7.714286]},"faces":{"east":{"uv":[9.59375,9.09375,9.875,9.1875],"rotation":0,"texture":"#0","tintindex":0},"south":{"uv":[8.9375,3.625,9.25,3.71875],"rotation":0,"texture":"#0","tintindex":0},"north":{"uv":[8.53125,1.8125,8.84375,1.90625],"rotation":0,"texture":"#0","tintindex":0},"west":{"uv":[9.6875,7.71875,9.96875,7.8125],"rotation":0,"texture":"#0","tintindex":0},"up":{"uv":[3.15625,9.03125,2.84375,8.75],"rotation":0,"texture":"#0","tintindex":0},"down":{"uv":[6.59375,8.75,6.28125,9.03125],"rotation":0,"texture":"#0","tintindex":0}}}],"textures":{"0":"modelengine:entity/tower_skeleton_body"},"display":{"head":{"translation":[0.0,-6.4,0.0],"scale":[4.0,4.0,4.0]}}}