{"elements":[{"from":[8.0,2.2857141,6.5714283],"to":[10.857143,8.0,9.428572],"rotation":{"angle":0.0,"axis":"y","origin":[28.0,-8.57143,10.571428]},"faces":{"east":{"uv":[9.375,0.25,9.53125,0.5625],"rotation":0,"texture":"#0","tintindex":0},"south":{"uv":[9.375,0.5625,9.53125,0.875],"rotation":0,"texture":"#0","tintindex":0},"north":{"uv":[9.28125,9.34375,9.4375,9.65625],"rotation":0,"texture":"#0","tintindex":0},"west":{"uv":[9.375,1.3125,9.53125,1.625],"rotation":0,"texture":"#0","tintindex":0},"up":{"uv":[9.875,4.96875,9.71875,4.8125],"rotation":0,"texture":"#0","tintindex":0},"down":{"uv":[5.3125,9.71875,5.15625,9.875],"rotation":0,"texture":"#0","tintindex":0}}}],"textures":{"0":"modelengine:entity/tower_skeleton_body"},"display":{"head":{"translation":[0.0,-6.4,0.0],"scale":[4.0,4.0,4.0]}}}