{"elements":[{"from":[6.060915,8.0,-1.3508348],"to":[8.918058,11.428572,5.5063076],"rotation":{"angle":-45.0,"axis":"y","origin":[10.632344,1.9999995,-2.4936924]},"faces":{"east":{"uv":[8.96875,8.03125,9.34375,8.21875],"rotation":0,"texture":"#0","tintindex":0},"south":{"uv":[9.4375,9.65625,9.59375,9.84375],"rotation":0,"texture":"#0","tintindex":0},"north":{"uv":[9.28125,9.65625,9.4375,9.84375],"rotation":0,"texture":"#0","tintindex":0},"west":{"uv":[7.46875,9.0,7.84375,9.1875],"rotation":0,"texture":"#0","tintindex":0},"up":{"uv":[7.71875,9.5625,7.5625,9.1875],"rotation":0,"texture":"#0","tintindex":0},"down":{"uv":[7.875,9.1875,7.71875,9.5625],"rotation":0,"texture":"#0","tintindex":0}}},{"from":[1.1428566,11.485714,-5.1428576],"to":[10.285714,11.485714,21.142857],"rotation":{"angle":0.0,"axis":"y","origin":[19.428572,-17.714287,2.8571424]},"faces":{"east":{"uv":[2.59375,1.03125,1.15625,1.03125],"rotation":0,"texture":"#0","tintindex":0},"south":{"uv":[1.4375,7.03125,0.9375,7.03125],"rotation":0,"texture":"#0","tintindex":0},"north":{"uv":[5.6875,7.0,5.1875,7.0],"rotation":0,"texture":"#0","tintindex":0},"west":{"uv":[2.59375,0.0,1.15625,0.0],"rotation":0,"texture":"#0","tintindex":0},"up":{"uv":[9.96875,1.4375,10.46875,0.0],"rotation":0,"texture":"#0","tintindex":0},"down":{"uv":[10.5,0.0,11.0,1.4375],"rotation":0,"texture":"#0","tintindex":0}}},{"from":[8.918058,-7.4285717,-1.3508348],"to":[12.34663,11.428572,4.3634505],"rotation":{"angle":-45.0,"axis":"y","origin":[10.632344,1.9999995,-2.4936924]},"faces":{"east":{"uv":[4.0,4.75,4.3125,5.78125],"rotation":0,"texture":"#0","tintindex":0},"south":{"uv":[1.3125,7.03125,1.5,8.0625],"rotation":0,"texture":"#0","tintindex":0},"north":{"uv":[1.125,7.03125,1.3125,8.0625],"rotation":0,"texture":"#0","tintindex":0},"west":{"uv":[4.3125,4.78125,4.625,5.8125],"rotation":0,"texture":"#0","tintindex":0},"up":{"uv":[8.0625,9.5,7.875,9.1875],"rotation":0,"texture":"#0","tintindex":0},"down":{"uv":[8.96875,9.1875,8.78125,9.5],"rotation":0,"texture":"#0","tintindex":0}}},{"from":[0.8635454,-0.8571434,-0.47247696],"to":[4.292117,1.9999995,-0.47247696],"rotation":{"angle":-45.0,"axis":"y","origin":[4.5689554,0.57227135,0.6234889]},"faces":{"east":{"uv":[0.0,0.0,0.0,0.15625],"rotation":0,"texture":"#0","tintindex":0},"south":{"uv":[9.6875,1.21875,9.875,1.375],"rotation":0,"texture":"#0","tintindex":0},"north":{"uv":[9.6875,0.6875,9.875,0.84375],"rotation":0,"texture":"#0","tintindex":0},"west":{"uv":[0.0,0.0,0.0,0.15625],"rotation":0,"texture":"#0","tintindex":0},"up":{"uv":[0.1875,0.0,0.0,0.0],"rotation":0,"texture":"#0","tintindex":0},"down":{"uv":[0.1875,0.0,0.0,0.0],"rotation":0,"texture":"#0","tintindex":0}}},{"from":[0.8635454,0.47247648,-2.0],"to":[4.292117,0.47247648,0.85714245],"rotation":{"angle":-45.0,"axis":"y","origin":[4.5689554,0.57227135,0.6234889]},"faces":{"east":{"uv":[0.0,0.0,0.15625,0.0],"rotation":0,"texture":"#0","tintindex":0},"south":{"uv":[0.0,0.0,0.1875,0.0],"rotation":0,"texture":"#0","tintindex":0},"north":{"uv":[0.0,0.0,0.1875,0.0],"rotation":0,"texture":"#0","tintindex":0},"west":{"uv":[0.0,0.0,0.15625,0.0],"rotation":0,"texture":"#0","tintindex":0},"up":{"uv":[9.875,1.53125,9.6875,1.375],"rotation":0,"texture":"#0","tintindex":0},"down":{"uv":[9.875,1.53125,9.6875,1.6875],"rotation":0,"texture":"#0","tintindex":0}}},{"from":[4.292117,-0.57142925,-1.6153336],"to":[4.8635454,1.7142854,0.67037964],"rotation":{"angle":-45.0,"axis":"y","origin":[4.5689554,0.57227135,0.6234889]},"faces":{"east":{"uv":[8.71875,9.84375,8.84375,9.96875],"rotation":0,"texture":"#0","tintindex":0},"south":{"uv":[8.59375,2.15625,8.625,2.28125],"rotation":0,"texture":"#0","tintindex":0},"north":{"uv":[8.1875,8.5625,8.21875,8.6875],"rotation":0,"texture":"#0","tintindex":0},"west":{"uv":[9.1875,9.84375,9.3125,9.96875],"rotation":0,"texture":"#0","tintindex":0},"up":{"uv":[7.5,8.75,7.46875,8.625],"rotation":0,"texture":"#0","tintindex":0},"down":{"uv":[1.84375,8.6875,1.8125,8.8125],"rotation":0,"texture":"#0","tintindex":0}}},{"from":[0.5218787,-0.8571434,4.851884],"to":[3.95045,1.9999995,4.851884],"rotation":{"angle":0.0,"axis":"y","origin":[3.2131557,0.57278967,4.8308024]},"faces":{"east":{"uv":[0.0,0.0,0.0,0.15625],"rotation":0,"texture":"#0","tintindex":0},"south":{"uv":[9.6875,4.03125,9.875,4.1875],"rotation":0,"texture":"#0","tintindex":0},"north":{"uv":[9.6875,1.6875,9.875,1.84375],"rotation":0,"texture":"#0","tintindex":0},"west":{"uv":[0.0,0.0,0.0,0.15625],"rotation":0,"texture":"#0","tintindex":0},"up":{"uv":[0.1875,0.0,0.0,0.0],"rotation":0,"texture":"#0","tintindex":0},"down":{"uv":[0.1875,0.0,0.0,0.0],"rotation":0,"texture":"#0","tintindex":0}}},{"from":[0.5218787,0.47247648,3.3243608],"to":[3.95045,0.47247648,6.181504],"rotation":{"angle":0.0,"axis":"y","origin":[3.2131557,0.57278967,4.8308024]},"faces":{"east":{"uv":[0.0,0.0,0.15625,0.0],"rotation":0,"texture":"#0","tintindex":0},"south":{"uv":[0.0,0.0,0.1875,0.0],"rotation":0,"texture":"#0","tintindex":0},"north":{"uv":[0.0,0.0,0.1875,0.0],"rotation":0,"texture":"#0","tintindex":0},"west":{"uv":[0.0,0.0,0.15625,0.0],"rotation":0,"texture":"#0","tintindex":0},"up":{"uv":[9.875,4.34375,9.6875,4.1875],"rotation":0,"texture":"#0","tintindex":0},"down":{"uv":[9.875,4.34375,9.6875,4.5],"rotation":0,"texture":"#0","tintindex":0}}},{"from":[3.95045,-0.57142925,3.7090268],"to":[4.5218787,1.7142854,5.9947414],"rotation":{"angle":0.0,"axis":"y","origin":[3.2131557,0.57278967,4.8308024]},"faces":{"east":{"uv":[9.84375,9.1875,9.96875,9.3125],"rotation":0,"texture":"#0","tintindex":0},"south":{"uv":[1.8125,8.8125,1.84375,8.9375],"rotation":0,"texture":"#0","tintindex":0},"north":{"uv":[7.84375,8.78125,7.875,8.90625],"rotation":0,"texture":"#0","tintindex":0},"west":{"uv":[9.3125,9.84375,9.4375,9.96875],"rotation":0,"texture":"#0","tintindex":0},"up":{"uv":[8.90625,1.5,8.875,1.375],"rotation":0,"texture":"#0","tintindex":0},"down":{"uv":[7.875,8.90625,7.84375,9.03125],"rotation":0,"texture":"#0","tintindex":0}}},{"from":[0.5218787,-0.8571434,10.56617],"to":[3.95045,1.9999995,10.56617],"rotation":{"angle":0.0,"axis":"y","origin":[3.2131557,0.57278967,10.545089]},"faces":{"east":{"uv":[0.0,0.0,0.0,0.15625],"rotation":0,"texture":"#0","tintindex":0},"south":{"uv":[9.6875,4.65625,9.875,4.8125],"rotation":0,"texture":"#0","tintindex":0},"north":{"uv":[9.6875,4.5,9.875,4.65625],"rotation":0,"texture":"#0","tintindex":0},"west":{"uv":[0.0,0.0,0.0,0.15625],"rotation":0,"texture":"#0","tintindex":0},"up":{"uv":[0.1875,0.0,0.0,0.0],"rotation":0,"texture":"#0","tintindex":0},"down":{"uv":[0.1875,0.0,0.0,0.0],"rotation":0,"texture":"#0","tintindex":0}}},{"from":[0.5218787,0.47247648,9.038647],"to":[3.95045,0.47247648,11.89579],"rotation":{"angle":0.0,"axis":"y","origin":[3.2131557,0.57278967,10.545089]},"faces":{"east":{"uv":[0.0,0.0,0.15625,0.0],"rotation":0,"texture":"#0","tintindex":0},"south":{"uv":[0.0,0.0,0.1875,0.0],"rotation":0,"texture":"#0","tintindex":0},"north":{"uv":[0.0,0.0,0.1875,0.0],"rotation":0,"texture":"#0","tintindex":0},"west":{"uv":[0.0,0.0,0.15625,0.0],"rotation":0,"texture":"#0","tintindex":0},"up":{"uv":[4.90625,9.84375,4.71875,9.6875],"rotation":0,"texture":"#0","tintindex":0},"down":{"uv":[9.875,5.03125,9.6875,5.1875],"rotation":0,"texture":"#0","tintindex":0}}},{"from":[3.95045,-0.57142925,9.423313],"to":[4.5218787,1.7142854,11.709027],"rotation":{"angle":0.0,"axis":"y","origin":[3.2131557,0.57278967,10.545089]},"faces":{"east":{"uv":[9.4375,9.84375,9.5625,9.96875],"rotation":0,"texture":"#0","tintindex":0},"south":{"uv":[1.15625,8.9375,1.1875,9.0625],"rotation":0,"texture":"#0","tintindex":0},"north":{"uv":[1.125,8.9375,1.15625,9.0625],"rotation":0,"texture":"#0","tintindex":0},"west":{"uv":[9.84375,9.625,9.96875,9.75],"rotation":0,"texture":"#0","tintindex":0},"up":{"uv":[1.21875,9.0625,1.1875,8.9375],"rotation":0,"texture":"#0","tintindex":0},"down":{"uv":[1.84375,8.9375,1.8125,9.0625],"rotation":0,"texture":"#0",