{"elements":[{"from":[-2.0,4.142857,2.8571424],"to":[1.4285712,7.0,2.8571424],"rotation":{"angle":0.0,"axis":"y","origin":[-0.2857151,5.5714283,5.142857]},"faces":{"east":{"uv":[0.0,0.0,0.0,0.15625],"rotation":0,"texture":"#0","tintindex":0},"south":{"uv":[2.125,9.625,2.3125,9.78125],"rotation":0,"texture":"#0","tintindex":0},"north":{"uv":[1.9375,9.625,2.125,9.78125],"rotation":0,"texture":"#0","tintindex":0},"west":{"uv":[0.0,0.0,0.0,0.15625],"rotation":0,"texture":"#0","tintindex":0},"up":{"uv":[0.1875,0.0,0.0,0.0],"rotation":0,"texture":"#0","tintindex":0},"down":{"uv":[0.1875,0.0,0.0,0.0],"rotation":0,"texture":"#0","tintindex":0}}},{"from":[-2.0,1.8571424,5.142857],"to":[1.4285712,4.714286,5.142857],"rotation":{"angle":45.0,"axis":"x","origin":[-0.2857151,5.5714283,5.142857]},"faces":{"east":{"uv":[0.0,0.0,0.0,0.15625],"rotation":0,"texture":"#0","tintindex":0},"south":{"uv":[2.78125,9.625,2.96875,9.78125],"rotation":0,"texture":"#0","tintindex":0},"north":{"uv":[2.3125,9.625,2.5,9.78125],"rotation":0,"texture":"#0","tintindex":0},"west":{"uv":[0.0,0.0,0.0,0.15625],"rotation":0,"texture":"#0","tintindex":0},"up":{"uv":[0.1875,0.0,0.0,0.0],"rotation":0,"texture":"#0","tintindex":0},"down":{"uv":[0.1875,0.0,0.0,0.0],"rotation":0,"texture":"#0","tintindex":0}}},{"from":[1.4285712,4.428571,1.7142854],"to":[1.9999995,6.714286,4.0],"rotation":{"angle":0.0,"axis":"y","origin":[1.7142854,5.5714283,5.142857]},"faces":{"east":{"uv":[9.8125,8.1875,9.9375,8.3125],"rotation":0,"texture":"#0","tintindex":0},"south":{"uv":[6.90625,7.40625,6.9375,7.53125],"rotation":0,"texture":"#0","tintindex":0},"north":{"uv":[7.375,1.0,7.40625,1.125],"rotation":0,"texture":"#0","tintindex":0},"west":{"uv":[9.8125,9.375,9.9375,9.5],"rotation":0,"texture":"#0","tintindex":0},"up":{"uv":[4.625,7.5625,4.59375,7.4375],"rotation":0,"texture":"#0","tintindex":0},"down":{"uv":[6.40625,7.53125,6.375,7.65625],"rotation":0,"texture":"#0","tintindex":0}}},{"from":[-2.0,4.142857,7.428571],"to":[1.4285712,7.0,7.428571],"rotation":{"angle":0.0,"axis":"y","origin":[-0.2857151,5.5714283,5.142857]},"faces":{"east":{"uv":[0.0,0.0,0.0,0.15625],"rotation":0,"texture":"#0","tintindex":0},"south":{"uv":[9.625,3.71875,9.8125,3.875],"rotation":0,"texture":"#0","tintindex":0},"north":{"uv":[9.625,3.5625,9.8125,3.71875],"rotation":0,"texture":"#0","tintindex":0},"west":{"uv":[0.0,0.0,0.0,0.15625],"rotation":0,"texture":"#0","tintindex":0},"up":{"uv":[0.1875,0.0,0.0,0.0],"rotation":0,"texture":"#0","tintindex":0},"down":{"uv":[0.1875,0.0,0.0,0.0],"rotation":0,"texture":"#0","tintindex":0}}},{"from":[-2.0,6.428571,5.142857],"to":[1.4285712,9.285714,5.142857],"rotation":{"angle":45.0,"axis":"x","origin":[-0.2857151,5.5714283,5.142857]},"faces":{"east":{"uv":[0.0,0.0,0.0,0.15625],"rotation":0,"texture":"#0","tintindex":0},"south":{"uv":[5.53125,9.625,5.71875,9.78125],"rotation":0,"texture":"#0","tintindex":0},"north":{"uv":[9.625,3.875,9.8125,4.03125],"rotation":0,"texture":"#0","tintindex":0},"west":{"uv":[0.0,0.0,0.0,0.15625],"rotation":0,"texture":"#0","tintindex":0},"up":{"uv":[0.1875,0.0,0.0,0.0],"rotation":0,"texture":"#0","tintindex":0},"down":{"uv":[0.1875,0.0,0.0,0.0],"rotation":0,"texture":"#0","tintindex":0}}},{"from":[1.4285712,4.428571,6.285714],"to":[1.9999995,6.714286,8.571428],"rotation":{"angle":0.0,"axis":"y","origin":[1.7142854,5.5714283,5.142857]},"faces":{"east":{"uv":[9.8125,9.5,9.9375,9.625],"rotation":0,"texture":"#0","tintindex":0},"south":{"uv":[6.375,7.65625,6.40625,7.78125],"rotation":0,"texture":"#0","tintindex":0},"north":{"uv":[4.59375,7.5625,4.625,7.6875],"rotation":0,"texture":"#0","tintindex":0},"west":{"uv":[9.84375,1.0,9.96875,1.125],"rotation":0,"texture":"#0","tintindex":0},"up":{"uv":[6.40625,7.90625,6.375,7.78125],"rotation":0,"texture":"#0","tintindex":0},"down":{"uv":[4.0625,7.84375,4.03125,7.96875],"rotation":0,"texture":"#0","tintindex":0}}},{"from":[3.7142854,-5.285715,0.0],"to":[12.285715,7.857143,9.142858],"rotation":{"angle":0.0,"axis":"y","origin":[23.714287,-16.142859,4.0]},"faces":{"east":{"uv":[3.4375,4.03125,3.9375,4.75],"rotation":0,"texture":"#0","tintindex":0},"south":{"uv":[0.96875,4.625,1.4375,5.34375],"rotation":0,"texture":"#0","tintindex":0},"north":{"uv":[0.5,4.625,0.96875,5.34375],"rotation":0,"texture":"#0","tintindex":0},"west":{"uv":[3.9375,4.03125,4.4375,4.75],"rotation":0,"texture":"#0","tintindex":0},"up":{"uv":[0.46875,7.15625,0.0,6.65625],"rotation":0,"texture":"#0","tintindex":0},"down":{"uv":[0.9375,6.65625,0.46875,7.15625],"rotation":0,"texture":"#0","tintindex":0}}},{"from":[1.9999995,3.2857141,-0.57142925],"to":[7.142857,7.857143,9.714286],"rotation":{"angle":0.0,"axis":"y","origin":[23.714287,-16.142859,4.0]},"faces":{"east":{"uv":[7.96875,6.65625,8.53125,6.90625],"rotation":0,"texture":"#0","tintindex":0},"south":{"uv":[4.53125,8.90625,4.8125,9.15625],"rotation":0,"texture":"#0","tintindex":0},"north":{"uv":[8.1875,8.78125,8.46875,9.03125],"rotation":0,"texture":"#0","tintindex":0},"west":{"uv":[8.0,4.8125,8.5625,5.0625],"rotation":0,"texture":"#0","tintindex":0},"up":{"uv":[4.625,8.25,4.34375,7.6875],"rotation":0,"texture":"#0","tintindex":0},"down":{"uv":[8.03125,1.90625,7.75,2.46875],"rotation":0,"texture":"#0","tintindex":0}}}],"textures":{"0":"modelengine:entity/tower_skeleton_body"},"display":{"head":{"translation":[0.0,-6.4,0.0],"scale":[4.0,4.0,4.0]}}}