{"elements":[{"from":[2.1071424,3.9761906,0.0],"to":[10.678572,15.976191,3.4285712],"rotation":{"angle":0.0,"axis":"y","origin":[19.25,-21.166668,4.5714283]},"faces":{"east":{"uv":[2.0,8.28125,2.1875,8.9375],"rotation":0,"texture":"#0","tintindex":0},"south":{"uv":[2.40625,5.15625,2.875,5.8125],"rotation":0,"texture":"#0","tintindex":0},"north":{"uv":[1.9375,5.15625,2.40625,5.8125],"rotation":0,"texture":"#0","tintindex":0},"west":{"uv":[1.21875,8.40625,1.40625,9.0625],"rotation":0,"texture":"#0","tintindex":0},"up":{"uv":[9.3125,7.71875,8.84375,7.53125],"rotation":0,"texture":"#0","tintindex":0},"down":{"uv":[9.34375,0.3125,8.875,0.5],"rotation":0,"texture":"#0","tintindex":0}}},{"from":[2.1071424,11.976191,3.4285712],"to":[10.678572,15.976191,12.571428],"rotation":{"angle":0.0,"axis":"y","origin":[19.25,-21.166668,16.57143]},"faces":{"east":{"uv":[8.53125,6.6875,9.03125,6.90625],"rotation":0,"texture":"#0","tintindex":0},"south":{"uv":[8.59375,5.46875,9.0625,5.6875],"rotation":0,"texture":"#0","tintindex":0},"north":{"uv":[8.59375,5.25,9.0625,5.46875],"rotation":0,"texture":"#0","tintindex":0},"west":{"uv":[8.5625,4.75,9.0625,4.96875],"rotation":0,"texture":"#0","tintindex":0},"up":{"uv":[5.40625,7.0,4.9375,6.5],"rotation":0,"texture":"#0","tintindex":0},"down":{"uv":[1.40625,6.53125,0.9375,7.03125],"rotation":0,"texture":"#0","tintindex":0}}},{"from":[3.5357141,7.9761906,16.57143],"to":[6.392857,7.9761906,20.0],"rotation":{"angle":45.0,"axis":"z","origin":[4.964286,7.9761906,17.285715]},"faces":{"east":{"uv":[0.0,0.0,0.1875,0.0],"rotation":0,"texture":"#0","tintindex":0},"south":{"uv":[0.0,0.0,0.15625,0.0],"rotation":0,"texture":"#0","tintindex":0},"north":{"uv":[0.0,0.0,0.15625,0.0],"rotation":0,"texture":"#0","tintindex":0},"west":{"uv":[0.0,0.0,0.1875,0.0],"rotation":0,"texture":"#0","tintindex":0},"up":{"uv":[4.5625,6.25,4.40625,6.0625],"rotation":0,"texture":"#0","tintindex":0},"down":{"uv":[4.40625,6.5625,4.25,6.75],"rotation":0,"texture":"#0","tintindex":0}}},{"from":[3.5357141,7.9761906,16.57143],"to":[6.392857,7.9761906,20.0],"rotation":{"angle":0.0,"axis":"y","origin":[4.964286,7.9761906,17.285715]},"faces":{"east":{"uv":[0.0,0.0,0.1875,0.0],"rotation":0,"texture":"#0","tintindex":0},"south":{"uv":[0.0,0.0,0.15625,0.0],"rotation":0,"texture":"#0","tintindex":0},"north":{"uv":[0.0,0.0,0.15625,0.0],"rotation":0,"texture":"#0","tintindex":0},"west":{"uv":[0.0,0.0,0.1875,0.0],"rotation":0,"texture":"#0","tintindex":0},"up":{"uv":[7.28125,4.46875,7.125,4.28125],"rotation":0,"texture":"#0","tintindex":0},"down":{"uv":[9.6875,0.6875,9.53125,0.875],"rotation":0,"texture":"#0","tintindex":0}}},{"from":[3.5357141,12.547619,16.57143],"to":[6.392857,12.547619,20.0],"rotation":{"angle":45.0,"axis":"z","origin":[4.964286,12.547619,17.285715]},"faces":{"east":{"uv":[0.0,0.0,0.1875,0.0],"rotation":0,"texture":"#0","tintindex":0},"south":{"uv":[0.0,0.0,0.15625,0.0],"rotation":0,"texture":"#0","tintindex":0},"north":{"uv":[0.0,0.0,0.15625,0.0],"rotation":0,"texture":"#0","tintindex":0},"west":{"uv":[0.0,0.0,0.1875,0.0],"rotation":0,"texture":"#0","tintindex":0},"up":{"uv":[1.28125,9.71875,1.125,9.53125],"rotation":0,"texture":"#0","tintindex":0},"down":{"uv":[1.4375,9.53125,1.28125,9.71875],"rotation":0,"texture":"#0","tintindex":0}}},{"from":[3.5357141,12.547619,16.57143],"to":[6.392857,12.547619,20.0],"rotation":{"angle":0.0,"axis":"y","origin":[4.964286,12.547619,17.285715]},"faces":{"east":{"uv":[0.0,0.0,0.1875,0.0],"rotation":0,"texture":"#0","tintindex":0},"south":{"uv":[0.0,0.0,0.15625,0.0],"rotation":0,"texture":"#0","tintindex":0},"north":{"uv":[0.0,0.0,0.15625,0.0],"rotation":0,"texture":"#0","tintindex":0},"west":{"uv":[0.0,0.0,0.1875,0.0],"rotation":0,"texture":"#0","tintindex":0},"up":{"uv":[9.6875,1.46875,9.53125,1.28125],"rotation":0,"texture":"#0","tintindex":0},"down":{"uv":[9.6875,1.46875,9.53125,1.65625],"rotation":0,"texture":"#0","tintindex":0}}},{"from":[3.5357141,16.547619,3.4285712],"to":[6.392857,19.976192,3.4285712],"rotation":{"angle":0.0,"axis":"y","origin":[4.964286,18.261906,5.714286]},"faces":{"east":{"uv":[0.0,0.0,0.0,0.1875],"rotation":0,"texture":"#0","tintindex":0},"south":{"uv":[3.96875,9.53125,4.125,9.71875],"rotation":0,"texture":"#0","tintindex":0},"north":{"uv":[9.53125,1.65625,9.6875,1.84375],"rotation":0,"texture":"#0","tintindex":0},"west":{"uv":[0.0,0.0,0.0,0.1875],"rotation":0,"texture":"#0","tintindex":0},"up":{"uv":[0.15625,0.0,0.0,0.0],"rotation":0,"texture":"#0","tintindex":0},"down":{"uv":[0.15625,0.0,0.0,0.0],"rotation":0,"texture":"#0","tintindex":0}}},{"from":[5.8214283,16.547619,5.714286],"to":[8.678572,19.976192,5.714286],"rotation":{"angle":-45.0,"axis":"y","origin":[4.964286,18.261906,5.714286]},"faces":{"east":{"uv":[0.0,0.0,0.0,0.1875],"rotation":0,"texture":"#0","tintindex":0},"south":{"uv":[9.53125,4.25,9.6875,4.4375],"rotation":0,"texture":"#0","tintindex":0},"north":{"uv":[9.53125,4.0625,9.6875,4.25],"rotation":0,"texture":"#0","tintindex":0},"west":{"uv":[0.0,0.0,0.0,0.1875],"rotation":0,"texture":"#0","tintindex":0},"up":{"uv":[0.15625,0.0,0.0,0.0],"rotation":0,"texture":"#0","tintindex":0},"down":{"uv":[0.15625,0.0,0.0,0.0],"rotation":0,"texture":"#0","tintindex":0}}},{"from":[1.2499995,16.547619,5.714286],"to":[4.1071424,19.976192,5.714286],"rotation":{"angle":-45.0,"axis":"y","origin":[4.964286,18.261906,5.714286]},"faces":{"east":{"uv":[0.0,0.0,0.0,0.1875],"rotation":0,"texture":"#0","tintindex":0},"south":{"uv":[9.53125,4.4375,9.6875,4.625],"rotation":0,"texture":"#0","tintindex":0},"north":{"uv":[4.40625,9.53125,4.5625,9.71875],"rotation":0,"texture":"#0","tintindex":0},"west":{"uv":[0.0,0.0,0.0,0.1875],"rotation":0,"texture":"#0","tintindex":0},"up":{"uv":[0.15625,0.0,0.0,0.0],"rotation":0,"texture":"#0","tintindex":0},"down":{"uv":[0.15625,0.0,0.0,0.0],"rotation":0,"texture":"#0","tintindex":0}}},{"from":[3.5357141,16.547619,8.0],"to":[6.392857,19.976192,8.0],"rotation":{"angle":0.0,"axis":"y","origin":[4.964286,18.261906,5.714286]},"faces":{"east":{"uv":[0.0,0.0,0.0,0.1875],"rotation":0,"texture":"#0","tintindex":0},"south":{"uv":[5.8125,9.53125,5.96875,9.71875],"rotation":0,"texture":"#0","tintindex":0},"north":{"uv":[4.5625,9.53125,4.71875,9.71875],"rotation":0,"texture":"#0","tintindex":0},"west":{"uv":[0.0,0.0,0.0,0.1875],"rotation":0,"texture":"#0","tintindex":0},"up":{"uv":[0.15625,0.0,0.0,0.0],"rotation":0,"texture":"#0","tintindex":0},"down":{"uv":[0.15625,0.0,0.0,0.0],"rotation":0,"texture":"#0","tintindex":0}}},{"from":[5.8214283,16.547619,10.285714],"to":[8.678572,19.976192,10.285714],"rotation":{"angle":-45.0,"axis":"y","origin":[4.964286,18.261906,10.285714]},"faces":{"east":{"uv":[0.0,0.0,0.0,0.1875],"rotation":0,"texture":"#0","tintindex":0},"south":{"uv":[9.53125,6.125,9.6875,6.3125],"rotation":0,"texture":"#0","tintindex":0},"north":{"uv":[5.96875,9.53125,6.125,9.71875],"rotation":0,"texture":"#0","tintindex":0},"west":{"uv":[0.0,0.0,0.0,0.1875],"rotation":0,"texture":"#0","tintindex":0},"up":{"uv":[0.15625,0.0,0.0,0.0],"rotation":0,"texture":"#0","tintindex":0},"down":{"uv":[0.15625,0.0,0.0,0.0],"rotation":0,"texture":"#0","tintindex":0}}},{"from":[3.5357141,16.547619,12.571428],"to":[6.392857,19.976192,12.571428],"rotation":{"angle":0.0,"axis":"y","origin":[4.964286,18.261906,10.285714]},"faces":{"east":{"uv":[0.0,0.0,0.0,0.1875],"rotation":0,"texture":"#0","tintindex":0},"south":{"uv":[9.5625,4.84375,9.71875,5.03125],"rotation":0,"texture":"#0","tintindex":0},"north":{"uv":[9.53125,8.3125,9.6875,8.5],"rotation":0,"texture":"#0","tintindex":0},"west":{"uv":[0.0,0.0,0.0,0.1875],"rotation":0,"texture":"#0","tintindex":0},"up":{"uv":[0.15625,0.0,0.0,0.0],"rotation":0,"texture":"#0","tintindex":0},"down":{"uv":[0.15625,0.0,0.0,0.0],"rotation":0,"texture":"#0","tintindex":0}}},{"from":[3.8214283,6.833333,-0.57142925],"to":[6.107143,9.119047,0.0],"rotation":{"angle":0.0,"axis":"y","origin":[4.964286,7.9761906,-1.2857151]},