{"elements":[{"from":[-5.714287,2.8571424,3.4285712],"to":[4.0,9.142858,12.0],"rotation":{"angle":0.0,"axis":"y","origin":[3.4285712,7.428571,6.857143]},"faces":{"east":{"uv":[0.46875,7.59375,0.9375,7.9375],"rotation":0,"texture":"#0","tintindex":0},"south":{"uv":[7.28125,4.28125,7.8125,4.625],"rotation":0,"texture":"#0","tintindex":0},"north":{"uv":[7.21875,2.40625,7.75,2.75],"rotation":0,"texture":"#0","tintindex":0},"west":{"uv":[7.65625,1.5625,8.125,1.90625],"rotation":0,"texture":"#0","tintindex":0},"up":{"uv":[2.4375,6.75,1.90625,6.28125],"rotation":0,"texture":"#0","tintindex":0},"down":{"uv":[4.9375,6.28125,4.40625,6.75],"rotation":0,"texture":"#0","tintindex":0}}},{"from":[0.0,5.142857,4.5714283],"to":[9.142858,12.571428,10.857143],"rotation":{"angle":0.0,"axis":"y","origin":[3.4285712,9.142858,6.857143]},"faces":{"east":{"uv":[3.15625,8.1875,3.5,8.59375],"rotation":0,"texture":"#0","tintindex":0},"south":{"uv":[6.875,0.8125,7.375,1.21875],"rotation":0,"texture":"#0","tintindex":0},"north":{"uv":[2.25,6.84375,2.75,7.25],"rotation":0,"texture":"#0","tintindex":0},"west":{"uv":[3.5,8.1875,3.84375,8.59375],"rotation":0,"texture":"#0","tintindex":0},"up":{"uv":[8.0,7.75,7.5,7.40625],"rotation":0,"texture":"#0","tintindex":0},"down":{"uv":[8.03125,5.125,7.53125,5.46875],"rotation":0,"texture":"#0","tintindex":0}}},{"from":[-5.714287,9.142858,3.4285712],"to":[1.1428566,13.142858,3.4285712],"rotation":{"angle":0.0,"axis":"y","origin":[3.4285712,7.428571,6.857143]},"faces":{"east":{"uv":[0.0,0.0,0.0,0.21875],"rotation":0,"texture":"#0","tintindex":0},"south":{"uv":[8.90625,3.71875,9.28125,3.9375],"rotation":0,"texture":"#0","tintindex":0},"north":{"uv":[3.53125,8.90625,3.90625,9.125],"rotation":0,"texture":"#0","tintindex":0},"west":{"uv":[0.0,0.0,0.0,0.21875],"rotation":0,"texture":"#0","tintindex":0},"up":{"uv":[0.375,0.0,0.0,0.0],"rotation":0,"texture":"#0","tintindex":0},"down":{"uv":[0.375,0.0,0.0,0.0],"rotation":0,"texture":"#0","tintindex":0}}},{"from":[-5.714287,9.142858,3.4285712],"to":[-5.714287,13.142858,12.0],"rotation":{"angle":0.0,"axis":"y","origin":[3.4285712,7.428571,6.857143]},"faces":{"east":{"uv":[8.625,2.8125,9.09375,3.03125],"rotation":0,"texture":"#0","tintindex":0},"south":{"uv":[0.0,0.0,0.0,0.21875],"rotation":0,"texture":"#0","tintindex":0},"north":{"uv":[0.0,0.0,0.0,0.21875],"rotation":0,"texture":"#0","tintindex":0},"west":{"uv":[8.625,3.03125,9.09375,3.25],"rotation":0,"texture":"#0","tintindex":0},"up":{"uv":[0.0,0.46875,0.0,0.0],"rotation":0,"texture":"#0","tintindex":0},"down":{"uv":[0.0,0.0,0.0,0.46875],"rotation":0,"texture":"#0","tintindex":0}}},{"from":[-5.714287,9.142858,12.0],"to":[1.7142854,13.142858,12.0],"rotation":{"angle":0.0,"axis":"y","origin":[3.4285712,7.428571,6.857143]},"faces":{"east":{"uv":[0.0,0.0,0.0,0.21875],"rotation":0,"texture":"#0","tintindex":0},"south":{"uv":[5.875,8.75,6.28125,8.96875],"rotation":0,"texture":"#0","tintindex":0},"north":{"uv":[8.75,1.15625,9.15625,1.375],"rotation":0,"texture":"#0","tintindex":0},"west":{"uv":[0.0,0.0,0.0,0.21875],"rotation":0,"texture":"#0","tintindex":0},"up":{"uv":[0.40625,0.0,0.0,0.0],"rotation":0,"texture":"#0","tintindex":0},"down":{"uv":[0.40625,0.0,0.0,0.0],"rotation":0,"texture":"#0","tintindex":0}}},{"from":[-6.285715,4.5714283,6.857143],"to":[-4.000001,13.714286,9.142858],"rotation":{"angle":0.0,"axis":"y","origin":[3.4285712,7.428571,6.857143]},"faces":{"east":{"uv":[0.875,9.15625,1.0,9.65625],"rotation":0,"texture":"#0","tintindex":0},"south":{"uv":[1.0,9.15625,1.125,9.65625],"rotation":0,"texture":"#0","tintindex":0},"north":{"uv":[0.75,9.15625,0.875,9.65625],"rotation":0,"texture":"#0","tintindex":0},"west":{"uv":[1.8125,9.15625,1.9375,9.65625],"rotation":0,"texture":"#0","tintindex":0},"up":{"uv":[9.9375,8.0625,9.8125,7.9375],"rotation":0,"texture":"#0","tintindex":0},"down":{"uv":[9.9375,8.0625,9.8125,8.1875],"rotation":0,"texture":"#0","tintindex":0}}}],"textures":{"0":"modelengine:entity/tower_skeleton_body"},"display":{"head":{"translation":[0.0,-6.4,0.0],"scale":[4.0,4.0,4.0]}}}