{"elements":[{"from":[8.0,2.2857141,6.5714283],"to":[10.857143,8.0,9.428572],"rotation":{"angle":0.0,"axis":"y","origin":[28.0,-8.57143,10.571428]},"faces":{"east":{"uv":[9.34375,8.0,9.5,8.3125],"rotation":0,"texture":"#0","tintindex":0},"south":{"uv":[8.1875,9.34375,8.34375,9.65625],"rotation":0,"texture":"#0","tintindex":0},"north":{"uv":[1.65625,9.34375,1.8125,9.65625],"rotation":0,"texture":"#0","tintindex":0},"west":{"uv":[9.34375,8.65625,9.5,8.96875],"rotation":0,"texture":"#0","tintindex":0},"up":{"uv":[4.4375,9.875,4.28125,9.71875],"rotation":0,"texture":"#0","tintindex":0},"down":{"uv":[4.59375,9.71875,4.4375,9.875],"rotation":0,"texture":"#0","tintindex":0}}}],"textures":{"0":"modelengine:entity/tower_skeleton_body"},"display":{"head":{"translation":[0.0,-6.4,0.0],"scale":[4.0,4.0,4.0]}}}