{"elements":[{"from":[6.857143,4.5714283,8.0],"to":[9.142858,8.0,10.285714],"rotation":{"angle":0.0,"axis":"y","origin":[22.857143,-10.857143,12.0]},"faces":{"east":{"uv":[9.71875,9.1875,9.84375,9.375],"rotation":0,"texture":"#0","tintindex":0},"south":{"uv":[9.59375,9.71875,9.71875,9.90625],"rotation":0,"texture":"#0","tintindex":0},"north":{"uv":[9.71875,7.15625,9.84375,7.34375],"rotation":0,"texture":"#0","tintindex":0},"west":{"uv":[9.71875,9.71875,9.84375,9.90625],"rotation":0,"texture":"#0","tintindex":0},"up":{"uv":[1.84375,9.96875,1.71875,9.84375],"rotation":0,"texture":"#0","tintindex":0},"down":{"uv":[2.5625,9.84375,2.4375,9.96875],"rotation":0,"texture":"#0","tintindex":0}}}],"textures":{"0":"modelengine:entity/tower_skeleton_body"},"display":{"head":{"translation":[0.0,-6.4,0.0],"scale":[4.0,4.0,4.0]}}}