{"elements":[{"from":[4.285714,-0.4285717,3.4285712],"to":[6.0,8.714286,12.571428],"rotation":{"angle":0.0,"axis":"y","origin":[26.0,-15.857143,7.428571]},"faces":{"east":{"uv":[0.4375,6.15625,0.9375,6.65625],"rotation":0,"texture":"#0","tintindex":0},"south":{"uv":[0.1875,9.40625,0.28125,9.90625],"rotation":0,"texture":"#0","tintindex":0},"north":{"uv":[0.09375,9.40625,0.1875,9.90625],"rotation":0,"texture":"#0","tintindex":0},"west":{"uv":[6.25,4.1875,6.75,4.6875],"rotation":0,"texture":"#0","tintindex":0},"up":{"uv":[0.375,9.90625,0.28125,9.40625],"rotation":0,"texture":"#0","tintindex":0},"down":{"uv":[0.46875,9.40625,0.375,9.90625],"rotation":0,"texture":"#0","tintindex":0}}},{"from":[3.6296854,-3.7266512,3.4285712],"to":[3.6296854,-0.2980795,12.571428],"rotation":{"angle":-22.5,"axis":"z","origin":[3.6296854,-2.0123653,8.0]},"faces":{"east":{"uv":[8.6875,0.5625,9.1875,0.75],"rotation":0,"texture":"#0","tintindex":0},"south":{"uv":[0.0,0.0,0.0,0.1875],"rotation":0,"texture":"#0","tintindex":0},"north":{"uv":[0.0,0.0,0.0,0.1875],"rotation":0,"texture":"#0","tintindex":0},"west":{"uv":[8.6875,0.75,9.1875,0.9375],"rotation":0,"texture":"#0","tintindex":0},"up":{"uv":[0.0,0.5,0.0,0.0],"rotation":0,"texture":"#0","tintindex":0},"down":{"uv":[0.0,0.0,0.0,0.5],"rotation":0,"texture":"#0","tintindex":0}}},{"from":[6.0,0.7142854,3.4285712],"to":[11.714286,8.142858,12.571428],"rotation":{"angle":0.0,"axis":"y","origin":[26.0,-15.857143,7.428571]},"faces":{"east":{"uv":[6.90625,1.21875,7.40625,1.625],"rotation":0,"texture":"#0","tintindex":0},"south":{"uv":[8.21875,8.375,8.53125,8.78125],"rotation":0,"texture":"#0","tintindex":0},"north":{"uv":[6.0625,8.34375,6.375,8.75],"rotation":0,"texture":"#0","tintindex":0},"west":{"uv":[2.75,6.90625,3.25,7.3125],"rotation":0,"texture":"#0","tintindex":0},"up":{"uv":[2.1875,8.28125,1.875,7.78125],"rotation":0,"texture":"#0","tintindex":0},"down":{"uv":[3.15625,7.84375,2.84375,8.34375],"rotation":0,"texture":"#0","tintindex":0}}}],"textures":{"0":"modelengine:entity/tower_skeleton_body"},"display":{"head":{"translation":[0.0,-6.4,0.0],"scale":[4.0,4.0,4.0]}}}