{"elements":[{"from":[4.5714283,-4.285715,4.5714283],"to":[11.428572,10.571428,11.428572],"rotation":{"angle":0.0,"axis":"y","origin":[24.0,-16.857143,7.428571]},"faces":{"east":{"uv":[5.6875,0.0,6.0625,0.8125],"rotation":0,"texture":"#0","tintindex":0},"south":{"uv":[1.15625,5.71875,1.53125,6.53125],"rotation":0,"texture":"#0","tintindex":0},"north":{"uv":[5.65625,3.53125,6.03125,4.34375],"rotation":0,"texture":"#0","tintindex":0},"west":{"uv":[1.53125,5.71875,1.90625,6.53125],"rotation":0,"texture":"#0","tintindex":0},"up":{"uv":[8.375,4.8125,8.0,4.4375],"rotation":0,"texture":"#0","tintindex":0},"down":{"uv":[8.375,7.3125,8.0,7.6875],"rotation":0,"texture":"#0","tintindex":0}}},{"from":[4.285714,-4.285715,4.285714],"to":[11.714286,1.9999995,11.714286],"rotation":{"angle":0.0,"axis":"y","origin":[24.285715,-16.857143,7.714286]},"faces":{"east":{"uv":[5.375,8.21875,5.78125,8.5625],"rotation":0,"texture":"#0","tintindex":0},"south":{"uv":[6.96875,8.21875,7.375,8.5625],"rotation":0,"texture":"#0","tintindex":0},"north":{"uv":[0.0,8.21875,0.40625,8.5625],"rotation":0,"texture":"#0","tintindex":0},"west":{"uv":[8.21875,8.03125,8.625,8.375],"rotation":0,"texture":"#0","tintindex":0},"up":{"uv":[7.96875,4.25,7.5625,3.84375],"rotation":0,"texture":"#0","tintindex":0},"down":{"uv":[7.96875,6.53125,7.5625,6.9375],"rotation":0,"texture":"#0","tintindex":0}}},{"from":[3.6296854,-4.285715,11.583794],"to":[3.6296854,1.9999995,15.012365],"rotation":{"angle":-22.5,"axis":"y","origin":[3.6296854,-1.1428576,13.2980795]},"faces":{"east":{"uv":[3.65625,9.125,3.84375,9.46875],"rotation":0,"texture":"#0","tintindex":0},"south":{"uv":[0.0,0.0,0.0,0.34375],"rotation":0,"texture":"#0","tintindex":0},"north":{"uv":[0.0,0.0,0.0,0.34375],"rotation":0,"texture":"#0","tintindex":0},"west":{"uv":[3.84375,9.125,4.03125,9.46875],"rotation":0,"texture":"#0","tintindex":0},"up":{"uv":[0.0,0.1875,0.0,0.0],"rotation":0,"texture":"#0","tintindex":0},"down":{"uv":[0.0,0.0,0.0,0.1875],"rotation":0,"texture":"#0","tintindex":0}}}],"textures":{"0":"modelengine:entity/tower_skeleton_body"},"display":{"head":{"translation":[0.0,-6.4,0.0],"scale":[4.0,4.0,4.0]}}}