{"elements":[{"from":[6.5714283,3.4285712,8.0],"to":[9.428572,8.0,10.857143],"rotation":{"angle":0.0,"axis":"y","origin":[22.57143,-10.857143,12.0]},"faces":{"east":{"uv":[9.4375,5.3125,9.59375,5.5625],"rotation":0,"texture":"#0","tintindex":0},"south":{"uv":[7.1875,9.4375,7.34375,9.6875],"rotation":0,"texture":"#0","tintindex":0},"north":{"uv":[9.4375,0.875,9.59375,1.125],"rotation":0,"texture":"#0","tintindex":0},"west":{"uv":[9.4375,8.96875,9.59375,9.21875],"rotation":0,"texture":"#0","tintindex":0},"up":{"uv":[3.96875,9.875,3.8125,9.71875],"rotation":0,"texture":"#0","tintindex":0},"down":{"uv":[4.125,9.71875,3.96875,9.875],"rotation":0,"texture":"#0","tintindex":0}}}],"textures":{"0":"modelengine:entity/tower_skeleton_body"},"display":{"head":{"translation":[0.0,-6.4,0.0],"scale":[4.0,4.0,4.0]}}}