{"elements":[{"from":[4.5714283,2.2857141,1.1428566],"to":[11.428572,8.0,11.428572],"rotation":{"angle":0.0,"axis":"y","origin":[15.428572,-1.1428576,3.4285712]},"faces":{"east":{"uv":[7.46875,3.21875,8.03125,3.53125],"rotation":0,"texture":"#0","tintindex":0},"south":{"uv":[8.53125,3.75,8.90625,4.0625],"rotation":0,"texture":"#0","tintindex":0},"north":{"uv":[8.53125,1.5,8.90625,1.8125],"rotation":0,"texture":"#0","tintindex":0},"west":{"uv":[7.46875,3.53125,8.03125,3.84375],"rotation":0,"texture":"#0","tintindex":0},"up":{"uv":[7.125,4.5,6.75,3.9375],"rotation":0,"texture":"#0","tintindex":0},"down":{"uv":[4.625,6.75,4.25,7.3125],"rotation":0,"texture":"#0","tintindex":0}}},{"from":[4.5714283,2.2857141,-2.285715],"to":[11.428572,6.285714,1.1428566],"rotation":{"angle":0.0,"axis":"y","origin":[15.428572,-1.1428576,3.4285712]},"faces":{"east":{"uv":[2.125,9.40625,2.3125,9.625],"rotation":0,"texture":"#0","tintindex":0},"south":{"uv":[8.9375,6.28125,9.3125,6.5],"rotation":0,"texture":"#0","tintindex":0},"north":{"uv":[8.9375,3.40625,9.3125,3.625],"rotation":0,"texture":"#0","tintindex":0},"west":{"uv":[2.3125,9.40625,2.5,9.625],"rotation":0,"texture":"#0","tintindex":0},"up":{"uv":[0.75,9.15625,0.375,8.96875],"rotation":0,"texture":"#0","tintindex":0},"down":{"uv":[1.125,8.96875,0.75,9.15625],"rotation":0,"texture":"#0","tintindex":0}}},{"from":[8.0,2.2857141,-4.5714293],"to":[8.0,8.0,1.1428566],"rotation":{"angle":0.0,"axis":"y","origin":[15.428572,-1.1428576,3.4285712]},"faces":{"east":{"uv":[8.625,3.40625,8.9375,3.71875],"rotation":0,"texture":"#0","tintindex":0},"south":{"uv":[0.0,0.0,0.0,0.3125],"rotation":0,"texture":"#0","tintindex":0},"north":{"uv":[0.0,0.0,0.0,0.3125],"rotation":0,"texture":"#0","tintindex":0},"west":{"uv":[6.59375,8.625,6.90625,8.9375],"rotation":0,"texture":"#0","tintindex":0},"up":{"uv":[0.0,0.3125,0.0,0.0],"rotation":0,"texture":"#0","tintindex":0},"down":{"uv":[0.0,0.0,0.0,0.3125],"rotation":0,"texture":"#0","tintindex":0}}}],"textures":{"0":"modelengine:entity/tower_skeleton_body"},"display":{"head":{"translation":[0.0,-6.4,0.0],"scale":[4.0,4.0,4.0]}}}