{"elements":[{"from":[4.0,0.02055931,7.9605026],"to":[12.0,8.020559,18.246218],"rotation":{"angle":0.0,"axis":"y","origin":[15.428572,-15.979441,8.531931]},"faces":{"east":{"uv":[6.46875,1.9375,7.03125,2.375],"rotation":0,"texture":"#0","tintindex":0},"south":{"uv":[7.21875,1.625,7.65625,2.0625],"rotation":0,"texture":"#0","tintindex":0},"north":{"uv":[0.4375,7.15625,0.875,7.59375],"rotation":0,"texture":"#0","tintindex":0},"west":{"uv":[6.46875,2.375,7.03125,2.8125],"rotation":0,"texture":"#0","tintindex":0},"up":{"uv":[6.90625,3.375,6.46875,2.8125],"rotation":0,"texture":"#0","tintindex":0},"down":{"uv":[6.90625,3.375,6.46875,3.9375],"rotation":0,"texture":"#0","tintindex":0}}},{"from":[8.0,-3.4080133,3.9605021],"to":[8.0,8.020559,7.9605026],"rotation":{"angle":0.0,"axis":"y","origin":[15.428572,-15.979441,8.531931]},"faces":{"east":{"uv":[3.84375,8.1875,4.0625,8.8125],"rotation":0,"texture":"#0","tintindex":0},"south":{"uv":[0.0,0.0,0.0,0.625],"rotation":0,"texture":"#0","tintindex":0},"north":{"uv":[0.0,0.0,0.0,0.625],"rotation":0,"texture":"#0","tintindex":0},"west":{"uv":[2.625,8.25,2.84375,8.875],"rotation":0,"texture":"#0","tintindex":0},"up":{"uv":[0.0,0.21875,0.0,0.0],"rotation":0,"texture":"#0","tintindex":0},"down":{"uv":[0.0,0.0,0.0,0.21875],"rotation":0,"texture":"#0","tintindex":0}}},{"from":[4.5714283,-6.836584,7.9605026],"to":[11.428572,0.02055931,16.531933],"rotation":{"angle":0.0,"axis":"y","origin":[15.428572,-15.979441,8.531931]},"faces":{"east":{"uv":[7.375,0.625,7.84375,1.0],"rotation":0,"texture":"#0","tintindex":0},"south":{"uv":[8.03125,5.0625,8.40625,5.4375],"rotation":0,"texture":"#0","tintindex":0},"north":{"uv":[4.8125,8.03125,5.1875,8.40625],"rotation":0,"texture":"#0","tintindex":0},"west":{"uv":[7.40625,1.0,7.875,1.375],"rotation":0,"texture":"#0","tintindex":0},"up":{"uv":[7.5,7.875,7.125,7.40625],"rotation":0,"texture":"#0","tintindex":0},"down":{"uv":[7.84375,2.75,7.46875,3.21875],"rotation":0,"texture":"#0","tintindex":0}}},{"from":[4.5714283,5.142857,6.714286],"to":[11.428572,11.428572,7.857143],"rotation":{"angle":-22.5,"axis":"x","origin":[8.0,8.285714,7.285714]},"faces":{"east":{"uv":[6.40625,6.65625,6.46875,7.0],"rotation":0,"texture":"#0","tintindex":0},"south":{"uv":[8.3125,0.875,8.6875,1.21875],"rotation":0,"texture":"#0","tintindex":0},"north":{"uv":[0.40625,8.3125,0.78125,8.65625],"rotation":0,"texture":"#0","tintindex":0},"west":{"uv":[0.875,7.15625,0.9375,7.5],"rotation":0,"texture":"#0","tintindex":0},"up":{"uv":[4.34375,0.5625,3.96875,0.5],"rotation":0,"texture":"#0","tintindex":0},"down":{"uv":[0.875,4.5625,0.5,4.625],"rotation":0,"texture":"#0","tintindex":0}}}],"textures":{"0":"modelengine:entity/tower_skeleton_body"},"display":{"head":{"translation":[0.0,-6.4,0.0],"scale":[4.0,4.0,4.0]}}}