{"elements":[{"from":[1.7142854,-4.000001,2.8571424],"to":[10.857143,10.857143,14.285715],"rotation":{"angle":0.0,"axis":"y","origin":[13.714286,-14.285715,3.4285712]},"faces":{"east":{"uv":[0.9375,3.0,1.5625,3.8125],"rotation":0,"texture":"#0","tintindex":0},"south":{"uv":[0.0,3.9375,0.5,4.75],"rotation":0,"texture":"#0","tintindex":0},"north":{"uv":[1.9375,3.875,2.4375,4.6875],"rotation":0,"texture":"#0","tintindex":0},"west":{"uv":[3.0625,2.1875,3.6875,3.0],"rotation":0,"texture":"#0","tintindex":0},"up":{"uv":[5.53125,3.25,5.03125,2.625],"rotation":0,"texture":"#0","tintindex":0},"down":{"uv":[1.9375,5.09375,1.4375,5.71875],"rotation":0,"texture":"#0","tintindex":0}}},{"from":[1.1681228,-6.748619,2.8571424],"to":[1.1681228,-3.8914757,14.285715],"rotation":{"angle":-22.5,"axis":"z","origin":[1.1681228,-5.3200474,8.571428]},"faces":{"east":{"uv":[8.625,4.21875,9.25,4.375],"rotation":0,"texture":"#0","tintindex":0},"south":{"uv":[0.0,0.0,0.0,0.15625],"rotation":0,"texture":"#0","tintindex":0},"north":{"uv":[0.0,0.0,0.0,0.15625],"rotation":0,"texture":"#0","tintindex":0},"west":{"uv":[8.625,6.90625,9.25,7.0625],"rotation":0,"texture":"#0","tintindex":0},"up":{"uv":[0.0,0.625,0.0,0.0],"rotation":0,"texture":"#0","tintindex":0},"down":{"uv":[0.0,0.0,0.0,0.625],"rotation":0,"texture":"#0","tintindex":0}}}],"textures":{"0":"modelengine:entity/tower_skeleton_body"},"display":{"head":{"translation":[0.0,-6.4,0.0],"scale":[4.0,4.0,4.0]}}}