{"elements":[{"from":[2.8571424,5.428571,3.142857],"to":[13.142858,10.571428,9.428572],"rotation":{"angle":0.0,"axis":"y","origin":[15.428572,-13.428572,5.428571]},"faces":{"east":{"uv":[0.3125,8.65625,0.65625,8.9375],"rotation":0,"texture":"#0","tintindex":0},"south":{"uv":[7.78125,5.65625,8.34375,5.9375],"rotation":0,"texture":"#0","tintindex":0},"north":{"uv":[7.5,7.75,8.0625,8.03125],"rotation":0,"texture":"#0","tintindex":0},"west":{"uv":[8.53125,8.65625,8.875,8.9375],"rotation":0,"texture":"#0","tintindex":0},"up":{"uv":[7.46875,3.5,6.90625,3.15625],"rotation":0,"texture":"#0","tintindex":0},"down":{"uv":[7.46875,3.5,6.90625,3.84375],"rotation":0,"texture":"#0","tintindex":0}}}],"textures":{"0":"modelengine:entity/tower_skeleton_body"},"display":{"head":{"translation":[0.0,-6.4,0.0],"scale":[4.0,4.0,4.0]}}}