{"elements":[{"from":[3.4285712,5.714286,6.285714],"to":[12.571428,10.285714,9.714286],"rotation":{"angle":0.0,"axis":"y","origin":[6.857143,5.714286,8.571428]},"faces":{"east":{"uv":[3.5625,3.8125,3.75,4.0625],"rotation":0,"texture":"#6","tintindex":0},"south":{"uv":[3.0625,3.5625,3.5625,3.8125],"rotation":0,"texture":"#6","tintindex":0},"north":{"uv":[3.0625,3.3125,3.5625,3.5625],"rotation":0,"texture":"#6","tintindex":0},"west":{"uv":[3.4375,4.1875,3.625,4.4375],"rotation":0,"texture":"#6","tintindex":0},"up":{"uv":[3.5625,4.0,3.0625,3.8125],"rotation":0,"texture":"#6","tintindex":0},"down":{"uv":[3.5625,4.0,3.0625,4.1875],"rotation":0,"texture":"#6","tintindex":0}}}],"textures":{"6":"modelengine:entity/tower_skeleton_shield"},"display":{"head":{"translation":[0.0,-6.4,0.0],"scale":[4.0,4.0,4.0]}}}