{"elements":[{"from":[4.5714283,5.714286,7.428571],"to":[11.428572,10.285714,8.571428],"rotation":{"angle":0.0,"axis":"y","origin":[5.714286,5.714286,8.571428]},"faces":{"east":{"uv":[0.9375,1.0625,1.0,1.3125],"rotation":0,"texture":"#6","tintindex":0},"south":{"uv":[2.1875,0.6875,2.5625,0.9375],"rotation":0,"texture":"#6","tintindex":0},"north":{"uv":[0.4375,1.375,0.8125,1.625],"rotation":0,"texture":"#6","tintindex":0},"west":{"uv":[1.0,1.0625,1.0625,1.3125],"rotation":0,"texture":"#6","tintindex":0},"up":{"uv":[1.4375,0.625,1.0625,0.5625],"rotation":0,"texture":"#6","tintindex":0},"down":{"uv":[1.4375,0.625,1.0625,0.6875],"rotation":0,"texture":"#6","tintindex":0}}}],"textures":{"6":"modelengine:entity/tower_skeleton_shield"},"display":{"head":{"translation":[0.0,-6.4,0.0],"scale":[4.0,4.0,4.0]}}}