{"elements":[{"from":[2.8571424,5.428571,3.142857],"to":[13.142858,10.571428,9.428572],"rotation":{"angle":0.0,"axis":"y","origin":[0.5714283,-13.428572,5.428571]},"faces":{"east":{"uv":[8.625,7.0625,8.96875,7.34375],"rotation":0,"texture":"#0","tintindex":0},"south":{"uv":[7.75,2.46875,8.3125,2.75],"rotation":0,"texture":"#0","tintindex":0},"north":{"uv":[7.6875,6.125,8.25,6.40625],"rotation":0,"texture":"#0","tintindex":0},"west":{"uv":[8.625,8.03125,8.96875,8.3125],"rotation":0,"texture":"#0","tintindex":0},"up":{"uv":[2.125,3.34375,1.5625,3.0],"rotation":0,"texture":"#0","tintindex":0},"down":{"uv":[7.46875,2.8125,6.90625,3.15625],"rotation":0,"texture":"#0","tintindex":0}}}],"textures":{"0":"modelengine:entity/tower_skeleton_body"},"display":{"head":{"translation":[0.0,-6.4,0.0],"scale":[4.0,4.0,4.0]}}}