{"elements":[{"from":[4.5714283,-4.285715,4.5714283],"to":[11.428572,10.571428,11.428572],"rotation":{"angle":0.0,"axis":"y","origin":[-8.0,-16.857143,7.428571]},"faces":{"east":{"uv":[5.5,1.09375,5.875,1.90625],"rotation":0,"texture":"#0","tintindex":0},"south":{"uv":[5.53125,1.90625,5.90625,2.71875],"rotation":0,"texture":"#0","tintindex":0},"north":{"uv":[0.78125,5.34375,1.15625,6.15625],"rotation":0,"texture":"#0","tintindex":0},"west":{"uv":[5.65625,2.71875,6.03125,3.53125],"rotation":0,"texture":"#0","tintindex":0},"up":{"uv":[6.96875,8.28125,6.59375,7.90625],"rotation":0,"texture":"#0","tintindex":0},"down":{"uv":[0.875,7.9375,0.5,8.3125],"rotation":0,"texture":"#0","tintindex":0}}},{"from":[4.285714,-4.285715,4.285714],"to":[11.714286,1.9999995,11.714286],"rotation":{"angle":0.0,"axis":"y","origin":[-8.285715,-16.857143,7.714286]},"faces":{"east":{"uv":[1.21875,8.0625,1.625,8.40625],"rotation":0,"texture":"#0","tintindex":0},"south":{"uv":[8.0625,7.6875,8.46875,8.03125],"rotation":0,"texture":"#0","tintindex":0},"north":{"uv":[8.03125,3.5,8.4375,3.84375],"rotation":0,"texture":"#0","tintindex":0},"west":{"uv":[8.125,1.5625,8.53125,1.90625],"rotation":0,"texture":"#0","tintindex":0},"up":{"uv":[5.78125,7.9375,5.375,7.53125],"rotation":0,"texture":"#0","tintindex":0},"down":{"uv":[6.1875,7.53125,5.78125,7.9375],"rotation":0,"texture":"#0","tintindex":0}}},{"from":[12.370315,-4.285715,11.583794],"to":[12.370315,1.9999995,15.012365],"rotation":{"angle":22.5,"axis":"y","origin":[12.370315,-1.1428576,13.2980795]},"faces":{"east":{"uv":[7.1875,9.09375,7.375,9.4375],"rotation":0,"texture":"#0","tintindex":0},"south":{"uv":[0.0,0.0,0.0,0.34375],"rotation":0,"texture":"#0","tintindex":0},"north":{"uv":[0.0,0.0,0.0,0.34375],"rotation":0,"texture":"#0","tintindex":0},"west":{"uv":[3.46875,9.125,3.65625,9.46875],"rotation":0,"texture":"#0","tintindex":0},"up":{"uv":[0.0,0.1875,0.0,0.0],"rotation":0,"texture":"#0","tintindex":0},"down":{"uv":[0.0,0.0,0.0,0.1875],"rotation":0,"texture":"#0","tintindex":0}}}],"textures":{"0":"modelengine:entity/tower_skeleton_body"},"display":{"head":{"translation":[0.0,-6.4,0.0],"scale":[4.0,4.0,4.0]}}}