{"elements":[{"from":[5.714286,3.4285712,6.857143],"to":[8.0,8.0,9.142858],"rotation":{"angle":0.0,"axis":"y","origin":[-12.0,-8.0,10.285714]},"faces":{"east":{"uv":[3.71875,9.46875,3.84375,9.71875],"rotation":0,"texture":"#0","tintindex":0},"south":{"uv":[3.84375,9.46875,3.96875,9.71875],"rotation":0,"texture":"#0","tintindex":0},"north":{"uv":[3.59375,9.46875,3.71875,9.71875],"rotation":0,"texture":"#0","tintindex":0},"west":{"uv":[5.15625,9.46875,5.28125,9.71875],"rotation":0,"texture":"#0","tintindex":0},"up":{"uv":[9.9375,3.84375,9.8125,3.71875],"rotation":0,"texture":"#0","tintindex":0},"down":{"uv":[9.9375,3.84375,9.8125,3.96875],"rotation":0,"texture":"#0","tintindex":0}}}],"textures":{"0":"modelengine:entity/tower_skeleton_body"},"display":{"head":{"translation":[0.0,-6.4,0.0],"scale":[4.0,4.0,4.0]}}}