{"elements":[{"from":[7.0819416,8.0,-1.3508348],"to":[9.939085,11.428572,5.5063076],"rotation":{"angle":45.0,"axis":"y","origin":[5.3676558,1.9999995,-2.4936924]},"faces":{"east":{"uv":[8.96875,4.96875,9.34375,5.15625],"rotation":0,"texture":"#0","tintindex":0},"south":{"uv":[9.625,7.8125,9.78125,8.0],"rotation":0,"texture":"#0","tintindex":0},"north":{"uv":[6.9375,9.59375,7.09375,9.78125],"rotation":0,"texture":"#0","tintindex":0},"west":{"uv":[5.1875,8.96875,5.5625,9.15625],"rotation":0,"texture":"#0","tintindex":0},"up":{"uv":[4.59375,9.53125,4.4375,9.15625],"rotation":0,"texture":"#0","tintindex":0},"down":{"uv":[4.75,9.15625,4.59375,9.53125],"rotation":0,"texture":"#0","tintindex":0}}},{"from":[3.6533704,-7.4285717,-1.3508348],"to":[7.0819416,11.428572,4.3634505],"rotation":{"angle":45.0,"axis":"y","origin":[5.3676558,1.9999995,-2.4936924]},"faces":{"east":{"uv":[0.0,4.75,0.3125,5.78125],"rotation":0,"texture":"#0","tintindex":0},"south":{"uv":[6.9375,6.53125,7.125,7.5625],"rotation":0,"texture":"#0","tintindex":0},"north":{"uv":[4.625,6.75,4.8125,7.78125],"rotation":0,"texture":"#0","tintindex":0},"west":{"uv":[3.0625,4.75,3.375,5.78125],"rotation":0,"texture":"#0","tintindex":0},"up":{"uv":[5.34375,9.46875,5.15625,9.15625],"rotation":0,"texture":"#0","tintindex":0},"down":{"uv":[5.53125,9.15625,5.34375,9.46875],"rotation":0,"texture":"#0","tintindex":0}}},{"from":[11.707883,-0.8571434,-0.47247696],"to":[15.136455,1.9999995,-0.47247696],"rotation":{"angle":45.0,"axis":"y","origin":[11.431045,0.57227135,0.6234889]},"faces":{"east":{"uv":[0.0,0.0,0.0,0.15625],"rotation":0,"texture":"#0","tintindex":0},"south":{"uv":[9.625,8.0,9.8125,8.15625],"rotation":0,"texture":"#0","tintindex":0},"north":{"uv":[9.625,6.46875,9.8125,6.625],"rotation":0,"texture":"#0","tintindex":0},"west":{"uv":[0.0,0.0,0.0,0.15625],"rotation":0,"texture":"#0","tintindex":0},"up":{"uv":[0.1875,0.0,0.0,0.0],"rotation":0,"texture":"#0","tintindex":0},"down":{"uv":[0.1875,0.0,0.0,0.0],"rotation":0,"texture":"#0","tintindex":0}}},{"from":[11.707883,0.47247648,-2.0],"to":[15.136455,0.47247648,0.85714245],"rotation":{"angle":45.0,"axis":"y","origin":[11.431045,0.57227135,0.6234889]},"faces":{"east":{"uv":[0.0,0.0,0.15625,0.0],"rotation":0,"texture":"#0","tintindex":0},"south":{"uv":[0.0,0.0,0.1875,0.0],"rotation":0,"texture":"#0","tintindex":0},"north":{"uv":[0.0,0.0,0.1875,0.0],"rotation":0,"texture":"#0","tintindex":0},"west":{"uv":[0.0,0.0,0.15625,0.0],"rotation":0,"texture":"#0","tintindex":0},"up":{"uv":[9.8125,8.3125,9.625,8.15625],"rotation":0,"texture":"#0","tintindex":0},"down":{"uv":[8.78125,9.625,8.59375,9.78125],"rotation":0,"texture":"#0","tintindex":0}}},{"from":[11.136455,-0.57142925,-1.6153336],"to":[11.707883,1.7142854,0.67037964],"rotation":{"angle":45.0,"axis":"y","origin":[11.431045,0.57227135,0.6234889]},"faces":{"east":{"uv":[6.25,9.84375,6.375,9.96875],"rotation":0,"texture":"#0","tintindex":0},"south":{"uv":[0.875,7.9375,0.90625,8.0625],"rotation":0,"texture":"#0","tintindex":0},"north":{"uv":[6.375,7.90625,6.40625,8.03125],"rotation":0,"texture":"#0","tintindex":0},"west":{"uv":[9.84375,6.3125,9.96875,6.4375],"rotation":0,"texture":"#0","tintindex":0},"up":{"uv":[0.9375,8.0625,0.90625,7.9375],"rotation":0,"texture":"#0","tintindex":0},"down":{"uv":[4.0625,7.96875,4.03125,8.09375],"rotation":0,"texture":"#0","tintindex":0}}},{"from":[12.04955,-0.8571434,4.851884],"to":[15.478121,1.9999995,4.851884],"rotation":{"angle":0.0,"axis":"y","origin":[12.786844,0.57278967,4.8308024]},"faces":{"east":{"uv":[0.0,0.0,0.0,0.15625],"rotation":0,"texture":"#0","tintindex":0},"south":{"uv":[9.625,9.5625,9.8125,9.71875],"rotation":0,"texture":"#0","tintindex":0},"north":{"uv":[9.625,9.40625,9.8125,9.5625],"rotation":0,"texture":"#0","tintindex":0},"west":{"uv":[0.0,0.0,0.0,0.15625],"rotation":0,"texture":"#0","tintindex":0},"up":{"uv":[0.1875,0.0,0.0,0.0],"rotation":0,"texture":"#0","tintindex":0},"down":{"uv":[0.1875,0.0,0.0,0.0],"rotation":0,"texture":"#0","tintindex":0}}},{"from":[12.04955,0.47247648,3.3243608],"to":[15.478121,0.47247648,6.181504],"rotation":{"angle":0.0,"axis":"y","origin":[12.786844,0.57278967,4.8308024]},"faces":{"east":{"uv":[0.0,0.0,0.15625,0.0],"rotation":0,"texture":"#0","tintindex":0},"south":{"uv":[0.0,0.0,0.1875,0.0],"rotation":0,"texture":"#0","tintindex":0},"north":{"uv":[0.0,0.0,0.1875,0.0],"rotation":0,"texture":"#0","tintindex":0},"west":{"uv":[0.0,0.0,0.15625,0.0],"rotation":0,"texture":"#0","tintindex":0},"up":{"uv":[0.65625,9.8125,0.46875,9.65625],"rotation":0,"texture":"#0","tintindex":0},"down":{"uv":[0.84375,9.65625,0.65625,9.8125],"rotation":0,"texture":"#0","tintindex":0}}},{"from":[11.478121,-0.57142925,3.7090268],"to":[12.04955,1.7142854,5.9947414],"rotation":{"angle":0.0,"axis":"y","origin":[12.786844,0.57278967,4.8308024]},"faces":{"east":{"uv":[9.84375,6.875,9.96875,7.0],"rotation":0,"texture":"#0","tintindex":0},"south":{"uv":[8.25,0.875,8.28125,1.0],"rotation":0,"texture":"#0","tintindex":0},"north":{"uv":[1.84375,8.0625,1.875,8.1875],"rotation":0,"texture":"#0","tintindex":0},"west":{"uv":[9.84375,7.0,9.96875,7.125],"rotation":0,"texture":"#0","tintindex":0},"up":{"uv":[8.3125,1.0,8.28125,0.875],"rotation":0,"texture":"#0","tintindex":0},"down":{"uv":[8.3125,1.34375,8.28125,1.46875],"rotation":0,"texture":"#0","tintindex":0}}},{"from":[12.04955,-0.8571434,10.56617],"to":[15.478121,1.9999995,10.56617],"rotation":{"angle":0.0,"axis":"y","origin":[12.786844,0.57278967,10.545089]},"faces":{"east":{"uv":[0.0,0.0,0.0,0.15625],"rotation":0,"texture":"#0","tintindex":0},"south":{"uv":[9.65625,1.0625,9.84375,1.21875],"rotation":0,"texture":"#0","tintindex":0},"north":{"uv":[0.84375,9.65625,1.03125,9.8125],"rotation":0,"texture":"#0","tintindex":0},"west":{"uv":[0.0,0.0,0.0,0.15625],"rotation":0,"texture":"#0","tintindex":0},"up":{"uv":[0.1875,0.0,0.0,0.0],"rotation":0,"texture":"#0","tintindex":0},"down":{"uv":[0.1875,0.0,0.0,0.0],"rotation":0,"texture":"#0","tintindex":0}}},{"from":[12.04955,0.47247648,9.038647],"to":[15.478121,0.47247648,11.89579],"rotation":{"angle":0.0,"axis":"y","origin":[12.786844,0.57278967,10.545089]},"faces":{"east":{"uv":[0.0,0.0,0.15625,0.0],"rotation":0,"texture":"#0","tintindex":0},"south":{"uv":[0.0,0.0,0.1875,0.0],"rotation":0,"texture":"#0","tintindex":0},"north":{"uv":[0.0,0.0,0.1875,0.0],"rotation":0,"texture":"#0","tintindex":0},"west":{"uv":[0.0,0.0,0.15625,0.0],"rotation":0,"texture":"#0","tintindex":0},"up":{"uv":[1.625,9.8125,1.4375,9.65625],"rotation":0,"texture":"#0","tintindex":0},"down":{"uv":[1.8125,9.65625,1.625,9.8125],"rotation":0,"texture":"#0","tintindex":0}}},{"from":[11.478121,-0.57142925,9.423313],"to":[12.04955,1.7142854,11.709027],"rotation":{"angle":0.0,"axis":"y","origin":[12.786844,0.57278967,10.545089]},"faces":{"east":{"uv":[9.84375,7.125,9.96875,7.25],"rotation":0,"texture":"#0","tintindex":0},"south":{"uv":[8.40625,3.09375,8.4375,3.21875],"rotation":0,"texture":"#0","tintindex":0},"north":{"uv":[1.59375,8.40625,1.625,8.53125],"rotation":0,"texture":"#0","tintindex":0},"west":{"uv":[8.09375,9.84375,8.21875,9.96875],"rotation":0,"texture":"#0","tintindex":0},"up":{"uv":[8.4375,3.34375,8.40625,3.21875],"rotation":0,"texture":"#0","tintindex":0},"down":{"uv":[8.4375,3.34375,8.40625,3.46875],"rotation":0,"texture":"#0","tintindex":0}}},{"from":[11.136455,-0.57142925,15.32962],"to":[11.707883,1.7142854,17.615334],"rotation":{"angle":-45.0,"axis":"y","origin":[11.431045,0.57227135,15.376511]},"faces":{"east":{"uv":[8.21875,9.84375,8.34375,9.96875],"rotation":0,"texture":"#0","tintindex":0},"south":{"uv":[8.1875,8.4375,8.21875,8.5625],"rotation":0,"texture":"#0","tintindex":0},"north":{"uv":[8.4375,7.5625,8.46875,7.6875],"rotation":0,"texture":"#0","tintindex":0},"west":{"uv":[9.84375,8.625,9.96875,8.75],"rotation":0,"texture":"#0","tintindex":0},"up":{"uv":[7.5,8.625,7.46875,8.5],"rotation":0,"texture":"#0","tintindex":0},"down":{"uv":[1.625,8.53125,1.59375,8.65625],