{"elements":[{"from":[5.142857,2.2857141,6.5714283],"to":[8.0,8.0,9.428572],"rotation":{"angle":0.0,"axis":"y","origin":[-12.0,-8.57143,10.571428]},"faces":{"east":{"uv":[4.25,9.28125,4.40625,9.59375],"rotation":0,"texture":"#0","tintindex":0},"south":{"uv":[9.28125,5.3125,9.4375,5.625],"rotation":0,"texture":"#0","tintindex":0},"north":{"uv":[3.90625,8.8125,4.0625,9.125],"rotation":0,"texture":"#0","tintindex":0},"west":{"uv":[6.78125,9.28125,6.9375,9.59375],"rotation":0,"texture":"#0","tintindex":0},"up":{"uv":[1.1875,9.875,1.03125,9.71875],"rotation":0,"texture":"#0","tintindex":0},"down":{"uv":[1.34375,9.71875,1.1875,9.875],"rotation":0,"texture":"#0","tintindex":0}}}],"textures":{"0":"modelengine:entity/tower_skeleton_body"},"display":{"head":{"translation":[0.0,-6.4,0.0],"scale":[4.0,4.0,4.0]}}}