{"elements":[{"from":[4.0,0.02055931,7.9605026],"to":[12.0,8.020559,18.246218],"rotation":{"angle":0.0,"axis":"y","origin":[0.5714283,-15.979441,8.531931]},"faces":{"east":{"uv":[6.3125,1.0625,6.875,1.5],"rotation":0,"texture":"#0","tintindex":0},"south":{"uv":[0.0,7.15625,0.4375,7.59375],"rotation":0,"texture":"#0","tintindex":0},"north":{"uv":[7.125,6.96875,7.5625,7.40625],"rotation":0,"texture":"#0","tintindex":0},"west":{"uv":[6.34375,1.5,6.90625,1.9375],"rotation":0,"texture":"#0","tintindex":0},"up":{"uv":[2.875,6.84375,2.4375,6.28125],"rotation":0,"texture":"#0","tintindex":0},"down":{"uv":[3.3125,6.34375,2.875,6.90625],"rotation":0,"texture":"#0","tintindex":0}}},{"from":[8.0,-3.4080133,3.9605021],"to":[8.0,8.020559,7.9605026],"rotation":{"angle":0.0,"axis":"y","origin":[0.5714283,-15.979441,8.531931]},"faces":{"east":{"uv":[1.625,8.0625,1.84375,8.6875],"rotation":0,"texture":"#0","tintindex":0},"south":{"uv":[0.0,0.0,0.0,0.625],"rotation":0,"texture":"#0","tintindex":0},"north":{"uv":[0.0,0.0,0.0,0.625],"rotation":0,"texture":"#0","tintindex":0},"west":{"uv":[6.375,8.0625,6.59375,8.6875],"rotation":0,"texture":"#0","tintindex":0},"up":{"uv":[0.0,0.21875,0.0,0.0],"rotation":0,"texture":"#0","tintindex":0},"down":{"uv":[0.0,0.0,0.0,0.21875],"rotation":0,"texture":"#0","tintindex":0}}},{"from":[4.5714283,-6.836584,7.9605026],"to":[11.428572,0.02055931,16.531933],"rotation":{"angle":0.0,"axis":"y","origin":[0.5714283,-15.979441,8.531931]},"faces":{"east":{"uv":[4.125,7.3125,4.59375,7.6875],"rotation":0,"texture":"#0","tintindex":0},"south":{"uv":[8.03125,3.125,8.40625,3.5],"rotation":0,"texture":"#0","tintindex":0},"north":{"uv":[8.03125,1.90625,8.40625,2.28125],"rotation":0,"texture":"#0","tintindex":0},"west":{"uv":[7.3125,5.75,7.78125,6.125],"rotation":0,"texture":"#0","tintindex":0},"up":{"uv":[2.875,6.28125,2.5,5.8125],"rotation":0,"texture":"#0","tintindex":0},"down":{"uv":[2.25,7.3125,1.875,7.78125],"rotation":0,"texture":"#0","tintindex":0}}},{"from":[4.5714283,5.142857,6.714286],"to":[11.428572,11.428572,7.857143],"rotation":{"angle":-22.5,"axis":"x","origin":[8.0,8.285714,7.285714]},"faces":{"east":{"uv":[0.6875,2.46875,0.75,2.8125],"rotation":0,"texture":"#0","tintindex":0},"south":{"uv":[6.59375,8.28125,6.96875,8.625],"rotation":0,"texture":"#0","tintindex":0},"north":{"uv":[8.25,2.75,8.625,3.09375],"rotation":0,"texture":"#0","tintindex":0},"west":{"uv":[4.46875,1.375,4.53125,1.71875],"rotation":0,"texture":"#0","tintindex":0},"up":{"uv":[1.125,2.0625,0.75,2.0],"rotation":0,"texture":"#0","tintindex":0},"down":{"uv":[3.96875,0.5,3.59375,0.5625],"rotation":0,"texture":"#0","tintindex":0}}}],"textures":{"0":"modelengine:entity/tower_skeleton_body"},"display":{"head":{"translation":[0.0,-6.4,0.0],"scale":[4.0,4.0,4.0]}}}