{"elements":[{"from":[10.0,-0.4285717,3.4285712],"to":[11.714286,8.714286,12.571428],"rotation":{"angle":0.0,"axis":"y","origin":[-10.0,-15.857143,7.428571]},"faces":{"east":{"uv":[3.40625,6.0625,3.90625,6.5625],"rotation":0,"texture":"#0","tintindex":0},"south":{"uv":[4.90625,9.375,5.0,9.875],"rotation":0,"texture":"#0","tintindex":0},"north":{"uv":[7.09375,9.28125,7.1875,9.78125],"rotation":0,"texture":"#0","tintindex":0},"west":{"uv":[3.90625,6.0625,4.40625,6.5625],"rotation":0,"texture":"#0","tintindex":0},"up":{"uv":[8.59375,9.875,8.5,9.375],"rotation":0,"texture":"#0","tintindex":0},"down":{"uv":[0.09375,9.40625,0.0,9.90625],"rotation":0,"texture":"#0","tintindex":0}}},{"from":[12.370315,-3.7266512,3.4285712],"to":[12.370315,-0.2980795,12.571428],"rotation":{"angle":22.5,"axis":"z","origin":[12.370315,-2.0123653,8.0]},"faces":{"east":{"uv":[2.5,3.34375,3.0,3.53125],"rotation":0,"texture":"#0","tintindex":0},"south":{"uv":[0.0,0.0,0.0,0.1875],"rotation":0,"texture":"#0","tintindex":0},"north":{"uv":[0.0,0.0,0.0,0.1875],"rotation":0,"texture":"#0","tintindex":0},"west":{"uv":[8.625,7.34375,9.125,7.53125],"rotation":0,"texture":"#0","tintindex":0},"up":{"uv":[0.0,0.5,0.0,0.0],"rotation":0,"texture":"#0","tintindex":0},"down":{"uv":[0.0,0.0,0.0,0.5],"rotation":0,"texture":"#0","tintindex":0}}},{"from":[4.285714,0.7142854,3.4285712],"to":[10.0,8.142858,12.571428],"rotation":{"angle":0.0,"axis":"y","origin":[-10.0,-15.857143,7.428571]},"faces":{"east":{"uv":[6.84375,0.0,7.34375,0.40625],"rotation":0,"texture":"#0","tintindex":0},"south":{"uv":[2.84375,8.34375,3.15625,8.75],"rotation":0,"texture":"#0","tintindex":0},"north":{"uv":[8.3125,2.28125,8.625,2.6875],"rotation":0,"texture":"#0","tintindex":0},"west":{"uv":[6.84375,0.40625,7.34375,0.8125],"rotation":0,"texture":"#0","tintindex":0},"up":{"uv":[6.90625,7.53125,6.59375,7.03125],"rotation":0,"texture":"#0","tintindex":0},"down":{"uv":[2.84375,7.75,2.53125,8.25],"rotation":0,"texture":"#0","tintindex":0}}}],"textures":{"0":"modelengine:entity/tower_skeleton_body"},"display":{"head":{"translation":[0.0,-6.4,0.0],"scale":[4.0,4.0,4.0]}}}