{"elements":[{"from":[5.142857,2.2857141,6.5714283],"to":[8.0,8.0,9.428572],"rotation":{"angle":0.0,"axis":"y","origin":[-12.0,-8.57143,10.571428]},"faces":{"east":{"uv":[9.3125,5.625,9.46875,5.9375],"rotation":0,"texture":"#0","tintindex":0},"south":{"uv":[9.3125,7.40625,9.46875,7.71875],"rotation":0,"texture":"#0","tintindex":0},"north":{"uv":[9.3125,2.71875,9.46875,3.03125],"rotation":0,"texture":"#0","tintindex":0},"west":{"uv":[1.5,9.34375,1.65625,9.65625],"rotation":0,"texture":"#0","tintindex":0},"up":{"uv":[3.65625,9.875,3.5,9.71875],"rotation":0,"texture":"#0","tintindex":0},"down":{"uv":[3.8125,9.71875,3.65625,9.875],"rotation":0,"texture":"#0","tintindex":0}}}],"textures":{"0":"modelengine:entity/tower_skeleton_body"},"display":{"head":{"translation":[0.0,-6.4,0.0],"scale":[4.0,4.0,4.0]}}}