{"elements":[{"from":[6.857143,4.5714283,8.0],"to":[9.142858,8.0,10.285714],"rotation":{"angle":0.0,"axis":"y","origin":[-6.8571434,-10.857143,12.0]},"faces":{"east":{"uv":[2.65625,9.71875,2.78125,9.90625],"rotation":0,"texture":"#0","tintindex":0},"south":{"uv":[4.59375,9.71875,4.71875,9.90625],"rotation":0,"texture":"#0","tintindex":0},"north":{"uv":[1.8125,9.65625,1.9375,9.84375],"rotation":0,"texture":"#0","tintindex":0},"west":{"uv":[9.71875,6.96875,9.84375,7.15625],"rotation":0,"texture":"#0","tintindex":0},"up":{"uv":[3.28125,9.9375,3.15625,9.8125],"rotation":0,"texture":"#0","tintindex":0},"down":{"uv":[9.9375,3.34375,9.8125,3.46875],"rotation":0,"texture":"#0","tintindex":0}}}],"textures":{"0":"modelengine:entity/tower_skeleton_body"},"display":{"head":{"translation":[0.0,-6.4,0.0],"scale":[4.0,4.0,4.0]}}}