{"elements":[{"from":[5.714286,3.4285712,6.857143],"to":[8.0,8.0,9.142858],"rotation":{"angle":0.0,"axis":"y","origin":[-12.0,-8.0,10.285714]},"faces":{"east":{"uv":[5.40625,9.46875,5.53125,9.71875],"rotation":0,"texture":"#0","tintindex":0},"south":{"uv":[9.46875,5.5625,9.59375,5.8125],"rotation":0,"texture":"#0","tintindex":0},"north":{"uv":[5.28125,9.46875,5.40625,9.71875],"rotation":0,"texture":"#0","tintindex":0},"west":{"uv":[6.125,9.46875,6.25,9.71875],"rotation":0,"texture":"#0","tintindex":0},"up":{"uv":[9.9375,6.59375,9.8125,6.46875],"rotation":0,"texture":"#0","tintindex":0},"down":{"uv":[9.9375,6.75,9.8125,6.875],"rotation":0,"texture":"#0","tintindex":0}}}],"textures":{"0":"modelengine:entity/tower_skeleton_body"},"display":{"head":{"translation":[0.0,-6.4,0.0],"scale":[4.0,4.0,4.0]}}}