{"elements":[{"from":[5.142857,-4.000001,2.8571424],"to":[14.285715,10.857143,14.285715],"rotation":{"angle":0.0,"axis":"y","origin":[2.2857141,-14.285715,3.4285712]},"faces":{"east":{"uv":[2.875,0.5625,3.5,1.375],"rotation":0,"texture":"#0","tintindex":0},"south":{"uv":[1.4375,3.875,1.9375,4.6875],"rotation":0,"texture":"#0","tintindex":0},"north":{"uv":[0.9375,3.8125,1.4375,4.625],"rotation":0,"texture":"#0","tintindex":0},"west":{"uv":[2.875,1.375,3.5,2.1875],"rotation":0,"texture":"#0","tintindex":0},"up":{"uv":[5.5,2.0,5.0,1.375],"rotation":0,"texture":"#0","tintindex":0},"down":{"uv":[5.53125,2.0,5.03125,2.625],"rotation":0,"texture":"#0","tintindex":0}}},{"from":[14.831877,-6.748619,2.8571424],"to":[14.831877,-3.8914757,14.285715],"rotation":{"angle":22.5,"axis":"z","origin":[14.831877,-5.3200474,8.571428]},"faces":{"east":{"uv":[8.46875,7.875,9.09375,8.03125],"rotation":0,"texture":"#0","tintindex":0},"south":{"uv":[0.0,0.0,0.0,0.15625],"rotation":0,"texture":"#0","tintindex":0},"north":{"uv":[0.0,0.0,0.0,0.15625],"rotation":0,"texture":"#0","tintindex":0},"west":{"uv":[8.625,3.25,9.25,3.40625],"rotation":0,"texture":"#0","tintindex":0},"up":{"uv":[0.0,0.625,0.0,0.0],"rotation":0,"texture":"#0","tintindex":0},"down":{"uv":[0.0,0.0,0.0,0.625],"rotation":0,"texture":"#0","tintindex":0}}}],"textures":{"0":"modelengine:entity/tower_skeleton_body"},"display":{"head":{"translation":[0.0,-6.4,0.0],"scale":[4.0,4.0,4.0]}}}