{"elements":[{"from":[5.3214283,3.9761906,0.0],"to":[13.892858,15.976191,3.4285712],"rotation":{"angle":0.0,"axis":"y","origin":[-3.250001,-21.166668,4.5714283]},"faces":{"east":{"uv":[5.0,8.40625,5.1875,9.0625],"rotation":0,"texture":"#0","tintindex":0},"south":{"uv":[5.25,4.5625,5.71875,5.21875],"rotation":0,"texture":"#0","tintindex":0},"north":{"uv":[5.21875,0.4375,5.6875,1.09375],"rotation":0,"texture":"#0","tintindex":0},"west":{"uv":[8.40625,5.0625,8.59375,5.71875],"rotation":0,"texture":"#0","tintindex":0},"up":{"uv":[9.34375,9.03125,8.875,8.84375],"rotation":0,"texture":"#0","tintindex":0},"down":{"uv":[9.375,1.375,8.90625,1.5625],"rotation":0,"texture":"#0","tintindex":0}}},{"from":[5.3214283,11.976191,3.4285712],"to":[13.892858,15.976191,12.571428],"rotation":{"angle":0.0,"axis":"y","origin":[-3.250001,-21.166668,16.57143]},"faces":{"east":{"uv":[5.375,8.5625,5.875,8.78125],"rotation":0,"texture":"#0","tintindex":0},"south":{"uv":[8.625,2.15625,9.09375,2.375],"rotation":0,"texture":"#0","tintindex":0},"north":{"uv":[8.59375,5.84375,9.0625,6.0625],"rotation":0,"texture":"#0","tintindex":0},"west":{"uv":[6.96875,8.5625,7.46875,8.78125],"rotation":0,"texture":"#0","tintindex":0},"up":{"uv":[1.875,7.03125,1.40625,6.53125],"rotation":0,"texture":"#0","tintindex":0},"down":{"uv":[6.9375,6.53125,6.46875,7.03125],"rotation":0,"texture":"#0","tintindex":0}}},{"from":[9.607143,7.9761906,16.57143],"to":[12.464286,7.9761906,20.0],"rotation":{"angle":-45.0,"axis":"z","origin":[11.035714,7.9761906,17.285715]},"faces":{"east":{"uv":[0.0,0.0,0.1875,0.0],"rotation":0,"texture":"#0","tintindex":0},"south":{"uv":[0.0,0.0,0.15625,0.0],"rotation":0,"texture":"#0","tintindex":0},"north":{"uv":[0.0,0.0,0.15625,0.0],"rotation":0,"texture":"#0","tintindex":0},"west":{"uv":[0.0,0.0,0.1875,0.0],"rotation":0,"texture":"#0","tintindex":0},"up":{"uv":[5.15625,9.75,5.0,9.5625],"rotation":0,"texture":"#0","tintindex":0},"down":{"uv":[9.71875,5.8125,9.5625,6.0],"rotation":0,"texture":"#0","tintindex":0}}},{"from":[9.607143,7.9761906,16.57143],"to":[12.464286,7.9761906,20.0],"rotation":{"angle":0.0,"axis":"y","origin":[11.035714,7.9761906,17.285715]},"faces":{"east":{"uv":[0.0,0.0,0.1875,0.0],"rotation":0,"texture":"#0","tintindex":0},"south":{"uv":[0.0,0.0,0.15625,0.0],"rotation":0,"texture":"#0","tintindex":0},"north":{"uv":[0.0,0.0,0.15625,0.0],"rotation":0,"texture":"#0","tintindex":0},"west":{"uv":[0.0,0.0,0.1875,0.0],"rotation":0,"texture":"#0","tintindex":0},"up":{"uv":[9.71875,7.21875,9.5625,7.03125],"rotation":0,"texture":"#0","tintindex":0},"down":{"uv":[9.71875,7.21875,9.5625,7.40625],"rotation":0,"texture":"#0","tintindex":0}}},{"from":[9.607143,12.547619,16.57143],"to":[12.464286,12.547619,20.0],"rotation":{"angle":-45.0,"axis":"z","origin":[11.035714,12.547619,17.285715]},"faces":{"east":{"uv":[0.0,0.0,0.1875,0.0],"rotation":0,"texture":"#0","tintindex":0},"south":{"uv":[0.0,0.0,0.15625,0.0],"rotation":0,"texture":"#0","tintindex":0},"north":{"uv":[0.0,0.0,0.15625,0.0],"rotation":0,"texture":"#0","tintindex":0},"west":{"uv":[0.0,0.0,0.1875,0.0],"rotation":0,"texture":"#0","tintindex":0},"up":{"uv":[7.625,9.75,7.46875,9.5625],"rotation":0,"texture":"#0","tintindex":0},"down":{"uv":[7.78125,9.5625,7.625,9.75],"rotation":0,"texture":"#0","tintindex":0}}},{"from":[9.607143,12.547619,16.57143],"to":[12.464286,12.547619,20.0],"rotation":{"angle":0.0,"axis":"y","origin":[11.035714,12.547619,17.285715]},"faces":{"east":{"uv":[0.0,0.0,0.1875,0.0],"rotation":0,"texture":"#0","tintindex":0},"south":{"uv":[0.0,0.0,0.15625,0.0],"rotation":0,"texture":"#0","tintindex":0},"north":{"uv":[0.0,0.0,0.15625,0.0],"rotation":0,"texture":"#0","tintindex":0},"west":{"uv":[0.0,0.0,0.1875,0.0],"rotation":0,"texture":"#0","tintindex":0},"up":{"uv":[9.125,9.75,8.96875,9.5625],"rotation":0,"texture":"#0","tintindex":0},"down":{"uv":[9.28125,9.5625,9.125,9.75],"rotation":0,"texture":"#0","tintindex":0}}},{"from":[9.607143,16.547619,3.4285712],"to":[12.464286,19.976192,3.4285712],"rotation":{"angle":0.0,"axis":"y","origin":[11.035714,18.261906,5.714286]},"faces":{"east":{"uv":[0.0,0.0,0.0,0.1875],"rotation":0,"texture":"#0","tintindex":0},"south":{"uv":[9.59375,0.0,9.75,0.1875],"rotation":0,"texture":"#0","tintindex":0},"north":{"uv":[9.5625,9.21875,9.71875,9.40625],"rotation":0,"texture":"#0","tintindex":0},"west":{"uv":[0.0,0.0,0.0,0.1875],"rotation":0,"texture":"#0","tintindex":0},"up":{"uv":[0.15625,0.0,0.0,0.0],"rotation":0,"texture":"#0","tintindex":0},"down":{"uv":[0.15625,0.0,0.0,0.0],"rotation":0,"texture":"#0","tintindex":0}}},{"from":[7.3214283,16.547619,5.714286],"to":[10.178572,19.976192,5.714286],"rotation":{"angle":45.0,"axis":"y","origin":[11.035714,18.261906,5.714286]},"faces":{"east":{"uv":[0.0,0.0,0.0,0.1875],"rotation":0,"texture":"#0","tintindex":0},"south":{"uv":[9.59375,2.09375,9.75,2.28125],"rotation":0,"texture":"#0","tintindex":0},"north":{"uv":[9.59375,0.875,9.75,1.0625],"rotation":0,"texture":"#0","tintindex":0},"west":{"uv":[0.0,0.0,0.0,0.1875],"rotation":0,"texture":"#0","tintindex":0},"up":{"uv":[0.15625,0.0,0.0,0.0],"rotation":0,"texture":"#0","tintindex":0},"down":{"uv":[0.15625,0.0,0.0,0.0],"rotation":0,"texture":"#0","tintindex":0}}},{"from":[11.892858,16.547619,5.714286],"to":[14.75,19.976192,5.714286],"rotation":{"angle":45.0,"axis":"y","origin":[11.035714,18.261906,5.714286]},"faces":{"east":{"uv":[0.0,0.0,0.0,0.1875],"rotation":0,"texture":"#0","tintindex":0},"south":{"uv":[9.59375,2.46875,9.75,2.65625],"rotation":0,"texture":"#0","tintindex":0},"north":{"uv":[9.59375,2.28125,9.75,2.46875],"rotation":0,"texture":"#0","tintindex":0},"west":{"uv":[0.0,0.0,0.0,0.1875],"rotation":0,"texture":"#0","tintindex":0},"up":{"uv":[0.15625,0.0,0.0,0.0],"rotation":0,"texture":"#0","tintindex":0},"down":{"uv":[0.15625,0.0,0.0,0.0],"rotation":0,"texture":"#0","tintindex":0}}},{"from":[9.607143,16.547619,8.0],"to":[12.464286,19.976192,8.0],"rotation":{"angle":0.0,"axis":"y","origin":[11.035714,18.261906,5.714286]},"faces":{"east":{"uv":[0.0,0.0,0.0,0.1875],"rotation":0,"texture":"#0","tintindex":0},"south":{"uv":[9.59375,3.1875,9.75,3.375],"rotation":0,"texture":"#0","tintindex":0},"north":{"uv":[9.59375,2.65625,9.75,2.84375],"rotation":0,"texture":"#0","tintindex":0},"west":{"uv":[0.0,0.0,0.0,0.1875],"rotation":0,"texture":"#0","tintindex":0},"up":{"uv":[0.15625,0.0,0.0,0.0],"rotation":0,"texture":"#0","tintindex":0},"down":{"uv":[0.15625,0.0,0.0,0.0],"rotation":0,"texture":"#0","tintindex":0}}},{"from":[7.3214283,16.547619,10.285714],"to":[10.178572,19.976192,10.285714],"rotation":{"angle":45.0,"axis":"y","origin":[11.035714,18.261906,10.285714]},"faces":{"east":{"uv":[0.0,0.0,0.0,0.1875],"rotation":0,"texture":"#0","tintindex":0},"south":{"uv":[9.59375,5.25,9.75,5.4375],"rotation":0,"texture":"#0","tintindex":0},"north":{"uv":[4.125,9.59375,4.28125,9.78125],"rotation":0,"texture":"#0","tintindex":0},"west":{"uv":[0.0,0.0,0.0,0.1875],"rotation":0,"texture":"#0","tintindex":0},"up":{"uv":[0.15625,0.0,0.0,0.0],"rotation":0,"texture":"#0","tintindex":0},"down":{"uv":[0.15625,0.0,0.0,0.0],"rotation":0,"texture":"#0","tintindex":0}}},{"from":[9.607143,16.547619,12.571428],"to":[12.464286,19.976192,12.571428],"rotation":{"angle":0.0,"axis":"y","origin":[11.035714,18.261906,10.285714]},"faces":{"east":{"uv":[0.0,0.0,0.0,0.1875],"rotation":0,"texture":"#0","tintindex":0},"south":{"uv":[9.59375,5.625,9.75,5.8125],"rotation":0,"texture":"#0","tintindex":0},"north":{"uv":[9.59375,5.4375,9.75,5.625],"rotation":0,"texture":"#0","tintindex":0},"west":{"uv":[0.0,0.0,0.0,0.1875],"rotation":0,"texture":"#0","tintindex":0},"up":{"uv":[0.15625,0.0,0.0,0.0],"rotation":0,"texture":"#0","tintindex":0},"down":{"uv":[0.15625,0.0,0.0,0.0],"rotation":0,"texture":"#0","tintindex":0}}},{"from":[9.892858,6.833333,-0.57142925],"to":[12.178572,9.119047,0.0],"rotation":{"angle":0.0,"axis":"y","origin":[11.035714,7.9761906,-1.2857151]},"faces":{"east":{"uv":[5.1875,0.6875,5.21875,0.8125],