{"elements":[{"from":[6.5714283,3.4285712,8.0],"to":[9.428572,8.0,10.857143],"rotation":{"angle":0.0,"axis":"y","origin":[-6.5714293,-10.857143,12.0]},"faces":{"east":{"uv":[3.0,9.40625,3.15625,9.65625],"rotation":0,"texture":"#0","tintindex":0},"south":{"uv":[3.15625,9.40625,3.3125,9.65625],"rotation":0,"texture":"#0","tintindex":0},"north":{"uv":[2.5,9.40625,2.65625,9.65625],"rotation":0,"texture":"#0","tintindex":0},"west":{"uv":[3.3125,9.40625,3.46875,9.65625],"rotation":0,"texture":"#0","tintindex":0},"up":{"uv":[9.875,0.53125,9.71875,0.375],"rotation":0,"texture":"#0","tintindex":0},"down":{"uv":[9.875,0.53125,9.71875,0.6875],"rotation":0,"texture":"#0","tintindex":0}}}],"textures":{"0":"modelengine:entity/tower_skeleton_body"},"display":{"head":{"translation":[0.0,-6.4,0.0],"scale":[4.0,4.0,4.0]}}}