{"elements":[{"from":[12.0,2.8571424,3.4285712],"to":[21.714287,9.142858,12.0],"rotation":{"angle":0.0,"axis":"y","origin":[12.571428,7.428571,6.857143]},"faces":{"east":{"uv":[6.59375,7.5625,7.0625,7.90625],"rotation":0,"texture":"#0","tintindex":0},"south":{"uv":[7.21875,2.0625,7.75,2.40625],"rotation":0,"texture":"#0","tintindex":0},"north":{"uv":[7.15625,6.1875,7.6875,6.53125],"rotation":0,"texture":"#0","tintindex":0},"west":{"uv":[0.0,7.59375,0.46875,7.9375],"rotation":0,"texture":"#0","tintindex":0},"up":{"uv":[6.78125,5.15625,6.25,4.6875],"rotation":0,"texture":"#0","tintindex":0},"down":{"uv":[6.78125,5.15625,6.25,5.625],"rotation":0,"texture":"#0","tintindex":0}}},{"from":[6.857143,5.142857,4.5714283],"to":[16.0,12.571428,10.857143],"rotation":{"angle":0.0,"axis":"y","origin":[12.571428,9.142858,6.857143]},"faces":{"east":{"uv":[7.875,8.03125,8.21875,8.4375],"rotation":0,"texture":"#0","tintindex":0},"south":{"uv":[6.78125,4.90625,7.28125,5.3125],"rotation":0,"texture":"#0","tintindex":0},"north":{"uv":[6.78125,4.5,7.28125,4.90625],"rotation":0,"texture":"#0","tintindex":0},"west":{"uv":[0.875,8.0625,1.21875,8.46875],"rotation":0,"texture":"#0","tintindex":0},"up":{"uv":[3.5625,7.84375,3.0625,7.5],"rotation":0,"texture":"#0","tintindex":0},"down":{"uv":[4.0625,7.5,3.5625,7.84375],"rotation":0,"texture":"#0","tintindex":0}}},{"from":[14.857143,9.142858,3.4285712],"to":[21.714287,13.142858,3.4285712],"rotation":{"angle":0.0,"axis":"y","origin":[12.571428,7.428571,6.857143]},"faces":{"east":{"uv":[0.0,0.0,0.0,0.21875],"rotation":0,"texture":"#0","tintindex":0},"south":{"uv":[3.15625,8.875,3.53125,9.09375],"rotation":0,"texture":"#0","tintindex":0},"north":{"uv":[7.46875,8.78125,7.84375,9.0],"rotation":0,"texture":"#0","tintindex":0},"west":{"uv":[0.0,0.0,0.0,0.21875],"rotation":0,"texture":"#0","tintindex":0},"up":{"uv":[0.375,0.0,0.0,0.0],"rotation":0,"texture":"#0","tintindex":0},"down":{"uv":[0.375,0.0,0.0,0.0],"rotation":0,"texture":"#0","tintindex":0}}},{"from":[21.714287,9.142858,3.4285712],"to":[21.714287,13.142858,12.0],"rotation":{"angle":0.0,"axis":"y","origin":[12.571428,7.428571,6.857143]},"faces":{"east":{"uv":[8.625,2.375,9.09375,2.59375],"rotation":0,"texture":"#0","tintindex":0},"south":{"uv":[0.0,0.0,0.0,0.21875],"rotation":0,"texture":"#0","tintindex":0},"north":{"uv":[0.0,0.0,0.0,0.21875],"rotation":0,"texture":"#0","tintindex":0},"west":{"uv":[8.625,2.59375,9.09375,2.8125],"rotation":0,"texture":"#0","tintindex":0},"up":{"uv":[0.0,0.46875,0.0,0.0],"rotation":0,"texture":"#0","tintindex":0},"down":{"uv":[0.0,0.0,0.0,0.46875],"rotation":0,"texture":"#0","tintindex":0}}},{"from":[14.285715,9.142858,12.0],"to":[21.714287,13.142858,12.0],"rotation":{"angle":0.0,"axis":"y","origin":[12.571428,7.428571,6.857143]},"faces":{"east":{"uv":[0.0,0.0,0.0,0.21875],"rotation":0,"texture":"#0","tintindex":0},"south":{"uv":[8.6875,6.0625,9.09375,6.28125],"rotation":0,"texture":"#0","tintindex":0},"north":{"uv":[8.6875,0.9375,9.09375,1.15625],"rotation":0,"texture":"#0","tintindex":0},"west":{"uv":[0.0,0.0,0.0,0.21875],"rotation":0,"texture":"#0","tintindex":0},"up":{"uv":[0.40625,0.0,0.0,0.0],"rotation":0,"texture":"#0","tintindex":0},"down":{"uv":[0.40625,0.0,0.0,0.0],"rotation":0,"texture":"#0","tintindex":0}}},{"from":[20.0,4.5714283,6.857143],"to":[22.285715,13.714286,9.142858],"rotation":{"angle":0.0,"axis":"y","origin":[12.571428,7.428571,6.857143]},"faces":{"east":{"uv":[8.65625,9.125,8.78125,9.625],"rotation":0,"texture":"#0","tintindex":0},"south":{"uv":[0.5,9.15625,0.625,9.65625],"rotation":0,"texture":"#0","tintindex":0},"north":{"uv":[5.6875,9.125,5.8125,9.625],"rotation":0,"texture":"#0","tintindex":0},"west":{"uv":[0.625,9.15625,0.75,9.65625],"rotation":0,"texture":"#0","tintindex":0},"up":{"uv":[0.96875,9.9375,0.84375,9.8125],"rotation":0,"texture":"#0","tintindex":0},"down":{"uv":[1.46875,9.8125,1.34375,9.9375],"rotation":0,"texture":"#0","tintindex":0}}}],"textures":{"0":"modelengine:entity/tower_skeleton_body"},"display":{"head":{"translation":[0.0,-6.4,0.0],"scale":[4.0,4.0,4.0]}}}