{"elements":[{"from":[4.5714283,2.2857141,1.1428566],"to":[11.428572,8.0,11.428572],"rotation":{"angle":0.0,"axis":"y","origin":[0.5714283,-1.1428576,3.4285712]},"faces":{"east":{"uv":[7.34375,0.0,7.90625,0.3125],"rotation":0,"texture":"#0","tintindex":0},"south":{"uv":[8.46875,7.5625,8.84375,7.875],"rotation":0,"texture":"#0","tintindex":0},"north":{"uv":[0.78125,8.46875,1.15625,8.78125],"rotation":0,"texture":"#0","tintindex":0},"west":{"uv":[7.34375,0.3125,7.90625,0.625],"rotation":0,"texture":"#0","tintindex":0},"up":{"uv":[1.125,2.0,0.75,1.4375],"rotation":0,"texture":"#0","tintindex":0},"down":{"uv":[2.25,6.75,1.875,7.3125],"rotation":0,"texture":"#0","tintindex":0}}},{"from":[4.5714283,2.2857141,-2.285715],"to":[11.428572,6.285714,1.1428566],"rotation":{"angle":0.0,"axis":"y","origin":[0.5714283,-1.1428576,3.4285712]},"faces":{"east":{"uv":[9.40625,0.0,9.59375,0.21875],"rotation":0,"texture":"#0","tintindex":0},"south":{"uv":[0.0,8.9375,0.375,9.15625],"rotation":0,"texture":"#0","tintindex":0},"north":{"uv":[8.90625,3.9375,9.28125,4.15625],"rotation":0,"texture":"#0","tintindex":0},"west":{"uv":[1.9375,9.40625,2.125,9.625],"rotation":0,"texture":"#0","tintindex":0},"up":{"uv":[9.3125,8.5,8.9375,8.3125],"rotation":0,"texture":"#0","tintindex":0},"down":{"uv":[8.84375,8.9375,8.46875,9.125],"rotation":0,"texture":"#0","tintindex":0}}},{"from":[8.0,2.2857141,-4.5714293],"to":[8.0,8.0,1.1428566],"rotation":{"angle":0.0,"axis":"y","origin":[0.5714283,-1.1428576,3.4285712]},"faces":{"east":{"uv":[6.78125,5.3125,7.09375,5.625],"rotation":0,"texture":"#0","tintindex":0},"south":{"uv":[0.0,0.0,0.0,0.3125],"rotation":0,"texture":"#0","tintindex":0},"north":{"uv":[0.0,0.0,0.0,0.3125],"rotation":0,"texture":"#0","tintindex":0},"west":{"uv":[3.53125,8.59375,3.84375,8.90625],"rotation":0,"texture":"#0","tintindex":0},"up":{"uv":[0.0,0.3125,0.0,0.0],"rotation":0,"texture":"#0","tintindex":0},"down":{"uv":[0.0,0.0,0.0,0.3125],"rotation":0,"texture":"#0","tintindex":0}}}],"textures":{"0":"modelengine:entity/tower_skeleton_body"},"display":{"head":{"translation":[0.0,-6.4,0.0],"scale":[4.0,4.0,4.0]}}}