{"elements":[{"from":[14.571428,4.142857,2.8571424],"to":[18.0,7.0,2.8571424],"rotation":{"angle":0.0,"axis":"y","origin":[16.285715,5.5714283,5.142857]},"faces":{"east":{"uv":[0.0,0.0,0.0,0.15625],"rotation":0,"texture":"#0","tintindex":0},"south":{"uv":[9.53125,6.3125,9.71875,6.46875],"rotation":0,"texture":"#0","tintindex":0},"north":{"uv":[9.53125,1.84375,9.71875,2.0],"rotation":0,"texture":"#0","tintindex":0},"west":{"uv":[0.0,0.0,0.0,0.15625],"rotation":0,"texture":"#0","tintindex":0},"up":{"uv":[0.1875,0.0,0.0,0.0],"rotation":0,"texture":"#0","tintindex":0},"down":{"uv":[0.1875,0.0,0.0,0.0],"rotation":0,"texture":"#0","tintindex":0}}},{"from":[14.571428,1.8571424,5.142857],"to":[18.0,4.714286,5.142857],"rotation":{"angle":45.0,"axis":"x","origin":[16.285715,5.5714283,5.142857]},"faces":{"east":{"uv":[0.0,0.0,0.0,0.15625],"rotation":0,"texture":"#0","tintindex":0},"south":{"uv":[6.75,9.59375,6.9375,9.75],"rotation":0,"texture":"#0","tintindex":0},"north":{"uv":[9.59375,6.625,9.78125,6.78125],"rotation":0,"texture":"#0","tintindex":0},"west":{"uv":[0.0,0.0,0.0,0.15625],"rotation":0,"texture":"#0","tintindex":0},"up":{"uv":[0.1875,0.0,0.0,0.0],"rotation":0,"texture":"#0","tintindex":0},"down":{"uv":[0.1875,0.0,0.0,0.0],"rotation":0,"texture":"#0","tintindex":0}}},{"from":[14.0,4.428571,1.7142854],"to":[14.571428,6.714286,4.0],"rotation":{"angle":0.0,"axis":"y","origin":[14.285715,5.5714283,5.142857]},"faces":{"east":{"uv":[1.46875,9.8125,1.59375,9.9375],"rotation":0,"texture":"#0","tintindex":0},"south":{"uv":[6.875,1.21875,6.90625,1.34375],"rotation":0,"texture":"#0","tintindex":0},"north":{"uv":[6.84375,0.9375,6.875,1.0625],"rotation":0,"texture":"#0","tintindex":0},"west":{"uv":[1.59375,9.8125,1.71875,9.9375],"rotation":0,"texture":"#0","tintindex":0},"up":{"uv":[6.90625,1.46875,6.875,1.34375],"rotation":0,"texture":"#0","tintindex":0},"down":{"uv":[6.9375,7.03125,6.90625,7.15625],"rotation":0,"texture":"#0","tintindex":0}}},{"from":[14.571428,4.142857,7.428571],"to":[18.0,7.0,7.428571],"rotation":{"angle":0.0,"axis":"y","origin":[16.285715,5.5714283,5.142857]},"faces":{"east":{"uv":[0.0,0.0,0.0,0.15625],"rotation":0,"texture":"#0","tintindex":0},"south":{"uv":[9.59375,7.5625,9.78125,7.71875],"rotation":0,"texture":"#0","tintindex":0},"north":{"uv":[9.59375,7.40625,9.78125,7.5625],"rotation":0,"texture":"#0","tintindex":0},"west":{"uv":[0.0,0.0,0.0,0.15625],"rotation":0,"texture":"#0","tintindex":0},"up":{"uv":[0.1875,0.0,0.0,0.0],"rotation":0,"texture":"#0","tintindex":0},"down":{"uv":[0.1875,0.0,0.0,0.0],"rotation":0,"texture":"#0","tintindex":0}}},{"from":[14.571428,6.428571,5.142857],"to":[18.0,9.285714,5.142857],"rotation":{"angle":45.0,"axis":"x","origin":[16.285715,5.5714283,5.142857]},"faces":{"east":{"uv":[0.0,0.0,0.0,0.15625],"rotation":0,"texture":"#0","tintindex":0},"south":{"uv":[9.59375,8.9375,9.78125,9.09375],"rotation":0,"texture":"#0","tintindex":0},"north":{"uv":[8.0,9.59375,8.1875,9.75],"rotation":0,"texture":"#0","tintindex":0},"west":{"uv":[0.0,0.0,0.0,0.15625],"rotation":0,"texture":"#0","tintindex":0},"up":{"uv":[0.1875,0.0,0.0,0.0],"rotation":0,"texture":"#0","tintindex":0},"down":{"uv":[0.1875,0.0,0.0,0.0],"rotation":0,"texture":"#0","tintindex":0}}},{"from":[14.0,4.428571,6.285714],"to":[14.571428,6.714286,8.571428],"rotation":{"angle":0.0,"axis":"y","origin":[14.285715,5.5714283,5.142857]},"faces":{"east":{"uv":[2.90625,9.8125,3.03125,9.9375],"rotation":0,"texture":"#0","tintindex":0},"south":{"uv":[6.90625,7.28125,6.9375,7.40625],"rotation":0,"texture":"#0","tintindex":0},"north":{"uv":[6.90625,7.15625,6.9375,7.28125],"rotation":0,"texture":"#0","tintindex":0},"west":{"uv":[3.03125,9.8125,3.15625,9.9375],"rotation":0,"texture":"#0","tintindex":0},"up":{"uv":[4.625,7.4375,4.59375,7.3125],"rotation":0,"texture":"#0","tintindex":0},"down":{"uv":[7.375,0.625,7.34375,0.75],"rotation":0,"texture":"#0","tintindex":0}}},{"from":[3.7142854,-5.285715,0.0],"to":[12.285715,7.857143,9.142858],"rotation":{"angle":0.0,"axis":"y","origin":[-7.714287,-16.142859,4.0]},"faces":{"east":{"uv":[2.4375,4.03125,2.9375,4.75],"rotation":0,"texture":"#0","tintindex":0},"south":{"uv":[4.5625,2.09375,5.03125,2.8125],"rotation":0,"texture":"#0","tintindex":0},"north":{"uv":[4.53125,1.375,5.0,2.09375],"rotation":0,"texture":"#0","tintindex":0},"west":{"uv":[2.9375,4.03125,3.4375,4.75],"rotation":0,"texture":"#0","tintindex":0},"up":{"uv":[3.78125,7.0625,3.3125,6.5625],"rotation":0,"texture":"#0","tintindex":0},"down":{"uv":[4.25,6.5625,3.78125,7.0625],"rotation":0,"texture":"#0","tintindex":0}}},{"from":[8.857143,3.2857141,-0.57142925],"to":[14.0,7.857143,9.714286],"rotation":{"angle":0.0,"axis":"y","origin":[-7.714287,-16.142859,4.0]},"faces":{"east":{"uv":[7.96875,3.84375,8.53125,4.09375],"rotation":0,"texture":"#0","tintindex":0},"south":{"uv":[6.46875,3.9375,6.75,4.1875],"rotation":0,"texture":"#0","tintindex":0},"north":{"uv":[5.21875,1.09375,5.5,1.34375],"rotation":0,"texture":"#0","tintindex":0},"west":{"uv":[7.96875,6.40625,8.53125,6.65625],"rotation":0,"texture":"#0","tintindex":0},"up":{"uv":[2.53125,8.25,2.25,7.6875],"rotation":0,"texture":"#0","tintindex":0},"down":{"uv":[4.34375,7.6875,4.0625,8.25],"rotation":0,"texture":"#0","tintindex":0}}}],"textures":{"0":"modelengine:entity/tower_skeleton_body"},"display":{"head":{"translation":[0.0,-6.4,0.0],"scale":[4.0,4.0,4.0]}}}