{"elements":[{"from":[5.142857,2.2857141,6.5714283],"to":[8.0,8.0,9.428572],"rotation":{"angle":0.0,"axis":"y","origin":[-12.0,-8.57143,10.571428]},"faces":{"east":{"uv":[9.28125,9.03125,9.4375,9.34375],"rotation":0,"texture":"#0","tintindex":0},"south":{"uv":[9.3125,2.09375,9.46875,2.40625],"rotation":0,"texture":"#0","tintindex":0},"north":{"uv":[6.9375,9.28125,7.09375,9.59375],"rotation":0,"texture":"#0","tintindex":0},"west":{"uv":[9.3125,2.40625,9.46875,2.71875],"rotation":0,"texture":"#0","tintindex":0},"up":{"uv":[9.875,2.0,9.71875,1.84375],"rotation":0,"texture":"#0","tintindex":0},"down":{"uv":[3.5,9.71875,3.34375,9.875],"rotation":0,"texture":"#0","tintindex":0}}}],"textures":{"0":"modelengine:entity/tower_skeleton_body"},"display":{"head":{"translation":[0.0,-6.4,0.0],"scale":[4.0,4.0,4.0]}}}