{"elements":[{"from":[9.714286,8.0,8.142858],"to":[11.428572,10.857143,8.142858],"rotation":{"angle":0.0,"axis":"y","origin":[8.0,8.0,8.0]},"faces":{"east":{"uv":[0.0,0.0,0.0,0.15625],"rotation":0,"texture":"#0","tintindex":0},"south":{"uv":[3.9375,9.875,4.03125,10.03125],"rotation":0,"texture":"#0","tintindex":0},"north":{"uv":[3.84375,9.875,3.9375,10.03125],"rotation":0,"texture":"#0","tintindex":0},"west":{"uv":[0.0,0.0,0.0,0.15625],"rotation":0,"texture":"#0","tintindex":0},"up":{"uv":[0.09375,0.0,0.0,0.0],"rotation":0,"texture":"#0","tintindex":0},"down":{"uv":[0.09375,0.0,0.0,0.0],"rotation":0,"texture":"#0","tintindex":0}}},{"from":[6.285714,8.0,7.0],"to":[9.714286,10.857143,8.714286],"rotation":{"angle":0.0,"axis":"y","origin":[8.0,8.0,8.0]},"faces":{"east":{"uv":[9.875,3.96875,9.96875,4.125],"rotation":0,"texture":"#0","tintindex":0},"south":{"uv":[9.53125,0.53125,9.71875,0.6875],"rotation":0,"texture":"#0","tintindex":0},"north":{"uv":[9.53125,0.375,9.71875,0.53125],"rotation":0,"texture":"#0","tintindex":0},"west":{"uv":[4.03125,9.875,4.125,10.03125],"rotation":0,"texture":"#0","tintindex":0},"up":{"uv":[9.9375,5.28125,9.75,5.1875],"rotation":0,"texture":"#0","tintindex":0},"down":{"uv":[9.9375,5.28125,9.75,5.375],"rotation":0,"texture":"#0","tintindex":0}}},{"from":[8.0,8.0,8.714286],"to":[8.0,10.857143,9.857143],"rotation":{"angle":0.0,"axis":"y","origin":[8.0,8.0,8.0]},"faces":{"east":{"uv":[1.9375,9.15625,2.0,9.3125],"rotation":0,"texture":"#0","tintindex":0},"south":{"uv":[0.0,0.0,0.0,0.15625],"rotation":0,"texture":"#0","tintindex":0},"north":{"uv":[0.0,0.0,0.0,0.15625],"rotation":0,"texture":"#0","tintindex":0},"west":{"uv":[4.75,9.15625,4.8125,9.3125],"rotation":0,"texture":"#0","tintindex":0},"up":{"uv":[0.0,0.0625,0.0,0.0],"rotation":0,"texture":"#0","tintindex":0},"down":{"uv":[0.0,0.0,0.0,0.0625],"rotation":0,"texture":"#0","tintindex":0}}},{"from":[4.5714283,8.0,8.142858],"to":[6.285714,10.857143,8.142858],"rotation":{"angle":0.0,"axis":"y","origin":[8.0,8.0,8.0]},"faces":{"east":{"uv":[0.0,0.0,0.0,0.15625],"rotation":0,"texture":"#0","tintindex":0},"south":{"uv":[4.25,9.875,4.34375,10.03125],"rotation":0,"texture":"#0","tintindex":0},"north":{"uv":[9.875,4.125,9.96875,4.28125],"rotation":0,"texture":"#0","tintindex":0},"west":{"uv":[0.0,0.0,0.0,0.15625],"rotation":0,"texture":"#0","tintindex":0},"up":{"uv":[0.09375,0.0,0.0,0.0],"rotation":0,"texture":"#0","tintindex":0},"down":{"uv":[0.09375,0.0,0.0,0.0],"rotation":0,"texture":"#0","tintindex":0}}}],"textures":{"0":"modelengine:entity/tower_skeleton_body"},"display":{"head":{"translation":[0.0,-6.4,0.0],"scale":[4.0,4.0,4.0]}}}