{"elements":[{"from":[9.714286,8.0,8.142858],"to":[11.428572,10.857143,8.142858],"rotation":{"angle":0.0,"axis":"y","origin":[8.0,8.0,8.0]},"faces":{"east":{"uv":[0.0,0.0,0.0,0.15625],"rotation":0,"texture":"#0","tintindex":0},"south":{"uv":[3.375,9.875,3.46875,10.03125],"rotation":0,"texture":"#0","tintindex":0},"north":{"uv":[3.28125,9.875,3.375,10.03125],"rotation":0,"texture":"#0","tintindex":0},"west":{"uv":[0.0,0.0,0.0,0.15625],"rotation":0,"texture":"#0","tintindex":0},"up":{"uv":[0.09375,0.0,0.0,0.0],"rotation":0,"texture":"#0","tintindex":0},"down":{"uv":[0.09375,0.0,0.0,0.0],"rotation":0,"texture":"#0","tintindex":0}}},{"from":[6.285714,8.0,7.0],"to":[9.714286,10.857143,8.714286],"rotation":{"angle":0.0,"axis":"y","origin":[8.0,8.0,8.0]},"faces":{"east":{"uv":[3.46875,9.875,3.5625,10.03125],"rotation":0,"texture":"#0","tintindex":0},"south":{"uv":[9.53125,0.21875,9.71875,0.375],"rotation":0,"texture":"#0","tintindex":0},"north":{"uv":[9.4375,9.5,9.625,9.65625],"rotation":0,"texture":"#0","tintindex":0},"west":{"uv":[3.5625,9.875,3.65625,10.03125],"rotation":0,"texture":"#0","tintindex":0},"up":{"uv":[9.9375,3.25,9.75,3.15625],"rotation":0,"texture":"#0","tintindex":0},"down":{"uv":[9.9375,3.25,9.75,3.34375],"rotation":0,"texture":"#0","tintindex":0}}},{"from":[8.0,8.0,8.714286],"to":[8.0,10.857143,9.857143],"rotation":{"angle":0.0,"axis":"y","origin":[8.0,8.0,8.0]},"faces":{"east":{"uv":[8.46875,8.78125,8.53125,8.9375],"rotation":0,"texture":"#0","tintindex":0},"south":{"uv":[0.0,0.0,0.0,0.15625],"rotation":0,"texture":"#0","tintindex":0},"north":{"uv":[0.0,0.0,0.0,0.15625],"rotation":0,"texture":"#0","tintindex":0},"west":{"uv":[6.84375,8.9375,6.90625,9.09375],"rotation":0,"texture":"#0","tintindex":0},"up":{"uv":[0.0,0.0625,0.0,0.0],"rotation":0,"texture":"#0","tintindex":0},"down":{"uv":[0.0,0.0,0.0,0.0625],"rotation":0,"texture":"#0","tintindex":0}}},{"from":[4.5714283,8.0,8.142858],"to":[6.285714,10.857143,8.142858],"rotation":{"angle":0.0,"axis":"y","origin":[8.0,8.0,8.0]},"faces":{"east":{"uv":[0.0,0.0,0.0,0.15625],"rotation":0,"texture":"#0","tintindex":0},"south":{"uv":[3.75,9.875,3.84375,10.03125],"rotation":0,"texture":"#0","tintindex":0},"north":{"uv":[3.65625,9.875,3.75,10.03125],"rotation":0,"texture":"#0","tintindex":0},"west":{"uv":[0.0,0.0,0.0,0.15625],"rotation":0,"texture":"#0","tintindex":0},"up":{"uv":[0.09375,0.0,0.0,0.0],"rotation":0,"texture":"#0","tintindex":0},"down":{"uv":[0.09375,0.0,0.0,0.0],"rotation":0,"texture":"#0","tintindex":0}}}],"textures":{"0":"modelengine:entity/tower_skeleton_body"},"display":{"head":{"translation":[0.0,-6.4,0.0],"scale":[4.0,4.0,4.0]}}}