{"elements":[{"from":[6.838095,6.4480667,-1.7946205],"to":[8.552381,13.876638,18.77681],"rotation":{"angle":0.0,"axis":"y","origin":[7.409524,15.019495,20.491095]},"faces":{"east":{"uv":[1.0,5.0625,3.25,5.875],"rotation":0,"texture":"#2","tintindex":0},"south":{"uv":[2.75,8.125,2.9375,8.9375],"rotation":0,"texture":"#2","tintindex":0},"north":{"uv":[8.125,2.0,8.3125,2.8125],"rotation":0,"texture":"#2","tintindex":0},"west":{"uv":[5.375,5.0,7.625,5.8125],"rotation":0,"texture":"#2","tintindex":0},"up":{"uv":[4.3125,7.3125,4.125,5.0625],"rotation":0,"texture":"#2","tintindex":0},"down":{"uv":[3.25,5.875,3.0625,8.125],"rotation":0,"texture":"#2","tintindex":0}}},{"from":[6.838095,2.2291613,-1.1561785],"to":[8.552381,9.657733,14.8438225],"rotation":{"angle":22.5,"axis":"x","origin":[7.695238,5.943447,9.129537]},"faces":{"east":{"uv":[1.0,5.875,2.75,6.6875],"rotation":0,"texture":"#2","tintindex":0},"south":{"uv":[8.125,4.9375,8.3125,5.75],"rotation":0,"texture":"#2","tintindex":0},"north":{"uv":[2.9375,8.125,3.125,8.9375],"rotation":0,"texture":"#2","tintindex":0},"west":{"uv":[5.875,1.0,7.625,1.8125],"rotation":0,"texture":"#2","tintindex":0},"up":{"uv":[0.375,9.25,0.1875,7.5],"rotation":0,"texture":"#2","tintindex":0},"down":{"uv":[0.5625,7.5,0.375,9.25],"rotation":0,"texture":"#2","tintindex":0}}},{"from":[8.609524,0.16235209,-1.7946205],"to":[8.609524,13.876638,18.77681],"rotation":{"angle":0.0,"axis":"y","origin":[7.4666667,15.019495,20.491095]},"faces":{"east":{"uv":[3.625,0.0,5.875,1.5],"rotation":0,"texture":"#2","tintindex":0},"south":{"uv":[0.0,0.0,0.0,1.5],"rotation":0,"texture":"#2","tintindex":0},"north":{"uv":[0.0,0.0,0.0,1.5],"rotation":0,"texture":"#2","tintindex":0},"west":{"uv":[3.625,1.5,5.875,3.0],"rotation":0,"texture":"#2","tintindex":0},"up":{"uv":[0.0,2.25,0.0,0.0],"rotation":0,"texture":"#2","tintindex":0},"down":{"uv":[0.0,0.0,0.0,2.25],"rotation":0,"texture":"#2","tintindex":0}}},{"from":[6.7809525,0.16235209,-1.7946205],"to":[6.7809525,13.876638,18.77681],"rotation":{"angle":0.0,"axis":"y","origin":[7.9238095,15.019495,20.491095]},"faces":{"east":{"uv":[5.875,1.5,3.625,3.0],"rotation":0,"texture":"#2","tintindex":0},"south":{"uv":[0.0,0.0,0.0,1.5],"rotation":0,"texture":"#2","tintindex":0},"north":{"uv":[0.0,0.0,0.0,1.5],"rotation":0,"texture":"#2","tintindex":0},"west":{"uv":[5.875,0.0,3.625,1.5],"rotation":0,"texture":"#2","tintindex":0},"up":{"uv":[0.0,2.25,0.0,0.0],"rotation":0,"texture":"#2","tintindex":0},"down":{"uv":[0.0,0.0,0.0,2.25],"rotation":0,"texture":"#2","tintindex":0}}}],"textures":{"2":"modelengine:entity/tower_skeleton_sword"},"display":{"head":{"translation":[0.0,-6.4,0.0],"scale":[4.0,4.0,4.0]}}}