{"elements":[{"from":[6.9142857,7.392662,3.7636642],"to":[8.6285715,11.96409,18.04938],"rotation":{"angle":0.0,"axis":"y","origin":[7.4857144,8.535519,10.620808]},"faces":{"east":{"uv":[6.625,6.8125,8.1875,7.3125],"rotation":0,"texture":"#2","tintindex":0},"south":{"uv":[8.3125,4.9375,8.5,5.4375],"rotation":0,"texture":"#2","tintindex":0},"north":{"uv":[8.3125,3.8125,8.5,4.3125],"rotation":0,"texture":"#2","tintindex":0},"west":{"uv":[6.875,2.8125,8.4375,3.3125],"rotation":0,"texture":"#2","tintindex":0},"up":{"uv":[6.75,9.4375,6.5625,7.875],"rotation":0,"texture":"#2","tintindex":0},"down":{"uv":[6.9375,7.875,6.75,9.4375],"rotation":0,"texture":"#2","tintindex":0}}},{"from":[6.9142857,4.485219,7.432677],"to":[8.6285715,9.056647,17.718391],"rotation":{"angle":-22.5,"axis":"x","origin":[7.7714286,6.770933,10.575534]},"faces":{"east":{"uv":[7.375,0.0,8.5,0.5],"rotation":0,"texture":"#2","tintindex":0},"south":{"uv":[8.375,7.5625,8.5625,8.0625],"rotation":0,"texture":"#2","tintindex":0},"north":{"uv":[8.375,7.0625,8.5625,7.5625],"rotation":0,"texture":"#2","tintindex":0},"west":{"uv":[7.375,0.5,8.5,1.0],"rotation":0,"texture":"#2","tintindex":0},"up":{"uv":[8.1875,8.4375,8.0,7.3125],"rotation":0,"texture":"#2","tintindex":0},"down":{"uv":[6.0,8.0625,5.8125,9.1875],"rotation":0,"texture":"#2","tintindex":0}}},{"from":[6.9142857,2.8212333,-4.807765],"to":[8.6285715,11.96409,8.906522],"rotation":{"angle":0.0,"axis":"y","origin":[7.4857144,8.535519,10.620808]},"faces":{"east":{"uv":[5.375,5.8125,6.875,6.8125],"rotation":0,"texture":"#2","tintindex":0},"south":{"uv":[6.1875,8.0625,6.375,9.0625],"rotation":0,"texture":"#2","tintindex":0},"north":{"uv":[6.0,8.0625,6.1875,9.0625],"rotation":0,"texture":"#2","tintindex":0},"west":{"uv":[5.875,0.0,7.375,1.0],"rotation":0,"texture":"#2","tintindex":0},"up":{"uv":[7.125,9.375,6.9375,7.875],"rotation":0,"texture":"#2","tintindex":0},"down":{"uv":[7.3125,7.875,7.125,9.375],"rotation":0,"texture":"#2","tintindex":0}}},{"from":[8.685715,2.8212333,-4.807765],"to":[8.685715,11.96409,18.04938],"rotation":{"angle":0.0,"axis":"y","origin":[7.4857144,8.535519,10.620808]},"faces":{"east":{"uv":[4.375,3.0,6.875,4.0],"rotation":0,"texture":"#2","tintindex":0},"south":{"uv":[0.0,0.0,0.0,1.0],"rotation":0,"texture":"#2","tintindex":0},"north":{"uv":[0.0,0.0,0.0,1.0],"rotation":0,"texture":"#2","tintindex":0},"west":{"uv":[4.375,4.0,6.875,5.0],"rotation":0,"texture":"#2","tintindex":0},"up":{"uv":[0.0,2.5,0.0,0.0],"rotation":0,"texture":"#2","tintindex":0},"down":{"uv":[0.0,0.0,0.0,2.5],"rotation":0,"texture":"#2","tintindex":0}}},{"from":[6.857143,2.8212333,-4.807765],"to":[6.857143,11.96409,18.04938],"rotation":{"angle":0.0,"axis":"y","origin":[8.057143,8.535519,10.620808]},"faces":{"east":{"uv":[6.875,4.0,4.375,5.0],"rotation":0,"texture":"#2","tintindex":0},"south":{"uv":[0.0,0.0,0.0,1.0],"rotation":0,"texture":"#2","tintindex":0},"north":{"uv":[0.0,0.0,0.0,1.0],"rotation":0,"texture":"#2","tintindex":0},"west":{"uv":[6.875,3.0,4.375,4.0],"rotation":0,"texture":"#2","tintindex":0},"up":{"uv":[0.0,2.5,0.0,0.0],"rotation":0,"texture":"#2","tintindex":0},"down":{"uv":[0.0,0.0,0.0,2.5],"rotation":0,"texture":"#2","tintindex":0}}},{"from":[8.685715,2.8212333,-4.807765],"to":[8.685715,11.96409,18.04938],"rotation":{"angle":0.0,"axis":"y","origin":[7.4857144,8.535519,10.620808]},"faces":{"east":{"uv":[4.375,3.0,6.875,4.0],"rotation":0,"texture":"#2","tintindex":0},"south":{"uv":[0.0,0.0,0.0,1.0],"rotation":0,"texture":"#2","tintindex":0},"north":{"uv":[0.0,0.0,0.0,1.0],"rotation":0,"texture":"#2","tintindex":0},"west":{"uv":[4.375,4.0,6.875,5.0],"rotation":0,"texture":"#2","tintindex":0},"up":{"uv":[0.0,2.5,0.0,0.0],"rotation":0,"texture":"#2","tintindex":0},"down":{"uv":[0.0,0.0,0.0,2.5],"rotation":0,"texture":"#2","tintindex":0}}},{"from":[6.9142857,2.8212333,-4.807765],"to":[8.6285715,11.96409,8.906522],"rotation":{"angle":0.0,"axis":"y","origin":[7.4857144,8.535519,10.620808]},"faces":{"east":{"uv":[5.375,5.8125,6.875,6.8125],"rotation":0,"texture":"#2","tintindex":0},"south":{"uv":[6.1875,8.0625,6.375,9.0625],"rotation":0,"texture":"#2","tintindex":0},"north":{"uv":[6.0,8.0625,6.1875,9.0625],"rotation":0,"texture":"#2","tintindex":0},"west":{"uv":[5.875,0.0,7.375,1.0],"rotation":0,"texture":"#2","tintindex":0},"up":{"uv":[7.125,9.375,6.9375,7.875],"rotation":0,"texture":"#2","tintindex":0},"down":{"uv":[7.3125,7.875,7.125,9.375],"rotation":0,"texture":"#2","tintindex":0}}},{"from":[6.9142857,4.485219,7.432677],"to":[8.6285715,9.056647,17.718391],"rotation":{"angle":-22.5,"axis":"x","origin":[7.7714286,6.770933,10.575534]},"faces":{"east":{"uv":[7.375,0.0,8.5,0.5],"rotation":0,"texture":"#2","tintindex":0},"south":{"uv":[8.375,7.5625,8.5625,8.0625],"rotation":0,"texture":"#2","tintindex":0},"north":{"uv":[8.375,7.0625,8.5625,7.5625],"rotation":0,"texture":"#2","tintindex":0},"west":{"uv":[7.375,0.5,8.5,1.0],"rotation":0,"texture":"#2","tintindex":0},"up":{"uv":[8.1875,8.4375,8.0,7.3125],"rotation":0,"texture":"#2","tintindex":0},"down":{"uv":[6.0,8.0625,5.8125,9.1875],"rotation":0,"texture":"#2","tintindex":0}}},{"from":[6.9142857,7.392662,3.7636642],"to":[8.6285715,11.96409,18.04938],"rotation":{"angle":0.0,"axis":"y","origin":[7.4857144,8.535519,10.620808]},"faces":{"east":{"uv":[6.625,6.8125,8.1875,7.3125],"rotation":0,"texture":"#2","tintindex":0},"south":{"uv":[8.3125,4.9375,8.5,5.4375],"rotation":0,"texture":"#2","tintindex":0},"north":{"uv":[8.3125,3.8125,8.5,4.3125],"rotation":0,"texture":"#2","tintindex":0},"west":{"uv":[6.875,2.8125,8.4375,3.3125],"rotation":0,"texture":"#2","tintindex":0},"up":{"uv":[6.75,9.4375,6.5625,7.875],"rotation":0,"texture":"#2","tintindex":0},"down":{"uv":[6.9375,7.875,6.75,9.4375],"rotation":0,"texture":"#2","tintindex":0}}}],"textures":{"2":"modelengine:entity/tower_skeleton_sword"},"display":{"head":{"translation":[0.0,-6.4,0.0],"scale":[4.0,4.0,4.0]}}}