{"elements":[{"from":[0.0,2.695665,2.812451],"to":[16.0,10.695665,11.955308],"rotation":{"angle":0.0,"axis":"y","origin":[8.0,-16.732906,3.3838792]},"faces":{"east":{"uv":[5.40625,6.65625,5.90625,7.09375],"rotation":0,"texture":"#0","tintindex":0},"south":{"uv":[4.0,2.96875,4.875,3.40625],"rotation":0,"texture":"#0","tintindex":0},"north":{"uv":[3.6875,2.53125,4.5625,2.96875],"rotation":0,"texture":"#0","tintindex":0},"west":{"uv":[5.90625,6.65625,6.40625,7.09375],"rotation":0,"texture":"#0","tintindex":0},"up":{"uv":[3.375,4.03125,2.5,3.53125],"rotation":0,"texture":"#0","tintindex":0},"down":{"uv":[4.25,3.53125,3.375,4.03125],"rotation":0,"texture":"#0","tintindex":0}}},{"from":[5.142857,7.2670937,1.6695933],"to":[10.857143,10.695665,2.812451],"rotation":{"angle":0.0,"axis":"y","origin":[8.0,-16.732906,3.3838792]},"faces":{"east":{"uv":[3.0,3.34375,3.0625,3.53125],"rotation":0,"texture":"#0","tintindex":0},"south":{"uv":[9.15625,1.125,9.46875,1.3125],"rotation":0,"texture":"#0","tintindex":0},"north":{"uv":[0.0,5.78125,0.3125,5.96875],"rotation":0,"texture":"#0","tintindex":0},"west":{"uv":[4.0625,7.5,4.125,7.6875],"rotation":0,"texture":"#0","tintindex":0},"up":{"uv":[2.25,5.15625,1.9375,5.09375],"rotation":0,"texture":"#0","tintindex":0},"down":{"uv":[7.625,6.125,7.3125,6.1875],"rotation":0,"texture":"#0","tintindex":0}}},{"from":[-0.57142925,10.60867,2.3750978],"to":[16.57143,12.894384,2.3750978],"rotation":{"angle":-22.5,"axis":"x","origin":[8.0,11.751528,2.3750978]},"faces":{"east":{"uv":[0.0,0.0,0.0,0.125],"rotation":0,"texture":"#0","tintindex":0},"south":{"uv":[8.34375,5.71875,9.28125,5.84375],"rotation":0,"texture":"#0","tintindex":0},"north":{"uv":[7.96875,4.09375,8.90625,4.21875],"rotation":0,"texture":"#0","tintindex":0},"west":{"uv":[0.0,0.0,0.0,0.125],"rotation":0,"texture":"#0","tintindex":0},"up":{"uv":[0.9375,0.0,0.0,0.0],"rotation":0,"texture":"#0","tintindex":0},"down":{"uv":[0.9375,0.0,0.0,0.0],"rotation":0,"texture":"#0","tintindex":0}}}],"textures":{"0":"modelengine:entity/tower_skeleton_body"},"display":{"head":{"translation":[0.0,-6.4,0.0],"scale":[4.0,4.0,4.0]}}}