[04:56:05] [ServerMain/INFO]: Environment: authHost='https://authserver.mojang.com', accountsHost='https://api.mojang.com', sessionHost='https://sessionserver.mojang.com', servicesHost='https://api.minecraftservices.com', name='PROD'
[04:56:07] [Worker-Main-1/INFO]: Loaded 7 recipes
[04:56:08] [Server thread/INFO]: Starting minecraft server version 1.18.2
[04:56:08] [Server thread/INFO]: Loading properties
[04:56:08] [Server thread/INFO]: This server is running Paper version git-Paper-388 (MC: 1.18.2) (Implementing API version 1.18.2-R0.1-SNAPSHOT) (Git: fc9ee65 on ver/1.18.2)
[04:56:08] [Server thread/INFO]: Server Ping Player Sample Count: 12
[04:56:08] [Server thread/INFO]: Using 4 threads for Netty based IO
[04:56:08] [Server thread/INFO]: Default game type: SURVIVAL
[04:56:08] [Server thread/INFO]: Generating keypair
[04:56:08] [Server thread/INFO]: Starting Minecraft server on *:25565
[04:56:08] [Server thread/INFO]: Using epoll channel type
[04:56:08] [Server thread/INFO]: Paper: Using libdeflate (Linux x86_64) compression from Velocity.
[04:56:08] [Server thread/INFO]: Paper: Using OpenSSL 1.1.x (Linux x86_64) cipher from Velocity.
[04:56:11] [Server thread/INFO]: [STDOUT] [KE7lx2QoAzeyIBWopqO] [32m Downloaded from https://directleaks.net [0m
[04:56:12] [Server thread/INFO]: [CodexCore] Loading 2 libraries... please wait
[04:56:12] [Server thread/INFO]: [CodexCore] Loaded library /workspaces/Panel/libraries/com/mysql/mysql-connector-j/9.0.0/mysql-connector-j-9.0.0.jar
[04:56:12] [Server thread/INFO]: [CodexCore] Loaded library /workspaces/Panel/libraries/com/google/protobuf/protobuf-java/4.26.1/protobuf-java-4.26.1.jar
[04:56:12] [Server thread/INFO]: [CodexCore] Loaded library /workspaces/Panel/libraries/org/apache/commons/commons-lang3/3.14.0/commons-lang3-3.14.0.jar
[04:56:12] [Server thread/INFO]: [ItemEdit] Loading 5 libraries... please wait
[04:56:12] [Server thread/INFO]: [ItemEdit] Loaded library /workspaces/Panel/libraries/net/kyori/adventure-api/4.16.0/adventure-api-4.16.0.jar
[04:56:12] [Server thread/INFO]: [ItemEdit] Loaded library /workspaces/Panel/libraries/net/kyori/adventure-key/4.16.0/adventure-key-4.16.0.jar
[04:56:12] [Server thread/INFO]: [ItemEdit] Loaded library /workspaces/Panel/libraries/net/kyori/examination-api/1.3.0/examination-api-1.3.0.jar
[04:56:12] [Server thread/INFO]: [ItemEdit] Loaded library /workspaces/Panel/libraries/net/kyori/examination-string/1.3.0/examination-string-1.3.0.jar
[04:56:12] [Server thread/INFO]: [ItemEdit] Loaded library /workspaces/Panel/libraries/org/jetbrains/annotations/24.1.0/annotations-24.1.0.jar
[04:56:12] [Server thread/INFO]: [ItemEdit] Loaded library /workspaces/Panel/libraries/net/kyori/adventure-platform-bukkit/4.3.2/adventure-platform-bukkit-4.3.2.jar
[04:56:12] [Server thread/INFO]: [ItemEdit] Loaded library /workspaces/Panel/libraries/net/kyori/adventure-platform-api/4.3.2/adventure-platform-api-4.3.2.jar
[04:56:12] [Server thread/INFO]: [ItemEdit] Loaded library /workspaces/Panel/libraries/net/kyori/adventure-text-serializer-bungeecord/4.3.2/adventure-text-serializer-bungeecord-4.3.2.jar
[04:56:12] [Server thread/INFO]: [ItemEdit] Loaded library /workspaces/Panel/libraries/net/kyori/adventure-nbt/4.13.1/adventure-nbt-4.13.1.jar
[04:56:12] [Server thread/INFO]: [ItemEdit] Loaded library /workspaces/Panel/libraries/net/kyori/adventure-text-serializer-gson-legacy-impl/4.13.1/adventure-text-serializer-gson-legacy-impl-4.13.1.jar
[04:56:12] [Server thread/INFO]: [ItemEdit] Loaded library /workspaces/Panel/libraries/net/kyori/adventure-platform-facet/4.3.2/adventure-platform-facet-4.3.2.jar
[04:56:12] [Server thread/INFO]: [ItemEdit] Loaded library /workspaces/Panel/libraries/net/kyori/adventure-platform-viaversion/4.3.2/adventure-platform-viaversion-4.3.2.jar
[04:56:12] [Server thread/INFO]: [ItemEdit] Loaded library /workspaces/Panel/libraries/net/kyori/adventure-text-minimessage/4.16.0/adventure-text-minimessage-4.16.0.jar
[04:56:12] [Server thread/INFO]: [ItemEdit] Loaded library /workspaces/Panel/libraries/net/kyori/adventure-text-serializer-gson/4.16.0/adventure-text-serializer-gson-4.16.0.jar
[04:56:12] [Server thread/INFO]: [ItemEdit] Loaded library /workspaces/Panel/libraries/net/kyori/adventure-text-serializer-json/4.16.0/adventure-text-serializer-json-4.16.0.jar
[04:56:12] [Server thread/INFO]: [ItemEdit] Loaded library /workspaces/Panel/libraries/net/kyori/option/1.0.0/option-1.0.0.jar
[04:56:12] [Server thread/INFO]: [ItemEdit] Loaded library /workspaces/Panel/libraries/com/google/code/gson/gson/2.8.0/gson-2.8.0.jar
[04:56:12] [Server thread/INFO]: [ItemEdit] Loaded library /workspaces/Panel/libraries/net/kyori/adventure-text-serializer-legacy/4.16.0/adventure-text-serializer-legacy-4.16.0.jar
[04:56:12] [Server thread/INFO]: [STDOUT] [FALJ89DWWfgIFBAGkLxZw] [36m Downloaded from https://directleaks.net [0m
[04:56:12] [Server thread/INFO]: [JumpPads] Loading JumpPads v1.25.13
[04:56:12] [Server thread/INFO]: [PlaceholderAPI] Loading PlaceholderAPI v2.11.6
[04:56:13] [Server thread/INFO]: [HolographicDisplays] Loading HolographicDisplays v3.0.4
[04:56:13] [Server thread/INFO]: [CommandTimer] Loading CommandTimer v8.11.3
[04:56:13] [Server thread/INFO]: [AdvancedPortals] Loading AdvancedPortals v2.3.2
[04:56:13] [Server thread/INFO]: [playit-gg] Loading playit-gg v0.1.4
[04:56:13] [Server thread/INFO]: [LimitCrafting] Loading LimitCrafting v5.2
[04:56:13] [Server thread/INFO]: [PvPLevels] Loading PvPLevels v2.2.6
[04:56:13] [Server thread/INFO]: [ViaVersion] Loading ViaVersion v5.2.0
[04:56:13] [Server thread/INFO]: [ViaVersion] ViaVersion 5.2.0 is now loaded. Registering protocol transformers and injecting...
[04:56:13] [Via-Mappingloader-0/INFO]: [ViaVersion] Loading block connection mappings ...
[04:56:13] [Via-Mappingloader-0/INFO]: [ViaVersion] Using FastUtil Long2ObjectOpenHashMap for block connections
[04:56:13] [Server thread/INFO]: [ViaBackwards] Loading translations...
[04:56:13] [Server thread/INFO]: [ViaBackwards] Registering protocols...
[04:56:14] [Server thread/INFO]: [ViaRewind] Registering protocols...
[04:56:14] [Server thread/INFO]: [NBTAPI] Loading NBTAPI v2.14.1
[04:56:14] [Server thread/INFO]: [NBTAPI] [NBTAPI] Found Minecraft: v1_18_R2! Trying to find NMS support
[04:56:14] [Server thread/INFO]: [NBTAPI] [NBTAPI] NMS support 'MC1_18_R2' loaded!
[04:56:14] [Server thread/INFO]: [NBTAPI] [NBTAPI] Using the plugin 'NBTAPI' to create a bStats instance!
[04:56:14] [Server thread/INFO]: [CommandItems] Loading CommandItems v1.18.2
[04:56:14] [Server thread/INFO]: [ServerListPlus] Loading ServerListPlus v3.5.0
[04:56:14] [Server thread/INFO]: [ViaBackwards] Loading ViaBackwards v5.2.0
[04:56:14] [Server thread/INFO]: [ViaRewind] Loading ViaRewind v4.0.4
[04:56:14] [Server thread/INFO]: [LuckPerms] Loading LuckPerms v5.4.151
[04:56:14] [Thread-5/WARN]: [NBTAPI] [NBTAPI] The NBT-API in 'NBTAPI' seems to be outdated!
[04:56:14] [Thread-5/WARN]: [NBTAPI] [NBTAPI] Current Version: '2.14.1' Newest Version: 2.15.1'
[04:56:14] [Thread-5/WARN]: [NBTAPI] [NBTAPI] Please update the NBTAPI or the plugin that contains the api(nag the mod author when the newest release has an old version, not the NBTAPI dev)!
[04:56:14] [Server thread/INFO]: [ClimateChange] Loading ClimateChange v3.3.0
[04:56:14] [Server thread/INFO]: [Vault] Loading Vault v1.7.3-b131
[04:56:14] [Server thread/INFO]: [WorldEdit] Loading WorldEdit v7.2.10+1742f98
[04:56:15] [Server thread/INFO]: Got request to register class com.sk89q.worldedit.bukkit.BukkitServerInterface with WorldEdit [com.sk89q.worldedit.extension.platform.PlatformManager@e5a1927]
[04:56:15] [Server thread/INFO]: [PlayerKits] Loading PlayerKits v2.27.1
[04:56:15] [Server thread/INFO]: [AuthMe] Loading AuthMe v5.6.0-bCUSTOM
[04:56:15] [Server thread/INFO]: [EconomyShopGUI-Premium] Loading EconomyShopGUI-Premium v5.4.3
[04:56:15] [Server thread/INFO]: [TheosisEconomy] Loading TheosisEconomy v1.32
[04:56:15] [Server thread/INFO]: [InvSee++] Loading InvSeePlusPlus v0.29.11
[04:56:15] [Server thread/INFO]: [WorldGuard] Loading WorldGuard v7.0.7+216b061
[04:56:15] [Server thread/INFO]: [Citizens] Loading Citizens v2.0.32-SNAPSHOT (build 3135)
[04:56:15] [Server thread/INFO]: [Shopkeepers] Loading Shopkeepers v2.22.3
[04:56:15] [Server thread/INFO]: [Shopkeepers] Loaded all plugin classes (278 ms).
[04:56:15] [Server thread/INFO]: [Shopkeepers] Loading config.
[04:56:15] [Server thread/WARN]: [Shopkeepers] Config: Invalid living entity type name in 'enabled-living-shops': ALLAY
[04:56:15] [Server thread/WARN]: [Shopkeepers] Config: Invalid living entity type name in 'enabled-living-shops': ARMADILLO
[04:56:15] [Server thread/WARN]: [Shopkeepers] Config: Invalid living entity type name in 'enabled-living-shops': BOGGED
[04:56:15] [Server thread/WARN]: [Shopkeepers] Config: Invalid living entity type name in 'enabled-living-shops': BREEZE
[04:56:15] [Server thread/WARN]: [Shopkeepers] Config: Invalid living entity type name in 'enabled-living-shops': CAMEL
[04:56:15] [Server thread/WARN]: [Shopkeepers] Config: Invalid living entity type name in 'enabled-living-shops': FROG
[04:56:15] [Server thread/WARN]: [Shopkeepers] Config: Invalid living entity type name in 'enabled-living-shops': MOOSHROOM
[04:56:15] [Server thread/WARN]: [Shopkeepers] Config: Invalid living entity type name in 'enabled-living-shops': SNIFFER
[04:56:15] [Server thread/WARN]: [Shopkeepers] Config: Invalid living entity type name in 'enabled-living-shops': SNOW_GOLEM
[04:56:15] [Server thread/WARN]: [Shopkeepers] Config: Invalid living entity type name in 'enabled-living-shops': TADPOLE
[04:56:15] [Server thread/WARN]: [Shopkeepers] Config: Invalid living entity type name in 'enabled-living-shops': WARDEN
[04:56:15] [Server thread/WARN]: [Shopkeepers] Config: All existing entity type names can be found here: https://hub.spigotmc.org/javadocs/spigot/org/bukkit/entity/EntityType.html
[04:56:15] [Server thread/INFO]: [Shopkeepers] Loading language file: language-en-default.yml
[04:56:15] [Server thread/WARN]: [Shopkeepers] Config: Invalid living entity type name in 'enabled-living-shops': ALLAY
[04:56:15] [Server thread/WARN]: [Shopkeepers] Config: Invalid living entity type name in 'enabled-living-shops': ARMADILLO
[04:56:15] [Server thread/WARN]: [Shopkeepers] Config: Invalid living entity type name in 'enabled-living-shops': BOGGED
[04:56:15] [Server thread/WARN]: [Shopkeepers] Config: Invalid living entity type name in 'enabled-living-shops': BREEZE
[04:56:15] [Server thread/WARN]: [Shopkeepers] Config: Invalid living entity type name in 'enabled-living-shops': CAMEL
[04:56:15] [Server thread/WARN]: [Shopkeepers] Config: Invalid living entity type name in 'enabled-living-shops': FROG
[04:56:15] [Server thread/WARN]: [Shopkeepers] Config: Invalid living entity type name in 'enabled-living-shops': MOOSHROOM
[04:56:15] [Server thread/WARN]: [Shopkeepers] Config: Invalid living entity type name in 'enabled-living-shops': SNIFFER
[04:56:15] [Server thread/WARN]: [Shopkeepers] Config: Invalid living entity type name in 'enabled-living-shops': SNOW_GOLEM
[04:56:15] [Server thread/WARN]: [Shopkeepers] Config: Invalid living entity type name in 'enabled-living-shops': TADPOLE
[04:56:15] [Server thread/WARN]: [Shopkeepers] Config: Invalid living entity type name in 'enabled-living-shops': WARDEN
[04:56:15] [Server thread/WARN]: [Shopkeepers] Config: All existing entity type names can be found here: https://hub.spigotmc.org/javadocs/spigot/org/bukkit/entity/EntityType.html
[04:56:15] [Server thread/INFO]: [Shopkeepers] Registering WorldGuard flag 'allow-shop'.
[04:56:15] [Server thread/INFO]: [Shopkeepers] Registering defaults.
[04:56:15] [Server thread/INFO]: [MythicMobs] Loading MythicMobs v5.6.1-${CI_COMMIT_SHORT_SHA}
[04:56:15] [Server thread/INFO]: [LumineUtils] (io.lumine.mythic.bukkit.utils.) is bound to plugin MythicMobs - io.lumine.mythic.bukkit.MythicBukkit
[04:56:15] [Server thread/INFO]: [MythicMobs] §4M§6y§6t§6h§2i§2c§2 §3E§3n§1a§1b§1l§5e§5d§4![0m
[04:56:15] [Server thread/INFO]: [ChestCommands] Loading ChestCommands v4.0.5
[04:56:15] [Server thread/INFO]: [LiteFish] Loading LiteFish v3.8.3
[04:56:15] [Server thread/INFO]: [AdvancedCrates] Loading AdvancedCrates v4.1.5
[04:56:15] [Server thread/INFO]: [ModelEngine] Loading ModelEngine vR3.1.11
[04:56:15] [Server thread/INFO]: [CodexCore] Loading CodexCore v1.0.1-R0.15-SNAPSHOT
[04:56:15] [Server thread/INFO]: [WarpSystem] Loading WarpSystem v5.1.14-free
[04:56:15] [Server thread/INFO]: [ItemEdit] Loading ItemEdit v3.6.3
[04:56:15] [Server thread/INFO]: [Fabled] Loading Fabled v1.0.4-R0.1-SNAPSHOT
[04:56:15] [Server thread/INFO]: [CodexCore] Replaced instances of '%sapi_' with '%fabled_' in file: plugins/Fabled/config.yml
[04:56:15] [Server thread/INFO]: [MythicLib] Loading MythicLib v1.7
[04:56:15] [Server thread/INFO]: [MythicLib] Plugin file is called 'MythicLib-1.7 (1).jar'
[04:56:15] [Server thread/INFO]: [MythicLib] Detected Bukkit Version: v1_18_R2
[04:56:15] [Server thread/INFO]: [MythicLib] Hooked onto WorldGuard
[04:56:15] [Server thread/INFO]: [BeautyQuests] Loading BeautyQuests v1.0.4
[04:56:15] [Server thread/INFO]: [MMOCore] Loading MMOCore v1.12.1-SNAPSHOT
[04:56:15] [Server thread/INFO]: [MMOCore] Plugin file is called 'MMOCore-1.12.1-SNAPSHOT.jar'
[04:56:15] [Server thread/INFO]: [TAB] Loading TAB v5.0.5
[04:56:15] [Server thread/INFO]: [WGEF-Reborn] Loading WGEF-Reborn v2.6-stable+73c8022
[04:56:15] [Server thread/INFO]: [MMOItems] Loading MMOItems v6.1
[04:56:15] [Server thread/INFO]: [MMOItems] Plugin file is called 'MMOItems-6.10 (1).jar'
[04:56:15] [Server thread/INFO]: [MMOItems] Hooked onto WorldEdit
[04:56:16] [Server thread/INFO]: [MMOItems Template Modifiers] Preloading template modifiers, please wait..
[04:56:16] [Server thread/INFO]: [MMOItems Item Templates] Preloading item templates, please wait..
[04:56:16] [Server thread/INFO]: [DeluxeCombat] Loading DeluxeCombat v1.70.1
[04:56:16] [Server thread/INFO]: [PlayerShopGUIPlus] Loading PlayerShopGUIPlus v1.37.1
[04:56:16] [Server thread/INFO]: Server permissions file permissions.yml is empty, ignoring it
[04:56:16] [Server thread/INFO]: [ViaRewind] Enabling ViaRewind v4.0.4
[04:56:16] [Server thread/INFO]: [LuckPerms] Enabling LuckPerms v5.4.151
[04:56:16] [Server thread/INFO]:         __    
[04:56:16] [Server thread/INFO]:   |    |__)   LuckPerms v5.4.151
[04:56:16] [Server thread/INFO]:   |___ |      Running on Bukkit - Paper
[04:56:16] [Server thread/INFO]: 
[04:56:16] [Server thread/INFO]: [LuckPerms] Loading configuration...
[04:56:16] [Server thread/INFO]: [LuckPerms] Loading storage provider... [H2]
[04:56:17] [Server thread/INFO]: [LuckPerms] Loading internal permission managers...
[04:56:17] [Server thread/INFO]: [LuckPerms] Performing initial data load...
[04:56:17] [Server thread/INFO]: [LuckPerms] Successfully enabled. (took 1705ms)
[04:56:17] [Server thread/INFO]: [Vault] Enabling Vault v1.7.3-b131
[04:56:17] [Server thread/INFO]: [Vault] [Permission] SuperPermissions loaded as backup permission system.
[04:56:17] [Server thread/INFO]: [Vault] Enabled Version 1.7.3-b131
[04:56:17] [Server thread/INFO]: [LuckPerms] Registered Vault permission & chat hook.
[04:56:17] [Server thread/INFO]: [WorldEdit] Enabling WorldEdit v7.2.10+1742f98
[04:56:17] [Server thread/INFO]: Registering commands with com.sk89q.worldedit.bukkit.BukkitServerInterface
[04:56:18] [Server thread/INFO]: WEPIF: Vault detected! Using Vault for permissions
[04:56:18] [Server thread/INFO]: Using com.sk89q.worldedit.bukkit.adapter.impl.v1_18_R2.PaperweightAdapter as the Bukkit adapter
[04:56:19] [Server thread/INFO]: [TheosisEconomy] Enabling TheosisEconomy v1.32
[04:56:19] [Server thread/INFO]: [PlaceholderAPI] Successfully registered internal expansion: TheosisEconomy [1.32]
[04:56:19] [Server thread/INFO]: [CodexCore] Enabling CodexCore v1.0.1-R0.15-SNAPSHOT
[04:56:19] [Server thread/INFO]: [CodexCore] You are running MC version V1_18_R2 (RAW: v1_18_R2)
[04:56:19] [Server thread/INFO]: [CodexCore] Mapped all language data for CodexCore.
[04:56:19] [Server thread/INFO]: [CodexCore] [ItemManager] Successfully registered provider for VANILLA items
[04:56:19] [Server thread/INFO]: [CodexCore] [ItemManager] Successfully registered provider for ORAXEN items
[04:56:19] [Server thread/INFO]: [CodexCore] [ItemManager] Successfully registered provider for ITEMSADDER items
[04:56:19] [Server thread/INFO]: [CodexCore] Successfully hooked with LuckPerms permissions
[04:56:19] [Server thread/INFO]: [CodexCore] Successfully hooked with TheosisEconomy economy
[04:56:19] [Server thread/INFO]: [CodexCore] Successfully hooked with LuckPerms chat
[04:56:19] [Server thread/INFO]: [CodexCore] [Hook] Vault: Success!
[04:56:19] [Server thread/INFO]: [CodexCore] Found 0 external module(s).
[04:56:19] [Server thread/INFO]: [CodexCore] CodexCore has been enabled!
[04:56:19] [Server thread/INFO]: [CodexCore] Plugin loaded in 209 ms!
[04:56:19] [Server thread/WARN]: **** SERVER IS RUNNING IN OFFLINE/INSECURE MODE!
[04:56:19] [Server thread/WARN]: The server will make no attempt to authenticate usernames. Beware.
[04:56:19] [Server thread/WARN]: While this makes the game possible to play without internet access, it also opens up the ability for hackers to connect with any username they choose.
[04:56:19] [Server thread/WARN]: To change this, set "online-mode" to "true" in the server.properties file.
[04:56:19] [Server thread/INFO]: Preparing level "world"
[04:56:20] [Server thread/INFO]: Preparing start region for dimension minecraft:overworld
[04:56:20] [Server thread/INFO]: Time elapsed: 364 ms
[04:56:20] [Server thread/INFO]: Preparing start region for dimension minecraft:the_end
[04:56:21] [Server thread/INFO]: Time elapsed: 170 ms
[04:56:21] [Server thread/INFO]: [JumpPads] Enabling JumpPads v1.25.13
[04:56:21] [Server thread/INFO]: [PlaceholderAPI] Enabling PlaceholderAPI v2.11.6
[04:56:21] [Server thread/INFO]: [PlaceholderAPI] Fetching available expansion information...
[04:56:21] [Server thread/INFO]: [HolographicDisplays] Enabling HolographicDisplays v3.0.4
[04:56:21] [Server thread/INFO]: [CommandTimer] Enabling CommandTimer v8.11.3
[04:56:21] [Server thread/INFO]: [PlaceholderAPI] Successfully registered internal expansion: commandtimer [8.11.3]
[04:56:21] [Server thread/INFO]: [CommandTimer] CommandTimer hooked in PlaceholderAPI
[04:56:21] [Server thread/INFO]: [CommandTimer] Processing task ed0ff9b1-afc7-4044-b5ac-fb50d7c9f118.json
[04:56:21] [Server thread/INFO]: [CommandTimer] Processing task e456b025-8256-4c16-b9e3-da9732b15f49.json
[04:56:21] [Server thread/INFO]: [CommandTimer] Server time : 04:56:21
[04:56:21] [Server thread/INFO]: [CommandTimer] Server day : FRIDAY
[04:56:21] [Server thread/INFO]: [CommandTimer] 8.11.3 loaded 2 tasks!
[04:56:21] [Server thread/INFO]: [AdvancedPortals] Enabling AdvancedPortals v2.3.2
[04:56:21] [Server thread/INFO]: [AdvancedPortals] Loading Advanced Portals Core v2.3.2 for MC: 1.18.2
[04:56:22] [Server thread/INFO]: [AdvancedPortals] Advanced portals have been enabled!
[04:56:22] [Server thread/INFO]: [playit-gg] Enabling playit-gg v0.1.4
[04:56:22] [Thread-13/INFO]: [gg.playit.minecraft.PlayitKeysSetup] secret key found, checking
[04:56:22] [Thread-13/INFO]: [gg.playit.minecraft.PlayitKeysSetup] check secret
[04:56:22] [Server thread/INFO]: [LimitCrafting] Enabling LimitCrafting v5.2
[04:56:22] [Server thread/INFO]: [PvPLevels] Enabling PvPLevels v2.2.6
[04:56:22] [Server thread/INFO]: [PvPLevels] [Database] ( Connected ) ( SQLite )
[04:56:22] [Server thread/INFO]: [PlaceholderAPI] Successfully registered internal expansion: pvplevels [2.2.6]
[04:56:22] [Server thread/INFO]: [PvPLevels] PlaceholderAPI (found)
[04:56:22] [Server thread/INFO]: [PvPLevels] Created by MathiasMC
[04:56:22] [Server thread/INFO]: [ViaVersion] Enabling ViaVersion v5.2.0
[04:56:22] [Server thread/INFO]: [ViaVersion] ViaVersion detected server version: 1.18.2 (758)
[04:56:22] [Server thread/INFO]: [NBTAPI] Enabling NBTAPI v2.14.1
[04:56:22] [Server thread/INFO]: [NBTAPI] Checking bindings...
[04:56:22] [Server thread/INFO]: [NBTAPI] All Classes were able to link!
[04:56:22] [Server thread/INFO]: [NBTAPI] All Methods were able to link!
[04:56:22] [Server thread/INFO]: [NBTAPI] Running NBT reflection test...
[04:56:22] [Server thread/INFO]: [NBTAPI] Success! This version of NBT-API is compatible with your server.
[04:56:22] [Server thread/INFO]: [CommandItems] Enabling CommandItems v1.18.2
[04:56:22] [Server thread/INFO]: LOGGER [CommandItems] | INFO: Found PlaceholderAPI, hooking into it.
[04:56:22] [Server thread/WARN]: [CommandItems] Loaded class me.clip.placeholderapi.expansion.PlaceholderExpansion from PlaceholderAPI v2.11.6 which is not a depend or softdepend of this plugin.
[04:56:22] [Server thread/INFO]: [PlaceholderAPI] Successfully registered internal expansion: CommandItemsPAPI [1.18.2]
[04:56:22] [Server thread/INFO]: LOGGER [CommandItems] | INFO: Server version is most likely 1.18.2 (27, v1_18_R2 :: eaeedb)
[04:56:22] [Server thread/INFO]: LOGGER [CommandItems] | INFO: Executed setup for config: config.yml
[04:56:22] [Server thread/INFO]: [ServerListPlus] Enabling ServerListPlus v3.5.0
[04:56:23] [Server thread/INFO]: [ServerListPlus] [Core] Reloading configuration...
[04:56:23] [Server thread/INFO]: [ServerListPlus] [Core] Loaded configuration: ServerStatusConf
[04:56:23] [Server thread/INFO]: [ServerListPlus] [Core] Loaded configuration: PluginConf
[04:56:23] [Server thread/INFO]: [ServerListPlus] [Core] Loaded configuration: BukkitConf
[04:56:23] [Server thread/INFO]: [ServerListPlus] [Core] Reloading saved player identities...
[04:56:23] [Server thread/INFO]: [ServerListPlus] Successfully loaded!
[04:56:23] [Server thread/INFO]: [ServerListPlus] ServerListPlus v3.5.0 enabled.
[04:56:23] [Server thread/INFO]: [ViaBackwards] Enabling ViaBackwards v5.2.0
[04:56:23] [Server thread/INFO]: [ClimateChange] Enabling ClimateChange v3.3.0
[04:56:23] [Server thread/INFO]: 

                ===================================================
                                   ClimateChange
                ===================================================

                              Current version: 3.3.0
                        You are running the latest version!

                ===================================================

[04:56:23] [Server thread/INFO]: [ClimateChange] Developed by EndlessGames.
[04:56:23] [Server thread/INFO]: [PlayerKits] Enabling PlayerKits v2.27.1
[04:56:23] [Server thread/INFO]: [PlaceholderAPI] Successfully registered internal expansion: playerkits [2.27.1]
[04:56:23] [Server thread/INFO]: [PlayerKits] Has been enabled! Version: 2.27.1
[04:56:23] [Server thread/INFO]: [PlayerKits] Thanks for using my plugin!  ~Ajneb97
[04:56:24] [Thread-13/INFO]: [gg.playit.minecraft.PlayitKeysSetup] found minecraft java tunnel: thomas-skins.joinmc.link
[04:56:24] [Thread-13/INFO]: [gg.playit.minecraft.PlayitManager] keys and tunnel setup
[04:56:24] [Server thread/INFO]: [AuthMe] Enabling AuthMe v5.6.0-bCUSTOM
[04:56:24] [Server thread/INFO]: [AuthMe] SQLite Setup finished
[04:56:24] [Server thread/INFO]: [AuthMe] Hooked into LuckPerms!
[04:56:24] [Server thread/WARN]: [AuthMe] WARNING! The protectInventory feature requires ProtocolLib! Disabling it...
[04:56:24] [Thread-13/INFO]: [gg.playit.minecraft.PlayitManager] setup playit.gg account: https://playit.gg/login/guest-account/00010000000000000000000ebb7c688c48f80100000000020ae71da0a432a34efb1605999c68818d5740c92b4f10b9200cfe5afe2d2ff5bb
[04:56:25] [Server thread/INFO]: [AuthMe] AuthMe 5.6.0 build n.CUSTOM successfully enabled!
[04:56:25] [Server thread/INFO]: [EconomyShopGUI-Premium] Enabling EconomyShopGUI-Premium v5.4.3
[04:56:25] [Server thread/INFO]: [EconomyShopGUI-Premium] [INFO]: Using lang-en.yml as language file.
[04:56:25] [Server thread/INFO]: [EconomyShopGUI-Premium] [INFO]: Completed loading 18 section configs from /sections/
[04:56:25] [Server thread/INFO]: [EconomyShopGUI-Premium] [INFO]: Completed loading 18 shop configs from /shops/
[04:56:25] [Server thread/INFO]: [EconomyShopGUI-Premium] [INFO]: Updating Shop settings...
[04:56:25] [Server thread/INFO]: [EconomyShopGUI-Premium] [INFO]: Using minecraft version 1.18.2...
[04:56:25] [Server thread/INFO]: [EconomyShopGUI-Premium] [INFO]: Successfully hooked into Vault
[04:56:25] [Server thread/INFO]: [EconomyShopGUI-Premium] [INFO]: Completed loading 1 economy provider(s) for all 16 shop sections.
[04:56:25] [Server thread/INFO]: [EconomyShopGUI-Premium] [INFO]: Spawner provider set to AUTO in config
[04:56:25] [Server thread/INFO]: [EconomyShopGUI-Premium] [INFO]: Automatically searching for compatible spawner provider....
[04:56:25] [Server thread/INFO]: [EconomyShopGUI-Premium] [INFO]: Failed to automatically find compatible spawner provider, using default...
[04:56:25] [Server thread/INFO]: [EconomyShopGUI-Premium] [INFO]: Enabled PlaceholderAPI hook...
[04:56:25] [Server thread/INFO]: [EconomyShopGUI-Premium] [INFO]: Debug mode is enabled.
[04:56:25] [Server thread/INFO]: [EconomyShopGUI-Premium] [INFO]: Loading item stock provider...
[04:56:25] [Server thread/INFO]: [EconomyShopGUI-Premium] [INFO]: Loading limited selling provider...
[04:56:25] [Server thread/INFO]: [EconomyShopGUI-Premium] [INFO]: Loading all items...
[04:56:25] [Thread-13/WARN]: [gg.playit.control.ChannelSetup] Got IO error working with :control.playit.gg/2602:fbaf:848:0:0:0:0:1, error : java.net.SocketException: Network is unreachable
[04:56:25] [Server thread/INFO]: [EconomyShopGUI-Premium] [INFO]: Initialized - Took 355ms to complete
[04:56:25] [Server thread/INFO]: [InvSee++] Enabling InvSeePlusPlus v0.29.11
[04:56:25] [Server thread/INFO]: [WorldGuard] Enabling WorldGuard v7.0.7+216b061
[04:56:25] [Server thread/INFO]: [WorldGuard] (world) TNT ignition is PERMITTED.
[04:56:25] [Server thread/INFO]: [WorldGuard] (world) Lighters are PERMITTED.
[04:56:25] [Server thread/INFO]: [WorldGuard] (world) Lava fire is blocked.
[04:56:25] [Server thread/INFO]: [WorldGuard] (world) Fire spread is UNRESTRICTED.
[04:56:25] [Server thread/INFO]: [WorldGuard] Loaded configuration for world 'world'
[04:56:25] [Server thread/INFO]: [WorldGuard] (world_the_end) TNT ignition is PERMITTED.
[04:56:25] [Server thread/INFO]: [WorldGuard] (world_the_end) Lighters are PERMITTED.
[04:56:25] [Server thread/INFO]: [WorldGuard] (world_the_end) Lava fire is blocked.
[04:56:25] [Server thread/INFO]: [WorldGuard] (world_the_end) Fire spread is UNRESTRICTED.
[04:56:25] [Server thread/INFO]: [WorldGuard] Loaded configuration for world 'world_the_end'
[04:56:25] [Server thread/INFO]: [WorldGuard] Loading region data...
[04:56:25] [Thread-11/INFO]: [CommandTimer] Checking for update...
[04:56:25] [Thread-11/INFO]: [CommandTimer] Update found!
[04:56:25] [Server thread/INFO]: [CodexCore] [Hook] WorldGuard: Success!
[04:56:25] [Server thread/INFO]: [Citizens] Enabling Citizens v2.0.32-SNAPSHOT (build 3135)
[04:56:25] [Thread-13/INFO]: [gg.playit.control.ChannelSetup] request queued, waiting 1 second before resend
[04:56:26] [Server thread/INFO]: [Citizens] Loading external libraries
[04:56:26] [Server thread/INFO]: [PlaceholderAPI] Successfully registered internal expansion: citizensplaceholder [1.0.0]
[04:56:26] [Server thread/INFO]: [Citizens] Loaded economy handling via Vault.
[04:56:26] [Server thread/WARN]: [CodexCore] Loaded class net.citizensnpcs.api.event.NPCRightClickEvent from Citizens v2.0.32-SNAPSHOT (build 3135) which is not a depend or softdepend of this plugin.
[04:56:26] [Server thread/INFO]: [CodexCore] [Hook] Citizens: Success!
[04:56:26] [Server thread/INFO]: [Shopkeepers] Enabling Shopkeepers v2.22.3
[04:56:26] [Server thread/INFO]: [Shopkeepers] Citizens found: Enabling NPC shopkeepers.
[04:56:26] [Server thread/INFO]: [Shopkeepers] Loading the data of 4 shopkeepers ...
[04:56:26] [Server thread/INFO]: [MythicMobs] Enabling MythicMobs v5.6.1-${CI_COMMIT_SHORT_SHA}
[04:56:27] [Server thread/INFO]: [MythicMobs] Loading MythicMobs for Paper (MC: 1.18.2)...[0m
[04:56:27] [Server thread/INFO]: [MythicMobs] The server is running Paper; enabled Paper exclusive functionality[0m
[04:56:28] [Server thread/INFO]: [MythicMobs] Mythic HolographicDisplays Support has been enabled![0m
[04:56:28] [Server thread/INFO]: [MythicMobs] Mythic MMOItems Support has been enabled![0m
[04:56:28] [Server thread/INFO]: [PlaceholderAPI] Successfully registered internal expansion: mythic [5.0.0]
[04:56:28] [Server thread/INFO]: [MythicMobs] Mythic PlaceholderAPI Support has been enabled![0m
[04:56:28] [Server thread/WARN]: [MythicMobs] Loaded class com.sucy.skill.SkillAPI from Fabled v1.0.4-R0.1-SNAPSHOT which is not a depend or softdepend of this plugin.
[04:56:28] [Server thread/INFO]: [MythicMobs] Mythic SkillAPI Support has been enabled![0m
[04:56:28] [Server thread/INFO]: [MythicMobs] Mythic Vault Support has been enabled![0m
[04:56:28] [Server thread/INFO]: [MythicMobs] Mythic WorldGuard Support has been enabled![0m
[04:56:28] [Server thread/INFO]: [MythicMobs] Base directory /workspaces/Panel/plugins/MythicMobs/data
[04:56:28] [Server thread/INFO]: [MythicMobs] Module directory /workspaces/Panel/plugins/MythicMobs/data/worlds
[04:56:29] [Server thread/INFO]: [MythicMobs] Loading Packs...[0m
[04:56:30] [Server thread/INFO]: [MythicMobs] Loading Items...[0m
[04:56:30] [Server thread/ERROR]: Cannot load plugins/MythicMobs/Items/ExampleItems.yml
org.bukkit.configuration.InvalidConfigurationException: while parsing a block mapping
 in 'reader', line 42, column 3:
      Id: BONE
      ^
expected <block end>, but found '<block mapping start>'
 in 'reader', line 43, column 5:
        Display: '&3&lXương Vua'
        ^

	at org.bukkit.configuration.file.YamlConfiguration.loadFromString(YamlConfiguration.java:104) ~[paper-api-1.18.2-R0.1-SNAPSHOT.jar:?]
	at org.bukkit.configuration.file.FileConfiguration.load(FileConfiguration.java:160) ~[paper-api-1.18.2-R0.1-SNAPSHOT.jar:?]
	at org.bukkit.configuration.file.FileConfiguration.load(FileConfiguration.java:128) ~[paper-api-1.18.2-R0.1-SNAPSHOT.jar:?]
	at org.bukkit.configuration.file.YamlConfiguration.loadConfiguration(YamlConfiguration.java:304) ~[paper-api-1.18.2-R0.1-SNAPSHOT.jar:?]
	at io.lumine.mythic.core.config.IOLoader.reloadCustomConfig(IOLoader.java:85) ~[MythicMobs-5.6.1 (1).jar:?]
	at io.lumine.mythic.core.config.IOLoader.<init>(IOLoader.java:54) ~[MythicMobs-5.6.1 (1).jar:?]
	at io.lumine.mythic.core.items.ItemExecutor.loadItems(ItemExecutor.java:64) ~[MythicMobs-5.6.1 (1).jar:?]
	at io.lumine.mythic.core.items.ItemExecutor.load(ItemExecutor.java:49) ~[MythicMobs-5.6.1 (1).jar:?]
	at io.lumine.mythic.core.config.ConfigExecutor.load(ConfigExecutor.java:409) ~[MythicMobs-5.6.1 (1).jar:?]
	at io.lumine.mythic.bukkit.MythicBukkit.enable(MythicBukkit.java:188) ~[MythicMobs-5.6.1 (1).jar:?]
	at io.lumine.mythic.bukkit.utils.plugin.LuminePlugin.onEnable(LuminePlugin.java:87) ~[MythicMobs-5.6.1 (1).jar:?]
	at org.bukkit.plugin.java.JavaPlugin.setEnabled(JavaPlugin.java:264) ~[paper-api-1.18.2-R0.1-SNAPSHOT.jar:?]
	at org.bukkit.plugin.java.JavaPluginLoader.enablePlugin(JavaPluginLoader.java:370) ~[paper-api-1.18.2-R0.1-SNAPSHOT.jar:?]
	at org.bukkit.plugin.SimplePluginManager.enablePlugin(SimplePluginManager.java:541) ~[paper-api-1.18.2-R0.1-SNAPSHOT.jar:?]
	at org.bukkit.craftbukkit.v1_18_R2.CraftServer.enablePlugin(CraftServer.java:560) ~[paper-1.18.2.jar:git-Paper-388]
	at org.bukkit.craftbukkit.v1_18_R2.CraftServer.enablePlugins(CraftServer.java:474) ~[paper-1.18.2.jar:git-Paper-388]
	at net.minecraft.server.MinecraftServer.loadWorld0(MinecraftServer.java:665) ~[paper-1.18.2.jar:git-Paper-388]
	at net.minecraft.server.MinecraftServer.loadLevel(MinecraftServer.java:432) ~[paper-1.18.2.jar:git-Paper-388]
	at net.minecraft.server.dedicated.DedicatedServer.initServer(DedicatedServer.java:316) ~[paper-1.18.2.jar:git-Paper-388]
	at net.minecraft.server.MinecraftServer.runServer(MinecraftServer.java:1164) ~[paper-1.18.2.jar:git-Paper-388]
	at net.minecraft.server.MinecraftServer.lambda$spin$0(MinecraftServer.java:316) ~[paper-1.18.2.jar:git-Paper-388]
	at java.lang.Thread.run(Thread.java:1583) ~[?:?]
Caused by: org.yaml.snakeyaml.parser.ParserException: while parsing a block mapping
 in 'reader', line 42, column 3:
      Id: BONE
      ^
expected <block end>, but found '<block mapping start>'
 in 'reader', line 43, column 5:
        Display: '&3&lXương Vua'
        ^

	at org.yaml.snakeyaml.parser.ParserImpl$ParseBlockMappingKey.produce(ParserImpl.java:644) ~[snakeyaml-1.30.jar:?]
	at org.yaml.snakeyaml.parser.ParserImpl.peekEvent(ParserImpl.java:166) ~[snakeyaml-1.30.jar:?]
	at org.yaml.snakeyaml.comments.CommentEventsCollector$1.peek(CommentEventsCollector.java:59) ~[snakeyaml-1.30.jar:?]
	at org.yaml.snakeyaml.comments.CommentEventsCollector$1.peek(CommentEventsCollector.java:45) ~[snakeyaml-1.30.jar:?]
	at org.yaml.snakeyaml.comments.CommentEventsCollector.collectEvents(CommentEventsCollector.java:140) ~[snakeyaml-1.30.jar:?]
	at org.yaml.snakeyaml.comments.CommentEventsCollector.collectEvents(CommentEventsCollector.java:119) ~[snakeyaml-1.30.jar:?]
	at org.yaml.snakeyaml.composer.Composer.composeScalarNode(Composer.java:214) ~[snakeyaml-1.30.jar:?]
	at org.yaml.snakeyaml.composer.Composer.composeNode(Composer.java:184) ~[snakeyaml-1.30.jar:?]
	at org.yaml.snakeyaml.composer.Composer.composeValueNode(Composer.java:314) ~[snakeyaml-1.30.jar:?]
	at org.yaml.snakeyaml.composer.Composer.composeMappingChildren(Composer.java:305) ~[snakeyaml-1.30.jar:?]
	at org.yaml.snakeyaml.composer.Composer.composeMappingNode(Composer.java:286) ~[snakeyaml-1.30.jar:?]
	at org.yaml.snakeyaml.composer.Composer.composeNode(Composer.java:188) ~[snakeyaml-1.30.jar:?]
	at org.yaml.snakeyaml.composer.Composer.composeValueNode(Composer.java:314) ~[snakeyaml-1.30.jar:?]
	at org.yaml.snakeyaml.composer.Composer.composeMappingChildren(Composer.java:305) ~[snakeyaml-1.30.jar:?]
	at org.yaml.snakeyaml.composer.Composer.composeMappingNode(Composer.java:286) ~[snakeyaml-1.30.jar:?]
	at org.yaml.snakeyaml.composer.Composer.composeNode(Composer.java:188) ~[snakeyaml-1.30.jar:?]
	at org.yaml.snakeyaml.composer.Composer.getNode(Composer.java:115) ~[snakeyaml-1.30.jar:?]
	at org.yaml.snakeyaml.composer.Composer.getSingleNode(Composer.java:142) ~[snakeyaml-1.30.jar:?]
	at org.yaml.snakeyaml.Yaml.compose(Yaml.java:575) ~[snakeyaml-1.30.jar:?]
	at org.bukkit.configuration.file.YamlConfiguration.loadFromString(YamlConfiguration.java:102) ~[paper-api-1.18.2-R0.1-SNAPSHOT.jar:?]
	... 21 more
[04:56:30] [Server thread/WARN]: [MythicMobs] ✗[31m[1m Configuration Error in Item [36mxv[0m[0m
[04:56:30] [Server thread/WARN]: [MythicMobs] --| [31mFile: [37m/workspaces/Panel/plugins/MythicMobs/Items/xv.yml[0m[0m
[04:56:30] [Server thread/WARN]: [MythicMobs] --| [35mError Message: [0mCouldn't get name/lore of ItemStack[0m[0m
[04:56:30] [Server thread/WARN]: org.bukkit.configuration.InvalidConfigurationException: while parsing a block mapping
[04:56:30] [Server thread/WARN]:  in 'reader', line 42, column 3:
[04:56:30] [Server thread/WARN]:       Id: BONE
[04:56:30] [Server thread/WARN]:       ^
[04:56:30] [Server thread/WARN]: expected <block end>, but found '<block mapping start>'
[04:56:30] [Server thread/WARN]:  in 'reader', line 43, column 5:
[04:56:30] [Server thread/WARN]:         Display: '&3&lXương Vua'
[04:56:30] [Server thread/WARN]:         ^
[04:56:30] [Server thread/WARN]: 
[04:56:30] [Server thread/WARN]: 	at org.bukkit.configuration.file.YamlConfiguration.loadFromString(YamlConfiguration.java:104)
[04:56:30] [Server thread/WARN]: 	at org.bukkit.configuration.file.FileConfiguration.load(FileConfiguration.java:160)
[04:56:30] [Server thread/WARN]: 	at org.bukkit.configuration.file.FileConfiguration.load(FileConfiguration.java:128)
[04:56:30] [Server thread/WARN]: 	at MythicMobs-5.6.1 (1).jar//io.lumine.mythic.core.config.MythicConfigImpl.<init>(MythicConfigImpl.java:56)
[04:56:30] [Server thread/WARN]: 	at MythicMobs-5.6.1 (1).jar//io.lumine.mythic.core.config.MythicConfigImpl.<init>(MythicConfigImpl.java:47)
[04:56:30] [Server thread/WARN]: 	at MythicMobs-5.6.1 (1).jar//io.lumine.mythic.core.items.ItemExecutor.loadItems(ItemExecutor.java:73)
[04:56:30] [Server thread/WARN]: 	at MythicMobs-5.6.1 (1).jar//io.lumine.mythic.core.items.ItemExecutor.load(ItemExecutor.java:49)
[04:56:30] [Server thread/WARN]: 	at MythicMobs-5.6.1 (1).jar//io.lumine.mythic.core.config.ConfigExecutor.load(ConfigExecutor.java:409)
[04:56:30] [Server thread/WARN]: 	at MythicMobs-5.6.1 (1).jar//io.lumine.mythic.bukkit.MythicBukkit.enable(MythicBukkit.java:188)
[04:56:30] [Server thread/WARN]: 	at MythicMobs-5.6.1 (1).jar//io.lumine.mythic.bukkit.utils.plugin.LuminePlugin.onEnable(LuminePlugin.java:87)
[04:56:30] [Server thread/WARN]: 	at org.bukkit.plugin.java.JavaPlugin.setEnabled(JavaPlugin.java:264)
[04:56:30] [Server thread/WARN]: 	at org.bukkit.plugin.java.JavaPluginLoader.enablePlugin(JavaPluginLoader.java:370)
[04:56:30] [Server thread/WARN]: 	at org.bukkit.plugin.SimplePluginManager.enablePlugin(SimplePluginManager.java:541)
[04:56:30] [Server thread/WARN]: 	at org.bukkit.craftbukkit.v1_18_R2.CraftServer.enablePlugin(CraftServer.java:560)
[04:56:30] [Server thread/WARN]: 	at org.bukkit.craftbukkit.v1_18_R2.CraftServer.enablePlugins(CraftServer.java:474)
[04:56:30] [Server thread/WARN]: 	at net.minecraft.server.MinecraftServer.loadWorld0(MinecraftServer.java:665)
[04:56:30] [Server thread/WARN]: 	at net.minecraft.server.MinecraftServer.loadLevel(MinecraftServer.java:432)
[04:56:30] [Server thread/WARN]: 	at net.minecraft.server.dedicated.DedicatedServer.e(DedicatedServer.java:316)
[04:56:30] [Server thread/WARN]: 	at net.minecraft.server.MinecraftServer.w(MinecraftServer.java:1164)
[04:56:30] [Server thread/WARN]: 	at net.minecraft.server.MinecraftServer.lambda$spin$0(MinecraftServer.java:316)
[04:56:30] [Server thread/WARN]: 	at java.base/java.lang.Thread.run(Thread.java:1583)
[04:56:30] [Server thread/WARN]: Caused by: while parsing a block mapping
[04:56:30] [Server thread/WARN]:  in 'reader', line 42, column 3:
[04:56:30] [Server thread/WARN]:       Id: BONE
[04:56:30] [Server thread/WARN]:       ^
[04:56:30] [Server thread/WARN]: expected <block end>, but found '<block mapping start>'
[04:56:30] [Server thread/WARN]:  in 'reader', line 43, column 5:
[04:56:30] [Server thread/WARN]:         Display: '&3&lXương Vua'
[04:56:30] [Server thread/WARN]:         ^
[04:56:30] [Server thread/WARN]: 
[04:56:30] [Server thread/WARN]: 	at org.yaml.snakeyaml.parser.ParserImpl$ParseBlockMappingKey.produce(ParserImpl.java:644)
[04:56:30] [Server thread/WARN]: 	at org.yaml.snakeyaml.parser.ParserImpl.peekEvent(ParserImpl.java:166)
[04:56:30] [Server thread/WARN]: 	at org.yaml.snakeyaml.comments.CommentEventsCollector$1.peek(CommentEventsCollector.java:59)
[04:56:30] [Server thread/WARN]: 	at org.yaml.snakeyaml.comments.CommentEventsCollector$1.peek(CommentEventsCollector.java:45)
[04:56:30] [Server thread/WARN]: 	at org.yaml.snakeyaml.comments.CommentEventsCollector.collectEvents(CommentEventsCollector.java:140)
[04:56:30] [Server thread/WARN]: 	at org.yaml.snakeyaml.comments.CommentEventsCollector.collectEvents(CommentEventsCollector.java:119)
[04:56:30] [Server thread/WARN]: 	at org.yaml.snakeyaml.composer.Composer.composeScalarNode(Composer.java:214)
[04:56:30] [Server thread/WARN]: 	at org.yaml.snakeyaml.composer.Composer.composeNode(Composer.java:184)
[04:56:30] [Server thread/WARN]: 	at org.yaml.snakeyaml.composer.Composer.composeValueNode(Composer.java:314)
[04:56:30] [Server thread/WARN]: 	at org.yaml.snakeyaml.composer.Composer.composeMappingChildren(Composer.java:305)
[04:56:30] [Server thread/WARN]: 	at org.yaml.snakeyaml.composer.Composer.composeMappingNode(Composer.java:286)
[04:56:30] [Server thread/WARN]: 	at org.yaml.snakeyaml.composer.Composer.composeNode(Composer.java:188)
[04:56:30] [Server thread/WARN]: 	at org.yaml.snakeyaml.composer.Composer.composeValueNode(Composer.java:314)
[04:56:30] [Server thread/WARN]: 	at org.yaml.snakeyaml.composer.Composer.composeMappingChildren(Composer.java:305)
[04:56:30] [Server thread/WARN]: 	at org.yaml.snakeyaml.composer.Composer.composeMappingNode(Composer.java:286)
[04:56:30] [Server thread/WARN]: 	at org.yaml.snakeyaml.composer.Composer.composeNode(Composer.java:188)
[04:56:30] [Server thread/WARN]: 	at org.yaml.snakeyaml.composer.Composer.getNode(Composer.java:115)
[04:56:30] [Server thread/WARN]: 	at org.yaml.snakeyaml.composer.Composer.getSingleNode(Composer.java:142)
[04:56:30] [Server thread/WARN]: 	at org.yaml.snakeyaml.Yaml.compose(Yaml.java:575)
[04:56:30] [Server thread/WARN]: 	at org.bukkit.configuration.file.YamlConfiguration.loadFromString(YamlConfiguration.java:102)
[04:56:30] [Server thread/WARN]: 	... 20 more
[04:56:30] [Server thread/ERROR]: Cannot load /workspaces/Panel/plugins/MythicMobs/Items/ExampleItems.yml
org.bukkit.configuration.InvalidConfigurationException: while parsing a block mapping
 in 'reader', line 42, column 3:
      Id: BONE
      ^
expected <block end>, but found '<block mapping start>'
 in 'reader', line 43, column 5:
        Display: '&3&lXương Vua'
        ^

	at org.bukkit.configuration.file.YamlConfiguration.loadFromString(YamlConfiguration.java:104) ~[paper-api-1.18.2-R0.1-SNAPSHOT.jar:?]
	at org.bukkit.configuration.file.FileConfiguration.load(FileConfiguration.java:160) ~[paper-api-1.18.2-R0.1-SNAPSHOT.jar:?]
	at org.bukkit.configuration.file.FileConfiguration.load(FileConfiguration.java:128) ~[paper-api-1.18.2-R0.1-SNAPSHOT.jar:?]
	at org.bukkit.configuration.file.YamlConfiguration.loadConfiguration(YamlConfiguration.java:304) ~[paper-api-1.18.2-R0.1-SNAPSHOT.jar:?]
	at io.lumine.mythic.bukkit.utils.config.properties.types.NodeListProp.getNodes(NodeListProp.java:38) ~[MythicMobs-5.6.1 (1).jar:?]
	at io.lumine.mythic.core.items.ItemExecutor.loadItems(ItemExecutor.java:75) ~[MythicMobs-5.6.1 (1).jar:?]
	at io.lumine.mythic.core.items.ItemExecutor.load(ItemExecutor.java:49) ~[MythicMobs-5.6.1 (1).jar:?]
	at io.lumine.mythic.core.config.ConfigExecutor.load(ConfigExecutor.java:409) ~[MythicMobs-5.6.1 (1).jar:?]
	at io.lumine.mythic.bukkit.MythicBukkit.enable(MythicBukkit.java:188) ~[MythicMobs-5.6.1 (1).jar:?]
	at io.lumine.mythic.bukkit.utils.plugin.LuminePlugin.onEnable(LuminePlugin.java:87) ~[MythicMobs-5.6.1 (1).jar:?]
	at org.bukkit.plugin.java.JavaPlugin.setEnabled(JavaPlugin.java:264) ~[paper-api-1.18.2-R0.1-SNAPSHOT.jar:?]
	at org.bukkit.plugin.java.JavaPluginLoader.enablePlugin(JavaPluginLoader.java:370) ~[paper-api-1.18.2-R0.1-SNAPSHOT.jar:?]
	at org.bukkit.plugin.SimplePluginManager.enablePlugin(SimplePluginManager.java:541) ~[paper-api-1.18.2-R0.1-SNAPSHOT.jar:?]
	at org.bukkit.craftbukkit.v1_18_R2.CraftServer.enablePlugin(CraftServer.java:560) ~[paper-1.18.2.jar:git-Paper-388]
	at org.bukkit.craftbukkit.v1_18_R2.CraftServer.enablePlugins(CraftServer.java:474) ~[paper-1.18.2.jar:git-Paper-388]
	at net.minecraft.server.MinecraftServer.loadWorld0(MinecraftServer.java:665) ~[paper-1.18.2.jar:git-Paper-388]
	at net.minecraft.server.MinecraftServer.loadLevel(MinecraftServer.java:432) ~[paper-1.18.2.jar:git-Paper-388]
	at net.minecraft.server.dedicated.DedicatedServer.initServer(DedicatedServer.java:316) ~[paper-1.18.2.jar:git-Paper-388]
	at net.minecraft.server.MinecraftServer.runServer(MinecraftServer.java:1164) ~[paper-1.18.2.jar:git-Paper-388]
	at net.minecraft.server.MinecraftServer.lambda$spin$0(MinecraftServer.java:316) ~[paper-1.18.2.jar:git-Paper-388]
	at java.lang.Thread.run(Thread.java:1583) ~[?:?]
Caused by: org.yaml.snakeyaml.parser.ParserException: while parsing a block mapping
 in 'reader', line 42, column 3:
      Id: BONE
      ^
expected <block end>, but found '<block mapping start>'
 in 'reader', line 43, column 5:
        Display: '&3&lXương Vua'
        ^

	at org.yaml.snakeyaml.parser.ParserImpl$ParseBlockMappingKey.produce(ParserImpl.java:644) ~[snakeyaml-1.30.jar:?]
	at org.yaml.snakeyaml.parser.ParserImpl.peekEvent(ParserImpl.java:166) ~[snakeyaml-1.30.jar:?]
	at org.yaml.snakeyaml.comments.CommentEventsCollector$1.peek(CommentEventsCollector.java:59) ~[snakeyaml-1.30.jar:?]
	at org.yaml.snakeyaml.comments.CommentEventsCollector$1.peek(CommentEventsCollector.java:45) ~[snakeyaml-1.30.jar:?]
	at org.yaml.snakeyaml.comments.CommentEventsCollector.collectEvents(CommentEventsCollector.java:140) ~[snakeyaml-1.30.jar:?]
	at org.yaml.snakeyaml.comments.CommentEventsCollector.collectEvents(CommentEventsCollector.java:119) ~[snakeyaml-1.30.jar:?]
	at org.yaml.snakeyaml.composer.Composer.composeScalarNode(Composer.java:214) ~[snakeyaml-1.30.jar:?]
	at org.yaml.snakeyaml.composer.Composer.composeNode(Composer.java:184) ~[snakeyaml-1.30.jar:?]
	at org.yaml.snakeyaml.composer.Composer.composeValueNode(Composer.java:314) ~[snakeyaml-1.30.jar:?]
	at org.yaml.snakeyaml.composer.Composer.composeMappingChildren(Composer.java:305) ~[snakeyaml-1.30.jar:?]
	at org.yaml.snakeyaml.composer.Composer.composeMappingNode(Composer.java:286) ~[snakeyaml-1.30.jar:?]
	at org.yaml.snakeyaml.composer.Composer.composeNode(Composer.java:188) ~[snakeyaml-1.30.jar:?]
	at org.yaml.snakeyaml.composer.Composer.composeValueNode(Composer.java:314) ~[snakeyaml-1.30.jar:?]
	at org.yaml.snakeyaml.composer.Composer.composeMappingChildren(Composer.java:305) ~[snakeyaml-1.30.jar:?]
	at org.yaml.snakeyaml.composer.Composer.composeMappingNode(Composer.java:286) ~[snakeyaml-1.30.jar:?]
	at org.yaml.snakeyaml.composer.Composer.composeNode(Composer.java:188) ~[snakeyaml-1.30.jar:?]
	at org.yaml.snakeyaml.composer.Composer.getNode(Composer.java:115) ~[snakeyaml-1.30.jar:?]
	at org.yaml.snakeyaml.composer.Composer.getSingleNode(Composer.java:142) ~[snakeyaml-1.30.jar:?]
	at org.yaml.snakeyaml.Yaml.compose(Yaml.java:575) ~[snakeyaml-1.30.jar:?]
	at org.bukkit.configuration.file.YamlConfiguration.loadFromString(YamlConfiguration.java:102) ~[paper-api-1.18.2-R0.1-SNAPSHOT.jar:?]
	... 20 more
[04:56:30] [Server thread/INFO]: [MythicMobs] Loading Item Groups...[0m
[04:56:30] [Server thread/INFO]: [MythicMobs] Loading Skills...[0m
[04:56:30] [Thread-13/INFO]: [gg.playit.minecraft.PlayitManager] got new client: NewClient{connectAddr=147.185.221.194:36655, peerAddr=14.177.8.247:53942, claimAddress=209.25.142.2:43784, claimToken=[44, 0, 68, -109, -71, -35, -62, -113, 47, 14, -79, 8, -9, -46, -74, 103, 8, 115, -61, -85, 8, 104, -116, 72, -2, 0, 0, 0, 0, 0, 14, -69, 124, 0, 0, 0, 0, 0, 60, 78, -79, 0, 0, 0, 0, 0, 16, 18, -103, 90, -61, -85, 8, 0, 0, 0, 0, 18, 0, 0, 0, 0, 0, 0, 0, 1, 0, 3, 98, 21, 80, -111, 93, 75, -109, -116, -92, 114, -109, 52, 66, 90, -33, -42], tunnelServerId=1, dataCenterId=18}
[04:56:30] [Thread-13/INFO]: [gg.playit.minecraft.PlayitManager] starting tcp tunnel for client
[04:56:30] [Thread-13/INFO]: [gg.playit.minecraft.PlayitTcpTunnel] start connection to /209.25.142.2:43784 to claim client
[04:56:30] [nioEventLoopGroup-2-1/INFO]: [gg.playit.minecraft.PlayitTcpTunnel] connected to tunnel server, sending claim token
[04:56:30] [nioEventLoopGroup-2-1/INFO]: [gg.playit.minecraft.PlayitTcpTunnel] claim token sent
[04:56:30] [nioEventLoopGroup-2-1/INFO]: [gg.playit.minecraft.PlayitTcpTunnel] connection to tunnel server has been established
[04:56:30] [nioEventLoopGroup-2-1/INFO]: [gg.playit.minecraft.PlayitTcpTunnel] Reflect: ReflectionHelper{ServerConnection=class net.minecraft.server.network.ServerConnection, LegacyPingHandler=class net.minecraft.server.network.LegacyPingHandler, MinecraftServer=class net.minecraft.server.MinecraftServer, PacketSplitter=class net.minecraft.network.PacketSplitter, PacketDecoder=class net.minecraft.network.PacketDecoder, EnumProtocolDirection=class net.minecraft.network.protocol.EnumProtocolDirection, PacketPrepender=class net.minecraft.network.PacketPrepender, PacketEncoder=class net.minecraft.network.PacketEncoder, NetworkManagerServer=class net.minecraft.network.NetworkManagerServer, NetworkManager=class net.minecraft.network.NetworkManager, HandshakeListener=class net.minecraft.server.network.HandshakeListener, PacketListener=interface net.minecraft.network.PacketListener, CraftServer=null}
[04:56:30] [nioEventLoopGroup-2-1/INFO]: [gg.playit.minecraft.PlayitTcpTunnel] failed to get Minecraft server from Bukkit.getServer()
[04:56:30] [nioEventLoopGroup-2-1/INFO]: [gg.playit.minecraft.PlayitTcpTunnel] connecting to minecraft server at localhost/127.0.0.1:25565
[04:56:30] [nioEventLoopGroup-2-2/INFO]: [gg.playit.minecraft.PlayitTcpTunnel] connected to local minecraft server
[04:56:30] [Server thread/WARN]: [MythicMobs] Failed to construct mechanic effect:particles{p=sculk_soul;a=6;y=2;vs=0.3;hs=0.5;delay=16} @PIR{r=50}[0m[0m
[04:56:30] [Server thread/WARN]: java.lang.reflect.InvocationTargetException
[04:56:30] [Server thread/WARN]: 	at java.base/jdk.internal.reflect.DirectConstructorHandleAccessor.newInstance(DirectConstructorHandleAccessor.java:74)
[04:56:30] [Server thread/WARN]: 	at java.base/java.lang.reflect.Constructor.newInstanceWithCaller(Constructor.java:502)
[04:56:30] [Server thread/WARN]: 	at java.base/java.lang.reflect.Constructor.newInstance(Constructor.java:486)
[04:56:30] [Server thread/WARN]: 	at MythicMobs-5.6.1 (1).jar//io.lumine.mythic.core.skills.SkillExecutor.getMechanic(SkillExecutor.java:302)
[04:56:30] [Server thread/WARN]: 	at MythicMobs-5.6.1 (1).jar//io.lumine.mythic.core.skills.MetaSkill.<init>(MetaSkill.java:178)
[04:56:30] [Server thread/WARN]: 	at MythicMobs-5.6.1 (1).jar//io.lumine.mythic.core.skills.SkillExecutor.loadSkills(SkillExecutor.java:100)
[04:56:30] [Server thread/WARN]: 	at MythicMobs-5.6.1 (1).jar//io.lumine.mythic.core.config.ConfigExecutor.load(ConfigExecutor.java:410)
[04:56:30] [Server thread/WARN]: 	at MythicMobs-5.6.1 (1).jar//io.lumine.mythic.bukkit.MythicBukkit.enable(MythicBukkit.java:188)
[04:56:30] [Server thread/WARN]: 	at MythicMobs-5.6.1 (1).jar//io.lumine.mythic.bukkit.utils.plugin.LuminePlugin.onEnable(LuminePlugin.java:87)
[04:56:30] [Server thread/WARN]: 	at org.bukkit.plugin.java.JavaPlugin.setEnabled(JavaPlugin.java:264)
[04:56:30] [Server thread/WARN]: 	at org.bukkit.plugin.java.JavaPluginLoader.enablePlugin(JavaPluginLoader.java:370)
[04:56:30] [Server thread/WARN]: 	at org.bukkit.plugin.SimplePluginManager.enablePlugin(SimplePluginManager.java:541)
[04:56:30] [Server thread/WARN]: 	at org.bukkit.craftbukkit.v1_18_R2.CraftServer.enablePlugin(CraftServer.java:560)
[04:56:30] [Server thread/WARN]: 	at org.bukkit.craftbukkit.v1_18_R2.CraftServer.enablePlugins(CraftServer.java:474)
[04:56:30] [Server thread/WARN]: 	at net.minecraft.server.MinecraftServer.loadWorld0(MinecraftServer.java:665)
[04:56:30] [Server thread/WARN]: 	at net.minecraft.server.MinecraftServer.loadLevel(MinecraftServer.java:432)
[04:56:30] [Server thread/WARN]: 	at net.minecraft.server.dedicated.DedicatedServer.e(DedicatedServer.java:316)
[04:56:30] [Server thread/WARN]: 	at net.minecraft.server.MinecraftServer.w(MinecraftServer.java:1164)
[04:56:30] [Server thread/WARN]: 	at net.minecraft.server.MinecraftServer.lambda$spin$0(MinecraftServer.java:316)
[04:56:30] [Server thread/WARN]: 	at java.base/java.lang.Thread.run(Thread.java:1583)
[04:56:30] [Server thread/WARN]: Caused by: java.lang.IllegalArgumentException: No enum constant org.bukkit.Particle.SCULK_SOUL
[04:56:30] [Server thread/WARN]: 	at java.base/java.lang.Enum.valueOf(Enum.java:293)
[04:56:30] [Server thread/WARN]: 	at org.bukkit.Particle.valueOf(Particle.java:9)
[04:56:30] [Server thread/WARN]: 	at MythicMobs-5.6.1 (1).jar//io.lumine.mythic.bukkit.adapters.BukkitParticle.toBukkitParticle(BukkitParticle.java:167)
[04:56:30] [Server thread/WARN]: 	at MythicMobs-5.6.1 (1).jar//io.lumine.mythic.bukkit.adapters.BukkitParticle.requiresData(BukkitParticle.java:171)
[04:56:30] [Server thread/WARN]: 	at MythicMobs-5.6.1 (1).jar//io.lumine.mythic.core.skills.mechanics.ParticleEffect.<init>(ParticleEffect.java:87)
[04:56:30] [Server thread/WARN]: 	at java.base/jdk.internal.reflect.DirectConstructorHandleAccessor.newInstance(DirectConstructorHandleAccessor.java:62)
[04:56:30] [Server thread/WARN]: 	... 19 more
[04:56:30] [Server thread/INFO]: [MythicMobs] Loading Drop Tables...[0m
[04:56:30] [Server thread/INFO]: [MythicMobs] Loading Random Spawns...[0m
[04:56:30] [Server thread/INFO]: [MythicMobs] Loading Spawn Blocks...[0m
[04:56:30] [Server thread/WARN]: [MythicMobs] ✗[31m[1m Configuration Error in Mechanic [36mrandomskill[0m[0m
[04:56:30] [Server thread/WARN]: [MythicMobs] --| [31mSkill: [36mBearSAttack[37m | [31mFile: [37m/workspaces/Panel/plugins/MythicMobs/skills/Bear_Spirit(skills).yml[0m[0m
[04:56:30] [Server thread/WARN]: [MythicMobs] --| [35mError Message: [0mCould not find MetaSkill [0m[0m
[04:56:30] [Server thread/WARN]: [MythicMobs] --| [35mMechanic Line: [0mrandomskill{s=[<&csp><&da><&csp>sound{s=oakforest:bear_spirit.attack;v=0.6;p=1.2}<&csp>],[<&csp><&da><&csp>sound{s=oakforest:bear_spirit.attack;v=0.6;p=1}<&csp>],[<&csp><&da><&csp>sound{s=oakforest:bear_spirit.attack;v=0.6;p=0.9}<&csp>],[<&csp><&da><&csp>sound{s=oakforest:bear_spirit.attack;v=0.6;p=0.8}<&csp>],}[0m[0m
[04:56:30] [Server thread/WARN]: [MythicMobs] ✗[31m[1m Configuration Error in Mechanic [36mrandomskill[0m[0m
[04:56:30] [Server thread/WARN]: [MythicMobs] --| [31mMob: [36mBearSpirit[37m | [31mFile: [37m/workspaces/Panel/plugins/MythicMobs/mobs/Bear_Spirit(mobs).yml[0m[0m
[04:56:30] [Server thread/WARN]: [MythicMobs] --| [35mError Message: [0mCould not find MetaSkill [0m[0m
[04:56:30] [Server thread/WARN]: [MythicMobs] --| [35mMechanic Line: [0mrandomskill{s=[<&csp><&da><&csp>state{m=bear_spirit;state=hurt1;li=3;lo=4}<&csp>@self<&csp>],[<&csp><&da><&csp>state{m=bear_spirit;state=hurt2;li=3;lo=4}<&csp>@self<&csp>],[<&csp><&da><&csp>state{m=bear_spirit;state=hurt3;li=3;lo=4}<&csp>@self<&csp>],[<&csp><&da><&csp>state{m=bear_spirit;state=hurt4;li=3;lo=4}<&csp>@self<&csp>],}[0m[0m
[04:56:30] [Server thread/INFO]: [MythicMobs] [32m✓[37m Loaded 38 mobs.[0m
[04:56:30] [Server thread/INFO]: [MythicMobs] [32m✓[37m Loaded 3 vanilla mob overrides.[0m
[04:56:30] [Server thread/INFO]: [MythicMobs] [32m✓[37m Loaded 0 mob stacks.[0m
[04:56:30] [Server thread/INFO]: [MythicMobs] [32m✓[37m Loaded 198 skills.[0m
[04:56:30] [Server thread/INFO]: [MythicMobs] [32m✓[37m Loaded 0 random spawns.[0m
[04:56:30] [Server thread/INFO]: [MythicMobs] [32m✓[37m Loaded 4 mythic items.[0m
[04:56:30] [Server thread/INFO]: [MythicMobs] [32m✓[37m Loaded 4 drop tables.[0m
[04:56:30] [Server thread/INFO]: [MythicMobs] [32m✓[37m Loaded 12 mob spawners.[0m
[04:56:30] [Server thread/INFO]: [MythicMobs] MythicMobs configuration file loaded successfully.[0m
[04:56:30] [Server thread/INFO]: [MythicMobs] Started up bStats Metrics[0m
[04:56:30] [Server thread/INFO]: [MythicMobs] [32m✓ MythicMobs Premium v5.6.1 ( build ${CI_COMMIT_SHORT_SHA} ) has been successfully loaded![0m[0m
[04:56:30] [Server thread/INFO]: [CodexCore] [Hook] MythicMobs: Success!
[04:56:30] [Server thread/INFO]: [ChestCommands] Enabling ChestCommands v4.0.5
[04:56:30] [Server thread/INFO]: [ChestCommands] Hooked Vault
[04:56:30] [Server thread/INFO]: [ChestCommands] Hooked PlaceholderAPI
[04:56:30] [Server thread/INFO]: [LiteFish] Enabling LiteFish v3.8.3
[04:56:30] [Server thread/WARN]: [LiteFish] Loaded class me.clip.placeholderapi.expansion.PlaceholderExpansion from PlaceholderAPI v2.11.6 which is not a depend or softdepend of this plugin.
[04:56:30] [Server thread/INFO]: [PlaceholderAPI] Successfully registered internal expansion: lfish [1.0]
[04:56:31] [Server thread/INFO]: [AdvancedCrates] Enabling AdvancedCrates v4.1.5
[04:56:31] [Server thread/INFO]: [NBTAPI] [NBTAPI] Found Minecraft: v1_18_R2! Trying to find NMS support
[04:56:31] [Server thread/INFO]: [NBTAPI] [NBTAPI] NMS support 'MC1_18_R2' loaded!
[04:56:31] [Server thread/INFO]: [NBTAPI] [NBTAPI] Using the plugin 'AdvancedCrates' to create a bStats instance!
[04:56:31] [Server thread/INFO]: [PlaceholderAPI] Successfully registered internal expansion: advancedcrates [4.1.5]
[04:56:31] [Thread-13/INFO]: [gg.playit.minecraft.PlayitManager] got new client: NewClient{connectAddr=147.185.221.194:36655, peerAddr=14.177.8.247:53950, claimAddress=209.25.142.2:43784, claimToken=[44, 0, 68, -109, -71, -35, -62, -113, 47, 14, -79, 8, -9, -46, -66, 12, -83, 90, -36, -85, 8, 104, -116, 72, -1, 0, 0, 0, 0, 0, 14, -69, 124, 0, 0, 0, 0, 0, 60, 78, -79, 0, 0, 0, 0, 0, 16, 18, -103, 25, -36, -85, 8, 0, 0, 0, 0, 18, 0, 0, 0, 0, 0, 0, 0, 1, 0, 1, -23, -98, 125, 61, 91, 56, -22, 9, 24, 3, 5, -104, -65, -6, -11, 1], tunnelServerId=1, dataCenterId=18}
[04:56:31] [Thread-13/INFO]: [gg.playit.minecraft.PlayitManager] starting tcp tunnel for client
[04:56:31] [Thread-13/INFO]: [gg.playit.minecraft.PlayitTcpTunnel] start connection to /209.25.142.2:43784 to claim client
[04:56:31] [nioEventLoopGroup-2-3/INFO]: [gg.playit.minecraft.PlayitTcpTunnel] connected to tunnel server, sending claim token
[04:56:31] [nioEventLoopGroup-2-3/INFO]: [gg.playit.minecraft.PlayitTcpTunnel] claim token sent
[04:56:31] [nioEventLoopGroup-2-3/INFO]: [gg.playit.minecraft.PlayitTcpTunnel] connection to tunnel server has been established
[04:56:31] [nioEventLoopGroup-2-3/INFO]: [gg.playit.minecraft.PlayitTcpTunnel] Reflect: ReflectionHelper{ServerConnection=class net.minecraft.server.network.ServerConnection, LegacyPingHandler=class net.minecraft.server.network.LegacyPingHandler, MinecraftServer=class net.minecraft.server.MinecraftServer, PacketSplitter=class net.minecraft.network.PacketSplitter, PacketDecoder=class net.minecraft.network.PacketDecoder, EnumProtocolDirection=class net.minecraft.network.protocol.EnumProtocolDirection, PacketPrepender=class net.minecraft.network.PacketPrepender, PacketEncoder=class net.minecraft.network.PacketEncoder, NetworkManagerServer=class net.minecraft.network.NetworkManagerServer, NetworkManager=class net.minecraft.network.NetworkManager, HandshakeListener=class net.minecraft.server.network.HandshakeListener, PacketListener=interface net.minecraft.network.PacketListener, CraftServer=null}
[04:56:31] [nioEventLoopGroup-2-3/INFO]: [gg.playit.minecraft.PlayitTcpTunnel] failed to get Minecraft server from Bukkit.getServer()
[04:56:31] [nioEventLoopGroup-2-3/INFO]: [gg.playit.minecraft.PlayitTcpTunnel] connecting to minecraft server at localhost/127.0.0.1:25565
[04:56:31] [nioEventLoopGroup-2-4/INFO]: [gg.playit.minecraft.PlayitTcpTunnel] connected to local minecraft server
[04:56:33] [Server thread/INFO]: Preparing start region for dimension minecraft:spawn
[04:56:33] [Server thread/INFO]: Preparing spawn area: 0%
[04:56:33] [Server thread/INFO]: Preparing spawn area: 1%
[04:56:33] [Server thread/INFO]: Time elapsed: 593 ms
[04:56:33] [Server thread/INFO]: [WorldGuard] (Spawn) TNT ignition is PERMITTED.
[04:56:33] [Server thread/INFO]: [WorldGuard] (Spawn) Lighters are PERMITTED.
[04:56:33] [Server thread/INFO]: [WorldGuard] (Spawn) Lava fire is blocked.
[04:56:33] [Server thread/INFO]: [WorldGuard] (Spawn) Fire spread is UNRESTRICTED.
[04:56:33] [Server thread/INFO]: [WorldGuard] Loaded configuration for world 'Spawn'
[04:56:33] [Server thread/INFO]: [ModelEngine] Enabling ModelEngine vR3.1.11
[04:56:33] [Server thread/INFO]: [ModelEngine] [STDOUT] [36m[Spigotunlocked.com] - COSMO
[04:56:33] [Server thread/WARN]: Nag author(s): '[Ticxo]' of 'ModelEngine' about their usage of System.out/err.print. Please use your plugin's logger instead (JavaPlugin#getLogger).
[04:56:33] [Server thread/INFO]: [MythicMobs] Model Engine Compatibility Loaded.[0m
[04:56:33] [Server thread/INFO]: [ModelEngine] [S] Compatibility applied: MythicMobs[0m
[04:56:33] [Server thread/INFO]: [ModelEngine] [S] Compatibility applied: Citizens[0m
[04:56:33] [Server thread/INFO]: [ModelEngine] [S] Compatibility applied: ViaVersion[0m
[04:56:33] [Server thread/INFO]: [ModelEngine] [S] bStats enabled[0m
[04:56:33] [Server thread/INFO]: [WarpSystem] Enabling WarpSystem v5.1.14-free
[04:56:33] [Server thread/INFO]: [WarpSystem]  
[04:56:33] [Server thread/INFO]: [WarpSystem] __________________________________________________________
[04:56:33] [Server thread/INFO]: [WarpSystem]  
[04:56:33] [Server thread/INFO]: [WarpSystem]                        WarpSystem [5.1.14-free]
[04:56:33] [Server thread/INFO]: [WarpSystem]  
[04:56:33] [Server thread/INFO]: [WarpSystem] Status:
[04:56:33] [Server thread/INFO]: [WarpSystem]  
[04:56:33] [Server thread/INFO]: [WarpSystem] MC-Version: Paper (git-Paper-388 (MC: 1.18.2))
[04:56:33] [Server thread/INFO]: [WarpSystem]  
[04:56:34] [Server thread/INFO]: [WarpSystem] Loading features
[04:56:34] [Server thread/INFO]: [WarpSystem]   > Loading PlayerWarps [Bungee: false; TimeDependent: true]
[04:56:34] [Server thread/INFO]: [WarpSystem]     ...got 6 Class(es)
[04:56:34] [Server thread/INFO]: [WarpSystem]     ...got 0 PlayerWarp(s)
[04:56:34] [Server thread/INFO]: [WarpSystem]   > Loading Portals
[04:56:34] [Server thread/INFO]: [WarpSystem]     ...got 0 Portal(s)
[04:56:34] [Server thread/INFO]: [WarpSystem]   > Loading Icons
[04:56:34] [Server thread/INFO]: [WarpSystem]     > Loading background
[04:56:34] [Server thread/INFO]: [WarpSystem]       ...got 1 background
[04:56:34] [Server thread/INFO]: [WarpSystem]     > Loading Icons
[04:56:34] [Server thread/INFO]: [WarpSystem]       ...got 0 Icons
[04:56:34] [Server thread/INFO]: [WarpSystem]   > Loading RandomTeleports
[04:56:34] [Server thread/INFO]: [WarpSystem]     ...got 3 WorldOption(s)
[04:56:34] [Server thread/INFO]: [WarpSystem]     ...preloading is disabled
[04:56:34] [Server thread/INFO]: [WarpSystem]     ...got 0 InteractBlock(s)
[04:56:34] [Server thread/INFO]: [WarpSystem]   > Loading Shortcuts
[04:56:34] [Server thread/INFO]: [WarpSystem]     ...got 0 Shortcut(s)
[04:56:34] [Server thread/INFO]: [WarpSystem]   > Loading WarpSigns
[04:56:34] [Server thread/INFO]: [WarpSystem]     ...got 0 WarpSign(s)
[04:56:34] [Server thread/INFO]: [WarpSystem]   > Loading Animations
[04:56:34] [Server thread/INFO]: [WarpSystem]     ...got 0 animation(s)
[04:56:34] [Server thread/INFO]: [WarpSystem]   > Loading SimpleWarps
[04:56:34] [Server thread/INFO]: [WarpSystem]     ...got 3 SimpleWarp(s)
[04:56:34] [Thread-13/INFO]: [gg.playit.minecraft.PlayitManager] got new client: NewClient{connectAddr=147.185.221.194:36655, peerAddr=14.177.8.247:53958, claimAddress=209.25.142.2:43784, claimToken=[44, 0, 68, -109, -71, -35, -62, -113, 47, 14, -79, 8, -9, -46, -58, 116, -29, 27, -81, -85, 8, 104, -116, 73, 2, 0, 0, 0, 0, 0, 14, -69, 124, 0, 0, 0, 0, 0, 60, 78, -79, 0, 0, 0, 0, 0, 16, 18, -103, 46, -81, -85, 8, 0, 0, 0, 0, 18, 0, 0, 0, 0, 0, 0, 0, 1, 0, 3, 10, 8, 124, 110, -4, -31, 82, 41, -119, 19, 58, -105, -23, -39, 16, 37], tunnelServerId=1, dataCenterId=18}
[04:56:34] [Thread-13/INFO]: [gg.playit.minecraft.PlayitManager] starting tcp tunnel for client
[04:56:34] [Thread-13/INFO]: [gg.playit.minecraft.PlayitTcpTunnel] start connection to /209.25.142.2:43784 to claim client
[04:56:34] [nioEventLoopGroup-2-1/INFO]: [gg.playit.minecraft.PlayitTcpTunnel] connected to tunnel server, sending claim token
[04:56:34] [nioEventLoopGroup-2-1/INFO]: [gg.playit.minecraft.PlayitTcpTunnel] claim token sent
[04:56:34] [nioEventLoopGroup-2-1/INFO]: [gg.playit.minecraft.PlayitTcpTunnel] connection to tunnel server has been established
[04:56:34] [Server thread/INFO]: [WarpSystem]  
[04:56:34] [Server thread/INFO]: [WarpSystem] Loading TeleportManager
[04:56:34] [nioEventLoopGroup-2-1/INFO]: [gg.playit.minecraft.PlayitTcpTunnel] Reflect: ReflectionHelper{ServerConnection=class net.minecraft.server.network.ServerConnection, LegacyPingHandler=class net.minecraft.server.network.LegacyPingHandler, MinecraftServer=class net.minecraft.server.MinecraftServer, PacketSplitter=class net.minecraft.network.PacketSplitter, PacketDecoder=class net.minecraft.network.PacketDecoder, EnumProtocolDirection=class net.minecraft.network.protocol.EnumProtocolDirection, PacketPrepender=class net.minecraft.network.PacketPrepender, PacketEncoder=class net.minecraft.network.PacketEncoder, NetworkManagerServer=class net.minecraft.network.NetworkManagerServer, NetworkManager=class net.minecraft.network.NetworkManager, HandshakeListener=class net.minecraft.server.network.HandshakeListener, PacketListener=interface net.minecraft.network.PacketListener, CraftServer=null}
[04:56:34] [nioEventLoopGroup-2-1/INFO]: [gg.playit.minecraft.PlayitTcpTunnel] failed to get Minecraft server from Bukkit.getServer()
[04:56:34] [nioEventLoopGroup-2-1/INFO]: [gg.playit.minecraft.PlayitTcpTunnel] connecting to minecraft server at localhost/127.0.0.1:25565
[04:56:34] [nioEventLoopGroup-2-2/INFO]: [gg.playit.minecraft.PlayitTcpTunnel] connected to local minecraft server
[04:56:34] [Server thread/INFO]: [WarpSystem] Starting AutoSaver
[04:56:34] [Server thread/INFO]: [WarpSystem]  
[04:56:34] [Server thread/INFO]: [WarpSystem] Finished (938ms)
[04:56:34] [Server thread/INFO]: [WarpSystem]  
[04:56:34] [Server thread/INFO]: [WarpSystem] __________________________________________________________
[04:56:34] [Server thread/INFO]: [WarpSystem]  
[04:56:34] [Server thread/INFO]: [PlaceholderAPI] Successfully registered internal expansion: warpsystem [5.1.14-free]
[04:56:34] [Server thread/INFO]: [ItemEdit] Enabling ItemEdit v3.6.3
[04:56:34] [Server thread/INFO]: [ItemEdit] Hooking into MiniMessageAPI see https://webui.advntr.dev/
[04:56:34] [Server thread/INFO]: [ItemEdit] Selected Storage Type: YAML
[04:56:34] [Server thread/INFO]: [ItemEdit] Hooking into Vault
[04:56:34] [Server thread/INFO]: [ItemEdit] Hooking into PlaceHolderAPI
[04:56:34] [Server thread/INFO]: [ItemEdit] placeholders:
[04:56:34] [Server thread/INFO]: [ItemEdit]   %itemedit_amount_<{itemid}>_[{slot}]_[{player}]%
[04:56:34] [Server thread/INFO]: [ItemEdit]     shows how many itemid player has on slot
[04:56:34] [Server thread/INFO]: [ItemEdit]     <{itemid}> for item id on serveritem
[04:56:34] [Server thread/INFO]: [ItemEdit]     [{slot}] for the slot where the item should be counted, by default inventory
[04:56:34] [Server thread/INFO]: [ItemEdit]       Values: inventory (include offhand), equip (include offhand), inventoryandequip (include offhand), hand, offhand, head, chest, legs, feet
[04:56:34] [Server thread/INFO]: [ItemEdit]     [{player}] for the player, by default self
[04:56:34] [Server thread/INFO]: [ItemEdit]     example: %itemedit_amount_{my_item_id}_{hand}%
[04:56:34] [Server thread/INFO]: [PlaceholderAPI] Successfully registered internal expansion: itemedit [1.0]
[04:56:34] [Server thread/INFO]: [ItemEdit] Hooking into MythicMobs
[04:56:34] [Server thread/INFO]: [ItemEdit] # Enabled (took 104 ms)
[04:56:34] [Server thread/INFO]: [Fabled] Enabling Fabled v1.0.4-R0.1-SNAPSHOT
[04:56:34] [Server thread/ERROR]: [Fabled] Invalid block type "WALL_SIGN"
[04:56:34] [Server thread/ERROR]: [Fabled] Invalid block type "SIGN_POST"
[04:56:35] [Server thread/INFO]: [PlaceholderAPI] Successfully registered internal expansion: fabled [1.0.1]
[04:56:35] [Server thread/INFO]: [Fabled] Fabled hook into PlaceholderAPI: §asuccess.
[04:56:35] [Thread-13/INFO]: [gg.playit.minecraft.PlayitManager] got new client: NewClient{connectAddr=147.185.221.194:36655, peerAddr=14.177.8.247:53966, claimAddress=209.25.142.2:43784, claimToken=[44, 0, 68, -109, -71, -35, -62, -113, 47, 14, -79, 8, -9, -46, -50, -121, 28, -24, 111, -85, 8, 104, -116, 73, 3, 0, 0, 0, 0, 0, 14, -69, 124, 0, 0, 0, 0, 0, 60, 78, -79, 0, 0, 0, 0, 0, 16, 18, -103, -94, 111, -85, 8, 0, 0, 0, 0, 18, 0, 0, 0, 0, 0, 0, 0, 1, 0, 1, -60, 37, -14, -41, -126, -7, 2, -94, 90, -62, -24, 83, 43, -14, -35, 81], tunnelServerId=1, dataCenterId=18}
[04:56:35] [Thread-13/INFO]: [gg.playit.minecraft.PlayitManager] starting tcp tunnel for client
[04:56:35] [Thread-13/INFO]: [gg.playit.minecraft.PlayitTcpTunnel] start connection to /209.25.142.2:43784 to claim client
[04:56:35] [nioEventLoopGroup-2-3/INFO]: [gg.playit.minecraft.PlayitTcpTunnel] connected to tunnel server, sending claim token
[04:56:35] [nioEventLoopGroup-2-3/INFO]: [gg.playit.minecraft.PlayitTcpTunnel] claim token sent
[04:56:35] [nioEventLoopGroup-2-3/INFO]: [gg.playit.minecraft.PlayitTcpTunnel] connection to tunnel server has been established
[04:56:35] [nioEventLoopGroup-2-3/INFO]: [gg.playit.minecraft.PlayitTcpTunnel] Reflect: ReflectionHelper{ServerConnection=class net.minecraft.server.network.ServerConnection, LegacyPingHandler=class net.minecraft.server.network.LegacyPingHandler, MinecraftServer=class net.minecraft.server.MinecraftServer, PacketSplitter=class net.minecraft.network.PacketSplitter, PacketDecoder=class net.minecraft.network.PacketDecoder, EnumProtocolDirection=class net.minecraft.network.protocol.EnumProtocolDirection, PacketPrepender=class net.minecraft.network.PacketPrepender, PacketEncoder=class net.minecraft.network.PacketEncoder, NetworkManagerServer=class net.minecraft.network.NetworkManagerServer, NetworkManager=class net.minecraft.network.NetworkManager, HandshakeListener=class net.minecraft.server.network.HandshakeListener, PacketListener=interface net.minecraft.network.PacketListener, CraftServer=null}
[04:56:35] [nioEventLoopGroup-2-3/INFO]: [gg.playit.minecraft.PlayitTcpTunnel] failed to get Minecraft server from Bukkit.getServer()
[04:56:35] [nioEventLoopGroup-2-3/INFO]: [gg.playit.minecraft.PlayitTcpTunnel] connecting to minecraft server at localhost/127.0.0.1:25565
[04:56:35] [nioEventLoopGroup-2-4/INFO]: [gg.playit.minecraft.PlayitTcpTunnel] connected to local minecraft server
[04:56:36] [Server thread/INFO]: [Fabled] Registration complete
[04:56:36] [Server thread/INFO]: [Fabled]  - 43 skills
[04:56:36] [Server thread/INFO]: [Fabled]  - 17 classes
[04:56:36] [Server thread/INFO]: [Fabled]  Took 1278ms
[04:56:36] [Server thread/INFO]: [MythicLib] Enabling MythicLib v1.7
[04:56:36] [Server thread/WARN]: [MythicLib] Could not hook onto hologram provider TEXT_DISPLAYS, using default: Text displays are only available on 1.19.4+
[04:56:36] [Server thread/INFO]: [MythicMobs] MMO Plugin Support has been enabled![0m
[04:56:36] [Server thread/INFO]: [MythicLib] Hooked onto MythicMobs
[04:56:36] [Server thread/INFO]: [MythicLib] Hooked onto Fabled
[04:56:36] [Server thread/INFO]: [PlaceholderAPI] Successfully registered internal expansion: mythiclib [1.7]
[04:56:36] [Server thread/INFO]: [MythicLib] Hooked onto PlaceholderAPI
[04:56:36] [Server thread/INFO]: [BeautyQuests] Enabling BeautyQuests v1.0.4
[04:56:36] [Server thread/INFO]: [BeautyQuests] ------------ BeautyQuests ------------
[04:56:36] [Server thread/INFO]: [BeautyQuests] Loaded valid Minecraft version 1_18_R2.
[04:56:36] [Server thread/INFO]: [BeautyQuests] Loaded language en_US (0.018s)!
[04:56:36] [Server thread/WARN]: [BeautyQuests] Loading of start particles failed: Invalid particle, color or shape.
java.lang.IllegalArgumentException: No enum constant org.bukkit.Particle.DUST
	at java.lang.Enum.valueOf(Enum.java:293) ~[?:?]
	at org.bukkit.Particle.valueOf(Particle.java:9) ~[paper-api-1.18.2-R0.1-SNAPSHOT.jar:?]
	at fr.skytasul.quests.utils.ParticleEffect.deserialize(ParticleEffect.java:129) ~[beautyquests-1.0.4.jar:?]
	at fr.skytasul.quests.QuestsConfigurationImplementation.loadParticles(QuestsConfigurationImplementation.java:166) ~[beautyquests-1.0.4.jar:?]
	at fr.skytasul.quests.QuestsConfigurationImplementation.init(QuestsConfigurationImplementation.java:114) ~[beautyquests-1.0.4.jar:?]
	at fr.skytasul.quests.BeautyQuests.loadConfigParameters(BeautyQuests.java:385) ~[beautyquests-1.0.4.jar:?]
	at fr.skytasul.quests.BeautyQuests.onEnable(BeautyQuests.java:150) ~[beautyquests-1.0.4.jar:?]
	at org.bukkit.plugin.java.JavaPlugin.setEnabled(JavaPlugin.java:264) ~[paper-api-1.18.2-R0.1-SNAPSHOT.jar:?]
	at org.bukkit.plugin.java.JavaPluginLoader.enablePlugin(JavaPluginLoader.java:370) ~[paper-api-1.18.2-R0.1-SNAPSHOT.jar:?]
	at org.bukkit.plugin.SimplePluginManager.enablePlugin(SimplePluginManager.java:541) ~[paper-api-1.18.2-R0.1-SNAPSHOT.jar:?]
	at org.bukkit.craftbukkit.v1_18_R2.CraftServer.enablePlugin(CraftServer.java:560) ~[paper-1.18.2.jar:git-Paper-388]
	at org.bukkit.craftbukkit.v1_18_R2.CraftServer.enablePlugins(CraftServer.java:474) ~[paper-1.18.2.jar:git-Paper-388]
	at net.minecraft.server.MinecraftServer.loadWorld0(MinecraftServer.java:665) ~[paper-1.18.2.jar:git-Paper-388]
	at net.minecraft.server.MinecraftServer.loadLevel(MinecraftServer.java:432) ~[paper-1.18.2.jar:git-Paper-388]
	at net.minecraft.server.dedicated.DedicatedServer.initServer(DedicatedServer.java:316) ~[paper-1.18.2.jar:git-Paper-388]
	at net.minecraft.server.MinecraftServer.runServer(MinecraftServer.java:1164) ~[paper-1.18.2.jar:git-Paper-388]
	at net.minecraft.server.MinecraftServer.lambda$spin$0(MinecraftServer.java:316) ~[paper-1.18.2.jar:git-Paper-388]
	at java.lang.Thread.run(Thread.java:1583) ~[?:?]
[04:56:36] [Server thread/INFO]: [BeautyQuests] Loaded start particles: REDSTONE in shape POINT with color R255 G255 B0
[04:56:36] [Server thread/WARN]: [BeautyQuests] Loading of talk particles failed: Invalid particle, color or shape.
java.lang.IllegalArgumentException: No enum constant org.bukkit.Particle.HAPPY_VILLAGER
	at java.lang.Enum.valueOf(Enum.java:293) ~[?:?]
	at org.bukkit.Particle.valueOf(Particle.java:9) ~[paper-api-1.18.2-R0.1-SNAPSHOT.jar:?]
	at fr.skytasul.quests.utils.ParticleEffect.deserialize(ParticleEffect.java:129) ~[beautyquests-1.0.4.jar:?]
	at fr.skytasul.quests.QuestsConfigurationImplementation.loadParticles(QuestsConfigurationImplementation.java:166) ~[beautyquests-1.0.4.jar:?]
	at fr.skytasul.quests.QuestsConfigurationImplementation.init(QuestsConfigurationImplementation.java:116) ~[beautyquests-1.0.4.jar:?]
	at fr.skytasul.quests.BeautyQuests.loadConfigParameters(BeautyQuests.java:385) ~[beautyquests-1.0.4.jar:?]
	at fr.skytasul.quests.BeautyQuests.onEnable(BeautyQuests.java:150) ~[beautyquests-1.0.4.jar:?]
	at org.bukkit.plugin.java.JavaPlugin.setEnabled(JavaPlugin.java:264) ~[paper-api-1.18.2-R0.1-SNAPSHOT.jar:?]
	at org.bukkit.plugin.java.JavaPluginLoader.enablePlugin(JavaPluginLoader.java:370) ~[paper-api-1.18.2-R0.1-SNAPSHOT.jar:?]
	at org.bukkit.plugin.SimplePluginManager.enablePlugin(SimplePluginManager.java:541) ~[paper-api-1.18.2-R0.1-SNAPSHOT.jar:?]
	at org.bukkit.craftbukkit.v1_18_R2.CraftServer.enablePlugin(CraftServer.java:560) ~[paper-1.18.2.jar:git-Paper-388]
	at org.bukkit.craftbukkit.v1_18_R2.CraftServer.enablePlugins(CraftServer.java:474) ~[paper-1.18.2.jar:git-Paper-388]
	at net.minecraft.server.MinecraftServer.loadWorld0(MinecraftServer.java:665) ~[paper-1.18.2.jar:git-Paper-388]
	at net.minecraft.server.MinecraftServer.loadLevel(MinecraftServer.java:432) ~[paper-1.18.2.jar:git-Paper-388]
	at net.minecraft.server.dedicated.DedicatedServer.initServer(DedicatedServer.java:316) ~[paper-1.18.2.jar:git-Paper-388]
	at net.minecraft.server.MinecraftServer.runServer(MinecraftServer.java:1164) ~[paper-1.18.2.jar:git-Paper-388]
	at net.minecraft.server.MinecraftServer.lambda$spin$0(MinecraftServer.java:316) ~[paper-1.18.2.jar:git-Paper-388]
	at java.lang.Thread.run(Thread.java:1583) ~[?:?]
[04:56:36] [Server thread/INFO]: [BeautyQuests] Loaded talk particles: VILLAGER_HAPPY in shape BAR
[04:56:36] [Server thread/WARN]: [BeautyQuests] Loading of next particles failed: Invalid particle, color or shape.
java.lang.IllegalArgumentException: No enum constant org.bukkit.Particle.SMOKE
	at java.lang.Enum.valueOf(Enum.java:293) ~[?:?]
	at org.bukkit.Particle.valueOf(Particle.java:9) ~[paper-api-1.18.2-R0.1-SNAPSHOT.jar:?]
	at fr.skytasul.quests.utils.ParticleEffect.deserialize(ParticleEffect.java:129) ~[beautyquests-1.0.4.jar:?]
	at fr.skytasul.quests.QuestsConfigurationImplementation.loadParticles(QuestsConfigurationImplementation.java:166) ~[beautyquests-1.0.4.jar:?]
	at fr.skytasul.quests.QuestsConfigurationImplementation.init(QuestsConfigurationImplementation.java:119) ~[beautyquests-1.0.4.jar:?]
	at fr.skytasul.quests.BeautyQuests.loadConfigParameters(BeautyQuests.java:385) ~[beautyquests-1.0.4.jar:?]
	at fr.skytasul.quests.BeautyQuests.onEnable(BeautyQuests.java:150) ~[beautyquests-1.0.4.jar:?]
	at org.bukkit.plugin.java.JavaPlugin.setEnabled(JavaPlugin.java:264) ~[paper-api-1.18.2-R0.1-SNAPSHOT.jar:?]
	at org.bukkit.plugin.java.JavaPluginLoader.enablePlugin(JavaPluginLoader.java:370) ~[paper-api-1.18.2-R0.1-SNAPSHOT.jar:?]
	at org.bukkit.plugin.SimplePluginManager.enablePlugin(SimplePluginManager.java:541) ~[paper-api-1.18.2-R0.1-SNAPSHOT.jar:?]
	at org.bukkit.craftbukkit.v1_18_R2.CraftServer.enablePlugin(CraftServer.java:560) ~[paper-1.18.2.jar:git-Paper-388]
	at org.bukkit.craftbukkit.v1_18_R2.CraftServer.enablePlugins(CraftServer.java:474) ~[paper-1.18.2.jar:git-Paper-388]
	at net.minecraft.server.MinecraftServer.loadWorld0(MinecraftServer.java:665) ~[paper-1.18.2.jar:git-Paper-388]
	at net.minecraft.server.MinecraftServer.loadLevel(MinecraftServer.java:432) ~[paper-1.18.2.jar:git-Paper-388]
	at net.minecraft.server.dedicated.DedicatedServer.initServer(DedicatedServer.java:316) ~[paper-1.18.2.jar:git-Paper-388]
	at net.minecraft.server.MinecraftServer.runServer(MinecraftServer.java:1164) ~[paper-1.18.2.jar:git-Paper-388]
	at net.minecraft.server.MinecraftServer.lambda$spin$0(MinecraftServer.java:316) ~[paper-1.18.2.jar:git-Paper-388]
	at java.lang.Thread.run(Thread.java:1583) ~[?:?]
[04:56:36] [Server thread/INFO]: [BeautyQuests] Loaded next particles: SMOKE_NORMAL in shape SPOT
[04:56:37] [Server thread/INFO]: [BeautyQuests] Adding citizens as an npc factory
[04:56:37] [Server thread/INFO]: [BeautyQuests] Adding mythicmobs as an npc factory
[04:56:37] [Server thread/INFO]: [PlaceholderAPI] Successfully registered internal expansion: beautyquests [1.0.4]
[04:56:37] [Server thread/INFO]: [BeautyQuests] Placeholders registered !
[04:56:37] [Server thread/INFO]: [WorldGuard] Registering session handler fr.skytasul.quests.integrations.worldguard.WorldGuardEntryHandler
[04:56:37] [Server thread/INFO]: [MMOCore] Enabling MMOCore v1.12.1-SNAPSHOT
[04:56:37] [Server thread/INFO]: [MMOCore] [STDOUT] [36m[Spigotunlocked.com] - Hello
[04:56:37] [Server thread/WARN]: Nag author(s): '[Indyuce]' of 'MMOCore' about their usage of System.out/err.print. Please use your plugin's logger instead (JavaPlugin#getLogger).
[04:56:37] [Server thread/INFO]: [MMOCore] Hooked onto Vault
[04:56:37] [Server thread/INFO]: [PlaceholderAPI] Successfully registered internal expansion: mmocore [1.12.1-SNAPSHOT]
[04:56:37] [Server thread/INFO]: [MMOCore] Hooked onto PlaceholderAPI
[04:56:37] [Server thread/INFO]: [MMOCore] Hooked onto Citizens
[04:56:37] [Server thread/INFO]: [MMOCore] Hooked onto WorldGuard
[04:56:37] [Server thread/INFO]: [MMOCore] Hooked onto MythicMobs
[04:56:37] [Server thread/WARN]: [MMOCore] Could not find damage cause called 'SONIC_BOOM'
[04:56:37] [Server thread/WARN]: [MMOCore] Could not load subclass 'ARCANE_MAGE' from class 'MAGE': Could not find class with ID 'ARCANE_MAGE'
[04:56:37] [Server thread/WARN]: [MMOCore] Could not load loot chest region 'sample-region' from file 'default_loot_chests.yml': Could not find world 'world_name_here'
[04:56:37] [Server thread/WARN]: [MMOCore] Could not load loot chest region 'sample-region' from file 'loot-chests.yml': Could not find world 'world_name_here'
[04:56:37] [Server thread/WARN]: [MMOCore] Could not load waypoint 'spawn' from file 'waypoints.yml': There is already a waypoint with ID 'spawn'
[04:56:37] [Server thread/WARN]: [MMOCore] Could not load waypoint 'spawn1' from file 'waypoints.yml': There is already a waypoint with ID 'spawn1'
[04:56:37] [Server thread/WARN]: [MMOCore] Could not load waypoint 'spawn2' from file 'waypoints.yml': There is already a waypoint with ID 'spawn2'
[04:56:37] [Server thread/WARN]: [MMOCore] Could not load item 'arcane-mage' from inventory 'subclass-select': Could not find class with ID 'ARCANE_MAGE'
[04:56:37] [Server thread/INFO]: [MMOCore] Hooked parties onto MMOCore
[04:56:37] [Server thread/INFO]: [MMOCore] Hooked guilds onto MMOCore
[04:56:37] [Server thread/INFO]: [TAB] Enabling TAB v5.0.5
[04:56:37] [Server thread/INFO]: [TAB] Loaded NMS hook in 76ms
[04:56:37] [Server thread/INFO]: [TAB] Enabled in 127ms
[04:56:37] [Server thread/INFO]: [WGEF-Reborn] Enabling WGEF-Reborn v2.6-stable+73c8022
[04:56:37] [Server thread/INFO]: [WorldGuard] Registering session handler io.github.invvk.wgef.abstraction.flags.handler.command.CommandOnEntryHandler
[04:56:37] [Server thread/INFO]: [WorldGuard] Registering session handler io.github.invvk.wgef.abstraction.flags.handler.command.CommandOnExitHandler
[04:56:37] [Server thread/INFO]: [WorldGuard] Registering session handler io.github.invvk.wgef.abstraction.flags.handler.command.ConsoleCommandOnEntryHandler
[04:56:37] [Server thread/INFO]: [WorldGuard] Registering session handler io.github.invvk.wgef.abstraction.flags.handler.command.ConsoleCommandOnExitHandler
[04:56:37] [Server thread/INFO]: [WorldGuard] Registering session handler io.github.invvk.wgef.abstraction.flags.handler.teleport.TeleportEntryHandler
[04:56:37] [Server thread/INFO]: [WorldGuard] Registering session handler io.github.invvk.wgef.abstraction.flags.handler.teleport.TeleportExitHandler
[04:56:37] [Server thread/INFO]: [WorldGuard] Registering session handler io.github.invvk.wgef.abstraction.flags.handler.player.BlockEffectFlagHandler
[04:56:37] [Server thread/INFO]: [WorldGuard] Registering session handler io.github.invvk.wgef.abstraction.flags.handler.player.GiveEffectFlagHandler
[04:56:37] [Server thread/INFO]: [WorldGuard] Registering session handler io.github.invvk.wgef.abstraction.flags.handler.player.GlideFlagHandler
[04:56:37] [Server thread/INFO]: [WorldGuard] Registering session handler io.github.invvk.wgef.abstraction.flags.handler.player.FlyFlagHandler
[04:56:37] [Server thread/INFO]: [WorldGuard] Registering session handler io.github.invvk.wgef.abstraction.flags.handler.player.WalkSpeedFlagHandler
[04:56:37] [Server thread/INFO]: [WorldGuard] Registering session handler io.github.invvk.wgef.abstraction.flags.handler.player.FlySpeedFlagHandler
[04:56:37] [Server thread/INFO]: [WorldGuard] Registering session handler io.github.invvk.wgef.abstraction.flags.handler.player.CollisionFlagHandler
[04:56:37] [Server thread/INFO]: [MMOItems] Enabling MMOItems v6.1
[04:56:37] [Server thread/INFO]: [MMOItems] Hooked onto MythicMobs
[04:56:37] [Server thread/INFO]: [MMOItems] Hooked onto MMOCore
[04:56:37] [Server thread/INFO]: [MMOItems] Hooked onto Fabled
[04:56:37] [Server thread/INFO]: [MMOItems] Now using Fabled as RPG core plugin
[04:56:37] [Server thread/INFO]: [MMOItems ARMOR GARGOYLE_CHESTPLATE] Could not load base item data 'scale': Could not find stat with ID 'SCALE'
[04:56:37] [Server thread/INFO]: [MMOItems ARMOR GARGOYLE_CHESTPLATE] Could not load base item data 'trim-material': Could not find stat with ID 'TRIM_MATERIAL'
[04:56:37] [Server thread/INFO]: [MMOItems ARMOR GARGOYLE_CHESTPLATE] Could not load base item data 'trim-pattern': Could not find stat with ID 'TRIM_PATTERN'
[04:56:37] [Server thread/INFO]: [MMOItems ARMOR GARGOYLE_CHESTPLATE] Could not load base item data 'hide-armor-trim': Could not find stat with ID 'HIDE_ARMOR_TRIM'
[04:56:37] [Server thread/INFO]: [MMOItems ARMOR SHRINKING_BOOTS] Could not load base item data 'trim-material': Could not find stat with ID 'TRIM_MATERIAL'
[04:56:37] [Server thread/INFO]: [MMOItems ARMOR SHRINKING_BOOTS] Could not load base item data 'trim-pattern': Could not find stat with ID 'TRIM_PATTERN'
[04:56:37] [Server thread/INFO]: [MMOItems ARMOR SHRINKING_BOOTS] Could not load base item data 'hide-armor-trim': Could not find stat with ID 'HIDE_ARMOR_TRIM'
[04:56:37] [Server thread/INFO]: [MMOItems ARMOR SHRINKING_BOOTS] Could not load base item data 'scale': Could not find stat with ID 'SCALE'
[04:56:37] [Server thread/INFO]: [MMOItems ARMOR LARGE_MOTHRON_WINGS] Could not load base item data 'gravity': Could not find stat with ID 'GRAVITY'
[04:56:37] [Server thread/INFO]: [MMOItems ARMOR FIREPROOF_JACKET] Could not load base item data 'burning-time': Could not find stat with ID 'BURNING_TIME'
[04:56:37] [Server thread/INFO]: [MMOItems ARMOR FIREPROOF_JACKET] Could not load base item data 'trim-pattern': Could not find stat with ID 'TRIM_PATTERN'
[04:56:37] [Server thread/INFO]: [MMOItems ARMOR FIREPROOF_JACKET] Could not load base item data 'trim-material': Could not find stat with ID 'TRIM_MATERIAL'
[04:56:37] [Server thread/INFO]: [MMOItems ARMOR BEE_WINGS] Could not load base item data 'fall-damage-multiplier': Could not find stat with ID 'FALL_DAMAGE_MULTIPLIER'
[04:56:37] [Server thread/INFO]: [MMOItems ARMOR BEE_WINGS] Could not load base item data 'jump-strength': Could not find stat with ID 'JUMP_STRENGTH'
[04:56:37] [Server thread/INFO]: [MMOItems ARMOR BEE_WINGS] Could not load base item data 'gravity': Could not find stat with ID 'GRAVITY'
[04:56:37] [Server thread/INFO]: [MMOItems ARMOR BEE_WINGS] Could not load base item data 'safe-fall-distance': Could not find stat with ID 'SAFE_FALL_DISTANCE'
[04:56:37] [Server thread/INFO]: [MMOItems ARMOR SOULWALKER] Could not load base item data 'movement-efficiency': Could not find stat with ID 'MOVEMENT_EFFICIENCY'
[04:56:37] [Server thread/INFO]: [MMOItems ARMOR SOULWALKER] Could not load base item data 'step-height': Could not find stat with ID 'STEP_HEIGHT'
[04:56:37] [Server thread/INFO]: [MMOItems ARMOR DIVING_BOOTS] Could not load base item data 'trim-material': Could not find stat with ID 'TRIM_MATERIAL'
[04:56:37] [Server thread/INFO]: [MMOItems ARMOR DIVING_BOOTS] Could not load base item data 'trim-pattern': Could not find stat with ID 'TRIM_PATTERN'
[04:56:37] [Server thread/INFO]: [MMOItems ARMOR DIVING_BOOTS] Could not load base item data 'water-movement-efficiency': Could not find stat with ID 'WATER_MOVEMENT_EFFICIENCY'
[04:56:37] [Server thread/INFO]: [MMOItems ARMOR DIVING_BOOTS] Could not load base item data 'gravity': Could not find stat with ID 'GRAVITY'
[04:56:37] [Server thread/INFO]: [MMOItems ARMOR DIVING_BOOTS] Could not load base item data 'step-height': Could not find stat with ID 'STEP_HEIGHT'
[04:56:37] [Server thread/INFO]: [MMOItems ARMOR EXCHEST] Could not load base item data 'ability': Missing ability type
[04:56:37] [Server thread/INFO]: [MMOItems TOOL FAST_PICK] Could not load base item data 'mining-efficiency': Could not find stat with ID 'MINING_EFFICIENCY'
[04:56:37] [Server thread/INFO]: [MMOItems TOOL FAST_PICK] Could not load base item data 'max-item-damage': Could not find stat with ID 'MAX_ITEM_DAMAGE'
[04:56:37] [Server thread/INFO]: [MMOItems DAGGER SNEAKY_DAGGER] Could not load base item data 'sneaking-speed': Could not find stat with ID 'SNEAKING_SPEED'
[04:56:37] [Server thread/INFO]: [MMOItems CATALYST SHRINKIFIKATOR] Could not load base item data 'scale': Could not find stat with ID 'SCALE'
[04:56:37] [Server thread/INFO]: [MMOItems Template Modifiers] Loading template modifiers, please wait..
[04:56:37] [Server thread/INFO]: [MMOItems Item Templates] Loading item templates, please wait...
[04:56:37] [Server thread/INFO]: [MMOItems] Hooked onto Vault
[04:56:37] [Server thread/INFO]: [MMOItems] Loading crafting stations, please wait..
[04:56:37] [Server thread/INFO]: [PlaceholderAPI] Successfully registered internal expansion: mmoitems [6.1]
[04:56:37] [Server thread/INFO]: [MMOItems] Hooked onto PlaceholderAPI
[04:56:37] [Server thread/INFO]: [MMOItems] Loading recipes, please wait...
[04:56:38] [Server thread/ERROR]: [MMOItems] §7An error occurred while trying to generate item '§cEARTH_STAFF§7' with stat '§cTIER§7': Could not find item tier with ID 'VERY_RARE'
[04:56:38] [Server thread/ERROR]: [MMOItems] §7An error occurred while trying to generate item '§cAUTOSMELT_PICKAXE§7' with stat '§cTIER§7': Could not find item tier with ID 'UNCOMMON'
[04:56:38] [Server thread/ERROR]: [MMOItems] §7An error occurred while trying to generate item '§cLUCK_CHARM§7' with stat '§cTIER§7': Could not find item tier with ID 'MAGICAL'
[04:56:38] [Server thread/ERROR]: [MMOItems] §7An error occurred while trying to generate item '§cSCROLL_OF_IDENTIFICATION§7' with stat '§cTIER§7': Could not find item tier with ID 'UNCOMMON'
[04:56:38] [Server thread/ERROR]: [MMOItems] §7An error occurred while trying to generate item '§cBUTCHER_AXE§7' with stat '§cTIER§7': Could not find item tier with ID 'UNCOMMON'
[04:56:38] [Server thread/ERROR]: [MMOItems] §7An error occurred while trying to generate item '§cBUTCHER_AXE§7' with stat '§cTIER§7': Could not find item tier with ID 'UNCOMMON'
[04:56:38] [Server thread/ERROR]: [MMOItems] §7An error occurred while trying to generate item '§cOBSIDIAN_SHIELD§7' with stat '§cTIER§7': Could not find item tier with ID 'UNCOMMON'
[04:56:38] [Server thread/INFO]: [DeluxeCombat] Enabling DeluxeCombat v1.70.1
[04:56:38] [Server thread/INFO]: [DeluxeCombat] [STDOUT] [36m[Spigotunlocked.com] - COSMO
[04:56:38] [Server thread/WARN]: Nag author(s): '[Marido, timderspieler]' of 'DeluxeCombat' about their usage of System.out/err.print. Please use your plugin's logger instead (JavaPlugin#getLogger).
[04:56:38] [Server thread/INFO]: [DeluxeCombat]  _____        _                   ______            _                
[04:56:38] [Server thread/INFO]: [DeluxeCombat] (____ \      | |                 / _____)          | |          _    
[04:56:38] [Server thread/INFO]: [DeluxeCombat]  _   \ \ ____| |_   _ _   _ ____| /      ___  ____ | | _   ____| |_  
[04:56:38] [Server thread/INFO]: [DeluxeCombat] | |   | / _  ) | | | ( \ / ) _  ) |     / _ \|    \| || \ / _  |  _) 
[04:56:38] [Server thread/INFO]: [DeluxeCombat] | |__/ ( (/ /| | |_| |) X ( (/ /| \____| |_| | | | | |_) | ( | | |__ 
[04:56:38] [Server thread/INFO]: [DeluxeCombat] |_____/ \____)_|\____(_/ \_)____)\______)___/|_|_|_|____/ \_||_|\___)
[04:56:38] [Server thread/INFO]: [DeluxeCombat] 
[04:56:38] [Server thread/INFO]: [PlaceholderAPI] Successfully registered internal expansion: deluxecombat [0.1.2]
[04:56:38] [Server thread/INFO]: [DeluxeCombat] Hook PlaceholderAPI (2.10.9, Common Hook) has been registered.
[04:56:38] [Server thread/INFO]: [DeluxeCombat] Hook Citizens (2.0.27, Common Hook) has been registered.
[04:56:38] [Server thread/INFO]: [DeluxeCombat] Hook MMOItems (5.2.1, Item Hook) has been registered.
[04:56:38] [Server thread/INFO]: [DeluxeCombat] Hook Vault (1.7.3, Common Hook) has been registered.
[04:56:38] [Server thread/INFO]: [NBTAPI] [NBTAPI] Found Minecraft: v1_18_R2! Trying to find NMS support
[04:56:38] [Server thread/INFO]: [NBTAPI] [NBTAPI] NMS support 'MC1_18_R2' loaded!
[04:56:38] [Server thread/INFO]: [NBTAPI] [NBTAPI] Using the plugin 'DeluxeCombat' to create a bStats instance!
[04:56:38] [Server thread/INFO]: [DeluxeCombat] Spawnpoints (0), Kill-Streaks (1), Rewards (2), Custom Tools (1) loaded!
[04:56:38] [Server thread/INFO]: [DeluxeCombat] Loaded 14 Elo ranges.
[04:56:38] [Server thread/INFO]: [DeluxeCombat] Start fetching marketplace addons...
[04:56:38] [Server thread/INFO]: [PlayerShopGUIPlus] Enabling PlayerShopGUIPlus v1.37.1
[04:56:38] [Server thread/INFO]: [PlayerShopGUIPlus] [STDOUT] [36m[Spigotunlocked.com] - COSMO
[04:56:38] [Server thread/WARN]: Nag author(s): '[brc]' of 'PlayerShopGUIPlus' about their usage of System.out/err.print. Please use your plugin's logger instead (JavaPlugin#getLogger).
[04:56:39] [Server thread/INFO]: [PlayerShopGUIPlus] ================================[ PlayerShopGUI+ 1.37.1 ]================================
[04:56:39] [Server thread/INFO]: [PlayerShopGUIPlus]  
[04:56:39] [Server thread/INFO]: [PlayerShopGUIPlus] Enabled item provider for MMOItems.
[04:56:39] [Server thread/INFO]: [PlayerShopGUIPlus] No external spawner plugins registered, using built-in spawners support.
[04:56:39] [Server thread/INFO]: [PlayerShopGUIPlus] Vault economy registered.
[04:56:39] [Server thread/INFO]: [PlayerShopGUIPlus] Using Vault as economy provider.
[04:56:39] [Server thread/INFO]: [PlayerShopGUIPlus]  
[04:56:39] [Server thread/INFO]: [PlayerShopGUIPlus] ==========================================================================================
[04:56:39] [Server thread/WARN]: Could not register alias sell because it contains commands that do not exist: economyshopgui:sellall $1-
[04:56:39] [Server thread/INFO]: [PlaceholderAPI] Placeholder expansion registration initializing...
[04:56:39] [Server thread/INFO]: Running delayed init tasks
[04:56:39] [ForkJoinPool.commonPool-worker-3/ERROR]: [PlaceholderAPI] Failed to load expansion Expansion-essentials.jar (is a dependency missing?)
java.lang.NoClassDefFoundError: net/ess3/api/IEssentials
	at java.lang.Class.getDeclaredMethods0(Native Method) ~[?:?]
	at java.lang.Class.privateGetDeclaredMethods(Class.java:3578) ~[?:?]
	at java.lang.Class.getDeclaredMethods(Class.java:2676) ~[?:?]
	at me.clip.placeholderapi.expansion.manager.LocalExpansionManager.lambda$findExpansionInFile$7(LocalExpansionManager.java:429) ~[PlaceholderAPI-2.11.6.jar:?]
	at java.util.concurrent.CompletableFuture$AsyncSupply.run(CompletableFuture.java:1768) ~[?:?]
	at java.util.concurrent.CompletableFuture$AsyncSupply.exec(CompletableFuture.java:1760) ~[?:?]
	at java.util.concurrent.ForkJoinTask.doExec(ForkJoinTask.java:387) ~[?:?]
	at java.util.concurrent.ForkJoinPool$WorkQueue.topLevelExec(ForkJoinPool.java:1312) ~[?:?]
	at java.util.concurrent.ForkJoinPool.scan(ForkJoinPool.java:1843) ~[?:?]
	at java.util.concurrent.ForkJoinPool.runWorker(ForkJoinPool.java:1808) ~[?:?]
	at java.util.concurrent.ForkJoinWorkerThread.run(ForkJoinWorkerThread.java:188) ~[?:?]
Caused by: java.lang.ClassNotFoundException: net.ess3.api.IEssentials
	at java.net.URLClassLoader.findClass(URLClassLoader.java:445) ~[?:?]
	at java.lang.ClassLoader.loadClass(ClassLoader.java:593) ~[?:?]
	at java.lang.ClassLoader.loadClass(ClassLoader.java:526) ~[?:?]
	... 11 more
[04:56:39] [Craft Scheduler Thread - 9 - ViaVersion/INFO]: [ViaVersion] Finished mapping loading, shutting down loader executor.
[04:56:39] [Craft Scheduler Thread - 9 - AuthMe/INFO]: [AuthMe] Downloading GEO IP database, because the old database is older than 30 days or doesn't exist
[04:56:39] [Craft Scheduler Thread - 9 - AuthMe/WARN]: [AuthMe] No MaxMind credentials found in the configuration file! GeoIp protections will be disabled.
[04:56:39] [Craft Scheduler Thread - 9 - AuthMe/INFO]: [AuthMe] There is no newer GEO IP database uploaded to MaxMind. Using the old one for now.
[04:56:39] [Craft Scheduler Thread - 16 - ModelEngine/INFO]: [ModelEngine] [A] [0m
[04:56:39] [Craft Scheduler Thread - 16 - ModelEngine/INFO]: [ModelEngine] [A] [1m[36m[Importing models][0m
[04:56:39] [Craft Scheduler Thread - 16 - ModelEngine/INFO]: [ModelEngine] [A] [0m
[04:56:39] [Craft Scheduler Thread - 9 - AuthMe/WARN]: [AuthMe] Could not download GeoLiteAPI database [FileNotFoundException]: plugins/AuthMe/GeoLite2-Country.mmdb (No such file or directory)
[04:56:39] [Craft Scheduler Thread - 16 - ModelEngine/INFO]: [ModelEngine] [A] [36mImporting bear_spirit.bbmodel.[0m
[04:56:39] [Craft Scheduler Thread - 22 - Vault/INFO]: [Vault] Checking for Updates ... 
[04:56:39] [Craft Scheduler Thread - 13 - MMOCore/INFO]: [MMOCore] A new build is available: 1.13 (you are running 1.12.1-SNAPSHOT)
[04:56:39] [Craft Scheduler Thread - 13 - MMOCore/INFO]: [MMOCore] Download it here: https://www.spigotmc.org/resources/70575/
[04:56:40] [Craft Scheduler Thread - 16 - ModelEngine/INFO]: [ModelEngine] [A] [0m
[04:56:40] [Craft Scheduler Thread - 16 - ModelEngine/INFO]: [ModelEngine] [A] [36mImporting forest_spirit.bbmodel.[0m
[04:56:40] [Craft Scheduler Thread - 16 - ModelEngine/INFO]: [ModelEngine] [A] [0m
[04:56:40] [Craft Scheduler Thread - 18 - WGEF-Reborn/INFO]: [WGEF-Reborn] New update found: 2.6
[04:56:40] [Craft Scheduler Thread - 18 - WGEF-Reborn/INFO]: [WGEF-Reborn] download it at: https://www.spigotmc.org/resources/96894/
[04:56:40] [Craft Scheduler Thread - 16 - ModelEngine/INFO]: [ModelEngine] [A] [36mImporting golden_knight.bbmodel.[0m
[04:56:40] [Craft Scheduler Thread - 22 - Vault/INFO]: [Vault] No new version available
[04:56:40] [Craft Scheduler Thread - 16 - ModelEngine/INFO]: [ModelEngine] [A] [0m
[04:56:40] [Craft Scheduler Thread - 16 - ModelEngine/INFO]: [ModelEngine] [A] [36mImporting nocsy_dragon.bbmodel.[0m
[04:56:40] [nioEventLoopGroup-2-1/WARN]: [gg.playit.minecraft.PlayitTcpTunnel] failed to send data to tunnel
[04:56:40] [nioEventLoopGroup-2-1/WARN]: [gg.playit.minecraft.PlayitTcpTunnel] failed to send data to tunnel
[04:56:40] [nioEventLoopGroup-2-1/WARN]: [gg.playit.minecraft.PlayitTcpTunnel] failed to send data to tunnel
[04:56:40] [nioEventLoopGroup-2-1/WARN]: [gg.playit.minecraft.PlayitTcpTunnel] failed to send data to tunnel
[04:56:40] [nioEventLoopGroup-2-3/WARN]: [gg.playit.minecraft.PlayitTcpTunnel] failed to send data to tunnel
[04:56:40] [nioEventLoopGroup-2-3/WARN]: [gg.playit.minecraft.PlayitTcpTunnel] failed to send data to tunnel
[04:56:40] [Craft Scheduler Thread - 16 - ModelEngine/INFO]: [ModelEngine] [A] [0m
[04:56:40] [Craft Scheduler Thread - 16 - ModelEngine/INFO]: [ModelEngine] [A] [36mImporting nocsy_dragon_saddled_version.bbmodel.[0m
[04:56:40] [Craft Scheduler Thread - 16 - ModelEngine/INFO]: [ModelEngine] [A] [0m
[04:56:40] [Craft Scheduler Thread - 16 - ModelEngine/INFO]: [ModelEngine] [A] [36mImporting tower_skeleton.bbmodel.[0m
[04:56:40] [Craft Scheduler Thread - 12 - EconomyShopGUI-Premium/INFO]: [EconomyShopGUI-Premium] [INFO]: There is an update available for EconomyShopGUI Premium, you are running v5.4.3 but found v5.26.4.
[04:56:40] [Craft Scheduler Thread - 12 - EconomyShopGUI-Premium/INFO]: [EconomyShopGUI-Premium] [INFO]: Download using command /eshop update
[04:56:40] [Server thread/INFO]: [JumpPads] CleanUp found no JumpPads to delete!
[04:56:40] [Server thread/WARN]: [JumpPads] Loaded class nl.marido.deluxecombat.api.DeluxeCombatAPI from DeluxeCombat v1.70.1 which is not a depend or softdepend of this plugin.
[04:56:40] [Craft Scheduler Thread - 16 - ModelEngine/WARN]: [ModelEngine] [A] [33m--Warning: The cube [34mcube[33m in bone [34mhi_chest[33m has illegal rotations. Cube rotation can only be -45, -22.5, 0, 22.5 and 45. [ -90.0 ][0m
[04:56:40] [Craft Scheduler Thread - 16 - ModelEngine/WARN]: [ModelEngine] [A] [33m--Warning: The cube [34mcube[33m in bone [34mhi_chest[33m has illegal rotations. Cube rotation can only be -45, -22.5, 0, 22.5 and 45. [ -90.0 ][0m
[04:56:40] [Craft Scheduler Thread - 16 - ModelEngine/WARN]: [ModelEngine] [A] [33m--Warning: The cube [34mcube[33m in bone [34mhorn_left[33m is rotated in multiple axis. Choosing one axis.[0m
[04:56:40] [Craft Scheduler Thread - 16 - ModelEngine/WARN]: [ModelEngine] [A] [33m--Warning: The cube [34mcube[33m in bone [34mhorn_right[33m is rotated in multiple axis. Choosing one axis.[0m
[04:56:40] [Craft Scheduler Thread - 16 - ModelEngine/WARN]: [ModelEngine] [A] [33m--Warning: The cube [34mcube[33m in bone [34mleft_pauldron[33m has illegal rotations. Cube rotation can only be -45, -22.5, 0, 22.5 and 45. [ 90.0 ][0m
[04:56:40] [Craft Scheduler Thread - 16 - ModelEngine/WARN]: [ModelEngine] [A] [33m--Warning: The cube [34mcube[33m in bone [34mleft_pauldron[33m has illegal rotations. Cube rotation can only be -45, -22.5, 0, 22.5 and 45. [ 90.0 ][0m
[04:56:40] [Craft Scheduler Thread - 16 - ModelEngine/WARN]: [ModelEngine] [A] [33m--Warning: The cube [34mcube[33m in bone [34mleft_pauldron[33m has illegal rotations. Cube rotation can only be -45, -22.5, 0, 22.5 and 45. [ -90.0 ][0m
[04:56:40] [Craft Scheduler Thread - 16 - ModelEngine/WARN]: [ModelEngine] [A] [33m--Warning: The cube [34mcube[33m in bone [34mleft_pauldron[33m has illegal rotations. Cube rotation can only be -45, -22.5, 0, 22.5 and 45. [ -90.0 ][0m
[04:56:40] [Craft Scheduler Thread - 16 - ModelEngine/WARN]: [ModelEngine] [A] [33m--Warning: The cube [34mcube[33m in bone [34mleft_pauldron[33m has illegal rotations. Cube rotation can only be -45, -22.5, 0, 22.5 and 45. [ -90.0 ][0m
[04:56:40] [Craft Scheduler Thread - 16 - ModelEngine/WARN]: [ModelEngine] [A] [33m--Warning: The cube [34mcube[33m in bone [34mright_pauldron[33m has illegal rotations. Cube rotation can only be -45, -22.5, 0, 22.5 and 45. [ -90.0 ][0m
[04:56:40] [Craft Scheduler Thread - 16 - ModelEngine/WARN]: [ModelEngine] [A] [33m--Warning: The cube [34mcube[33m in bone [34mright_pauldron[33m has illegal rotations. Cube rotation can only be -45, -22.5, 0, 22.5 and 45. [ -90.0 ][0m
[04:56:40] [Craft Scheduler Thread - 16 - ModelEngine/WARN]: [ModelEngine] [A] [33m--Warning: The cube [34mcube[33m in bone [34mright_pauldron[33m has illegal rotations. Cube rotation can only be -45, -22.5, 0, 22.5 and 45. [ 90.0 ][0m
[04:56:40] [Craft Scheduler Thread - 16 - ModelEngine/WARN]: [ModelEngine] [A] [33m--Warning: The cube [34mcube[33m in bone [34mright_pauldron[33m has illegal rotations. Cube rotation can only be -45, -22.5, 0, 22.5 and 45. [ 90.0 ][0m
[04:56:40] [Craft Scheduler Thread - 16 - ModelEngine/WARN]: [ModelEngine] [A] [33m--Warning: The cube [34mcube[33m in bone [34mright_pauldron[33m has illegal rotations. Cube rotation can only be -45, -22.5, 0, 22.5 and 45. [ 90.0 ][0m
[04:56:40] [Craft Scheduler Thread - 16 - ModelEngine/WARN]: [ModelEngine] [A] [33m--Warning: The cube [34mcube[33m in bone [34mright_forearm[33m has illegal rotations. Cube rotation can only be -45, -22.5, 0, 22.5 and 45. [ 90.0 ][0m
[04:56:40] [Craft Scheduler Thread - 16 - ModelEngine/WARN]: [ModelEngine] [A] [33m--Warning: The cube [34mcube[33m in bone [34mright_forearm[33m has illegal rotations. Cube rotation can only be -45, -22.5, 0, 22.5 and 45. [ 90.0 ][0m
[04:56:40] [Craft Scheduler Thread - 16 - ModelEngine/WARN]: [ModelEngine] [A] [33m--Warning: The cube [34mcube[33m in bone [34mleft_forearm[33m has illegal rotations. Cube rotation can only be -45, -22.5, 0, 22.5 and 45. [ 90.0 ][0m
[04:56:40] [Craft Scheduler Thread - 16 - ModelEngine/WARN]: [ModelEngine] [A] [33m--Warning: The cube [34mcube[33m in bone [34mleft_forearm[33m has illegal rotations. Cube rotation can only be -45, -22.5, 0, 22.5 and 45. [ 90.0 ][0m
[04:56:40] [Craft Scheduler Thread - 16 - ModelEngine/WARN]: [ModelEngine] [A] [33m--Warning: The bone [34msword[33m exceeds the maximum size of 120x120x120. [ 11.0, 39.0, 136.0 ][0m
[04:56:40] [Craft Scheduler Thread - 16 - ModelEngine/WARN]: [ModelEngine] [A] [33m--Warning: The bone [34mback_sword[33m exceeds the maximum size of 120x120x120. [ 11.0, 39.0, 136.0 ][0m
[04:56:40] [Craft Scheduler Thread - 16 - ModelEngine/WARN]: [ModelEngine] [A] [33m--Warning: The bone [34mdeath_sword_prop[33m exceeds the maximum size of 120x120x120. [ 11.0, 39.0, 136.0 ][0m
[04:56:40] [Craft Scheduler Thread - 16 - ModelEngine/INFO]: [ModelEngine] [A] [0m
[04:56:40] [Craft Scheduler Thread - 16 - ModelEngine/INFO]: [ModelEngine] [A] [36mImporting tower_skeleton_chest.bbmodel.[0m
[04:56:40] [Craft Scheduler Thread - 16 - ModelEngine/WARN]: [ModelEngine] [A] [33m--Warning: The cube [34mcube[33m in bone [34mspike[33m has illegal rotations. Cube rotation can only be -45, -22.5, 0, 22.5 and 45. [ -90.0 ][0m
[04:56:40] [Craft Scheduler Thread - 16 - ModelEngine/WARN]: [ModelEngine] [A] [33m--Warning: The cube [34mcube[33m in bone [34mspike8[33m has illegal rotations. Cube rotation can only be -45, -22.5, 0, 22.5 and 45. [ 90.0 ][0m
[04:56:40] [Craft Scheduler Thread - 16 - ModelEngine/WARN]: [ModelEngine] [A] [33m--Warning: The cube [34mcube[33m in bone [34mspike3[33m has illegal rotations. Cube rotation can only be -45, -22.5, 0, 22.5 and 45. [ -90.0 ][0m
[04:56:40] [Craft Scheduler Thread - 16 - ModelEngine/WARN]: [ModelEngine] [A] [33m--Warning: The cube [34mcube[33m in bone [34mspike7[33m has illegal rotations. Cube rotation can only be -45, -22.5, 0, 22.5 and 45. [ 90.0 ][0m
[04:56:40] [Craft Scheduler Thread - 16 - ModelEngine/WARN]: [ModelEngine] [A] [33m--Warning: The cube [34mcube[33m in bone [34mspike4[33m has illegal rotations. Cube rotation can only be -45, -22.5, 0, 22.5 and 45. [ 90.0 ][0m
[04:56:40] [Craft Scheduler Thread - 16 - ModelEngine/WARN]: [ModelEngine] [A] [33m--Warning: The cube [34mcube[33m in bone [34mspike6[33m has illegal rotations. Cube rotation can only be -45, -22.5, 0, 22.5 and 45. [ -90.0 ][0m
[04:56:40] [Craft Scheduler Thread - 16 - ModelEngine/WARN]: [ModelEngine] [A] [33m--Warning: The cube [34mcube[33m in bone [34mspike2[33m has illegal rotations. Cube rotation can only be -45, -22.5, 0, 22.5 and 45. [ -90.0 ][0m
[04:56:40] [Craft Scheduler Thread - 16 - ModelEngine/WARN]: [ModelEngine] [A] [33m--Warning: The cube [34mcube[33m in bone [34mspike5[33m has illegal rotations. Cube rotation can only be -45, -22.5, 0, 22.5 and 45. [ 90.0 ][0m
[04:56:40] [Craft Scheduler Thread - 16 - ModelEngine/WARN]: [ModelEngine] [A] [33m--Warning: The cube [34mcube[33m in bone [34mhorn_left[33m has illegal rotations. Cube rotation can only be -45, -22.5, 0, 22.5 and 45. [ 23.0 ][0m
[04:56:40] [Craft Scheduler Thread - 16 - ModelEngine/WARN]: [ModelEngine] [A] [33m--Warning: The cube [34mcube[33m in bone [34mhorn_left[33m has illegal rotations. Cube rotation can only be -45, -22.5, 0, 22.5 and 45. [ 23.0 ][0m
[04:56:40] [Craft Scheduler Thread - 16 - ModelEngine/WARN]: [ModelEngine] [A] [33m--Warning: The cube [34mcube[33m in bone [34mhorn_right[33m has illegal rotations. Cube rotation can only be -45, -22.5, 0, 22.5 and 45. [ 23.0 ][0m
[04:56:40] [Craft Scheduler Thread - 16 - ModelEngine/WARN]: [ModelEngine] [A] [33m--Warning: The cube [34mcube[33m in bone [34mhorn_right[33m has illegal rotations. Cube rotation can only be -45, -22.5, 0, 22.5 and 45. [ -23.0 ][0m
[04:56:40] [Craft Scheduler Thread - 16 - ModelEngine/INFO]: [ModelEngine] [A] [0m
[04:56:40] [Craft Scheduler Thread - 16 - ModelEngine/INFO]: [ModelEngine] [A] [36mImporting tower_skeleton_minion.bbmodel.[0m
[04:56:40] [Craft Scheduler Thread - 16 - ModelEngine/INFO]: [ModelEngine] [A] [0m
[04:56:40] [Craft Scheduler Thread - 16 - ModelEngine/INFO]: [ModelEngine] [A] [36mImporting tower_skeleton_parts.bbmodel.[0m
[04:56:40] [Craft Scheduler Thread - 19 - MMOItems/INFO]: [MMOItems] A new build is available: 6.10 (you are running 6.1)
[04:56:40] [Craft Scheduler Thread - 19 - MMOItems/INFO]: [MMOItems] Download it here: https://www.spigotmc.org/resources/39267/
[04:56:40] [Craft Scheduler Thread - 16 - ModelEngine/WARN]: [ModelEngine] [A] [33m--Warning: Missing hitbox.[0m
[04:56:40] [Craft Scheduler Thread - 16 - ModelEngine/INFO]: [ModelEngine] [A] [0m
[04:56:40] [Craft Scheduler Thread - 16 - ModelEngine/INFO]: [ModelEngine] [A] [36mImporting tower_skeleton_shield_break.bbmodel.[0m
[04:56:40] [Craft Scheduler Thread - 16 - ModelEngine/WARN]: [ModelEngine] [A] [33m--Warning: The bone [34mexplosion_fx_1[33m exceeds the maximum size of 120x120x120. [ 128.0, 64.0, 128.0 ][0m
[04:56:40] [Craft Scheduler Thread - 16 - ModelEngine/WARN]: [ModelEngine] [A] [33m--Warning: The bone [34mexplosion_fx_2[33m exceeds the maximum size of 120x120x120. [ 128.0, 64.0, 128.0 ][0m
[04:56:40] [Craft Scheduler Thread - 16 - ModelEngine/WARN]: [ModelEngine] [A] [33m--Warning: The bone [34mdust_circle[33m exceeds the maximum size of 120x120x120. [ 128.0, 64.0, 128.0 ][0m
[04:56:40] [Craft Scheduler Thread - 16 - ModelEngine/WARN]: [ModelEngine] [A] [33m--Warning: Missing hitbox.[0m
[04:56:40] [Craft Scheduler Thread - 16 - ModelEngine/INFO]: [ModelEngine] [A] [0m
[04:56:40] [Craft Scheduler Thread - 16 - ModelEngine/INFO]: [ModelEngine] [A] [36mImporting tower_skeleton_slash_fx.bbmodel.[0m
[04:56:40] [Craft Scheduler Thread - 16 - ModelEngine/WARN]: [ModelEngine] [A] [33m--Warning: Missing hitbox.[0m
[04:56:40] [Craft Scheduler Thread - 16 - ModelEngine/INFO]: [ModelEngine] [A] [0m
[04:56:40] [Craft Scheduler Thread - 16 - ModelEngine/INFO]: [ModelEngine] [A] [36mImporting tower_skeleton_summon_hole.bbmodel.[0m
[04:56:40] [Craft Scheduler Thread - 16 - ModelEngine/WARN]: [ModelEngine] [A] [33m--Warning: Missing hitbox.[0m
[04:56:40] [Craft Scheduler Thread - 16 - ModelEngine/INFO]: [ModelEngine] [A] [0m
[04:56:40] [Craft Scheduler Thread - 16 - ModelEngine/INFO]: [ModelEngine] [A] [36mImporting tower_skeleton_throne.bbmodel.[0m
[04:56:40] [Craft Scheduler Thread - 16 - ModelEngine/WARN]: [ModelEngine] [A] [33m--Warning: The bone [34mmaw[33m exceeds the maximum size of 120x120x120. [ 236.0, 34.0, 226.0 ][0m
[04:56:40] [Craft Scheduler Thread - 16 - ModelEngine/WARN]: [ModelEngine] [A] [33m--Warning: The bone [34mthrone[33m exceeds the maximum size of 120x120x120. [ 161.0, 272.131591796875, 131.07894897460938 ][0m
[04:56:40] [Craft Scheduler Thread - 16 - ModelEngine/INFO]: [ModelEngine] [A] [0m
[04:56:40] [Craft Scheduler Thread - 16 - ModelEngine/INFO]: [ModelEngine] [A] [36mImporting mso_laval_lord.bbmodel.[0m
[04:56:40] [Craft Scheduler Thread - 16 - ModelEngine/INFO]: [ModelEngine] [A] [0m
[04:56:40] [Craft Scheduler Thread - 16 - ModelEngine/INFO]: [ModelEngine] [A] [36mImporting mso_lavastone_golem.bbmodel.[0m
[04:56:40] [Craft Scheduler Thread - 16 - ModelEngine/WARN]: [ModelEngine] [A] [33m--Warning: The cube [34mcube[33m in bone [34mleft_fist[33m is rotated in multiple axis. Choosing one axis.[0m
[04:56:40] [Craft Scheduler Thread - 16 - ModelEngine/WARN]: [ModelEngine] [A] [33m--Warning: The cube [34mcube[33m in bone [34mleft_fist[33m has illegal rotations. Cube rotation can only be -45, -22.5, 0, 22.5 and 45. [ -180.0 ][0m
[04:56:40] [Craft Scheduler Thread - 16 - ModelEngine/WARN]: [ModelEngine] [A] [33m--Warning: The cube [34mcube[33m in bone [34mleft_fist[33m is rotated in multiple axis. Choosing one axis.[0m
[04:56:40] [Craft Scheduler Thread - 16 - ModelEngine/WARN]: [ModelEngine] [A] [33m--Warning: The cube [34mcube[33m in bone [34mleft_fist[33m has illegal rotations. Cube rotation can only be -45, -22.5, 0, 22.5 and 45. [ -180.0 ][0m
[04:56:40] [Craft Scheduler Thread - 16 - ModelEngine/WARN]: [ModelEngine] [A] [33m--Warning: The cube [34mcube[33m in bone [34mleft_fist[33m is rotated in multiple axis. Choosing one axis.[0m
[04:56:40] [Craft Scheduler Thread - 16 - ModelEngine/WARN]: [ModelEngine] [A] [33m--Warning: The cube [34mcube[33m in bone [34mleft_fist[33m has illegal rotations. Cube rotation can only be -45, -22.5, 0, 22.5 and 45. [ -180.0 ][0m
[04:56:40] [Craft Scheduler Thread - 16 - ModelEngine/WARN]: [ModelEngine] [A] [33m--Warning: The cube [34mcube[33m in bone [34mleft_fist[33m is rotated in multiple axis. Choosing one axis.[0m
[04:56:40] [Craft Scheduler Thread - 16 - ModelEngine/WARN]: [ModelEngine] [A] [33m--Warning: The cube [34mcube[33m in bone [34mleft_fist[33m has illegal rotations. Cube rotation can only be -45, -22.5, 0, 22.5 and 45. [ 180.0 ][0m
[04:56:40] [Craft Scheduler Thread - 16 - ModelEngine/WARN]: [ModelEngine] [A] [33m--Warning: The cube [34mcube[33m in bone [34mleft_fist[33m is rotated in multiple axis. Choosing one axis.[0m
[04:56:40] [Craft Scheduler Thread - 16 - ModelEngine/WARN]: [ModelEngine] [A] [33m--Warning: The cube [34mcube[33m in bone [34mleft_fist[33m has illegal rotations. Cube rotation can only be -45, -22.5, 0, 22.5 and 45. [ 180.0 ][0m
[04:56:40] [Craft Scheduler Thread - 16 - ModelEngine/WARN]: [ModelEngine] [A] [33m--Warning: The cube [34mcube[33m in bone [34mleft_elbow[33m is rotated in multiple axis. Choosing one axis.[0m
[04:56:40] [Craft Scheduler Thread - 16 - ModelEngine/WARN]: [ModelEngine] [A] [33m--Warning: The cube [34mcube[33m in bone [34mleft_elbow[33m has illegal rotations. Cube rotation can only be -45, -22.5, 0, 22.5 and 45. [ -180.0 ][0m
[04:56:40] [Craft Scheduler Thread - 16 - ModelEngine/WARN]: [ModelEngine] [A] [33m--Warning: The cube [34mcube[33m in bone [34mleft_elbow[33m is rotated in multiple axis. Choosing one axis.[0m
[04:56:40] [Craft Scheduler Thread - 16 - ModelEngine/WARN]: [ModelEngine] [A] [33m--Warning: The cube [34mcube[33m in bone [34mleft_elbow[33m has illegal rotations. Cube rotation can only be -45, -22.5, 0, 22.5 and 45. [ 180.0 ][0m
[04:56:40] [Craft Scheduler Thread - 16 - ModelEngine/WARN]: [ModelEngine] [A] [33m--Warning: The cube [34mcube[33m in bone [34mleft_elbow[33m is rotated in multiple axis. Choosing one axis.[0m
[04:56:40] [Craft Scheduler Thread - 16 - ModelEngine/WARN]: [ModelEngine] [A] [33m--Warning: The cube [34mcube[33m in bone [34mleft_elbow[33m has illegal rotations. Cube rotation can only be -45, -22.5, 0, 22.5 and 45. [ -180.0 ][0m
[04:56:40] [Craft Scheduler Thread - 16 - ModelEngine/WARN]: [ModelEngine] [A] [33m--Warning: The cube [34mcube[33m in bone [34mleft_elbow[33m is rotated in multiple axis. Choosing one axis.[0m
[04:56:40] [Craft Scheduler Thread - 16 - ModelEngine/WARN]: [ModelEngine] [A] [33m--Warning: The cube [34mcube[33m in bone [34mleft_elbow[33m has illegal rotations. Cube rotation can only be -45, -22.5, 0, 22.5 and 45. [ 180.0 ][0m
[04:56:40] [Craft Scheduler Thread - 16 - ModelEngine/WARN]: [ModelEngine] [A] [33m--Warning: The cube [34mcube[33m in bone [34mleft_elbow[33m is rotated in multiple axis. Choosing one axis.[0m
[04:56:40] [Craft Scheduler Thread - 16 - ModelEngine/WARN]: [ModelEngine] [A] [33m--Warning: The cube [34mcube[33m in bone [34mleft_elbow[33m has illegal rotations. Cube rotation can only be -45, -22.5, 0, 22.5 and 45. [ -180.0 ][0m
[04:56:40] [Craft Scheduler Thread - 16 - ModelEngine/WARN]: [ModelEngine] [A] [33m--Warning: The cube [34mcube[33m in bone [34mleft_arm[33m is rotated in multiple axis. Choosing one axis.[0m
[04:56:40] [Craft Scheduler Thread - 16 - ModelEngine/WARN]: [ModelEngine] [A] [33m--Warning: The cube [34mcube[33m in bone [34mleft_arm[33m has illegal rotations. Cube rotation can only be -45, -22.5, 0, 22.5 and 45. [ -180.0 ][0m
[04:56:40] [Craft Scheduler Thread - 16 - ModelEngine/WARN]: [ModelEngine] [A] [33m--Warning: The cube [34mcube[33m in bone [34mleft_arm[33m is rotated in multiple axis. Choosing one axis.[0m
[04:56:40] [Craft Scheduler Thread - 16 - ModelEngine/WARN]: [ModelEngine] [A] [33m--Warning: The cube [34mcube[33m in bone [34mleft_arm[33m has illegal rotations. Cube rotation can only be -45, -22.5, 0, 22.5 and 45. [ -180.0 ][0m
[04:56:40] [Craft Scheduler Thread - 16 - ModelEngine/WARN]: [ModelEngine] [A] [33m--Warning: The cube [34mcube[33m in bone [34mleft_arm[33m is rotated in multiple axis. Choosing one axis.[0m
[04:56:40] [Craft Scheduler Thread - 16 - ModelEngine/WARN]: [ModelEngine] [A] [33m--Warning: The cube [34mcube[33m in bone [34mleft_arm[33m has illegal rotations. Cube rotation can only be -45, -22.5, 0, 22.5 and 45. [ -180.0 ][0m
[04:56:40] [Craft Scheduler Thread - 16 - ModelEngine/WARN]: [ModelEngine] [A] [33m--Warning: The cube [34mcube[33m in bone [34mleft_arm[33m is rotated in multiple axis. Choosing one axis.[0m
[04:56:40] [Craft Scheduler Thread - 16 - ModelEngine/WARN]: [ModelEngine] [A] [33m--Warning: The cube [34mcube[33m in bone [34mleft_arm[33m has illegal rotations. Cube rotation can only be -45, -22.5, 0, 22.5 and 45. [ -180.0 ][0m
[04:56:40] [Craft Scheduler Thread - 16 - ModelEngine/WARN]: [ModelEngine] [A] [33m--Warning: The cube [34mcube[33m in bone [34mleft_arm[33m is rotated in multiple axis. Choosing one axis.[0m
[04:56:40] [Craft Scheduler Thread - 16 - ModelEngine/WARN]: [ModelEngine] [A] [33m--Warning: The cube [34mcube[33m in bone [34mleft_arm[33m has illegal rotations. Cube rotation can only be -45, -22.5, 0, 22.5 and 45. [ -180.0 ][0m
[04:56:40] [Craft Scheduler Thread - 16 - ModelEngine/WARN]: [ModelEngine] [A] [33m--Warning: The cube [34mcube[33m in bone [34mleft_arm[33m is rotated in multiple axis. Choosing one axis.[0m
[04:56:40] [Craft Scheduler Thread - 16 - ModelEngine/WARN]: [ModelEngine] [A] [33m--Warning: The cube [34mcube[33m in bone [34mleft_arm[33m has illegal rotations. Cube rotation can only be -45, -22.5, 0, 22.5 and 45. [ -180.0 ][0m
[04:56:40] [Craft Scheduler Thread - 16 - ModelEngine/WARN]: [ModelEngine] [A] [33m--Warning: The cube [34mcube[33m in bone [34mright_fist[33m is rotated in multiple axis. Choosing one axis.[0m
[04:56:40] [Craft Scheduler Thread - 16 - ModelEngine/WARN]: [ModelEngine] [A] [33m--Warning: The cube [34mcube[33m in bone [34mright_fist[33m has illegal rotations. Cube rotation can only be -45, -22.5, 0, 22.5 and 45. [ 180.0 ][0m
[04:56:40] [Craft Scheduler Thread - 16 - ModelEngine/WARN]: [ModelEngine] [A] [33m--Warning: The cube [34mcube[33m in bone [34mright_fist[33m is rotated in multiple axis. Choosing one axis.[0m
[04:56:40] [Craft Scheduler Thread - 16 - ModelEngine/WARN]: [ModelEngine] [A] [33m--Warning: The cube [34mcube[33m in bone [34mright_fist[33m has illegal rotations. Cube rotation can only be -45, -22.5, 0, 22.5 and 45. [ 180.0 ][0m
[04:56:40] [Craft Scheduler Thread - 16 - ModelEngine/WARN]: [ModelEngine] [A] [33m--Warning: The cube [34mcube[33m in bone [34mright_fist[33m is rotated in multiple axis. Choosing one axis.[0m
[04:56:40] [Craft Scheduler Thread - 16 - ModelEngine/WARN]: [ModelEngine] [A] [33m--Warning: The cube [34mcube[33m in bone [34mright_fist[33m has illegal rotations. Cube rotation can only be -45, -22.5, 0, 22.5 and 45. [ 180.0 ][0m
[04:56:40] [Craft Scheduler Thread - 16 - ModelEngine/WARN]: [ModelEngine] [A] [33m--Warning: The cube [34mcube[33m in bone [34mright_fist[33m is rotated in multiple axis. Choosing one axis.[0m
[04:56:40] [Craft Scheduler Thread - 16 - ModelEngine/WARN]: [ModelEngine] [A] [33m--Warning: The cube [34mcube[33m in bone [34mright_fist[33m has illegal rotations. Cube rotation can only be -45, -22.5, 0, 22.5 and 45. [ -180.0 ][0m
[04:56:40] [Craft Scheduler Thread - 16 - ModelEngine/WARN]: [ModelEngine] [A] [33m--Warning: The cube [34mcube[33m in bone [34mright_fist[33m is rotated in multiple axis. Choosing one axis.[0m
[04:56:40] [Craft Scheduler Thread - 16 - ModelEngine/WARN]: [ModelEngine] [A] [33m--Warning: The cube [34mcube[33m in bone [34mright_fist[33m has illegal rotations. Cube rotation can only be -45, -22.5, 0, 22.5 and 45. [ -180.0 ][0m
[04:56:40] [Craft Scheduler Thread - 16 - ModelEngine/WARN]: [ModelEngine] [A] [33m--Warning: The cube [34mcube[33m in bone [34mright_elbow[33m is rotated in multiple axis. Choosing one axis.[0m
[04:56:40] [Craft Scheduler Thread - 16 - ModelEngine/WARN]: [ModelEngine] [A] [33m--Warning: The cube [34mcube[33m in bone [34mright_elbow[33m has illegal rotations. Cube rotation can only be -45, -22.5, 0, 22.5 and 45. [ 180.0 ][0m
[04:56:40] [Craft Scheduler Thread - 16 - ModelEngine/WARN]: [ModelEngine] [A] [33m--Warning: The cube [34mcube[33m in bone [34mright_elbow[33m is rotated in multiple axis. Choosing one axis.[0m
[04:56:40] [Craft Scheduler Thread - 16 - ModelEngine/WARN]: [ModelEngine] [A] [33m--Warning: The cube [34mcube[33m in bone [34mright_elbow[33m has illegal rotations. Cube rotation can only be -45, -22.5, 0, 22.5 and 45. [ 180.0 ][0m
[04:56:40] [Craft Scheduler Thread - 16 - ModelEngine/WARN]: [ModelEngine] [A] [33m--Warning: The cube [34mcube[33m in bone [34mright_elbow[33m is rotated in multiple axis. Choosing one axis.[0m
[04:56:40] [Craft Scheduler Thread - 16 - ModelEngine/WARN]: [ModelEngine] [A] [33m--Warning: The cube [34mcube[33m in bone [34mright_elbow[33m has illegal rotations. Cube rotation can only be -45, -22.5, 0, 22.5 and 45. [ -180.0 ][0m
[04:56:40] [Craft Scheduler Thread - 16 - ModelEngine/WARN]: [ModelEngine] [A] [33m--Warning: The cube [34mcube[33m in bone [34mright_elbow[33m is rotated in multiple axis. Choosing one axis.[0m
[04:56:40] [Craft Scheduler Thread - 16 - ModelEngine/WARN]: [ModelEngine] [A] [33m--Warning: The cube [34mcube[33m in bone [34mright_elbow[33m has illegal rotations. Cube rotation can only be -45, -22.5, 0, 22.5 and 45. [ 180.0 ][0m
[04:56:40] [Craft Scheduler Thread - 16 - ModelEngine/WARN]: [ModelEngine] [A] [33m--Warning: The cube [34mcube[33m in bone [34mright_elbow[33m is rotated in multiple axis. Choosing one axis.[0m
[04:56:40] [Craft Scheduler Thread - 16 - ModelEngine/WARN]: [ModelEngine] [A] [33m--Warning: The cube [34mcube[33m in bone [34mright_elbow[33m has illegal rotations. Cube rotation can only be -45, -22.5, 0, 22.5 and 45. [ -180.0 ][0m
[04:56:40] [Craft Scheduler Thread - 16 - ModelEngine/WARN]: [ModelEngine] [A] [33m--Warning: The cube [34mcube[33m in bone [34mright_arm[33m is rotated in multiple axis. Choosing one axis.[0m
[04:56:40] [Craft Scheduler Thread - 16 - ModelEngine/WARN]: [ModelEngine] [A] [33m--Warning: The cube [34mcube[33m in bone [34mright_arm[33m has illegal rotations. Cube rotation can only be -45, -22.5, 0, 22.5 and 45. [ 180.0 ][0m
[04:56:40] [Craft Scheduler Thread - 16 - ModelEngine/WARN]: [ModelEngine] [A] [33m--Warning: The cube [34mcube[33m in bone [34mright_arm[33m is rotated in multiple axis. Choosing one axis.[0m
[04:56:40] [Craft Scheduler Thread - 16 - ModelEngine/WARN]: [ModelEngine] [A] [33m--Warning: The cube [34mcube[33m in bone [34mright_arm[33m has illegal rotations. Cube rotation can only be -45, -22.5, 0, 22.5 and 45. [ 180.0 ][0m
[04:56:40] [Craft Scheduler Thread - 16 - ModelEngine/WARN]: [ModelEngine] [A] [33m--Warning: The cube [34mcube[33m in bone [34mright_arm[33m is rotated in multiple axis. Choosing one axis.[0m
[04:56:40] [Craft Scheduler Thread - 16 - ModelEngine/WARN]: [ModelEngine] [A] [33m--Warning: The cube [34mcube[33m in bone [34mright_arm[33m has illegal rotations. Cube rotation can only be -45, -22.5, 0, 22.5 and 45. [ 180.0 ][0m
[04:56:40] [Craft Scheduler Thread - 16 - ModelEngine/WARN]: [ModelEngine] [A] [33m--Warning: The cube [34mcube[33m in bone [34mright_arm[33m is rotated in multiple axis. Choosing one axis.[0m
[04:56:40] [Craft Scheduler Thread - 16 - ModelEngine/WARN]: [ModelEngine] [A] [33m--Warning: The cube [34mcube[33m in bone [34mright_arm[33m has illegal rotations. Cube rotation can only be -45, -22.5, 0, 22.5 and 45. [ 180.0 ][0m
[04:56:40] [Craft Scheduler Thread - 16 - ModelEngine/WARN]: [ModelEngine] [A] [33m--Warning: The cube [34mcube[33m in bone [34mright_arm[33m is rotated in multiple axis. Choosing one axis.[0m
[04:56:40] [Craft Scheduler Thread - 16 - ModelEngine/WARN]: [ModelEngine] [A] [33m--Warning: The cube [34mcube[33m in bone [34mright_arm[33m has illegal rotations. Cube rotation can only be -45, -22.5, 0, 22.5 and 45. [ 180.0 ][0m
[04:56:40] [Craft Scheduler Thread - 16 - ModelEngine/WARN]: [ModelEngine] [A] [33m--Warning: The cube [34mcube[33m in bone [34mright_arm[33m is rotated in multiple axis. Choosing one axis.[0m
[04:56:40] [Craft Scheduler Thread - 16 - ModelEngine/WARN]: [ModelEngine] [A] [33m--Warning: The cube [34mcube[33m in bone [34mright_arm[33m has illegal rotations. Cube rotation can only be -45, -22.5, 0, 22.5 and 45. [ 180.0 ][0m
[04:56:40] [Craft Scheduler Thread - 16 - ModelEngine/WARN]: [ModelEngine] [A] [33m--Warning: The cube [34mcube[33m in bone [34mtail_tip[33m is rotated in multiple axis. Choosing one axis.[0m
[04:56:40] [Craft Scheduler Thread - 16 - ModelEngine/WARN]: [ModelEngine] [A] [33m--Warning: The cube [34mcube[33m in bone [34mtail_tip[33m has illegal rotations. Cube rotation can only be -45, -22.5, 0, 22.5 and 45. [ -180.0 ][0m
[04:56:40] [Craft Scheduler Thread - 16 - ModelEngine/WARN]: [ModelEngine] [A] [33m--Warning: The cube [34mcube[33m in bone [34mtail_tip[33m is rotated in multiple axis. Choosing one axis.[0m
[04:56:40] [Craft Scheduler Thread - 16 - ModelEngine/WARN]: [ModelEngine] [A] [33m--Warning: The cube [34mcube[33m in bone [34mtail_tip[33m has illegal rotations. Cube rotation can only be -45, -22.5, 0, 22.5 and 45. [ 180.0 ][0m
[04:56:40] [Craft Scheduler Thread - 16 - ModelEngine/WARN]: [ModelEngine] [A] [33m--Warning: The cube [34mcube[33m in bone [34mtail[33m is rotated in multiple axis. Choosing one axis.[0m
[04:56:40] [Craft Scheduler Thread - 16 - ModelEngine/WARN]: [ModelEngine] [A] [33m--Warning: The cube [34mcube[33m in bone [34mtail[33m has illegal rotations. Cube rotation can only be -45, -22.5, 0, 22.5 and 45. [ -180.0 ][0m
[04:56:40] [Craft Scheduler Thread - 16 - ModelEngine/WARN]: [ModelEngine] [A] [33m--Warning: The cube [34mcube[33m in bone [34mtail[33m is rotated in multiple axis. Choosing one axis.[0m
[04:56:40] [Craft Scheduler Thread - 16 - ModelEngine/WARN]: [ModelEngine] [A] [33m--Warning: The cube [34mcube[33m in bone [34mtail[33m has illegal rotations. Cube rotation can only be -45, -22.5, 0, 22.5 and 45. [ 180.0 ][0m
[04:56:40] [Craft Scheduler Thread - 16 - ModelEngine/INFO]: [ModelEngine] [A] [0m
[04:56:40] [Craft Scheduler Thread - 16 - ModelEngine/INFO]: [ModelEngine] [A] [1m[35m[Generating assets][0m
[04:56:40] [Craft Scheduler Thread - 16 - ModelEngine/INFO]: [ModelEngine] [A] [0m
[04:56:40] [Craft Scheduler Thread - 16 - ModelEngine/INFO]: [ModelEngine] [A] [35mGenerating bear_spirit.[0m
[04:56:40] [Craft Scheduler Thread - 14 - ItemEdit/INFO]: [ItemEdit] New Update at https://spigotmc.org/resources/40993
[04:56:40] [Craft Scheduler Thread - 16 - ModelEngine/INFO]: [ModelEngine] [A] [0m
[04:56:40] [Craft Scheduler Thread - 16 - ModelEngine/INFO]: [ModelEngine] [A] [35mGenerating forest_spirit.[0m
[04:56:40] [Craft Scheduler Thread - 16 - ModelEngine/INFO]: [ModelEngine] [A] [0m
[04:56:40] [Craft Scheduler Thread - 16 - ModelEngine/INFO]: [ModelEngine] [A] [35mGenerating golden_knight.[0m
[04:56:40] [Server thread/ERROR]: [MythicMobs] [31m[EVENTS] Exception thrown whilst handling event: org.bukkit.event.entity.CreatureSpawnEvent[37m
[04:56:40] [Server thread/WARN]: java.lang.NullPointerException: Cannot invoke "net.minecraft.world.level.SpawnerCreature$d.a()" because "spawnState" is null
[04:56:40] [Server thread/WARN]: 	at MythicMobs-5.6.1 (1).jar//io.lumine.mythic.core.volatilecode.v1_18_R2.VolatileSpawningHandlerImpl.getSpawnState(VolatileSpawningHandlerImpl.java:89)
[04:56:40] [Server thread/WARN]: 	at MythicMobs-5.6.1 (1).jar//io.lumine.mythic.core.spawning.random.RandomSpawnerManager.getSpawnState(RandomSpawnerManager.java:260)
[04:56:40] [Server thread/WARN]: 	at MythicMobs-5.6.1 (1).jar//io.lumine.mythic.core.spawning.random.RandomSpawnerManager.handleSpawnEvent(RandomSpawnerManager.java:222)
[04:56:40] [Server thread/WARN]: 	at MythicMobs-5.6.1 (1).jar//io.lumine.mythic.bukkit.listeners.MobListeners.lambda$load$8(MobListeners.java:174)
[04:56:40] [Server thread/WARN]: 	at MythicMobs-5.6.1 (1).jar//io.lumine.mythic.bukkit.utils.Delegates$ConsumerToBiConsumerSecond.accept(Delegates.java:144)
[04:56:40] [Server thread/WARN]: 	at MythicMobs-5.6.1 (1).jar//io.lumine.mythic.bukkit.utils.events.functional.single.EventListener.execute(EventListener.java:131)
[04:56:40] [Server thread/WARN]: 	at co.aikar.timings.TimedEventExecutor.execute(TimedEventExecutor.java:80)
[04:56:40] [Server thread/WARN]: 	at org.bukkit.plugin.RegisteredListener.callEvent(RegisteredListener.java:70)
[04:56:40] [Server thread/WARN]: 	at org.bukkit.plugin.SimplePluginManager.callEvent(SimplePluginManager.java:669)
[04:56:40] [Server thread/WARN]: 	at org.bukkit.craftbukkit.v1_18_R2.event.CraftEventFactory.callCreatureSpawnEvent(CraftEventFactory.java:739)
[04:56:40] [Server thread/WARN]: 	at org.bukkit.craftbukkit.v1_18_R2.event.CraftEventFactory.doEntityAddEventCalling(CraftEventFactory.java:644)
[04:56:40] [Server thread/WARN]: 	at net.minecraft.server.level.WorldServer.addEntity(WorldServer.java:1423)
[04:56:40] [Server thread/WARN]: 	at net.minecraft.server.level.WorldServer.addFreshEntity(WorldServer.java:1332)
[04:56:40] [Server thread/WARN]: 	at Citizens-2.0.32.jar//net.citizensnpcs.nms.v1_18_R2.util.NMSImpl.addEntityToWorld(NMSImpl.java:360)
[04:56:40] [Server thread/WARN]: 	at Citizens-2.0.32.jar//net.citizensnpcs.util.NMS.addEntityToWorld(NMS.java:75)
[04:56:40] [Server thread/WARN]: 	at Citizens-2.0.32.jar//net.citizensnpcs.npc.AbstractEntityController.spawn(AbstractEntityController.java:55)
[04:56:40] [Server thread/WARN]: 	at Citizens-2.0.32.jar//net.citizensnpcs.npc.CitizensNPC.spawn(CitizensNPC.java:321)
[04:56:40] [Server thread/WARN]: 	at Citizens-2.0.32.jar//net.citizensnpcs.npc.CitizensNPC.spawn(CitizensNPC.java:280)
[04:56:40] [Server thread/WARN]: 	at Citizens-2.0.32.jar//net.citizensnpcs.trait.HologramTrait.createHologram(HologramTrait.java:112)
[04:56:40] [Server thread/WARN]: 	at Citizens-2.0.32.jar//net.citizensnpcs.trait.HologramTrait.access$500(HologramTrait.java:42)
[04:56:40] [Server thread/WARN]: 	at Citizens-2.0.32.jar//net.citizensnpcs.trait.HologramTrait$HologramLine.spawnNPC(HologramTrait.java:509)
[04:56:40] [Server thread/WARN]: 	at Citizens-2.0.32.jar//net.citizensnpcs.trait.HologramTrait.onSpawn(HologramTrait.java:243)
[04:56:40] [Server thread/WARN]: 	at Citizens-2.0.32.jar//net.citizensnpcs.npc.CitizensNPC$1.accept(CitizensNPC.java:380)
[04:56:40] [Server thread/WARN]: 	at Citizens-2.0.32.jar//net.citizensnpcs.npc.CitizensNPC$1.accept(CitizensNPC.java:344)
[04:56:40] [Server thread/WARN]: 	at Citizens-2.0.32.jar//net.citizensnpcs.npc.CitizensNPC.spawn(CitizensNPC.java:428)
[04:56:40] [Server thread/WARN]: 	at Citizens-2.0.32.jar//net.citizensnpcs.npc.CitizensNPC.load(CitizensNPC.java:185)
[04:56:40] [Server thread/WARN]: 	at Citizens-2.0.32.jar//net.citizensnpcs.api.npc.SimpleNPCDataStore.loadInto(SimpleNPCDataStore.java:59)
[04:56:40] [Server thread/WARN]: 	at Citizens-2.0.32.jar//net.citizensnpcs.Citizens$CitizensLoadTask.run(Citizens.java:632)
[04:56:40] [Server thread/WARN]: 	at org.bukkit.craftbukkit.v1_18_R2.scheduler.CraftTask.run(CraftTask.java:101)
[04:56:40] [Server thread/WARN]: 	at org.bukkit.craftbukkit.v1_18_R2.scheduler.CraftScheduler.mainThreadHeartbeat(CraftScheduler.java:483)
[04:56:40] [Server thread/WARN]: 	at net.minecraft.server.MinecraftServer.w(MinecraftServer.java:1173)
[04:56:40] [Server thread/WARN]: 	at net.minecraft.server.MinecraftServer.lambda$spin$0(MinecraftServer.java:316)
[04:56:40] [Server thread/WARN]: 	at java.base/java.lang.Thread.run(Thread.java:1583)
[04:56:40] [Craft Scheduler Thread - 16 - ModelEngine/INFO]: [ModelEngine] [A] [0m
[04:56:40] [Craft Scheduler Thread - 16 - ModelEngine/INFO]: [ModelEngine] [A] [35mGenerating nocsy_dragon.[0m
[04:56:40] [Craft Scheduler Thread - 20 - DeluxeCombat/INFO]: [DeluxeCombat] Successfully fetched 15 marketplace items from the internet!
[04:56:40] [Server thread/ERROR]: [MythicMobs] [31m[EVENTS] Exception thrown whilst handling event: org.bukkit.event.entity.CreatureSpawnEvent[37m
[04:56:40] [Server thread/WARN]: java.lang.NullPointerException: Cannot invoke "net.minecraft.world.level.SpawnerCreature$d.a()" because "spawnState" is null
[04:56:40] [Server thread/WARN]: 	at MythicMobs-5.6.1 (1).jar//io.lumine.mythic.core.volatilecode.v1_18_R2.VolatileSpawningHandlerImpl.getSpawnState(VolatileSpawningHandlerImpl.java:89)
[04:56:40] [Server thread/WARN]: 	at MythicMobs-5.6.1 (1).jar//io.lumine.mythic.core.spawning.random.RandomSpawnerManager.getSpawnState(RandomSpawnerManager.java:260)
[04:56:40] [Server thread/WARN]: 	at MythicMobs-5.6.1 (1).jar//io.lumine.mythic.core.spawning.random.RandomSpawnerManager.handleSpawnEvent(RandomSpawnerManager.java:222)
[04:56:40] [Server thread/WARN]: 	at MythicMobs-5.6.1 (1).jar//io.lumine.mythic.bukkit.listeners.MobListeners.lambda$load$8(MobListeners.java:174)
[04:56:40] [Server thread/WARN]: 	at MythicMobs-5.6.1 (1).jar//io.lumine.mythic.bukkit.utils.Delegates$ConsumerToBiConsumerSecond.accept(Delegates.java:144)
[04:56:40] [Server thread/WARN]: 	at MythicMobs-5.6.1 (1).jar//io.lumine.mythic.bukkit.utils.events.functional.single.EventListener.execute(EventListener.java:131)
[04:56:40] [Server thread/WARN]: 	at co.aikar.timings.TimedEventExecutor.execute(TimedEventExecutor.java:80)
[04:56:40] [Server thread/WARN]: 	at org.bukkit.plugin.RegisteredListener.callEvent(RegisteredListener.java:70)
[04:56:40] [Server thread/WARN]: 	at org.bukkit.plugin.SimplePluginManager.callEvent(SimplePluginManager.java:669)
[04:56:40] [Server thread/WARN]: 	at org.bukkit.craftbukkit.v1_18_R2.event.CraftEventFactory.callCreatureSpawnEvent(CraftEventFactory.java:739)
[04:56:40] [Server thread/WARN]: 	at org.bukkit.craftbukkit.v1_18_R2.event.CraftEventFactory.doEntityAddEventCalling(CraftEventFactory.java:644)
[04:56:40] [Server thread/WARN]: 	at net.minecraft.server.level.WorldServer.addEntity(WorldServer.java:1423)
[04:56:40] [Server thread/WARN]: 	at net.minecraft.server.level.WorldServer.addFreshEntity(WorldServer.java:1332)
[04:56:40] [Server thread/WARN]: 	at Citizens-2.0.32.jar//net.citizensnpcs.nms.v1_18_R2.util.NMSImpl.addEntityToWorld(NMSImpl.java:360)
[04:56:40] [Server thread/WARN]: 	at Citizens-2.0.32.jar//net.citizensnpcs.util.NMS.addEntityToWorld(NMS.java:75)
[04:56:40] [Server thread/WARN]: 	at Citizens-2.0.32.jar//net.citizensnpcs.npc.AbstractEntityController.spawn(AbstractEntityController.java:55)
[04:56:40] [Server thread/WARN]: 	at Citizens-2.0.32.jar//net.citizensnpcs.npc.CitizensNPC.spawn(CitizensNPC.java:321)
[04:56:40] [Server thread/WARN]: 	at Citizens-2.0.32.jar//net.citizensnpcs.npc.CitizensNPC.spawn(CitizensNPC.java:280)
[04:56:40] [Server thread/WARN]: 	at Citizens-2.0.32.jar//net.citizensnpcs.trait.HologramTrait.createHologram(HologramTrait.java:112)
[04:56:40] [Server thread/WARN]: 	at Citizens-2.0.32.jar//net.citizensnpcs.trait.HologramTrait.access$500(HologramTrait.java:42)
[04:56:40] [Server thread/WARN]: 	at Citizens-2.0.32.jar//net.citizensnpcs.trait.HologramTrait$HologramLine.spawnNPC(HologramTrait.java:509)
[04:56:40] [Server thread/WARN]: 	at Citizens-2.0.32.jar//net.citizensnpcs.trait.HologramTrait.onSpawn(HologramTrait.java:243)
[04:56:40] [Server thread/WARN]: 	at Citizens-2.0.32.jar//net.citizensnpcs.npc.CitizensNPC$1.accept(CitizensNPC.java:380)
[04:56:40] [Server thread/WARN]: 	at Citizens-2.0.32.jar//net.citizensnpcs.npc.CitizensNPC$1.accept(CitizensNPC.java:344)
[04:56:40] [Server thread/WARN]: 	at Citizens-2.0.32.jar//net.citizensnpcs.npc.CitizensNPC.spawn(CitizensNPC.java:428)
[04:56:40] [Server thread/WARN]: 	at Citizens-2.0.32.jar//net.citizensnpcs.npc.CitizensNPC.load(CitizensNPC.java:185)
[04:56:40] [Server thread/WARN]: 	at Citizens-2.0.32.jar//net.citizensnpcs.api.npc.SimpleNPCDataStore.loadInto(SimpleNPCDataStore.java:59)
[04:56:40] [Server thread/WARN]: 	at Citizens-2.0.32.jar//net.citizensnpcs.Citizens$CitizensLoadTask.run(Citizens.java:632)
[04:56:40] [Server thread/WARN]: 	at org.bukkit.craftbukkit.v1_18_R2.scheduler.CraftTask.run(CraftTask.java:101)
[04:56:40] [Server thread/WARN]: 	at org.bukkit.craftbukkit.v1_18_R2.scheduler.CraftScheduler.mainThreadHeartbeat(CraftScheduler.java:483)
[04:56:40] [Server thread/WARN]: 	at net.minecraft.server.MinecraftServer.w(MinecraftServer.java:1173)
[04:56:40] [Server thread/WARN]: 	at net.minecraft.server.MinecraftServer.lambda$spin$0(MinecraftServer.java:316)
[04:56:40] [Server thread/WARN]: 	at java.base/java.lang.Thread.run(Thread.java:1583)
[04:56:40] [Craft Scheduler Thread - 7 - PvPLevels/INFO]: [PvPLevels] You are using the latest version of PvPLevels (2.2.6)
[04:56:40] [Craft Scheduler Thread - 16 - ModelEngine/INFO]: [ModelEngine] [A] [0m
[04:56:40] [Craft Scheduler Thread - 16 - ModelEngine/INFO]: [ModelEngine] [A] [35mGenerating nocsy_dragon_saddled_version.[0m
[04:56:40] [Craft Scheduler Thread - 16 - ModelEngine/INFO]: [ModelEngine] [A] [0m
[04:56:40] [Craft Scheduler Thread - 16 - ModelEngine/INFO]: [ModelEngine] [A] [35mGenerating tower_skeleton.[0m
[04:56:41] [Craft Scheduler Thread - 16 - ModelEngine/INFO]: [ModelEngine] [A] [0m
[04:56:41] [Craft Scheduler Thread - 16 - ModelEngine/INFO]: [ModelEngine] [A] [35mGenerating tower_skeleton_chest.[0m
[04:56:41] [Craft Scheduler Thread - 16 - ModelEngine/INFO]: [ModelEngine] [A] [0m
[04:56:41] [Craft Scheduler Thread - 16 - ModelEngine/INFO]: [ModelEngine] [A] [35mGenerating tower_skeleton_minion.[0m
[04:56:41] [Craft Scheduler Thread - 16 - ModelEngine/INFO]: [ModelEngine] [A] [0m
[04:56:41] [Craft Scheduler Thread - 16 - ModelEngine/INFO]: [ModelEngine] [A] [35mGenerating tower_skeleton_parts.[0m
[04:56:41] [Server thread/ERROR]: [MythicMobs] [31m[EVENTS] Exception thrown whilst handling event: org.bukkit.event.entity.CreatureSpawnEvent[37m
[04:56:41] [Server thread/WARN]: java.lang.NullPointerException: Cannot invoke "net.minecraft.world.level.SpawnerCreature$d.a()" because "spawnState" is null
[04:56:41] [Server thread/WARN]: 	at MythicMobs-5.6.1 (1).jar//io.lumine.mythic.core.volatilecode.v1_18_R2.VolatileSpawningHandlerImpl.getSpawnState(VolatileSpawningHandlerImpl.java:89)
[04:56:41] [Server thread/WARN]: 	at MythicMobs-5.6.1 (1).jar//io.lumine.mythic.core.spawning.random.RandomSpawnerManager.getSpawnState(RandomSpawnerManager.java:260)
[04:56:41] [Server thread/WARN]: 	at MythicMobs-5.6.1 (1).jar//io.lumine.mythic.core.spawning.random.RandomSpawnerManager.handleSpawnEvent(RandomSpawnerManager.java:222)
[04:56:41] [Server thread/WARN]: 	at MythicMobs-5.6.1 (1).jar//io.lumine.mythic.bukkit.listeners.MobListeners.lambda$load$8(MobListeners.java:174)
[04:56:41] [Server thread/WARN]: 	at MythicMobs-5.6.1 (1).jar//io.lumine.mythic.bukkit.utils.Delegates$ConsumerToBiConsumerSecond.accept(Delegates.java:144)
[04:56:41] [Server thread/WARN]: 	at MythicMobs-5.6.1 (1).jar//io.lumine.mythic.bukkit.utils.events.functional.single.EventListener.execute(EventListener.java:131)
[04:56:41] [Server thread/WARN]: 	at co.aikar.timings.TimedEventExecutor.execute(TimedEventExecutor.java:80)
[04:56:41] [Server thread/WARN]: 	at org.bukkit.plugin.RegisteredListener.callEvent(RegisteredListener.java:70)
[04:56:41] [Server thread/WARN]: 	at org.bukkit.plugin.SimplePluginManager.callEvent(SimplePluginManager.java:669)
[04:56:41] [Server thread/WARN]: 	at org.bukkit.craftbukkit.v1_18_R2.event.CraftEventFactory.callCreatureSpawnEvent(CraftEventFactory.java:739)
[04:56:41] [Server thread/WARN]: 	at org.bukkit.craftbukkit.v1_18_R2.event.CraftEventFactory.doEntityAddEventCalling(CraftEventFactory.java:644)
[04:56:41] [Server thread/WARN]: 	at net.minecraft.server.level.WorldServer.addEntity(WorldServer.java:1423)
[04:56:41] [Server thread/WARN]: 	at net.minecraft.server.level.WorldServer.addFreshEntity(WorldServer.java:1332)
[04:56:41] [Server thread/WARN]: 	at Citizens-2.0.32.jar//net.citizensnpcs.nms.v1_18_R2.util.NMSImpl.addEntityToWorld(NMSImpl.java:360)
[04:56:41] [Server thread/WARN]: 	at Citizens-2.0.32.jar//net.citizensnpcs.util.NMS.addEntityToWorld(NMS.java:75)
[04:56:41] [Server thread/WARN]: 	at Citizens-2.0.32.jar//net.citizensnpcs.npc.AbstractEntityController.spawn(AbstractEntityController.java:55)
[04:56:41] [Server thread/WARN]: 	at Citizens-2.0.32.jar//net.citizensnpcs.npc.CitizensNPC.spawn(CitizensNPC.java:321)
[04:56:41] [Server thread/WARN]: 	at Citizens-2.0.32.jar//net.citizensnpcs.npc.CitizensNPC.load(CitizensNPC.java:185)
[04:56:41] [Server thread/WARN]: 	at Citizens-2.0.32.jar//net.citizensnpcs.api.npc.SimpleNPCDataStore.loadInto(SimpleNPCDataStore.java:59)
[04:56:41] [Server thread/WARN]: 	at Citizens-2.0.32.jar//net.citizensnpcs.Citizens$CitizensLoadTask.run(Citizens.java:632)
[04:56:41] [Server thread/WARN]: 	at org.bukkit.craftbukkit.v1_18_R2.scheduler.CraftTask.run(CraftTask.java:101)
[04:56:41] [Server thread/WARN]: 	at org.bukkit.craftbukkit.v1_18_R2.scheduler.CraftScheduler.mainThreadHeartbeat(CraftScheduler.java:483)
[04:56:41] [Server thread/WARN]: 	at net.minecraft.server.MinecraftServer.w(MinecraftServer.java:1173)
[04:56:41] [Server thread/WARN]: 	at net.minecraft.server.MinecraftServer.lambda$spin$0(MinecraftServer.java:316)
[04:56:41] [Server thread/WARN]: 	at java.base/java.lang.Thread.run(Thread.java:1583)
[04:56:41] [Server thread/INFO]: [Citizens] Loaded 6 NPCs.
[04:56:41] [Server thread/INFO]: [MythicMobs] [32m✓Using HolographicDisplays plugin for holograms[0m
[04:56:41] [Server thread/WARN]: [MythicMobs] ✗[31m[1m Configuration Error in Mechanic [36mCustomMechanic:NULL[0m[0m
[04:56:41] [Server thread/WARN]: [MythicMobs] --| [31mSkill: [36mBearSFuriousRoar[37m | [31mFile: [37m/workspaces/Panel/plugins/MythicMobs/skills/Bear_Spirit(skills).yml[0m[0m
[04:56:41] [Server thread/WARN]: [MythicMobs] --| [35mError Message: [0mFailed to load custom mechanic EFFECT:PARTICLES[0m[0m
[04:56:41] [Server thread/WARN]: [MythicMobs] --| [35mMechanic Line: [0meffect:particles{p=sculk_soul;a=6;y=2;vs=0.3;hs=0.5;delay=16}[0m[0m
[04:56:41] [Server thread/WARN]: [MythicMobs] ✗[31m[1m Configuration Error in Drop [36mKingsCrown HEAD[0m[0m
[04:56:41] [Server thread/WARN]: [MythicMobs] --| [31mFile: [37m/workspaces/Panel/plugins/MythicMobs/mobs/ExampleMobs.yml[0m[0m
[04:56:41] [Server thread/WARN]: [MythicMobs] --| [35mError Message: [0mDrop type not found.[0m[0m
[04:56:41] [Server thread/WARN]: [MythicMobs] ✗[31m[1m Configuration Error in Drop [36mSkeletonKingSword HAND[0m[0m
[04:56:41] [Server thread/WARN]: [MythicMobs] --| [31mFile: [37m/workspaces/Panel/plugins/MythicMobs/mobs/ExampleMobs.yml[0m[0m
[04:56:41] [Server thread/WARN]: [MythicMobs] --| [35mError Message: [0mDrop type not found.[0m[0m
[04:56:41] [Server thread/WARN]: [MythicMobs] ✗[31m[1m Configuration Error in Drop [36mmanh 0.1[0m[0m
[04:56:41] [Server thread/WARN]: [MythicMobs] --| [31mFile: [37m/workspaces/Panel/plugins/MythicMobs/mobs/ExampleMobs.yml[0m[0m
[04:56:41] [Server thread/WARN]: [MythicMobs] --| [35mError Message: [0mDrop type not found.[0m[0m
[04:56:41] [Server thread/WARN]: [MythicMobs] ✗[31m[1m Configuration Error in Drop [36mmanh 0.2[0m[0m
[04:56:41] [Server thread/WARN]: [MythicMobs] --| [31mFile: [37m/workspaces/Panel/plugins/MythicMobs/mobs/ExampleMobs.yml[0m[0m
[04:56:41] [Server thread/WARN]: [MythicMobs] --| [35mError Message: [0mDrop type not found.[0m[0m
[04:56:41] [Server thread/WARN]: [MythicMobs] ✗[31m[1m Configuration Error in Drop [36mmanh 0.3[0m[0m
[04:56:41] [Server thread/WARN]: [MythicMobs] --| [31mFile: [37m/workspaces/Panel/plugins/MythicMobs/mobs/ExampleMobs.yml[0m[0m
[04:56:41] [Server thread/WARN]: [MythicMobs] --| [35mError Message: [0mDrop type not found.[0m[0m
[04:56:41] [Server thread/WARN]: [MythicMobs] ✗[31m[1m Configuration Error in Drop [36mmanh2 0.1[0m[0m
[04:56:41] [Server thread/WARN]: [MythicMobs] --| [31mFile: [37m/workspaces/Panel/plugins/MythicMobs/mobs/ExampleMobs.yml[0m[0m
[04:56:41] [Server thread/WARN]: [MythicMobs] --| [35mError Message: [0mDrop type not found.[0m[0m
[04:56:41] [Server thread/WARN]: [MythicMobs] ✗[31m[1m Configuration Error in Drop [36mmanh2 0.1[0m[0m
[04:56:41] [Server thread/WARN]: [MythicMobs] --| [31mFile: [37m/workspaces/Panel/plugins/MythicMobs/mobs/ExampleMobs.yml[0m[0m
[04:56:41] [Server thread/WARN]: [MythicMobs] --| [35mError Message: [0mDrop type not found.[0m[0m
[04:56:41] [Server thread/WARN]: [MythicMobs] ✗[31m[1m Configuration Error in Drop [36mmanh2 0.2[0m[0m
[04:56:41] [Server thread/WARN]: [MythicMobs] --| [31mFile: [37m/workspaces/Panel/plugins/MythicMobs/mobs/ExampleMobs.yml[0m[0m
[04:56:41] [Server thread/WARN]: [MythicMobs] --| [35mError Message: [0mDrop type not found.[0m[0m
[04:56:41] [Server thread/WARN]: [MythicMobs] ✗[31m[1m Configuration Error in Drop [36mmanh2 0.3[0m[0m
[04:56:41] [Server thread/WARN]: [MythicMobs] --| [31mFile: [37m/workspaces/Panel/plugins/MythicMobs/mobs/ExampleMobs.yml[0m[0m
[04:56:41] [Server thread/WARN]: [MythicMobs] --| [35mError Message: [0mDrop type not found.[0m[0m
[04:56:41] [Server thread/WARN]: [MythicMobs] ✗[31m[1m Configuration Error in Drop [36mxuongvua 1-4 1[0m[0m
[04:56:41] [Server thread/WARN]: [MythicMobs] --| [31mFile: [37mExampleDropTables.yml[0m[0m
[04:56:41] [Server thread/WARN]: [MythicMobs] --| [35mError Message: [0mDrop type not found.[0m[0m
[04:56:41] [Server thread/WARN]: [MythicMobs] ✗[31m[1m Configuration Error in Drop [36mxuongthuong 1 0.3[0m[0m
[04:56:41] [Server thread/WARN]: [MythicMobs] --| [31mFile: [37mExampleDropTables.yml[0m[0m
[04:56:41] [Server thread/WARN]: [MythicMobs] --| [35mError Message: [0mDrop type not found.[0m[0m
[04:56:41] [Server thread/WARN]: [MythicMobs] ✗[31m[1m Configuration Error in Drop [36mxuongthuong 1 0.3[0m[0m
[04:56:41] [Server thread/WARN]: [MythicMobs] --| [31mFile: [37mExampleDropTables.yml[0m[0m
[04:56:41] [Server thread/WARN]: [MythicMobs] --| [35mError Message: [0mDrop type not found.[0m[0m
[04:56:41] [Server thread/WARN]: [MythicMobs] ✗[31m[1m Configuration Error in Drop [36mxuongvua 1-4 1[0m[0m
[04:56:41] [Server thread/WARN]: [MythicMobs] --| [31mFile: [37mExampleDropTables.yml[0m[0m
[04:56:41] [Server thread/WARN]: [MythicMobs] --| [35mError Message: [0mDrop type not found.[0m[0m
[04:56:41] [Server thread/WARN]: [MythicMobs] ✗[31m[1m Configuration Error in Drop [36mxuongthuong 1 0.3[0m[0m
[04:56:41] [Server thread/WARN]: [MythicMobs] --| [31mFile: [37mExampleDropTables.yml[0m[0m
[04:56:41] [Server thread/WARN]: [MythicMobs] --| [35mError Message: [0mDrop type not found.[0m[0m
[04:56:41] [Server thread/WARN]: [MythicMobs] ✗[31m[1m Configuration Error in Drop [36mxuongthuong 1 0.3[0m[0m
[04:56:41] [Server thread/WARN]: [MythicMobs] --| [31mFile: [37mExampleDropTables.yml[0m[0m
[04:56:41] [Server thread/WARN]: [MythicMobs] --| [35mError Message: [0mDrop type not found.[0m[0m
[04:56:41] [Server thread/INFO]: [PlaceholderAPI] Successfully registered external expansion: player [2.0.8]
[04:56:41] [Server thread/INFO]: [PlaceholderAPI] Successfully registered external expansion: skillapi [1.0.0]
[04:56:41] [Server thread/WARN]: [PlaceholderAPI] Loaded class net.luckperms.api.LuckPerms from LuckPerms v5.4.151 which is not a depend or softdepend of this plugin.
[04:56:41] [Server thread/INFO]: [PlaceholderAPI] Successfully registered external expansion: luckperms [5.4-R2]
[04:56:41] [Server thread/INFO]: [PlaceholderAPI] Successfully registered external expansion: server [2.7.3]
[04:56:41] [Server thread/WARN]: [PlaceholderAPI] Loaded class net.milkbowl.vault.economy.Economy from Vault v1.7.3-b131 which is not a depend or softdepend of this plugin.
[04:56:41] [Server thread/INFO]: [PlaceholderAPI] Successfully registered external expansion: vault [1.8.3]
[04:56:41] [Server thread/INFO]: 5 placeholder hook(s) registered!
[04:56:41] [Server thread/WARN]: [BeautyQuests] *****************************************************
[04:56:41] [Server thread/WARN]: [BeautyQuests] * There is a new version of BeautyQuests available!
[04:56:41] [Server thread/WARN]: [BeautyQuests] *  
[04:56:41] [Server thread/WARN]: [BeautyQuests] * Your version:   §c1.0.4
[04:56:41] [Server thread/WARN]: [BeautyQuests] * Latest version: §a1.0.5
[04:56:41] [Server thread/WARN]: [BeautyQuests] *  
[04:56:41] [Server thread/WARN]: [BeautyQuests] * Please update to the newest version.
[04:56:41] [Server thread/WARN]: [BeautyQuests] *  
[04:56:41] [Server thread/WARN]: [BeautyQuests] * Download:
[04:56:41] [Server thread/WARN]: [BeautyQuests] *   https://www.spigotmc.org/resources/39255
[04:56:41] [Server thread/WARN]: [BeautyQuests] *  
[04:56:41] [Server thread/WARN]: [BeautyQuests] * Support:
[04:56:41] [Server thread/WARN]: [BeautyQuests] *   https://discord.gg/H8fXrkD
[04:56:41] [Server thread/WARN]: [BeautyQuests] *  
[04:56:41] [Server thread/WARN]: [BeautyQuests] * Donate:
[04:56:41] [Server thread/WARN]: [BeautyQuests] *   https://paypal.me/SkytAsul
[04:56:41] [Server thread/WARN]: [BeautyQuests] *****************************************************
[04:56:41] [Server thread/WARN]: [ViaVersion] There is a newer plugin version available: 5.4.2, you're on: 5.2.0
[04:56:41] [Server thread/ERROR]: [MythicMobs] [31m[EVENTS] Exception thrown whilst handling event: org.bukkit.event.entity.CreatureSpawnEvent[37m
[04:56:41] [Server thread/WARN]: java.lang.NullPointerException: Cannot invoke "net.minecraft.world.level.SpawnerCreature$d.a()" because "spawnState" is null
[04:56:41] [Server thread/WARN]: 	at MythicMobs-5.6.1 (1).jar//io.lumine.mythic.core.volatilecode.v1_18_R2.VolatileSpawningHandlerImpl.getSpawnState(VolatileSpawningHandlerImpl.java:89)
[04:56:41] [Server thread/WARN]: 	at MythicMobs-5.6.1 (1).jar//io.lumine.mythic.core.spawning.random.RandomSpawnerManager.getSpawnState(RandomSpawnerManager.java:260)
[04:56:41] [Server thread/WARN]: 	at MythicMobs-5.6.1 (1).jar//io.lumine.mythic.core.spawning.random.RandomSpawnerManager.handleSpawnEvent(RandomSpawnerManager.java:222)
[04:56:41] [Server thread/WARN]: 	at MythicMobs-5.6.1 (1).jar//io.lumine.mythic.bukkit.listeners.MobListeners.lambda$load$8(MobListeners.java:174)
[04:56:41] [Server thread/WARN]: 	at MythicMobs-5.6.1 (1).jar//io.lumine.mythic.bukkit.utils.Delegates$ConsumerToBiConsumerSecond.accept(Delegates.java:144)
[04:56:41] [Server thread/WARN]: 	at MythicMobs-5.6.1 (1).jar//io.lumine.mythic.bukkit.utils.events.functional.single.EventListener.execute(EventListener.java:131)
[04:56:41] [Server thread/WARN]: 	at co.aikar.timings.TimedEventExecutor.execute(TimedEventExecutor.java:80)
[04:56:41] [Server thread/WARN]: 	at org.bukkit.plugin.RegisteredListener.callEvent(RegisteredListener.java:70)
[04:56:41] [Server thread/WARN]: 	at org.bukkit.plugin.SimplePluginManager.callEvent(SimplePluginManager.java:669)
[04:56:41] [Server thread/WARN]: 	at org.bukkit.craftbukkit.v1_18_R2.event.CraftEventFactory.callCreatureSpawnEvent(CraftEventFactory.java:739)
[04:56:41] [Server thread/WARN]: 	at org.bukkit.craftbukkit.v1_18_R2.event.CraftEventFactory.doEntityAddEventCalling(CraftEventFactory.java:644)
[04:56:41] [Server thread/WARN]: 	at net.minecraft.server.level.WorldServer.addEntity(WorldServer.java:1423)
[04:56:41] [Server thread/WARN]: 	at net.minecraft.server.level.WorldServer.addFreshEntity(WorldServer.java:1332)
[04:56:41] [Server thread/WARN]: 	at Citizens-2.0.32.jar//net.citizensnpcs.nms.v1_18_R2.util.NMSImpl.addEntityToWorld(NMSImpl.java:360)
[04:56:41] [Server thread/WARN]: 	at Citizens-2.0.32.jar//net.citizensnpcs.util.NMS.addEntityToWorld(NMS.java:75)
[04:56:41] [Server thread/WARN]: 	at Citizens-2.0.32.jar//net.citizensnpcs.npc.AbstractEntityController.spawn(AbstractEntityController.java:55)
[04:56:41] [Server thread/WARN]: 	at Citizens-2.0.32.jar//net.citizensnpcs.npc.CitizensNPC.spawn(CitizensNPC.java:321)
[04:56:41] [Server thread/WARN]: 	at Citizens-2.0.32.jar//net.citizensnpcs.npc.CitizensNPC.spawn(CitizensNPC.java:280)
[04:56:41] [Server thread/WARN]: 	at Citizens-2.0.32.jar//net.citizensnpcs.trait.HologramTrait.createHologram(HologramTrait.java:112)
[04:56:41] [Server thread/WARN]: 	at Citizens-2.0.32.jar//net.citizensnpcs.trait.HologramTrait.access$500(HologramTrait.java:42)
[04:56:41] [Server thread/WARN]: 	at Citizens-2.0.32.jar//net.citizensnpcs.trait.HologramTrait$HologramLine.spawnNPC(HologramTrait.java:509)
[04:56:41] [Server thread/WARN]: 	at Citizens-2.0.32.jar//net.citizensnpcs.trait.HologramTrait.onSpawn(HologramTrait.java:243)
[04:56:41] [Server thread/WARN]: 	at Citizens-2.0.32.jar//net.citizensnpcs.npc.CitizensNPC$1.accept(CitizensNPC.java:380)
[04:56:41] [Server thread/WARN]: 	at Citizens-2.0.32.jar//net.citizensnpcs.npc.CitizensNPC$1.accept(CitizensNPC.java:344)
[04:56:41] [Server thread/WARN]: 	at Citizens-2.0.32.jar//net.citizensnpcs.npc.CitizensNPC.spawn(CitizensNPC.java:428)
[04:56:41] [Server thread/WARN]: 	at Citizens-2.0.32.jar//net.citizensnpcs.EventListen.spawn(EventListen.java:812)
[04:56:41] [Server thread/WARN]: 	at Citizens-2.0.32.jar//net.citizensnpcs.EventListen.respawnAllFromCoord(EventListen.java:793)
[04:56:41] [Server thread/WARN]: 	at Citizens-2.0.32.jar//net.citizensnpcs.EventListen.access$000(EventListen.java:121)
[04:56:41] [Server thread/WARN]: 	at Citizens-2.0.32.jar//net.citizensnpcs.EventListen$3.run(EventListen.java:221)
[04:56:41] [Server thread/WARN]: 	at org.bukkit.craftbukkit.v1_18_R2.scheduler.CraftTask.run(CraftTask.java:101)
[04:56:41] [Server thread/WARN]: 	at org.bukkit.craftbukkit.v1_18_R2.scheduler.CraftScheduler.mainThreadHeartbeat(CraftScheduler.java:483)
[04:56:41] [Server thread/WARN]: 	at net.minecraft.server.MinecraftServer.w(MinecraftServer.java:1173)
[04:56:41] [Server thread/WARN]: 	at net.minecraft.server.MinecraftServer.lambda$spin$0(MinecraftServer.java:316)
[04:56:41] [Server thread/WARN]: 	at java.base/java.lang.Thread.run(Thread.java:1583)
[04:56:41] [Server thread/ERROR]: [MythicMobs] [31m[EVENTS] Exception thrown whilst handling event: org.bukkit.event.entity.CreatureSpawnEvent[37m
[04:56:41] [Server thread/WARN]: java.lang.NullPointerException: Cannot invoke "net.minecraft.world.level.SpawnerCreature$d.a()" because "spawnState" is null
[04:56:41] [Server thread/WARN]: 	at MythicMobs-5.6.1 (1).jar//io.lumine.mythic.core.volatilecode.v1_18_R2.VolatileSpawningHandlerImpl.getSpawnState(VolatileSpawningHandlerImpl.java:89)
[04:56:41] [Server thread/WARN]: 	at MythicMobs-5.6.1 (1).jar//io.lumine.mythic.core.spawning.random.RandomSpawnerManager.getSpawnState(RandomSpawnerManager.java:260)
[04:56:41] [Server thread/WARN]: 	at MythicMobs-5.6.1 (1).jar//io.lumine.mythic.core.spawning.random.RandomSpawnerManager.handleSpawnEvent(RandomSpawnerManager.java:222)
[04:56:41] [Server thread/WARN]: 	at MythicMobs-5.6.1 (1).jar//io.lumine.mythic.bukkit.listeners.MobListeners.lambda$load$8(MobListeners.java:174)
[04:56:41] [Server thread/WARN]: 	at MythicMobs-5.6.1 (1).jar//io.lumine.mythic.bukkit.utils.Delegates$ConsumerToBiConsumerSecond.accept(Delegates.java:144)
[04:56:41] [Server thread/WARN]: 	at MythicMobs-5.6.1 (1).jar//io.lumine.mythic.bukkit.utils.events.functional.single.EventListener.execute(EventListener.java:131)
[04:56:41] [Server thread/WARN]: 	at co.aikar.timings.TimedEventExecutor.execute(TimedEventExecutor.java:80)
[04:56:41] [Server thread/WARN]: 	at org.bukkit.plugin.RegisteredListener.callEvent(RegisteredListener.java:70)
[04:56:41] [Server thread/WARN]: 	at org.bukkit.plugin.SimplePluginManager.callEvent(SimplePluginManager.java:669)
[04:56:41] [Server thread/WARN]: 	at org.bukkit.craftbukkit.v1_18_R2.event.CraftEventFactory.callCreatureSpawnEvent(CraftEventFactory.java:739)
[04:56:41] [Server thread/WARN]: 	at org.bukkit.craftbukkit.v1_18_R2.event.CraftEventFactory.doEntityAddEventCalling(CraftEventFactory.java:644)
[04:56:41] [Server thread/WARN]: 	at net.minecraft.server.level.WorldServer.addEntity(WorldServer.java:1423)
[04:56:41] [Server thread/WARN]: 	at net.minecraft.server.level.WorldServer.addFreshEntity(WorldServer.java:1332)
[04:56:41] [Server thread/WARN]: 	at Citizens-2.0.32.jar//net.citizensnpcs.nms.v1_18_R2.util.NMSImpl.addEntityToWorld(NMSImpl.java:360)
[04:56:41] [Server thread/WARN]: 	at Citizens-2.0.32.jar//net.citizensnpcs.util.NMS.addEntityToWorld(NMS.java:75)
[04:56:41] [Server thread/WARN]: 	at Citizens-2.0.32.jar//net.citizensnpcs.npc.AbstractEntityController.spawn(AbstractEntityController.java:55)
[04:56:41] [Server thread/WARN]: 	at Citizens-2.0.32.jar//net.citizensnpcs.npc.CitizensNPC.spawn(CitizensNPC.java:321)
[04:56:41] [Server thread/WARN]: 	at Citizens-2.0.32.jar//net.citizensnpcs.npc.CitizensNPC.spawn(CitizensNPC.java:280)
[04:56:41] [Server thread/WARN]: 	at Citizens-2.0.32.jar//net.citizensnpcs.trait.HologramTrait.createHologram(HologramTrait.java:112)
[04:56:41] [Server thread/WARN]: 	at Citizens-2.0.32.jar//net.citizensnpcs.trait.HologramTrait.access$500(HologramTrait.java:42)
[04:56:41] [Server thread/WARN]: 	at Citizens-2.0.32.jar//net.citizensnpcs.trait.HologramTrait$HologramLine.spawnNPC(HologramTrait.java:509)
[04:56:41] [Server thread/WARN]: 	at Citizens-2.0.32.jar//net.citizensnpcs.trait.HologramTrait.onSpawn(HologramTrait.java:243)
[04:56:41] [Server thread/WARN]: 	at Citizens-2.0.32.jar//net.citizensnpcs.npc.CitizensNPC$1.accept(CitizensNPC.java:380)
[04:56:41] [Server thread/WARN]: 	at Citizens-2.0.32.jar//net.citizensnpcs.npc.CitizensNPC$1.accept(CitizensNPC.java:344)
[04:56:41] [Server thread/WARN]: 	at Citizens-2.0.32.jar//net.citizensnpcs.npc.CitizensNPC.spawn(CitizensNPC.java:428)
[04:56:41] [Server thread/WARN]: 	at Citizens-2.0.32.jar//net.citizensnpcs.EventListen.spawn(EventListen.java:812)
[04:56:41] [Server thread/WARN]: 	at Citizens-2.0.32.jar//net.citizensnpcs.EventListen.respawnAllFromCoord(EventListen.java:793)
[04:56:41] [Server thread/WARN]: 	at Citizens-2.0.32.jar//net.citizensnpcs.EventListen.access$000(EventListen.java:121)
[04:56:41] [Server thread/WARN]: 	at Citizens-2.0.32.jar//net.citizensnpcs.EventListen$3.run(EventListen.java:221)
[04:56:41] [Server thread/WARN]: 	at org.bukkit.craftbukkit.v1_18_R2.scheduler.CraftTask.run(CraftTask.java:101)
[04:56:41] [Server thread/WARN]: 	at org.bukkit.craftbukkit.v1_18_R2.scheduler.CraftScheduler.mainThreadHeartbeat(CraftScheduler.java:483)
[04:56:41] [Server thread/WARN]: 	at net.minecraft.server.MinecraftServer.w(MinecraftServer.java:1173)
[04:56:41] [Server thread/WARN]: 	at net.minecraft.server.MinecraftServer.lambda$spin$0(MinecraftServer.java:316)
[04:56:41] [Server thread/WARN]: 	at java.base/java.lang.Thread.run(Thread.java:1583)
[04:56:41] [Craft Scheduler Thread - 16 - ModelEngine/INFO]: [ModelEngine] [A] [0m
[04:56:41] [Craft Scheduler Thread - 16 - ModelEngine/INFO]: [ModelEngine] [A] [35mGenerating tower_skeleton_shield_break.[0m
[04:56:41] [Craft Scheduler Thread - 16 - ModelEngine/INFO]: [ModelEngine] [A] [0m
[04:56:41] [Craft Scheduler Thread - 16 - ModelEngine/INFO]: [ModelEngine] [A] [35mGenerating tower_skeleton_slash_fx.[0m
[04:56:41] [Server thread/ERROR]: [MythicMobs] [31m[EVENTS] Exception thrown whilst handling event: org.bukkit.event.entity.CreatureSpawnEvent[37m
[04:56:41] [Server thread/WARN]: java.lang.NullPointerException: Cannot invoke "net.minecraft.world.level.SpawnerCreature$d.a()" because "spawnState" is null
[04:56:41] [Server thread/WARN]: 	at MythicMobs-5.6.1 (1).jar//io.lumine.mythic.core.volatilecode.v1_18_R2.VolatileSpawningHandlerImpl.getSpawnState(VolatileSpawningHandlerImpl.java:89)
[04:56:41] [Server thread/WARN]: 	at MythicMobs-5.6.1 (1).jar//io.lumine.mythic.core.spawning.random.RandomSpawnerManager.getSpawnState(RandomSpawnerManager.java:260)
[04:56:41] [Server thread/WARN]: 	at MythicMobs-5.6.1 (1).jar//io.lumine.mythic.core.spawning.random.RandomSpawnerManager.handleSpawnEvent(RandomSpawnerManager.java:222)
[04:56:41] [Server thread/WARN]: 	at MythicMobs-5.6.1 (1).jar//io.lumine.mythic.bukkit.listeners.MobListeners.lambda$load$8(MobListeners.java:174)
[04:56:41] [Server thread/WARN]: 	at MythicMobs-5.6.1 (1).jar//io.lumine.mythic.bukkit.utils.Delegates$ConsumerToBiConsumerSecond.accept(Delegates.java:144)
[04:56:41] [Server thread/WARN]: 	at MythicMobs-5.6.1 (1).jar//io.lumine.mythic.bukkit.utils.events.functional.single.EventListener.execute(EventListener.java:131)
[04:56:41] [Server thread/WARN]: 	at co.aikar.timings.TimedEventExecutor.execute(TimedEventExecutor.java:80)
[04:56:41] [Server thread/WARN]: 	at org.bukkit.plugin.RegisteredListener.callEvent(RegisteredListener.java:70)
[04:56:41] [Server thread/WARN]: 	at org.bukkit.plugin.SimplePluginManager.callEvent(SimplePluginManager.java:669)
[04:56:41] [Server thread/WARN]: 	at org.bukkit.craftbukkit.v1_18_R2.event.CraftEventFactory.callCreatureSpawnEvent(CraftEventFactory.java:739)
[04:56:41] [Server thread/WARN]: 	at org.bukkit.craftbukkit.v1_18_R2.event.CraftEventFactory.doEntityAddEventCalling(CraftEventFactory.java:644)
[04:56:41] [Server thread/WARN]: 	at net.minecraft.server.level.WorldServer.addEntity(WorldServer.java:1423)
[04:56:41] [Server thread/WARN]: 	at net.minecraft.server.level.WorldServer.addFreshEntity(WorldServer.java:1332)
[04:56:41] [Server thread/WARN]: 	at Citizens-2.0.32.jar//net.citizensnpcs.nms.v1_18_R2.util.NMSImpl.addEntityToWorld(NMSImpl.java:360)
[04:56:41] [Server thread/WARN]: 	at Citizens-2.0.32.jar//net.citizensnpcs.util.NMS.addEntityToWorld(NMS.java:75)
[04:56:41] [Server thread/WARN]: 	at Citizens-2.0.32.jar//net.citizensnpcs.npc.AbstractEntityController.spawn(AbstractEntityController.java:55)
[04:56:41] [Server thread/WARN]: 	at Citizens-2.0.32.jar//net.citizensnpcs.npc.CitizensNPC.spawn(CitizensNPC.java:321)
[04:56:41] [Server thread/WARN]: 	at Citizens-2.0.32.jar//net.citizensnpcs.npc.CitizensNPC.spawn(CitizensNPC.java:280)
[04:56:41] [Server thread/WARN]: 	at Citizens-2.0.32.jar//net.citizensnpcs.trait.HologramTrait.createHologram(HologramTrait.java:112)
[04:56:41] [Server thread/WARN]: 	at Citizens-2.0.32.jar//net.citizensnpcs.trait.HologramTrait.access$500(HologramTrait.java:42)
[04:56:41] [Server thread/WARN]: 	at Citizens-2.0.32.jar//net.citizensnpcs.trait.HologramTrait$HologramLine.spawnNPC(HologramTrait.java:509)
[04:56:41] [Server thread/WARN]: 	at Citizens-2.0.32.jar//net.citizensnpcs.trait.HologramTrait.onSpawn(HologramTrait.java:243)
[04:56:41] [Server thread/WARN]: 	at Citizens-2.0.32.jar//net.citizensnpcs.npc.CitizensNPC$1.accept(CitizensNPC.java:380)
[04:56:41] [Server thread/WARN]: 	at Citizens-2.0.32.jar//net.citizensnpcs.npc.CitizensNPC$1.accept(CitizensNPC.java:344)
[04:56:41] [Server thread/WARN]: 	at Citizens-2.0.32.jar//net.citizensnpcs.npc.CitizensNPC.spawn(CitizensNPC.java:428)
[04:56:41] [Server thread/WARN]: 	at Citizens-2.0.32.jar//net.citizensnpcs.EventListen.spawn(EventListen.java:812)
[04:56:41] [Server thread/WARN]: 	at Citizens-2.0.32.jar//net.citizensnpcs.EventListen.respawnAllFromCoord(EventListen.java:793)
[04:56:41] [Server thread/WARN]: 	at Citizens-2.0.32.jar//net.citizensnpcs.EventListen.access$000(EventListen.java:121)
[04:56:41] [Server thread/WARN]: 	at Citizens-2.0.32.jar//net.citizensnpcs.EventListen$3.run(EventListen.java:221)
[04:56:41] [Server thread/WARN]: 	at org.bukkit.craftbukkit.v1_18_R2.scheduler.CraftTask.run(CraftTask.java:101)
[04:56:41] [Server thread/WARN]: 	at org.bukkit.craftbukkit.v1_18_R2.scheduler.CraftScheduler.mainThreadHeartbeat(CraftScheduler.java:483)
[04:56:41] [Server thread/WARN]: 	at net.minecraft.server.MinecraftServer.w(MinecraftServer.java:1173)
[04:56:41] [Server thread/WARN]: 	at net.minecraft.server.MinecraftServer.lambda$spin$0(MinecraftServer.java:316)
[04:56:41] [Server thread/WARN]: 	at java.base/java.lang.Thread.run(Thread.java:1583)
[04:56:41] [Server thread/ERROR]: [MythicMobs] [31m[EVENTS] Exception thrown whilst handling event: org.bukkit.event.entity.CreatureSpawnEvent[37m
[04:56:41] [Server thread/WARN]: java.lang.NullPointerException: Cannot invoke "net.minecraft.world.level.SpawnerCreature$d.a()" because "spawnState" is null
[04:56:41] [Server thread/WARN]: 	at MythicMobs-5.6.1 (1).jar//io.lumine.mythic.core.volatilecode.v1_18_R2.VolatileSpawningHandlerImpl.getSpawnState(VolatileSpawningHandlerImpl.java:89)
[04:56:41] [Server thread/WARN]: 	at MythicMobs-5.6.1 (1).jar//io.lumine.mythic.core.spawning.random.RandomSpawnerManager.getSpawnState(RandomSpawnerManager.java:260)
[04:56:41] [Server thread/WARN]: 	at MythicMobs-5.6.1 (1).jar//io.lumine.mythic.core.spawning.random.RandomSpawnerManager.handleSpawnEvent(RandomSpawnerManager.java:222)
[04:56:41] [Server thread/WARN]: 	at MythicMobs-5.6.1 (1).jar//io.lumine.mythic.bukkit.listeners.MobListeners.lambda$load$8(MobListeners.java:174)
[04:56:41] [Server thread/WARN]: 	at MythicMobs-5.6.1 (1).jar//io.lumine.mythic.bukkit.utils.Delegates$ConsumerToBiConsumerSecond.accept(Delegates.java:144)
[04:56:41] [Server thread/WARN]: 	at MythicMobs-5.6.1 (1).jar//io.lumine.mythic.bukkit.utils.events.functional.single.EventListener.execute(EventListener.java:131)
[04:56:41] [Server thread/WARN]: 	at co.aikar.timings.TimedEventExecutor.execute(TimedEventExecutor.java:80)
[04:56:41] [Server thread/WARN]: 	at org.bukkit.plugin.RegisteredListener.callEvent(RegisteredListener.java:70)
[04:56:41] [Server thread/WARN]: 	at org.bukkit.plugin.SimplePluginManager.callEvent(SimplePluginManager.java:669)
[04:56:41] [Server thread/WARN]: 	at org.bukkit.craftbukkit.v1_18_R2.event.CraftEventFactory.callCreatureSpawnEvent(CraftEventFactory.java:739)
[04:56:41] [Server thread/WARN]: 	at org.bukkit.craftbukkit.v1_18_R2.event.CraftEventFactory.doEntityAddEventCalling(CraftEventFactory.java:644)
[04:56:41] [Server thread/WARN]: 	at net.minecraft.server.level.WorldServer.addEntity(WorldServer.java:1423)
[04:56:41] [Server thread/WARN]: 	at net.minecraft.server.level.WorldServer.addFreshEntity(WorldServer.java:1332)
[04:56:41] [Server thread/WARN]: 	at Citizens-2.0.32.jar//net.citizensnpcs.nms.v1_18_R2.util.NMSImpl.addEntityToWorld(NMSImpl.java:360)
[04:56:41] [Server thread/WARN]: 	at Citizens-2.0.32.jar//net.citizensnpcs.util.NMS.addEntityToWorld(NMS.java:75)
[04:56:41] [Server thread/WARN]: 	at Citizens-2.0.32.jar//net.citizensnpcs.npc.AbstractEntityController.spawn(AbstractEntityController.java:55)
[04:56:41] [Server thread/WARN]: 	at Citizens-2.0.32.jar//net.citizensnpcs.npc.CitizensNPC.spawn(CitizensNPC.java:321)
[04:56:41] [Server thread/WARN]: 	at Citizens-2.0.32.jar//net.citizensnpcs.npc.CitizensNPC.spawn(CitizensNPC.java:280)
[04:56:41] [Server thread/WARN]: 	at Citizens-2.0.32.jar//net.citizensnpcs.trait.HologramTrait.createHologram(HologramTrait.java:112)
[04:56:41] [Server thread/WARN]: 	at Citizens-2.0.32.jar//net.citizensnpcs.trait.HologramTrait.access$500(HologramTrait.java:42)
[04:56:41] [Server thread/WARN]: 	at Citizens-2.0.32.jar//net.citizensnpcs.trait.HologramTrait$HologramLine.spawnNPC(HologramTrait.java:509)
[04:56:41] [Server thread/WARN]: 	at Citizens-2.0.32.jar//net.citizensnpcs.trait.HologramTrait.onSpawn(HologramTrait.java:243)
[04:56:41] [Server thread/WARN]: 	at Citizens-2.0.32.jar//net.citizensnpcs.npc.CitizensNPC$1.accept(CitizensNPC.java:380)
[04:56:41] [Server thread/WARN]: 	at Citizens-2.0.32.jar//net.citizensnpcs.npc.CitizensNPC$1.accept(CitizensNPC.java:344)
[04:56:41] [Server thread/WARN]: 	at Citizens-2.0.32.jar//net.citizensnpcs.npc.CitizensNPC.spawn(CitizensNPC.java:428)
[04:56:41] [Server thread/WARN]: 	at Citizens-2.0.32.jar//net.citizensnpcs.EventListen.spawn(EventListen.java:812)
[04:56:41] [Server thread/WARN]: 	at Citizens-2.0.32.jar//net.citizensnpcs.EventListen.respawnAllFromCoord(EventListen.java:793)
[04:56:41] [Server thread/WARN]: 	at Citizens-2.0.32.jar//net.citizensnpcs.EventListen.access$000(EventListen.java:121)
[04:56:41] [Server thread/WARN]: 	at Citizens-2.0.32.jar//net.citizensnpcs.EventListen$3.run(EventListen.java:221)
[04:56:41] [Server thread/WARN]: 	at org.bukkit.craftbukkit.v1_18_R2.scheduler.CraftTask.run(CraftTask.java:101)
[04:56:41] [Server thread/WARN]: 	at org.bukkit.craftbukkit.v1_18_R2.scheduler.CraftScheduler.mainThreadHeartbeat(CraftScheduler.java:483)
[04:56:41] [Server thread/WARN]: 	at net.minecraft.server.MinecraftServer.w(MinecraftServer.java:1173)
[04:56:41] [Server thread/WARN]: 	at net.minecraft.server.MinecraftServer.lambda$spin$0(MinecraftServer.java:316)
[04:56:41] [Server thread/WARN]: 	at java.base/java.lang.Thread.run(Thread.java:1583)
[04:56:41] [Craft Scheduler Thread - 16 - ModelEngine/INFO]: [ModelEngine] [A] [0m
[04:56:41] [Craft Scheduler Thread - 16 - ModelEngine/INFO]: [ModelEngine] [A] [35mGenerating tower_skeleton_summon_hole.[0m
[04:56:41] [Server thread/INFO]: Done (33.015s)! For help, type "help"
[04:56:41] [Server thread/INFO]: Timings Reset
[04:56:41] [Server thread/INFO]: [BeautyQuests] 6 quests loaded (0.04s)!
[04:56:41] [Server thread/INFO]: [BeautyQuests] Periodic saves task started (18000 ticks). Task ID: 1164
[04:56:41] [Craft Scheduler Thread - 16 - ModelEngine/INFO]: [ModelEngine] [A] [0m
[04:56:41] [Craft Scheduler Thread - 16 - ModelEngine/INFO]: [ModelEngine] [A] [35mGenerating tower_skeleton_throne.[0m
[04:56:41] [Craft Scheduler Thread - 16 - ModelEngine/INFO]: [ModelEngine] [A] [0m
[04:56:41] [Craft Scheduler Thread - 16 - ModelEngine/INFO]: [ModelEngine] [A] [35mGenerating mso_laval_lord.[0m
[04:56:41] [Craft Scheduler Thread - 16 - ModelEngine/INFO]: [ModelEngine] [A] [0m
[04:56:41] [Craft Scheduler Thread - 16 - ModelEngine/INFO]: [ModelEngine] [A] [35mGenerating mso_lavastone_golem.[0m
[04:56:42] [Server thread/INFO]: Created team [ACdontTouch]
[04:56:42] [Server thread/INFO]: Collision rule for team [ACdontTouch] is now "Never"
[04:56:42] [Server thread/INFO]: Killed 4 entities
[04:56:42] [Server thread/INFO]: Reloading MMOCore 1.12.1-SNAPSHOT...
[04:56:42] [Server thread/WARN]: [MMOCore] Could not find damage cause called 'SONIC_BOOM'
[04:56:42] [Craft Scheduler Thread - 16 - ModelEngine/INFO]: [ModelEngine] [A] [0m
[04:56:42] [Craft Scheduler Thread - 16 - ModelEngine/INFO]: [ModelEngine] [A] [38;5;46mResource pack zipped.[0m
[04:56:42] [Server thread/WARN]: [MMOCore] Could not load subclass 'ARCANE_MAGE' from class 'MAGE': Could not find class with ID 'ARCANE_MAGE'
[04:56:42] [Server thread/WARN]: [MMOCore] Could not load loot chest region 'sample-region' from file 'default_loot_chests.yml': Could not find world 'world_name_here'
[04:56:42] [Server thread/WARN]: [MMOCore] Could not load loot chest region 'sample-region' from file 'loot-chests.yml': Could not find world 'world_name_here'
[04:56:42] [Server thread/WARN]: [MMOCore] Could not load waypoint 'spawn' from file 'waypoints.yml': There is already a waypoint with ID 'spawn'
[04:56:42] [Server thread/WARN]: [MMOCore] Could not load waypoint 'spawn1' from file 'waypoints.yml': There is already a waypoint with ID 'spawn1'
[04:56:42] [Server thread/WARN]: [MMOCore] Could not load waypoint 'spawn2' from file 'waypoints.yml': There is already a waypoint with ID 'spawn2'
[04:56:42] [Server thread/WARN]: [MMOCore] Could not load item 'arcane-mage' from inventory 'subclass-select': Could not find class with ID 'ARCANE_MAGE'
[04:56:42] [Server thread/INFO]: MMOCore 1.12.1-SNAPSHOT successfully reloaded.
[04:56:42] [Server thread/INFO]: Time Taken: 200ms (4.0 ticks)
[04:56:42] [Craft Scheduler Thread - 13 - DeluxeCombat/WARN]: [DeluxeCombat] Plugin DeluxeCombat v1.70.1 generated an exception while executing task 284
java.lang.NumberFormatException: For input string: "RL-32"
	at java.lang.NumberFormatException.forInputString(NumberFormatException.java:67) ~[?:?]
	at java.lang.Integer.parseInt(Integer.java:662) ~[?:?]
	at java.lang.Integer.parseInt(Integer.java:778) ~[?:?]
	at nl.marido.deluxecombat.libraries.Updater.shouldUpdate(Updater.java:98) ~[DeluxeCombat v.1.70.1.jar:?]
	at nl.marido.deluxecombat.libraries.Updater.versionCheck(Updater.java:90) ~[DeluxeCombat v.1.70.1.jar:?]
	at nl.marido.deluxecombat.libraries.Updater.run(Updater.java:83) ~[DeluxeCombat v.1.70.1.jar:?]
	at nl.marido.deluxecombat.libraries.Updater.<init>(Updater.java:67) ~[DeluxeCombat v.1.70.1.jar:?]
	at nl.marido.deluxecombat.DeluxeCombat$1.run(DeluxeCombat.java:697) ~[DeluxeCombat v.1.70.1.jar:?]
	at org.bukkit.craftbukkit.v1_18_R2.scheduler.CraftTask.run(CraftTask.java:101) ~[paper-1.18.2.jar:git-Paper-388]
	at org.bukkit.craftbukkit.v1_18_R2.scheduler.CraftAsyncTask.run(CraftAsyncTask.java:57) ~[paper-1.18.2.jar:git-Paper-388]
	at com.destroystokyo.paper.ServerSchedulerReportingWrapper.run(ServerSchedulerReportingWrapper.java:22) ~[paper-1.18.2.jar:git-Paper-388]
	at java.util.concurrent.ThreadPoolExecutor.runWorker(ThreadPoolExecutor.java:1144) ~[?:?]
	at java.util.concurrent.ThreadPoolExecutor$Worker.run(ThreadPoolExecutor.java:642) ~[?:?]
	at java.lang.Thread.run(Thread.java:1583) ~[?:?]
[04:56:46] [Server thread/INFO]: [DeluxeCombat] Hooked into MMOItems, PlaceholderAPI, Citizens, Vault and Vault.
[04:57:12] [Thread-13/INFO]: [gg.playit.minecraft.PlayitManager] got new client: NewClient{connectAddr=147.185.221.194:36655, peerAddr=14.177.8.247:53974, claimAddress=209.25.142.2:43784, claimToken=[44, 0, 68, -109, -71, -35, -62, -113, 47, 14, -79, 8, -9, -46, -42, 92, -120, -77, -88, -85, 8, 104, -116, 73, 41, 0, 0, 0, 0, 0, 14, -69, 124, 0, 0, 0, 0, 0, 60, 78, -79, 0, 0, 0, 0, 0, 16, 18, -103, -26, -88, -85, 8, 0, 0, 0, 0, 18, 0, 0, 0, 0, 0, 0, 0, 1, 0, 0, 32, 65, 59, 74, -126, 10, -106, -37, 34, -13, 13, 87, -22, -78, 32, -5], tunnelServerId=1, dataCenterId=18}
[04:57:12] [Thread-13/INFO]: [gg.playit.minecraft.PlayitManager] starting tcp tunnel for client
[04:57:12] [Thread-13/INFO]: [gg.playit.minecraft.PlayitTcpTunnel] start connection to /209.25.142.2:43784 to claim client
[04:57:12] [nioEventLoopGroup-2-1/INFO]: [gg.playit.minecraft.PlayitTcpTunnel] connected to tunnel server, sending claim token
[04:57:12] [nioEventLoopGroup-2-1/INFO]: [gg.playit.minecraft.PlayitTcpTunnel] claim token sent
[04:57:13] [nioEventLoopGroup-2-1/INFO]: [gg.playit.minecraft.PlayitTcpTunnel] connection to tunnel server has been established
[04:57:13] [nioEventLoopGroup-2-1/INFO]: [gg.playit.minecraft.PlayitTcpTunnel] Reflect: ReflectionHelper{ServerConnection=class net.minecraft.server.network.ServerConnection, LegacyPingHandler=class net.minecraft.server.network.LegacyPingHandler, MinecraftServer=class net.minecraft.server.MinecraftServer, PacketSplitter=class net.minecraft.network.PacketSplitter, PacketDecoder=class net.minecraft.network.PacketDecoder, EnumProtocolDirection=class net.minecraft.network.protocol.EnumProtocolDirection, PacketPrepender=class net.minecraft.network.PacketPrepender, PacketEncoder=class net.minecraft.network.PacketEncoder, NetworkManagerServer=class net.minecraft.network.NetworkManagerServer, NetworkManager=class net.minecraft.network.NetworkManager, HandshakeListener=class net.minecraft.server.network.HandshakeListener, PacketListener=interface net.minecraft.network.PacketListener, CraftServer=null}
[04:57:13] [nioEventLoopGroup-2-1/INFO]: [gg.playit.minecraft.PlayitTcpTunnel] failed to get Minecraft server from Bukkit.getServer()
[04:57:13] [nioEventLoopGroup-2-1/INFO]: [gg.playit.minecraft.PlayitTcpTunnel] connecting to minecraft server at localhost/127.0.0.1:25565
[04:57:13] [nioEventLoopGroup-2-2/INFO]: [gg.playit.minecraft.PlayitTcpTunnel] connected to local minecraft server
[04:57:13] [User Authenticator #1/INFO]: UUID of player axolotlstk is b1616f7d-20ba-3499-aea3-59ab27d4941c
[04:57:13] [TAB Scoreboard Thread/WARN]: [PlaceholderAPI] Loaded class com.sucy.skill.SkillAPI from Fabled v1.0.4-R0.1-SNAPSHOT which is not a depend or softdepend of this plugin.
[04:57:13] [Server thread/INFO]: axolotlstk joined the game
[04:57:13] [Server thread/INFO]: axolotlstk[/127.0.0.1:45232] logged in with entity id 66 at ([world]0.4963, 139.0, -15.535)
[04:57:43] [Server thread/INFO]: axolotlstk lost connection: Login timeout exceeded, you have been kicked from the server, please try again!
[04:57:43] [Server thread/INFO]: axolotlstk left the game
[04:57:48] [Server thread/INFO]: Reloading MMOCore 1.12.1-SNAPSHOT...
[04:57:48] [Server thread/WARN]: [MMOCore] Could not find damage cause called 'SONIC_BOOM'
[04:57:48] [Server thread/WARN]: [MMOCore] Could not load subclass 'ARCANE_MAGE' from class 'MAGE': Could not find class with ID 'ARCANE_MAGE'
[04:57:48] [Server thread/WARN]: [MMOCore] Could not load loot chest region 'sample-region' from file 'default_loot_chests.yml': Could not find world 'world_name_here'
[04:57:48] [Server thread/WARN]: [MMOCore] Could not load loot chest region 'sample-region' from file 'loot-chests.yml': Could not find world 'world_name_here'
[04:57:48] [Server thread/WARN]: [MMOCore] Could not load waypoint 'spawn' from file 'waypoints.yml': There is already a waypoint with ID 'spawn'
[04:57:48] [Server thread/WARN]: [MMOCore] Could not load waypoint 'spawn1' from file 'waypoints.yml': There is already a waypoint with ID 'spawn1'
[04:57:48] [Server thread/WARN]: [MMOCore] Could not load waypoint 'spawn2' from file 'waypoints.yml': There is already a waypoint with ID 'spawn2'
[04:57:48] [Server thread/WARN]: [MMOCore] Could not load item 'arcane-mage' from inventory 'subclass-select': Could not find class with ID 'ARCANE_MAGE'
[04:57:48] [Server thread/INFO]: MMOCore 1.12.1-SNAPSHOT successfully reloaded.
[04:57:48] [Server thread/INFO]: Time Taken: 110ms (2.2 ticks)
[04:57:49] [Server thread/INFO]: Named entity EntitySkeletonWither['Hiệp Sĩ Xương [0.5]'/206, uuid='21a8294d-def7-45dd-866f-1658bccaef94', l='ServerLevel[world]', x=64.50, y=79.00, z=-39.50, cpos=[4, -3], tl=498, v=true] died: Hiệp Sĩ Xương [0.5] suffocated in a wall
[04:57:53] [Server thread/INFO]: Killed 8 entities
[04:58:01] [Server thread/INFO]: Named entity EntitySkeletonWither['Hiệp Sĩ Xương [0.5]'/334, uuid='23e93137-ed93-4044-b973-bcc97335a0b5', l='ServerLevel[world]', x=-88.50, y=62.00, z=-36.50, cpos=[-6, -3], tl=503, v=true] died: Hiệp Sĩ Xương [0.5] suffocated in a wall
[04:58:08] [Thread-13/INFO]: [gg.playit.minecraft.PlayitManager] got new client: NewClient{connectAddr=147.185.221.194:36655, peerAddr=14.177.8.247:53981, claimAddress=209.25.142.2:43784, claimToken=[44, 0, 68, -109, -71, -35, -62, -113, 47, 14, -79, 8, -9, -46, -35, -16, -113, -126, -56, -85, 8, 104, -116, 73, 96, 0, 0, 0, 0, 0, 14, -69, 124, 0, 0, 0, 0, 0, 60, 78, -79, 0, 0, 0, 0, 0, 16, 18, -103, 97, -56, -85, 8, 0, 0, 0, 0, 18, 0, 0, 0, 0, 0, 0, 0, 1, 0, 1, -40, 60, 25, -1, 89, 111, -89, -119, 50, -38, 44, -27, 39, 87, -33, 62], tunnelServerId=1, dataCenterId=18}
[04:58:08] [Thread-13/INFO]: [gg.playit.minecraft.PlayitManager] starting tcp tunnel for client
[04:58:08] [Thread-13/INFO]: [gg.playit.minecraft.PlayitTcpTunnel] start connection to /209.25.142.2:43784 to claim client
[04:58:08] [nioEventLoopGroup-2-3/INFO]: [gg.playit.minecraft.PlayitTcpTunnel] connected to tunnel server, sending claim token
[04:58:08] [nioEventLoopGroup-2-3/INFO]: [gg.playit.minecraft.PlayitTcpTunnel] claim token sent
[04:58:08] [nioEventLoopGroup-2-3/INFO]: [gg.playit.minecraft.PlayitTcpTunnel] connection to tunnel server has been established
[04:58:08] [nioEventLoopGroup-2-3/INFO]: [gg.playit.minecraft.PlayitTcpTunnel] Reflect: ReflectionHelper{ServerConnection=class net.minecraft.server.network.ServerConnection, LegacyPingHandler=class net.minecraft.server.network.LegacyPingHandler, MinecraftServer=class net.minecraft.server.MinecraftServer, PacketSplitter=class net.minecraft.network.PacketSplitter, PacketDecoder=class net.minecraft.network.PacketDecoder, EnumProtocolDirection=class net.minecraft.network.protocol.EnumProtocolDirection, PacketPrepender=class net.minecraft.network.PacketPrepender, PacketEncoder=class net.minecraft.network.PacketEncoder, NetworkManagerServer=class net.minecraft.network.NetworkManagerServer, NetworkManager=class net.minecraft.network.NetworkManager, HandshakeListener=class net.minecraft.server.network.HandshakeListener, PacketListener=interface net.minecraft.network.PacketListener, CraftServer=null}
[04:58:08] [nioEventLoopGroup-2-3/INFO]: [gg.playit.minecraft.PlayitTcpTunnel] failed to get Minecraft server from Bukkit.getServer()
[04:58:08] [nioEventLoopGroup-2-3/INFO]: [gg.playit.minecraft.PlayitTcpTunnel] connecting to minecraft server at localhost/127.0.0.1:25565
[04:58:08] [nioEventLoopGroup-2-4/INFO]: [gg.playit.minecraft.PlayitTcpTunnel] connected to local minecraft server
[04:58:09] [Thread-13/INFO]: [gg.playit.minecraft.PlayitManager] got new client: NewClient{connectAddr=147.185.221.194:36655, peerAddr=14.177.8.247:53987, claimAddress=209.25.142.2:43784, claimToken=[44, 0, 68, -109, -71, -35, -62, -113, 47, 14, -79, 8, -9, -46, -29, 90, 10, 25, 23, -85, 8, 104, -116, 73, 97, 0, 0, 0, 0, 0, 14, -69, 124, 0, 0, 0, 0, 0, 60, 78, -79, 0, 0, 0, 0, 0, 16, 18, -103, -58, 23, -85, 8, 0, 0, 0, 0, 18, 0, 0, 0, 0, 0, 0, 0, 1, 0, 0, 30, 2, -1, -97, -15, -101, -114, 106, 54, 127, 75, 67, -14, -102, 85, -79], tunnelServerId=1, dataCenterId=18}
[04:58:09] [Thread-13/INFO]: [gg.playit.minecraft.PlayitManager] starting tcp tunnel for client
[04:58:09] [Thread-13/INFO]: [gg.playit.minecraft.PlayitTcpTunnel] start connection to /209.25.142.2:43784 to claim client
[04:58:09] [nioEventLoopGroup-2-1/INFO]: [gg.playit.minecraft.PlayitTcpTunnel] connected to tunnel server, sending claim token
[04:58:09] [nioEventLoopGroup-2-1/INFO]: [gg.playit.minecraft.PlayitTcpTunnel] claim token sent
[04:58:09] [nioEventLoopGroup-2-1/INFO]: [gg.playit.minecraft.PlayitTcpTunnel] connection to tunnel server has been established
[04:58:09] [nioEventLoopGroup-2-1/INFO]: [gg.playit.minecraft.PlayitTcpTunnel] Reflect: ReflectionHelper{ServerConnection=class net.minecraft.server.network.ServerConnection, LegacyPingHandler=class net.minecraft.server.network.LegacyPingHandler, MinecraftServer=class net.minecraft.server.MinecraftServer, PacketSplitter=class net.minecraft.network.PacketSplitter, PacketDecoder=class net.minecraft.network.PacketDecoder, EnumProtocolDirection=class net.minecraft.network.protocol.EnumProtocolDirection, PacketPrepender=class net.minecraft.network.PacketPrepender, PacketEncoder=class net.minecraft.network.PacketEncoder, NetworkManagerServer=class net.minecraft.network.NetworkManagerServer, NetworkManager=class net.minecraft.network.NetworkManager, HandshakeListener=class net.minecraft.server.network.HandshakeListener, PacketListener=interface net.minecraft.network.PacketListener, CraftServer=null}
[04:58:09] [nioEventLoopGroup-2-1/INFO]: [gg.playit.minecraft.PlayitTcpTunnel] failed to get Minecraft server from Bukkit.getServer()
[04:58:09] [nioEventLoopGroup-2-1/INFO]: [gg.playit.minecraft.PlayitTcpTunnel] connecting to minecraft server at localhost/127.0.0.1:25565
[04:58:09] [nioEventLoopGroup-2-2/INFO]: [gg.playit.minecraft.PlayitTcpTunnel] connected to local minecraft server
[04:58:09] [User Authenticator #1/INFO]: UUID of player axolotlstk is b1616f7d-20ba-3499-aea3-59ab27d4941c
[04:58:09] [Server thread/INFO]: axolotlstk joined the game
[04:58:09] [Server thread/INFO]: axolotlstk[/127.0.0.1:53782] logged in with entity id 431 at ([world]0.4963, 139.0, -15.535)
[04:58:23] [nioEventLoopGroup-2-1/WARN]: [gg.playit.minecraft.PlayitTcpTunnel] failed to send data to tunnel
[04:58:23] [nioEventLoopGroup-2-1/WARN]: [gg.playit.minecraft.PlayitTcpTunnel] failed to send data to tunnel
[04:58:23] [nioEventLoopGroup-2-1/WARN]: [gg.playit.minecraft.PlayitTcpTunnel] failed to send data to tunnel
[04:58:23] [nioEventLoopGroup-2-1/WARN]: [gg.playit.minecraft.PlayitTcpTunnel] failed to send data to tunnel
[04:58:23] [nioEventLoopGroup-2-1/WARN]: [gg.playit.minecraft.PlayitTcpTunnel] failed to send data to tunnel
[04:58:23] [nioEventLoopGroup-2-1/WARN]: [gg.playit.minecraft.PlayitTcpTunnel] failed to send data to tunnel
[04:58:23] [nioEventLoopGroup-2-1/WARN]: [gg.playit.minecraft.PlayitTcpTunnel] failed to send data to tunnel
[04:58:23] [nioEventLoopGroup-2-1/WARN]: [gg.playit.minecraft.PlayitTcpTunnel] failed to send data to tunnel
[04:58:23] [nioEventLoopGroup-2-1/WARN]: [gg.playit.minecraft.PlayitTcpTunnel] failed to send data to tunnel
[04:58:23] [nioEventLoopGroup-2-1/WARN]: [gg.playit.minecraft.PlayitTcpTunnel] failed to send data to tunnel
[04:58:23] [nioEventLoopGroup-2-1/WARN]: [gg.playit.minecraft.PlayitTcpTunnel] failed to send data to tunnel
[04:58:23] [nioEventLoopGroup-2-1/WARN]: [gg.playit.minecraft.PlayitTcpTunnel] failed to send data to tunnel
[04:58:23] [nioEventLoopGroup-2-1/WARN]: [gg.playit.minecraft.PlayitTcpTunnel] failed to send data to tunnel
[04:58:23] [nioEventLoopGroup-2-1/WARN]: [gg.playit.minecraft.PlayitTcpTunnel] failed to send data to tunnel
[04:58:23] [nioEventLoopGroup-2-1/WARN]: [gg.playit.minecraft.PlayitTcpTunnel] failed to send data to tunnel
[04:58:23] [nioEventLoopGroup-2-1/WARN]: [gg.playit.minecraft.PlayitTcpTunnel] failed to send data to tunnel
[04:58:23] [nioEventLoopGroup-2-1/WARN]: [gg.playit.minecraft.PlayitTcpTunnel] failed to send data to tunnel
[04:58:23] [nioEventLoopGroup-2-1/WARN]: [gg.playit.minecraft.PlayitTcpTunnel] failed to send data to tunnel
[04:58:23] [nioEventLoopGroup-2-1/WARN]: [gg.playit.minecraft.PlayitTcpTunnel] failed to send data to tunnel
[04:58:23] [nioEventLoopGroup-2-1/WARN]: [gg.playit.minecraft.PlayitTcpTunnel] failed to send data to tunnel
[04:58:23] [nioEventLoopGroup-2-1/WARN]: [gg.playit.minecraft.PlayitTcpTunnel] failed to send data to tunnel
[04:58:23] [nioEventLoopGroup-2-1/WARN]: [gg.playit.minecraft.PlayitTcpTunnel] failed to send data to tunnel
[04:58:23] [nioEventLoopGroup-2-1/WARN]: [gg.playit.minecraft.PlayitTcpTunnel] failed to send data to tunnel
[04:58:23] [nioEventLoopGroup-2-1/WARN]: [gg.playit.minecraft.PlayitTcpTunnel] failed to send data to tunnel
[04:58:23] [nioEventLoopGroup-2-1/WARN]: [gg.playit.minecraft.PlayitTcpTunnel] failed to send data to tunnel
[04:58:23] [nioEventLoopGroup-2-1/WARN]: [gg.playit.minecraft.PlayitTcpTunnel] failed to send data to tunnel
[04:58:23] [nioEventLoopGroup-2-1/WARN]: [gg.playit.minecraft.PlayitTcpTunnel] failed to send data to tunnel
[04:58:23] [nioEventLoopGroup-2-1/WARN]: [gg.playit.minecraft.PlayitTcpTunnel] failed to send data to tunnel
[04:58:23] [nioEventLoopGroup-2-1/WARN]: [gg.playit.minecraft.PlayitTcpTunnel] failed to send data to tunnel
[04:58:23] [nioEventLoopGroup-2-1/WARN]: [gg.playit.minecraft.PlayitTcpTunnel] failed to send data to tunnel
[04:58:23] [nioEventLoopGroup-2-1/WARN]: [gg.playit.minecraft.PlayitTcpTunnel] failed to send data to tunnel
[04:58:23] [nioEventLoopGroup-2-1/WARN]: [gg.playit.minecraft.PlayitTcpTunnel] failed to send data to tunnel
[04:58:23] [nioEventLoopGroup-2-1/WARN]: [gg.playit.minecraft.PlayitTcpTunnel] failed to send data to tunnel
[04:58:23] [nioEventLoopGroup-2-1/WARN]: [gg.playit.minecraft.PlayitTcpTunnel] failed to send data to tunnel
[04:58:23] [nioEventLoopGroup-2-1/WARN]: [gg.playit.minecraft.PlayitTcpTunnel] failed to send data to tunnel
[04:58:23] [nioEventLoopGroup-2-1/WARN]: [gg.playit.minecraft.PlayitTcpTunnel] failed to send data to tunnel
[04:58:23] [nioEventLoopGroup-2-1/WARN]: [gg.playit.minecraft.PlayitTcpTunnel] failed to send data to tunnel
[04:58:23] [nioEventLoopGroup-2-1/WARN]: [gg.playit.minecraft.PlayitTcpTunnel] failed to send data to tunnel
[04:58:23] [nioEventLoopGroup-2-1/WARN]: [gg.playit.minecraft.PlayitTcpTunnel] failed to send data to tunnel
[04:58:23] [nioEventLoopGroup-2-1/WARN]: [gg.playit.minecraft.PlayitTcpTunnel] failed to send data to tunnel
[04:58:23] [nioEventLoopGroup-2-1/WARN]: [gg.playit.minecraft.PlayitTcpTunnel] failed to send data to tunnel
[04:58:23] [nioEventLoopGroup-2-1/WARN]: [gg.playit.minecraft.PlayitTcpTunnel] failed to send data to tunnel
[04:58:23] [nioEventLoopGroup-2-1/WARN]: [gg.playit.minecraft.PlayitTcpTunnel] failed to send data to tunnel
[04:58:23] [nioEventLoopGroup-2-1/WARN]: [gg.playit.minecraft.PlayitTcpTunnel] failed to send data to tunnel
[04:58:23] [nioEventLoopGroup-2-1/WARN]: [gg.playit.minecraft.PlayitTcpTunnel] failed to send data to tunnel
[04:58:23] [nioEventLoopGroup-2-1/WARN]: [gg.playit.minecraft.PlayitTcpTunnel] failed to send data to tunnel
[04:58:23] [nioEventLoopGroup-2-1/WARN]: [gg.playit.minecraft.PlayitTcpTunnel] failed to send data to tunnel
[04:58:23] [nioEventLoopGroup-2-1/WARN]: [gg.playit.minecraft.PlayitTcpTunnel] failed to send data to tunnel
[04:58:23] [nioEventLoopGroup-2-1/WARN]: [gg.playit.minecraft.PlayitTcpTunnel] failed to send data to tunnel
[04:58:23] [nioEventLoopGroup-2-1/WARN]: [gg.playit.minecraft.PlayitTcpTunnel] failed to send data to tunnel
[04:58:23] [nioEventLoopGroup-2-1/WARN]: [gg.playit.minecraft.PlayitTcpTunnel] failed to send data to tunnel
[04:58:23] [nioEventLoopGroup-2-1/WARN]: [gg.playit.minecraft.PlayitTcpTunnel] failed to send data to tunnel
[04:58:23] [nioEventLoopGroup-2-1/WARN]: [gg.playit.minecraft.PlayitTcpTunnel] failed to send data to tunnel
[04:58:23] [nioEventLoopGroup-2-1/WARN]: [gg.playit.minecraft.PlayitTcpTunnel] failed to send data to tunnel
[04:58:23] [nioEventLoopGroup-2-1/WARN]: [gg.playit.minecraft.PlayitTcpTunnel] failed to send data to tunnel
[04:58:23] [nioEventLoopGroup-2-1/WARN]: [gg.playit.minecraft.PlayitTcpTunnel] failed to send data to tunnel
[04:58:23] [nioEventLoopGroup-2-1/WARN]: [gg.playit.minecraft.PlayitTcpTunnel] failed to send data to tunnel
[04:58:23] [nioEventLoopGroup-2-1/WARN]: [gg.playit.minecraft.PlayitTcpTunnel] failed to send data to tunnel
[04:58:23] [nioEventLoopGroup-2-1/WARN]: [gg.playit.minecraft.PlayitTcpTunnel] failed to send data to tunnel
[04:58:23] [nioEventLoopGroup-2-1/WARN]: [gg.playit.minecraft.PlayitTcpTunnel] failed to send data to tunnel
[04:58:23] [nioEventLoopGroup-2-1/WARN]: [gg.playit.minecraft.PlayitTcpTunnel] failed to send data to tunnel
[04:58:23] [nioEventLoopGroup-2-1/WARN]: [gg.playit.minecraft.PlayitTcpTunnel] failed to send data to tunnel
[04:58:23] [nioEventLoopGroup-2-1/WARN]: [gg.playit.minecraft.PlayitTcpTunnel] failed to send data to tunnel
[04:58:23] [nioEventLoopGroup-2-1/WARN]: [gg.playit.minecraft.PlayitTcpTunnel] failed to send data to tunnel
[04:58:23] [nioEventLoopGroup-2-1/WARN]: [gg.playit.minecraft.PlayitTcpTunnel] failed to send data to tunnel
[04:58:23] [nioEventLoopGroup-2-1/WARN]: [gg.playit.minecraft.PlayitTcpTunnel] failed to send data to tunnel
[04:58:23] [nioEventLoopGroup-2-1/WARN]: [gg.playit.minecraft.PlayitTcpTunnel] failed to send data to tunnel
[04:58:23] [nioEventLoopGroup-2-1/WARN]: [gg.playit.minecraft.PlayitTcpTunnel] failed to send data to tunnel
[04:58:23] [nioEventLoopGroup-2-1/WARN]: [gg.playit.minecraft.PlayitTcpTunnel] failed to send data to tunnel
[04:58:23] [nioEventLoopGroup-2-1/WARN]: [gg.playit.minecraft.PlayitTcpTunnel] failed to send data to tunnel
[04:58:23] [nioEventLoopGroup-2-1/WARN]: [gg.playit.minecraft.PlayitTcpTunnel] failed to send data to tunnel
[04:58:23] [nioEventLoopGroup-2-1/WARN]: [gg.playit.minecraft.PlayitTcpTunnel] failed to send data to tunnel
[04:58:23] [nioEventLoopGroup-2-1/WARN]: [gg.playit.minecraft.PlayitTcpTunnel] failed to send data to tunnel
[04:58:23] [nioEventLoopGroup-2-1/WARN]: [gg.playit.minecraft.PlayitTcpTunnel] failed to send data to tunnel
[04:58:23] [nioEventLoopGroup-2-1/WARN]: [gg.playit.minecraft.PlayitTcpTunnel] failed to send data to tunnel
[04:58:23] [nioEventLoopGroup-2-1/WARN]: [gg.playit.minecraft.PlayitTcpTunnel] failed to send data to tunnel
[04:58:23] [nioEventLoopGroup-2-1/WARN]: [gg.playit.minecraft.PlayitTcpTunnel] failed to send data to tunnel
[04:58:23] [nioEventLoopGroup-2-1/WARN]: [gg.playit.minecraft.PlayitTcpTunnel] failed to send data to tunnel
[04:58:23] [nioEventLoopGroup-2-1/WARN]: [gg.playit.minecraft.PlayitTcpTunnel] failed to send data to tunnel
[04:58:23] [nioEventLoopGroup-2-1/WARN]: [gg.playit.minecraft.PlayitTcpTunnel] failed to send data to tunnel
[04:58:23] [nioEventLoopGroup-2-1/WARN]: [gg.playit.minecraft.PlayitTcpTunnel] failed to send data to tunnel
[04:58:23] [nioEventLoopGroup-2-1/WARN]: [gg.playit.minecraft.PlayitTcpTunnel] failed to send data to tunnel
[04:58:23] [nioEventLoopGroup-2-1/WARN]: [gg.playit.minecraft.PlayitTcpTunnel] failed to send data to tunnel
[04:58:23] [nioEventLoopGroup-2-1/WARN]: [gg.playit.minecraft.PlayitTcpTunnel] failed to send data to tunnel
[04:58:23] [nioEventLoopGroup-2-1/WARN]: [gg.playit.minecraft.PlayitTcpTunnel] failed to send data to tunnel
[04:58:23] [nioEventLoopGroup-2-1/WARN]: [gg.playit.minecraft.PlayitTcpTunnel] failed to send data to tunnel
[04:58:23] [nioEventLoopGroup-2-1/WARN]: [gg.playit.minecraft.PlayitTcpTunnel] failed to send data to tunnel
[04:58:23] [nioEventLoopGroup-2-1/WARN]: [gg.playit.minecraft.PlayitTcpTunnel] failed to send data to tunnel
[04:58:23] [nioEventLoopGroup-2-1/WARN]: [gg.playit.minecraft.PlayitTcpTunnel] failed to send data to tunnel
[04:58:23] [nioEventLoopGroup-2-1/WARN]: [gg.playit.minecraft.PlayitTcpTunnel] failed to send data to tunnel
[04:58:23] [nioEventLoopGroup-2-1/WARN]: [gg.playit.minecraft.PlayitTcpTunnel] failed to send data to tunnel
[04:58:23] [nioEventLoopGroup-2-1/WARN]: [gg.playit.minecraft.PlayitTcpTunnel] failed to send data to tunnel
[04:58:23] [nioEventLoopGroup-2-1/WARN]: [gg.playit.minecraft.PlayitTcpTunnel] failed to send data to tunnel
[04:58:23] [nioEventLoopGroup-2-1/WARN]: [gg.playit.minecraft.PlayitTcpTunnel] failed to send data to tunnel
[04:58:23] [nioEventLoopGroup-2-1/WARN]: [gg.playit.minecraft.PlayitTcpTunnel] failed to send data to tunnel
[04:58:23] [nioEventLoopGroup-2-1/WARN]: [gg.playit.minecraft.PlayitTcpTunnel] failed to send data to tunnel
[04:58:23] [nioEventLoopGroup-2-1/WARN]: [gg.playit.minecraft.PlayitTcpTunnel] failed to send data to tunnel
[04:58:23] [nioEventLoopGroup-2-1/WARN]: [gg.playit.minecraft.PlayitTcpTunnel] failed to send data to tunnel
[04:58:23] [nioEventLoopGroup-2-1/WARN]: [gg.playit.minecraft.PlayitTcpTunnel] failed to send data to tunnel
[04:58:23] [nioEventLoopGroup-2-1/WARN]: [gg.playit.minecraft.PlayitTcpTunnel] failed to send data to tunnel
[04:58:23] [nioEventLoopGroup-2-1/WARN]: [gg.playit.minecraft.PlayitTcpTunnel] failed to send data to tunnel
[04:58:23] [nioEventLoopGroup-2-1/WARN]: [gg.playit.minecraft.PlayitTcpTunnel] failed to send data to tunnel
[04:58:23] [nioEventLoopGroup-2-1/WARN]: [gg.playit.minecraft.PlayitTcpTunnel] failed to send data to tunnel
[04:58:23] [nioEventLoopGroup-2-1/WARN]: [gg.playit.minecraft.PlayitTcpTunnel] failed to send data to tunnel
[04:58:23] [nioEventLoopGroup-2-1/WARN]: [gg.playit.minecraft.PlayitTcpTunnel] failed to send data to tunnel
[04:58:23] [nioEventLoopGroup-2-1/WARN]: [gg.playit.minecraft.PlayitTcpTunnel] failed to send data to tunnel
[04:58:23] [nioEventLoopGroup-2-1/WARN]: [gg.playit.minecraft.PlayitTcpTunnel] failed to send data to tunnel
[04:58:23] [nioEventLoopGroup-2-1/WARN]: [gg.playit.minecraft.PlayitTcpTunnel] failed to send data to tunnel
[04:58:23] [nioEventLoopGroup-2-1/WARN]: [gg.playit.minecraft.PlayitTcpTunnel] failed to send data to tunnel
[04:58:23] [nioEventLoopGroup-2-1/WARN]: [gg.playit.minecraft.PlayitTcpTunnel] failed to send data to tunnel
[04:58:23] [nioEventLoopGroup-2-1/WARN]: [gg.playit.minecraft.PlayitTcpTunnel] failed to send data to tunnel
[04:58:23] [nioEventLoopGroup-2-1/WARN]: [gg.playit.minecraft.PlayitTcpTunnel] failed to send data to tunnel
[04:58:23] [nioEventLoopGroup-2-1/WARN]: [gg.playit.minecraft.PlayitTcpTunnel] failed to send data to tunnel
[04:58:23] [nioEventLoopGroup-2-1/WARN]: [gg.playit.minecraft.PlayitTcpTunnel] failed to send data to tunnel
[04:58:23] [nioEventLoopGroup-2-1/WARN]: [gg.playit.minecraft.PlayitTcpTunnel] failed to send data to tunnel
[04:58:23] [nioEventLoopGroup-2-1/WARN]: [gg.playit.minecraft.PlayitTcpTunnel] failed to send data to tunnel
[04:58:23] [nioEventLoopGroup-2-1/WARN]: [gg.playit.minecraft.PlayitTcpTunnel] failed to send data to tunnel
[04:58:23] [nioEventLoopGroup-2-1/WARN]: [gg.playit.minecraft.PlayitTcpTunnel] failed to send data to tunnel
[04:58:23] [nioEventLoopGroup-2-1/WARN]: [gg.playit.minecraft.PlayitTcpTunnel] failed to send data to tunnel
[04:58:23] [nioEventLoopGroup-2-1/WARN]: [gg.playit.minecraft.PlayitTcpTunnel] failed to send data to tunnel
[04:58:23] [nioEventLoopGroup-2-1/WARN]: [gg.playit.minecraft.PlayitTcpTunnel] failed to send data to tunnel
[04:58:23] [nioEventLoopGroup-2-1/WARN]: [gg.playit.minecraft.PlayitTcpTunnel] failed to send data to tunnel
[04:58:23] [nioEventLoopGroup-2-1/WARN]: [gg.playit.minecraft.PlayitTcpTunnel] failed to send data to tunnel
[04:58:23] [nioEventLoopGroup-2-1/WARN]: [gg.playit.minecraft.PlayitTcpTunnel] failed to send data to tunnel
[04:58:23] [nioEventLoopGroup-2-1/WARN]: [gg.playit.minecraft.PlayitTcpTunnel] failed to send data to tunnel
[04:58:23] [nioEventLoopGroup-2-1/WARN]: [gg.playit.minecraft.PlayitTcpTunnel] failed to send data to tunnel
[04:58:23] [nioEventLoopGroup-2-1/WARN]: [gg.playit.minecraft.PlayitTcpTunnel] failed to send data to tunnel
[04:58:23] [nioEventLoopGroup-2-1/WARN]: [gg.playit.minecraft.PlayitTcpTunnel] failed to send data to tunnel
[04:58:23] [nioEventLoopGroup-2-1/WARN]: [gg.playit.minecraft.PlayitTcpTunnel] failed to send data to tunnel
[04:58:23] [nioEventLoopGroup-2-1/WARN]: [gg.playit.minecraft.PlayitTcpTunnel] failed to send data to tunnel
[04:58:23] [nioEventLoopGroup-2-1/WARN]: [gg.playit.minecraft.PlayitTcpTunnel] failed to send data to tunnel
[04:58:23] [nioEventLoopGroup-2-1/WARN]: [gg.playit.minecraft.PlayitTcpTunnel] failed to send data to tunnel
[04:58:23] [nioEventLoopGroup-2-1/WARN]: [gg.playit.minecraft.PlayitTcpTunnel] failed to send data to tunnel
[04:58:23] [nioEventLoopGroup-2-1/WARN]: [gg.playit.minecraft.PlayitTcpTunnel] failed to send data to tunnel
[04:58:23] [nioEventLoopGroup-2-1/WARN]: [gg.playit.minecraft.PlayitTcpTunnel] failed to send data to tunnel
[04:58:23] [nioEventLoopGroup-2-1/WARN]: [gg.playit.minecraft.PlayitTcpTunnel] failed to send data to tunnel
[04:58:23] [nioEventLoopGroup-2-1/WARN]: [gg.playit.minecraft.PlayitTcpTunnel] failed to send data to tunnel
[04:58:23] [nioEventLoopGroup-2-1/WARN]: [gg.playit.minecraft.PlayitTcpTunnel] failed to send data to tunnel
[04:58:23] [nioEventLoopGroup-2-1/WARN]: [gg.playit.minecraft.PlayitTcpTunnel] failed to send data to tunnel
[04:58:23] [nioEventLoopGroup-2-1/WARN]: [gg.playit.minecraft.PlayitTcpTunnel] failed to send data to tunnel
[04:58:23] [nioEventLoopGroup-2-1/WARN]: [gg.playit.minecraft.PlayitTcpTunnel] failed to send data to tunnel
[04:58:23] [nioEventLoopGroup-2-1/WARN]: [gg.playit.minecraft.PlayitTcpTunnel] failed to send data to tunnel
[04:58:23] [nioEventLoopGroup-2-1/WARN]: [gg.playit.minecraft.PlayitTcpTunnel] failed to send data to tunnel
[04:58:23] [nioEventLoopGroup-2-1/WARN]: [gg.playit.minecraft.PlayitTcpTunnel] failed to send data to tunnel
[04:58:23] [nioEventLoopGroup-2-1/WARN]: [gg.playit.minecraft.PlayitTcpTunnel] failed to send data to tunnel
[04:58:23] [nioEventLoopGroup-2-1/WARN]: [gg.playit.minecraft.PlayitTcpTunnel] failed to send data to tunnel
[04:58:23] [nioEventLoopGroup-2-1/WARN]: [gg.playit.minecraft.PlayitTcpTunnel] failed to send data to tunnel
[04:58:23] [nioEventLoopGroup-2-1/WARN]: [gg.playit.minecraft.PlayitTcpTunnel] failed to send data to tunnel
[04:58:23] [nioEventLoopGroup-2-1/WARN]: [gg.playit.minecraft.PlayitTcpTunnel] failed to send data to tunnel
[04:58:23] [nioEventLoopGroup-2-1/WARN]: [gg.playit.minecraft.PlayitTcpTunnel] failed to send data to tunnel
[04:58:23] [nioEventLoopGroup-2-1/WARN]: [gg.playit.minecraft.PlayitTcpTunnel] failed to send data to tunnel
[04:58:23] [nioEventLoopGroup-2-1/WARN]: [gg.playit.minecraft.PlayitTcpTunnel] failed to send data to tunnel
[04:58:23] [nioEventLoopGroup-2-1/WARN]: [gg.playit.minecraft.PlayitTcpTunnel] failed to send data to tunnel
[04:58:23] [nioEventLoopGroup-2-1/WARN]: [gg.playit.minecraft.PlayitTcpTunnel] failed to send data to tunnel
[04:58:23] [nioEventLoopGroup-2-1/WARN]: [gg.playit.minecraft.PlayitTcpTunnel] failed to send data to tunnel
[04:58:23] [nioEventLoopGroup-2-1/WARN]: [gg.playit.minecraft.PlayitTcpTunnel] failed to send data to tunnel
[04:58:23] [nioEventLoopGroup-2-1/WARN]: [gg.playit.minecraft.PlayitTcpTunnel] failed to send data to tunnel
[04:58:23] [nioEventLoopGroup-2-1/WARN]: [gg.playit.minecraft.PlayitTcpTunnel] failed to send data to tunnel
[04:58:23] [nioEventLoopGroup-2-1/WARN]: [gg.playit.minecraft.PlayitTcpTunnel] failed to send data to tunnel
[04:58:23] [nioEventLoopGroup-2-1/WARN]: [gg.playit.minecraft.PlayitTcpTunnel] failed to send data to tunnel
[04:58:23] [nioEventLoopGroup-2-1/WARN]: [gg.playit.minecraft.PlayitTcpTunnel] failed to send data to tunnel
[04:58:23] [nioEventLoopGroup-2-1/WARN]: [gg.playit.minecraft.PlayitTcpTunnel] failed to send data to tunnel
[04:58:23] [nioEventLoopGroup-2-1/WARN]: [gg.playit.minecraft.PlayitTcpTunnel] failed to send data to tunnel
[04:58:23] [nioEventLoopGroup-2-1/WARN]: [gg.playit.minecraft.PlayitTcpTunnel] failed to send data to tunnel
[04:58:23] [nioEventLoopGroup-2-1/WARN]: [gg.playit.minecraft.PlayitTcpTunnel] failed to send data to tunnel
[04:58:23] [nioEventLoopGroup-2-1/WARN]: [gg.playit.minecraft.PlayitTcpTunnel] failed to send data to tunnel
[04:58:23] [nioEventLoopGroup-2-1/WARN]: [gg.playit.minecraft.PlayitTcpTunnel] failed to send data to tunnel
[04:58:23] [nioEventLoopGroup-2-1/WARN]: [gg.playit.minecraft.PlayitTcpTunnel] failed to send data to tunnel
[04:58:23] [nioEventLoopGroup-2-1/WARN]: [gg.playit.minecraft.PlayitTcpTunnel] failed to send data to tunnel
[04:58:23] [nioEventLoopGroup-2-1/WARN]: [gg.playit.minecraft.PlayitTcpTunnel] failed to send data to tunnel
[04:58:23] [nioEventLoopGroup-2-1/WARN]: [gg.playit.minecraft.PlayitTcpTunnel] failed to send data to tunnel
[04:58:23] [nioEventLoopGroup-2-1/WARN]: [gg.playit.minecraft.PlayitTcpTunnel] failed to send data to tunnel
[04:58:23] [nioEventLoopGroup-2-1/WARN]: [gg.playit.minecraft.PlayitTcpTunnel] failed to send data to tunnel
[04:58:23] [nioEventLoopGroup-2-1/WARN]: [gg.playit.minecraft.PlayitTcpTunnel] failed to send data to tunnel
[04:58:23] [nioEventLoopGroup-2-1/WARN]: [gg.playit.minecraft.PlayitTcpTunnel] failed to send data to tunnel
[04:58:23] [nioEventLoopGroup-2-1/WARN]: [gg.playit.minecraft.PlayitTcpTunnel] failed to send data to tunnel
[04:58:23] [nioEventLoopGroup-2-1/WARN]: [gg.playit.minecraft.PlayitTcpTunnel] failed to send data to tunnel
[04:58:23] [nioEventLoopGroup-2-1/WARN]: [gg.playit.minecraft.PlayitTcpTunnel] failed to send data to tunnel
[04:58:23] [nioEventLoopGroup-2-1/WARN]: [gg.playit.minecraft.PlayitTcpTunnel] failed to send data to tunnel
[04:58:23] [nioEventLoopGroup-2-1/WARN]: [gg.playit.minecraft.PlayitTcpTunnel] failed to send data to tunnel
[04:58:23] [nioEventLoopGroup-2-1/WARN]: [gg.playit.minecraft.PlayitTcpTunnel] failed to send data to tunnel
[04:58:23] [nioEventLoopGroup-2-1/WARN]: [gg.playit.minecraft.PlayitTcpTunnel] failed to send data to tunnel
[04:58:23] [nioEventLoopGroup-2-1/WARN]: [gg.playit.minecraft.PlayitTcpTunnel] failed to send data to tunnel
[04:58:23] [nioEventLoopGroup-2-1/WARN]: [gg.playit.minecraft.PlayitTcpTunnel] failed to send data to tunnel
[04:58:23] [nioEventLoopGroup-2-1/WARN]: [gg.playit.minecraft.PlayitTcpTunnel] failed to send data to tunnel
[04:58:23] [nioEventLoopGroup-2-1/WARN]: [gg.playit.minecraft.PlayitTcpTunnel] failed to send data to tunnel
[04:58:23] [nioEventLoopGroup-2-1/WARN]: [gg.playit.minecraft.PlayitTcpTunnel] failed to send data to tunnel
[04:58:23] [nioEventLoopGroup-2-1/WARN]: [gg.playit.minecraft.PlayitTcpTunnel] failed to send data to tunnel
[04:58:23] [nioEventLoopGroup-2-1/WARN]: [gg.playit.minecraft.PlayitTcpTunnel] failed to send data to tunnel
[04:58:23] [nioEventLoopGroup-2-1/WARN]: [gg.playit.minecraft.PlayitTcpTunnel] failed to send data to tunnel
[04:58:23] [nioEventLoopGroup-2-1/WARN]: [gg.playit.minecraft.PlayitTcpTunnel] failed to send data to tunnel
[04:58:23] [nioEventLoopGroup-2-1/WARN]: [gg.playit.minecraft.PlayitTcpTunnel] failed to send data to tunnel
[04:58:23] [nioEventLoopGroup-2-1/WARN]: [gg.playit.minecraft.PlayitTcpTunnel] failed to send data to tunnel
[04:58:23] [nioEventLoopGroup-2-1/WARN]: [gg.playit.minecraft.PlayitTcpTunnel] failed to send data to tunnel
[04:58:23] [nioEventLoopGroup-2-1/WARN]: [gg.playit.minecraft.PlayitTcpTunnel] failed to send data to tunnel
[04:58:23] [nioEventLoopGroup-2-1/WARN]: [gg.playit.minecraft.PlayitTcpTunnel] failed to send data to tunnel
[04:58:23] [nioEventLoopGroup-2-1/WARN]: [gg.playit.minecraft.PlayitTcpTunnel] failed to send data to tunnel
[04:58:23] [nioEventLoopGroup-2-1/WARN]: [gg.playit.minecraft.PlayitTcpTunnel] failed to send data to tunnel
[04:58:23] [nioEventLoopGroup-2-1/WARN]: [gg.playit.minecraft.PlayitTcpTunnel] failed to send data to tunnel
[04:58:23] [nioEventLoopGroup-2-1/WARN]: [gg.playit.minecraft.PlayitTcpTunnel] failed to send data to tunnel
[04:58:23] [nioEventLoopGroup-2-1/WARN]: [gg.playit.minecraft.PlayitTcpTunnel] failed to send data to tunnel
[04:58:23] [nioEventLoopGroup-2-1/WARN]: [gg.playit.minecraft.PlayitTcpTunnel] failed to send data to tunnel
[04:58:23] [nioEventLoopGroup-2-1/WARN]: [gg.playit.minecraft.PlayitTcpTunnel] failed to send data to tunnel
[04:58:23] [nioEventLoopGroup-2-1/WARN]: [gg.playit.minecraft.PlayitTcpTunnel] failed to send data to tunnel
[04:58:23] [nioEventLoopGroup-2-1/WARN]: [gg.playit.minecraft.PlayitTcpTunnel] failed to send data to tunnel
[04:58:23] [nioEventLoopGroup-2-1/WARN]: [gg.playit.minecraft.PlayitTcpTunnel] failed to send data to tunnel
[04:58:23] [nioEventLoopGroup-2-1/WARN]: [gg.playit.minecraft.PlayitTcpTunnel] failed to send data to tunnel
[04:58:23] [nioEventLoopGroup-2-1/WARN]: [gg.playit.minecraft.PlayitTcpTunnel] failed to send data to tunnel
[04:58:23] [nioEventLoopGroup-2-1/WARN]: [gg.playit.minecraft.PlayitTcpTunnel] failed to send data to tunnel
[04:58:23] [nioEventLoopGroup-2-1/WARN]: [gg.playit.minecraft.PlayitTcpTunnel] failed to send data to tunnel
[04:58:23] [nioEventLoopGroup-2-1/WARN]: [gg.playit.minecraft.PlayitTcpTunnel] failed to send data to tunnel
[04:58:23] [nioEventLoopGroup-2-1/WARN]: [gg.playit.minecraft.PlayitTcpTunnel] failed to send data to tunnel
[04:58:23] [nioEventLoopGroup-2-1/WARN]: [gg.playit.minecraft.PlayitTcpTunnel] failed to send data to tunnel
[04:58:23] [nioEventLoopGroup-2-1/WARN]: [gg.playit.minecraft.PlayitTcpTunnel] failed to send data to tunnel
[04:58:23] [nioEventLoopGroup-2-1/WARN]: [gg.playit.minecraft.PlayitTcpTunnel] failed to send data to tunnel
[04:58:23] [nioEventLoopGroup-2-1/WARN]: [gg.playit.minecraft.PlayitTcpTunnel] failed to send data to tunnel
[04:58:23] [nioEventLoopGroup-2-1/WARN]: [gg.playit.minecraft.PlayitTcpTunnel] failed to send data to tunnel
[04:58:23] [nioEventLoopGroup-2-1/WARN]: [gg.playit.minecraft.PlayitTcpTunnel] failed to send data to tunnel
[04:58:23] [nioEventLoopGroup-2-1/WARN]: [gg.playit.minecraft.PlayitTcpTunnel] failed to send data to tunnel
[04:58:23] [nioEventLoopGroup-2-1/WARN]: [gg.playit.minecraft.PlayitTcpTunnel] failed to send data to tunnel
[04:58:23] [nioEventLoopGroup-2-1/WARN]: [gg.playit.minecraft.PlayitTcpTunnel] failed to send data to tunnel
[04:58:23] [nioEventLoopGroup-2-1/WARN]: [gg.playit.minecraft.PlayitTcpTunnel] failed to send data to tunnel
[04:58:23] [nioEventLoopGroup-2-1/WARN]: [gg.playit.minecraft.PlayitTcpTunnel] failed to send data to tunnel
[04:58:23] [nioEventLoopGroup-2-1/WARN]: [gg.playit.minecraft.PlayitTcpTunnel] failed to send data to tunnel
[04:58:23] [nioEventLoopGroup-2-1/WARN]: [gg.playit.minecraft.PlayitTcpTunnel] failed to send data to tunnel
[04:58:23] [nioEventLoopGroup-2-1/WARN]: [gg.playit.minecraft.PlayitTcpTunnel] failed to send data to tunnel
[04:58:23] [nioEventLoopGroup-2-1/WARN]: [gg.playit.minecraft.PlayitTcpTunnel] failed to send data to tunnel
[04:58:23] [nioEventLoopGroup-2-1/WARN]: [gg.playit.minecraft.PlayitTcpTunnel] failed to send data to tunnel
[04:58:23] [nioEventLoopGroup-2-1/WARN]: [gg.playit.minecraft.PlayitTcpTunnel] failed to send data to tunnel
[04:58:23] [nioEventLoopGroup-2-1/WARN]: [gg.playit.minecraft.PlayitTcpTunnel] failed to send data to tunnel
[04:58:23] [nioEventLoopGroup-2-1/WARN]: [gg.playit.minecraft.PlayitTcpTunnel] failed to send data to tunnel
[04:58:23] [nioEventLoopGroup-2-1/WARN]: [gg.playit.minecraft.PlayitTcpTunnel] failed to send data to tunnel
[04:58:23] [nioEventLoopGroup-2-1/WARN]: [gg.playit.minecraft.PlayitTcpTunnel] failed to send data to tunnel
[04:58:23] [nioEventLoopGroup-2-1/WARN]: [gg.playit.minecraft.PlayitTcpTunnel] failed to send data to tunnel
[04:58:23] [nioEventLoopGroup-2-1/WARN]: [gg.playit.minecraft.PlayitTcpTunnel] failed to send data to tunnel
[04:58:23] [nioEventLoopGroup-2-1/WARN]: [gg.playit.minecraft.PlayitTcpTunnel] failed to send data to tunnel
[04:58:23] [nioEventLoopGroup-2-1/WARN]: [gg.playit.minecraft.PlayitTcpTunnel] failed to send data to tunnel
[04:58:23] [nioEventLoopGroup-2-1/WARN]: [gg.playit.minecraft.PlayitTcpTunnel] failed to send data to tunnel
[04:58:23] [nioEventLoopGroup-2-1/WARN]: [gg.playit.minecraft.PlayitTcpTunnel] failed to send data to tunnel
[04:58:23] [nioEventLoopGroup-2-1/WARN]: [gg.playit.minecraft.PlayitTcpTunnel] failed to send data to tunnel
[04:58:23] [nioEventLoopGroup-2-1/WARN]: [gg.playit.minecraft.PlayitTcpTunnel] failed to send data to tunnel
[04:58:23] [nioEventLoopGroup-2-1/WARN]: [gg.playit.minecraft.PlayitTcpTunnel] failed to send data to tunnel
[04:58:23] [nioEventLoopGroup-2-1/WARN]: [gg.playit.minecraft.PlayitTcpTunnel] failed to send data to tunnel
[04:58:23] [nioEventLoopGroup-2-1/WARN]: [gg.playit.minecraft.PlayitTcpTunnel] failed to send data to tunnel
[04:58:23] [nioEventLoopGroup-2-1/WARN]: [gg.playit.minecraft.PlayitTcpTunnel] failed to send data to tunnel
[04:58:23] [nioEventLoopGroup-2-1/WARN]: [gg.playit.minecraft.PlayitTcpTunnel] failed to send data to tunnel
[04:58:23] [nioEventLoopGroup-2-1/WARN]: [gg.playit.minecraft.PlayitTcpTunnel] failed to send data to tunnel
[04:58:23] [nioEventLoopGroup-2-1/WARN]: [gg.playit.minecraft.PlayitTcpTunnel] failed to send data to tunnel
[04:58:23] [nioEventLoopGroup-2-1/WARN]: [gg.playit.minecraft.PlayitTcpTunnel] failed to send data to tunnel
[04:58:23] [nioEventLoopGroup-2-1/WARN]: [gg.playit.minecraft.PlayitTcpTunnel] failed to send data to tunnel
[04:58:23] [nioEventLoopGroup-2-1/WARN]: [gg.playit.minecraft.PlayitTcpTunnel] failed to send data to tunnel
[04:58:23] [nioEventLoopGroup-2-1/WARN]: [gg.playit.minecraft.PlayitTcpTunnel] failed to send data to tunnel
[04:58:23] [nioEventLoopGroup-2-1/WARN]: [gg.playit.minecraft.PlayitTcpTunnel] failed to send data to tunnel
[04:58:23] [nioEventLoopGroup-2-1/WARN]: [gg.playit.minecraft.PlayitTcpTunnel] failed to send data to tunnel
[04:58:23] [nioEventLoopGroup-2-1/WARN]: [gg.playit.minecraft.PlayitTcpTunnel] failed to send data to tunnel
[04:58:23] [nioEventLoopGroup-2-1/WARN]: [gg.playit.minecraft.PlayitTcpTunnel] failed to send data to tunnel
[04:58:23] [nioEventLoopGroup-2-1/WARN]: [gg.playit.minecraft.PlayitTcpTunnel] failed to send data to tunnel
[04:58:23] [nioEventLoopGroup-2-1/WARN]: [gg.playit.minecraft.PlayitTcpTunnel] failed to send data to tunnel
[04:58:23] [nioEventLoopGroup-2-1/WARN]: [gg.playit.minecraft.PlayitTcpTunnel] failed to send data to tunnel
[04:58:23] [nioEventLoopGroup-2-1/WARN]: [gg.playit.minecraft.PlayitTcpTunnel] failed to send data to tunnel
[04:58:23] [nioEventLoopGroup-2-1/WARN]: [gg.playit.minecraft.PlayitTcpTunnel] failed to send data to tunnel
[04:58:23] [nioEventLoopGroup-2-1/WARN]: [gg.playit.minecraft.PlayitTcpTunnel] failed to send data to tunnel
[04:58:23] [nioEventLoopGroup-2-1/WARN]: [gg.playit.minecraft.PlayitTcpTunnel] failed to send data to tunnel
[04:58:23] [nioEventLoopGroup-2-1/WARN]: [gg.playit.minecraft.PlayitTcpTunnel] failed to send data to tunnel
[04:58:23] [nioEventLoopGroup-2-1/WARN]: [gg.playit.minecraft.PlayitTcpTunnel] failed to send data to tunnel
[04:58:23] [nioEventLoopGroup-2-1/WARN]: [gg.playit.minecraft.PlayitTcpTunnel] failed to send data to tunnel
[04:58:23] [nioEventLoopGroup-2-1/WARN]: [gg.playit.minecraft.PlayitTcpTunnel] failed to send data to tunnel
[04:58:23] [nioEventLoopGroup-2-1/WARN]: [gg.playit.minecraft.PlayitTcpTunnel] failed to send data to tunnel
[04:58:23] [nioEventLoopGroup-2-1/WARN]: [gg.playit.minecraft.PlayitTcpTunnel] failed to send data to tunnel
[04:58:23] [nioEventLoopGroup-2-1/WARN]: [gg.playit.minecraft.PlayitTcpTunnel] failed to send data to tunnel
[04:58:23] [nioEventLoopGroup-2-1/WARN]: [gg.playit.minecraft.PlayitTcpTunnel] failed to send data to tunnel
[04:58:23] [nioEventLoopGroup-2-1/WARN]: [gg.playit.minecraft.PlayitTcpTunnel] failed to send data to tunnel
[04:58:23] [nioEventLoopGroup-2-1/WARN]: [gg.playit.minecraft.PlayitTcpTunnel] failed to send data to tunnel
[04:58:23] [nioEventLoopGroup-2-1/WARN]: [gg.playit.minecraft.PlayitTcpTunnel] failed to send data to tunnel
[04:58:23] [nioEventLoopGroup-2-1/WARN]: [gg.playit.minecraft.PlayitTcpTunnel] failed to send data to tunnel
[04:58:23] [nioEventLoopGroup-2-1/WARN]: [gg.playit.minecraft.PlayitTcpTunnel] failed to send data to tunnel
[04:58:23] [nioEventLoopGroup-2-1/WARN]: [gg.playit.minecraft.PlayitTcpTunnel] failed to send data to tunnel
[04:58:23] [nioEventLoopGroup-2-1/WARN]: [gg.playit.minecraft.PlayitTcpTunnel] failed to send data to tunnel
[04:58:23] [nioEventLoopGroup-2-1/WARN]: [gg.playit.minecraft.PlayitTcpTunnel] failed to send data to tunnel
[04:58:23] [nioEventLoopGroup-2-1/WARN]: [gg.playit.minecraft.PlayitTcpTunnel] failed to send data to tunnel
[04:58:23] [nioEventLoopGroup-2-1/WARN]: [gg.playit.minecraft.PlayitTcpTunnel] failed to send data to tunnel
[04:58:23] [nioEventLoopGroup-2-1/WARN]: [gg.playit.minecraft.PlayitTcpTunnel] failed to send data to tunnel
[04:58:23] [nioEventLoopGroup-2-1/WARN]: [gg.playit.minecraft.PlayitTcpTunnel] failed to send data to tunnel
[04:58:23] [nioEventLoopGroup-2-1/WARN]: [gg.playit.minecraft.PlayitTcpTunnel] failed to send data to tunnel
[04:58:23] [nioEventLoopGroup-2-1/WARN]: [gg.playit.minecraft.PlayitTcpTunnel] failed to send data to tunnel
[04:58:23] [nioEventLoopGroup-2-1/WARN]: [gg.playit.minecraft.PlayitTcpTunnel] failed to send data to tunnel
[04:58:23] [nioEventLoopGroup-2-1/WARN]: [gg.playit.minecraft.PlayitTcpTunnel] failed to send data to tunnel
[04:58:23] [nioEventLoopGroup-2-1/WARN]: [gg.playit.minecraft.PlayitTcpTunnel] failed to send data to tunnel
[04:58:23] [nioEventLoopGroup-2-1/WARN]: [gg.playit.minecraft.PlayitTcpTunnel] failed to send data to tunnel
[04:58:23] [nioEventLoopGroup-2-1/WARN]: [gg.playit.minecraft.PlayitTcpTunnel] failed to send data to tunnel
[04:58:23] [nioEventLoopGroup-2-1/WARN]: [gg.playit.minecraft.PlayitTcpTunnel] failed to send data to tunnel
[04:58:23] [nioEventLoopGroup-2-1/WARN]: [gg.playit.minecraft.PlayitTcpTunnel] failed to send data to tunnel
[04:58:23] [nioEventLoopGroup-2-1/WARN]: [gg.playit.minecraft.PlayitTcpTunnel] failed to send data to tunnel
[04:58:23] [nioEventLoopGroup-2-1/WARN]: [gg.playit.minecraft.PlayitTcpTunnel] failed to send data to tunnel
[04:58:23] [nioEventLoopGroup-2-1/WARN]: [gg.playit.minecraft.PlayitTcpTunnel] failed to send data to tunnel
[04:58:23] [nioEventLoopGroup-2-1/WARN]: [gg.playit.minecraft.PlayitTcpTunnel] failed to send data to tunnel
[04:58:23] [nioEventLoopGroup-2-1/WARN]: [gg.playit.minecraft.PlayitTcpTunnel] failed to send data to tunnel
[04:58:23] [nioEventLoopGroup-2-1/WARN]: [gg.playit.minecraft.PlayitTcpTunnel] failed to send data to tunnel
[04:58:23] [nioEventLoopGroup-2-1/WARN]: [gg.playit.minecraft.PlayitTcpTunnel] failed to send data to tunnel
[04:58:23] [nioEventLoopGroup-2-1/WARN]: [gg.playit.minecraft.PlayitTcpTunnel] failed to send data to tunnel
[04:58:23] [nioEventLoopGroup-2-1/WARN]: [gg.playit.minecraft.PlayitTcpTunnel] failed to send data to tunnel
[04:58:23] [nioEventLoopGroup-2-1/WARN]: [gg.playit.minecraft.PlayitTcpTunnel] failed to send data to tunnel
[04:58:23] [nioEventLoopGroup-2-1/WARN]: [gg.playit.minecraft.PlayitTcpTunnel] failed to send data to tunnel
[04:58:23] [nioEventLoopGroup-2-1/WARN]: [gg.playit.minecraft.PlayitTcpTunnel] failed to send data to tunnel
[04:58:23] [nioEventLoopGroup-2-1/WARN]: [gg.playit.minecraft.PlayitTcpTunnel] failed to send data to tunnel
[04:58:23] [nioEventLoopGroup-2-1/WARN]: [gg.playit.minecraft.PlayitTcpTunnel] failed to send data to tunnel
[04:58:23] [nioEventLoopGroup-2-1/WARN]: [gg.playit.minecraft.PlayitTcpTunnel] failed to send data to tunnel
[04:58:23] [nioEventLoopGroup-2-1/WARN]: [gg.playit.minecraft.PlayitTcpTunnel] failed to send data to tunnel
[04:58:23] [nioEventLoopGroup-2-1/WARN]: [gg.playit.minecraft.PlayitTcpTunnel] failed to send data to tunnel
[04:58:23] [nioEventLoopGroup-2-1/WARN]: [gg.playit.minecraft.PlayitTcpTunnel] failed to send data to tunnel
[04:58:23] [nioEventLoopGroup-2-1/WARN]: [gg.playit.minecraft.PlayitTcpTunnel] failed to send data to tunnel
[04:58:23] [nioEventLoopGroup-2-1/WARN]: [gg.playit.minecraft.PlayitTcpTunnel] failed to send data to tunnel
[04:58:23] [nioEventLoopGroup-2-1/WARN]: [gg.playit.minecraft.PlayitTcpTunnel] failed to send data to tunnel
[04:58:23] [nioEventLoopGroup-2-1/WARN]: [gg.playit.minecraft.PlayitTcpTunnel] failed to send data to tunnel
[04:58:23] [nioEventLoopGroup-2-1/WARN]: [gg.playit.minecraft.PlayitTcpTunnel] failed to send data to tunnel
[04:58:23] [nioEventLoopGroup-2-1/WARN]: [gg.playit.minecraft.PlayitTcpTunnel] failed to send data to tunnel
[04:58:23] [nioEventLoopGroup-2-1/WARN]: [gg.playit.minecraft.PlayitTcpTunnel] failed to send data to tunnel
[04:58:23] [nioEventLoopGroup-2-1/WARN]: [gg.playit.minecraft.PlayitTcpTunnel] failed to send data to tunnel
[04:58:23] [nioEventLoopGroup-2-1/WARN]: [gg.playit.minecraft.PlayitTcpTunnel] failed to send data to tunnel
[04:58:23] [nioEventLoopGroup-2-1/WARN]: [gg.playit.minecraft.PlayitTcpTunnel] failed to send data to tunnel
[04:58:23] [nioEventLoopGroup-2-1/WARN]: [gg.playit.minecraft.PlayitTcpTunnel] failed to send data to tunnel
[04:58:23] [nioEventLoopGroup-2-1/WARN]: [gg.playit.minecraft.PlayitTcpTunnel] failed to send data to tunnel
[04:58:23] [nioEventLoopGroup-2-1/WARN]: [gg.playit.minecraft.PlayitTcpTunnel] failed to send data to tunnel
[04:58:23] [nioEventLoopGroup-2-1/WARN]: [gg.playit.minecraft.PlayitTcpTunnel] failed to send data to tunnel
[04:58:23] [nioEventLoopGroup-2-1/WARN]: [gg.playit.minecraft.PlayitTcpTunnel] failed to send data to tunnel
[04:58:23] [nioEventLoopGroup-2-1/WARN]: [gg.playit.minecraft.PlayitTcpTunnel] failed to send data to tunnel
[04:58:23] [nioEventLoopGroup-2-1/WARN]: [gg.playit.minecraft.PlayitTcpTunnel] failed to send data to tunnel
[04:58:23] [nioEventLoopGroup-2-1/WARN]: [gg.playit.minecraft.PlayitTcpTunnel] failed to send data to tunnel
[04:58:23] [nioEventLoopGroup-2-1/WARN]: [gg.playit.minecraft.PlayitTcpTunnel] failed to send data to tunnel
[04:58:23] [nioEventLoopGroup-2-1/WARN]: [gg.playit.minecraft.PlayitTcpTunnel] failed to send data to tunnel
[04:58:23] [nioEventLoopGroup-2-1/WARN]: [gg.playit.minecraft.PlayitTcpTunnel] failed to send data to tunnel
[04:58:23] [nioEventLoopGroup-2-1/WARN]: [gg.playit.minecraft.PlayitTcpTunnel] failed to send data to tunnel
[04:58:23] [nioEventLoopGroup-2-1/WARN]: [gg.playit.minecraft.PlayitTcpTunnel] failed to send data to tunnel
[04:58:23] [nioEventLoopGroup-2-1/WARN]: [gg.playit.minecraft.PlayitTcpTunnel] failed to send data to tunnel
[04:58:23] [nioEventLoopGroup-2-1/WARN]: [gg.playit.minecraft.PlayitTcpTunnel] failed to send data to tunnel
[04:58:23] [nioEventLoopGroup-2-1/WARN]: [gg.playit.minecraft.PlayitTcpTunnel] failed to send data to tunnel
[04:58:23] [nioEventLoopGroup-2-1/WARN]: [gg.playit.minecraft.PlayitTcpTunnel] failed to send data to tunnel
[04:58:23] [nioEventLoopGroup-2-1/WARN]: [gg.playit.minecraft.PlayitTcpTunnel] failed to send data to tunnel
[04:58:23] [nioEventLoopGroup-2-1/WARN]: [gg.playit.minecraft.PlayitTcpTunnel] failed to send data to tunnel
[04:58:23] [nioEventLoopGroup-2-1/WARN]: [gg.playit.minecraft.PlayitTcpTunnel] failed to send data to tunnel
[04:58:23] [nioEventLoopGroup-2-1/WARN]: [gg.playit.minecraft.PlayitTcpTunnel] failed to send data to tunnel
[04:58:23] [nioEventLoopGroup-2-1/WARN]: [gg.playit.minecraft.PlayitTcpTunnel] failed to send data to tunnel
[04:58:23] [nioEventLoopGroup-2-1/WARN]: [gg.playit.minecraft.PlayitTcpTunnel] failed to send data to tunnel
[04:58:23] [nioEventLoopGroup-2-1/WARN]: [gg.playit.minecraft.PlayitTcpTunnel] failed to send data to tunnel
[04:58:23] [nioEventLoopGroup-2-1/WARN]: [gg.playit.minecraft.PlayitTcpTunnel] failed to send data to tunnel
[04:58:23] [nioEventLoopGroup-2-1/WARN]: [gg.playit.minecraft.PlayitTcpTunnel] failed to send data to tunnel
[04:58:23] [nioEventLoopGroup-2-1/WARN]: [gg.playit.minecraft.PlayitTcpTunnel] failed to send data to tunnel
[04:58:23] [nioEventLoopGroup-2-1/WARN]: [gg.playit.minecraft.PlayitTcpTunnel] failed to send data to tunnel
[04:58:23] [nioEventLoopGroup-2-1/WARN]: [gg.playit.minecraft.PlayitTcpTunnel] failed to send data to tunnel
[04:58:23] [nioEventLoopGroup-2-1/WARN]: [gg.playit.minecraft.PlayitTcpTunnel] failed to send data to tunnel
[04:58:23] [nioEventLoopGroup-2-1/WARN]: [gg.playit.minecraft.PlayitTcpTunnel] failed to send data to tunnel
[04:58:23] [nioEventLoopGroup-2-1/WARN]: [gg.playit.minecraft.PlayitTcpTunnel] failed to send data to tunnel
[04:58:23] [nioEventLoopGroup-2-1/WARN]: [gg.playit.minecraft.PlayitTcpTunnel] failed to send data to tunnel
[04:58:23] [nioEventLoopGroup-2-1/WARN]: [gg.playit.minecraft.PlayitTcpTunnel] failed to send data to tunnel
[04:58:23] [nioEventLoopGroup-2-1/WARN]: [gg.playit.minecraft.PlayitTcpTunnel] failed to send data to tunnel
[04:58:23] [nioEventLoopGroup-2-1/WARN]: [gg.playit.minecraft.PlayitTcpTunnel] failed to send data to tunnel
[04:58:23] [nioEventLoopGroup-2-1/WARN]: [gg.playit.minecraft.PlayitTcpTunnel] failed to send data to tunnel
[04:58:23] [nioEventLoopGroup-2-1/WARN]: [gg.playit.minecraft.PlayitTcpTunnel] failed to send data to tunnel
[04:58:23] [nioEventLoopGroup-2-1/WARN]: [gg.playit.minecraft.PlayitTcpTunnel] failed to send data to tunnel
[04:58:23] [nioEventLoopGroup-2-1/WARN]: [gg.playit.minecraft.PlayitTcpTunnel] failed to send data to tunnel
[04:58:23] [nioEventLoopGroup-2-1/WARN]: [gg.playit.minecraft.PlayitTcpTunnel] failed to send data to tunnel
[04:58:23] [nioEventLoopGroup-2-1/WARN]: [gg.playit.minecraft.PlayitTcpTunnel] failed to send data to tunnel
[04:58:23] [nioEventLoopGroup-2-1/WARN]: [gg.playit.minecraft.PlayitTcpTunnel] failed to send data to tunnel
[04:58:23] [nioEventLoopGroup-2-1/WARN]: [gg.playit.minecraft.PlayitTcpTunnel] failed to send data to tunnel
[04:58:23] [nioEventLoopGroup-2-1/WARN]: [gg.playit.minecraft.PlayitTcpTunnel] failed to send data to tunnel
[04:58:23] [nioEventLoopGroup-2-1/WARN]: [gg.playit.minecraft.PlayitTcpTunnel] failed to send data to tunnel
[04:58:23] [nioEventLoopGroup-2-1/WARN]: [gg.playit.minecraft.PlayitTcpTunnel] failed to send data to tunnel
[04:58:23] [nioEventLoopGroup-2-1/WARN]: [gg.playit.minecraft.PlayitTcpTunnel] failed to send data to tunnel
[04:58:23] [nioEventLoopGroup-2-1/WARN]: [gg.playit.minecraft.PlayitTcpTunnel] failed to send data to tunnel
[04:58:23] [nioEventLoopGroup-2-1/WARN]: [gg.playit.minecraft.PlayitTcpTunnel] failed to send data to tunnel
[04:58:23] [nioEventLoopGroup-2-1/WARN]: [gg.playit.minecraft.PlayitTcpTunnel] failed to send data to tunnel
[04:58:23] [nioEventLoopGroup-2-1/WARN]: [gg.playit.minecraft.PlayitTcpTunnel] failed to send data to tunnel
[04:58:23] [nioEventLoopGroup-2-1/WARN]: [gg.playit.minecraft.PlayitTcpTunnel] failed to send data to tunnel
[04:58:23] [nioEventLoopGroup-2-1/WARN]: [gg.playit.minecraft.PlayitTcpTunnel] failed to send data to tunnel
[04:58:23] [nioEventLoopGroup-2-1/WARN]: [gg.playit.minecraft.PlayitTcpTunnel] failed to send data to tunnel
[04:58:23] [nioEventLoopGroup-2-1/WARN]: [gg.playit.minecraft.PlayitTcpTunnel] failed to send data to tunnel
[04:58:23] [nioEventLoopGroup-2-1/WARN]: [gg.playit.minecraft.PlayitTcpTunnel] failed to send data to tunnel
[04:58:23] [nioEventLoopGroup-2-1/WARN]: [gg.playit.minecraft.PlayitTcpTunnel] failed to send data to tunnel
[04:58:23] [nioEventLoopGroup-2-1/WARN]: [gg.playit.minecraft.PlayitTcpTunnel] failed to send data to tunnel
[04:58:23] [nioEventLoopGroup-2-1/WARN]: [gg.playit.minecraft.PlayitTcpTunnel] failed to send data to tunnel
[04:58:23] [nioEventLoopGroup-2-1/WARN]: [gg.playit.minecraft.PlayitTcpTunnel] failed to send data to tunnel
[04:58:23] [nioEventLoopGroup-2-1/WARN]: [gg.playit.minecraft.PlayitTcpTunnel] failed to send data to tunnel
[04:58:23] [nioEventLoopGroup-2-1/WARN]: [gg.playit.minecraft.PlayitTcpTunnel] failed to send data to tunnel
[04:58:23] [nioEventLoopGroup-2-1/WARN]: [gg.playit.minecraft.PlayitTcpTunnel] failed to send data to tunnel
[04:58:23] [nioEventLoopGroup-2-1/WARN]: [gg.playit.minecraft.PlayitTcpTunnel] failed to send data to tunnel
[04:58:23] [nioEventLoopGroup-2-1/WARN]: [gg.playit.minecraft.PlayitTcpTunnel] failed to send data to tunnel
[04:58:23] [nioEventLoopGroup-2-1/WARN]: [gg.playit.minecraft.PlayitTcpTunnel] failed to send data to tunnel
[04:58:23] [nioEventLoopGroup-2-1/WARN]: [gg.playit.minecraft.PlayitTcpTunnel] failed to send data to tunnel
[04:58:23] [nioEventLoopGroup-2-1/WARN]: [gg.playit.minecraft.PlayitTcpTunnel] failed to send data to tunnel
[04:58:23] [nioEventLoopGroup-2-1/WARN]: [gg.playit.minecraft.PlayitTcpTunnel] failed to send data to tunnel
[04:58:23] [nioEventLoopGroup-2-1/WARN]: [gg.playit.minecraft.PlayitTcpTunnel] failed to send data to tunnel
[04:58:23] [nioEventLoopGroup-2-1/WARN]: [gg.playit.minecraft.PlayitTcpTunnel] failed to send data to tunnel
[04:58:23] [nioEventLoopGroup-2-1/WARN]: [gg.playit.minecraft.PlayitTcpTunnel] failed to send data to tunnel
[04:58:23] [nioEventLoopGroup-2-1/WARN]: [gg.playit.minecraft.PlayitTcpTunnel] failed to send data to tunnel
[04:58:23] [nioEventLoopGroup-2-1/WARN]: [gg.playit.minecraft.PlayitTcpTunnel] failed to send data to tunnel
[04:58:23] [nioEventLoopGroup-2-1/WARN]: [gg.playit.minecraft.PlayitTcpTunnel] failed to send data to tunnel
[04:58:23] [nioEventLoopGroup-2-1/WARN]: [gg.playit.minecraft.PlayitTcpTunnel] failed to send data to tunnel
[04:58:23] [nioEventLoopGroup-2-1/WARN]: [gg.playit.minecraft.PlayitTcpTunnel] failed to send data to tunnel
[04:58:23] [nioEventLoopGroup-2-1/WARN]: [gg.playit.minecraft.PlayitTcpTunnel] failed to send data to tunnel
[04:58:23] [nioEventLoopGroup-2-1/WARN]: [gg.playit.minecraft.PlayitTcpTunnel] failed to send data to tunnel
[04:58:23] [nioEventLoopGroup-2-1/WARN]: [gg.playit.minecraft.PlayitTcpTunnel] failed to send data to tunnel
[04:58:23] [nioEventLoopGroup-2-1/WARN]: [gg.playit.minecraft.PlayitTcpTunnel] failed to send data to tunnel
[04:58:23] [nioEventLoopGroup-2-1/WARN]: [gg.playit.minecraft.PlayitTcpTunnel] failed to send data to tunnel
[04:58:23] [nioEventLoopGroup-2-1/WARN]: [gg.playit.minecraft.PlayitTcpTunnel] failed to send data to tunnel
[04:58:23] [nioEventLoopGroup-2-1/WARN]: [gg.playit.minecraft.PlayitTcpTunnel] failed to send data to tunnel
[04:58:23] [nioEventLoopGroup-2-1/WARN]: [gg.playit.minecraft.PlayitTcpTunnel] failed to send data to tunnel
[04:58:23] [nioEventLoopGroup-2-1/WARN]: [gg.playit.minecraft.PlayitTcpTunnel] failed to send data to tunnel
[04:58:23] [nioEventLoopGroup-2-1/WARN]: [gg.playit.minecraft.PlayitTcpTunnel] failed to send data to tunnel
[04:58:23] [nioEventLoopGroup-2-1/WARN]: [gg.playit.minecraft.PlayitTcpTunnel] failed to send data to tunnel
[04:58:23] [nioEventLoopGroup-2-1/WARN]: [gg.playit.minecraft.PlayitTcpTunnel] failed to send data to tunnel
[04:58:23] [nioEventLoopGroup-2-1/WARN]: [gg.playit.minecraft.PlayitTcpTunnel] failed to send data to tunnel
[04:58:23] [nioEventLoopGroup-2-1/WARN]: [gg.playit.minecraft.PlayitTcpTunnel] failed to send data to tunnel
[04:58:23] [nioEventLoopGroup-2-1/WARN]: [gg.playit.minecraft.PlayitTcpTunnel] failed to send data to tunnel
[04:58:23] [nioEventLoopGroup-2-1/WARN]: [gg.playit.minecraft.PlayitTcpTunnel] failed to send data to tunnel
[04:58:23] [nioEventLoopGroup-2-1/WARN]: [gg.playit.minecraft.PlayitTcpTunnel] failed to send data to tunnel
[04:58:23] [nioEventLoopGroup-2-1/WARN]: [gg.playit.minecraft.PlayitTcpTunnel] failed to send data to tunnel
[04:58:23] [nioEventLoopGroup-2-1/WARN]: [gg.playit.minecraft.PlayitTcpTunnel] failed to send data to tunnel
[04:58:23] [nioEventLoopGroup-2-1/WARN]: [gg.playit.minecraft.PlayitTcpTunnel] failed to send data to tunnel
[04:58:23] [nioEventLoopGroup-2-1/WARN]: [gg.playit.minecraft.PlayitTcpTunnel] failed to send data to tunnel
[04:58:23] [nioEventLoopGroup-2-1/WARN]: [gg.playit.minecraft.PlayitTcpTunnel] failed to send data to tunnel
[04:58:23] [nioEventLoopGroup-2-1/WARN]: [gg.playit.minecraft.PlayitTcpTunnel] failed to send data to tunnel
[04:58:23] [nioEventLoopGroup-2-1/WARN]: [gg.playit.minecraft.PlayitTcpTunnel] failed to send data to tunnel
[04:58:23] [nioEventLoopGroup-2-1/WARN]: [gg.playit.minecraft.PlayitTcpTunnel] failed to send data to tunnel
[04:58:23] [nioEventLoopGroup-2-1/WARN]: [gg.playit.minecraft.PlayitTcpTunnel] failed to send data to tunnel
[04:58:23] [nioEventLoopGroup-2-1/WARN]: [gg.playit.minecraft.PlayitTcpTunnel] failed to send data to tunnel
[04:58:23] [nioEventLoopGroup-2-1/WARN]: [gg.playit.minecraft.PlayitTcpTunnel] failed to send data to tunnel
[04:58:23] [nioEventLoopGroup-2-1/WARN]: [gg.playit.minecraft.PlayitTcpTunnel] failed to send data to tunnel
[04:58:23] [nioEventLoopGroup-2-1/WARN]: [gg.playit.minecraft.PlayitTcpTunnel] failed to send data to tunnel
[04:58:23] [nioEventLoopGroup-2-1/WARN]: [gg.playit.minecraft.PlayitTcpTunnel] failed to send data to tunnel
[04:58:23] [nioEventLoopGroup-2-1/WARN]: [gg.playit.minecraft.PlayitTcpTunnel] failed to send data to tunnel
[04:58:23] [nioEventLoopGroup-2-1/WARN]: [gg.playit.minecraft.PlayitTcpTunnel] failed to send data to tunnel
[04:58:23] [nioEventLoopGroup-2-1/WARN]: [gg.playit.minecraft.PlayitTcpTunnel] failed to send data to tunnel
[04:58:23] [nioEventLoopGroup-2-1/WARN]: [gg.playit.minecraft.PlayitTcpTunnel] failed to send data to tunnel
[04:58:23] [nioEventLoopGroup-2-1/WARN]: [gg.playit.minecraft.PlayitTcpTunnel] failed to send data to tunnel
[04:58:23] [nioEventLoopGroup-2-1/WARN]: [gg.playit.minecraft.PlayitTcpTunnel] failed to send data to tunnel
[04:58:23] [nioEventLoopGroup-2-1/WARN]: [gg.playit.minecraft.PlayitTcpTunnel] failed to send data to tunnel
[04:58:23] [nioEventLoopGroup-2-1/WARN]: [gg.playit.minecraft.PlayitTcpTunnel] failed to send data to tunnel
[04:58:23] [nioEventLoopGroup-2-1/WARN]: [gg.playit.minecraft.PlayitTcpTunnel] failed to send data to tunnel
[04:58:23] [nioEventLoopGroup-2-1/WARN]: [gg.playit.minecraft.PlayitTcpTunnel] failed to send data to tunnel
[04:58:23] [nioEventLoopGroup-2-1/WARN]: [gg.playit.minecraft.PlayitTcpTunnel] failed to send data to tunnel
[04:58:23] [nioEventLoopGroup-2-1/WARN]: [gg.playit.minecraft.PlayitTcpTunnel] failed to send data to tunnel
[04:58:23] [nioEventLoopGroup-2-1/WARN]: [gg.playit.minecraft.PlayitTcpTunnel] failed to send data to tunnel
[04:58:23] [nioEventLoopGroup-2-1/WARN]: [gg.playit.minecraft.PlayitTcpTunnel] failed to send data to tunnel
[04:58:23] [nioEventLoopGroup-2-1/WARN]: [gg.playit.minecraft.PlayitTcpTunnel] failed to send data to tunnel
[04:58:23] [nioEventLoopGroup-2-1/WARN]: [gg.playit.minecraft.PlayitTcpTunnel] failed to send data to tunnel
[04:58:23] [nioEventLoopGroup-2-1/WARN]: [gg.playit.minecraft.PlayitTcpTunnel] failed to send data to tunnel
[04:58:23] [nioEventLoopGroup-2-1/WARN]: [gg.playit.minecraft.PlayitTcpTunnel] failed to send data to tunnel
[04:58:23] [nioEventLoopGroup-2-1/WARN]: [gg.playit.minecraft.PlayitTcpTunnel] failed to send data to tunnel
[04:58:23] [nioEventLoopGroup-2-1/WARN]: [gg.playit.minecraft.PlayitTcpTunnel] failed to send data to tunnel
[04:58:23] [nioEventLoopGroup-2-1/WARN]: [gg.playit.minecraft.PlayitTcpTunnel] failed to send data to tunnel
[04:58:23] [nioEventLoopGroup-2-1/WARN]: [gg.playit.minecraft.PlayitTcpTunnel] failed to send data to tunnel
[04:58:23] [nioEventLoopGroup-2-1/WARN]: [gg.playit.minecraft.PlayitTcpTunnel] failed to send data to tunnel
[04:58:23] [nioEventLoopGroup-2-1/WARN]: [gg.playit.minecraft.PlayitTcpTunnel] failed to send data to tunnel
[04:58:23] [nioEventLoopGroup-2-1/WARN]: [gg.playit.minecraft.PlayitTcpTunnel] failed to send data to tunnel
[04:58:23] [nioEventLoopGroup-2-1/WARN]: [gg.playit.minecraft.PlayitTcpTunnel] failed to send data to tunnel
[04:58:23] [nioEventLoopGroup-2-1/WARN]: [gg.playit.minecraft.PlayitTcpTunnel] failed to send data to tunnel
[04:58:23] [nioEventLoopGroup-2-1/WARN]: [gg.playit.minecraft.PlayitTcpTunnel] failed to send data to tunnel
[04:58:23] [nioEventLoopGroup-2-1/WARN]: [gg.playit.minecraft.PlayitTcpTunnel] failed to send data to tunnel
[04:58:23] [nioEventLoopGroup-2-1/WARN]: [gg.playit.minecraft.PlayitTcpTunnel] failed to send data to tunnel
[04:58:23] [nioEventLoopGroup-2-1/WARN]: [gg.playit.minecraft.PlayitTcpTunnel] failed to send data to tunnel
[04:58:23] [nioEventLoopGroup-2-1/WARN]: [gg.playit.minecraft.PlayitTcpTunnel] failed to send data to tunnel
[04:58:23] [nioEventLoopGroup-2-1/WARN]: [gg.playit.minecraft.PlayitTcpTunnel] failed to send data to tunnel
[04:58:23] [nioEventLoopGroup-2-1/WARN]: [gg.playit.minecraft.PlayitTcpTunnel] failed to send data to tunnel
[04:58:23] [nioEventLoopGroup-2-1/WARN]: [gg.playit.minecraft.PlayitTcpTunnel] failed to send data to tunnel
[04:58:23] [nioEventLoopGroup-2-1/WARN]: [gg.playit.minecraft.PlayitTcpTunnel] failed to send data to tunnel
[04:58:23] [nioEventLoopGroup-2-1/WARN]: [gg.playit.minecraft.PlayitTcpTunnel] failed to send data to tunnel
[04:58:23] [nioEventLoopGroup-2-1/WARN]: [gg.playit.minecraft.PlayitTcpTunnel] failed to send data to tunnel
[04:58:23] [nioEventLoopGroup-2-1/WARN]: [gg.playit.minecraft.PlayitTcpTunnel] failed to send data to tunnel
[04:58:23] [nioEventLoopGroup-2-1/WARN]: [gg.playit.minecraft.PlayitTcpTunnel] failed to send data to tunnel
[04:58:23] [nioEventLoopGroup-2-1/WARN]: [gg.playit.minecraft.PlayitTcpTunnel] failed to send data to tunnel
[04:58:23] [nioEventLoopGroup-2-1/WARN]: [gg.playit.minecraft.PlayitTcpTunnel] failed to send data to tunnel
[04:58:23] [nioEventLoopGroup-2-1/WARN]: [gg.playit.minecraft.PlayitTcpTunnel] failed to send data to tunnel
[04:58:23] [nioEventLoopGroup-2-1/WARN]: [gg.playit.minecraft.PlayitTcpTunnel] failed to send data to tunnel
[04:58:23] [nioEventLoopGroup-2-1/WARN]: [gg.playit.minecraft.PlayitTcpTunnel] failed to send data to tunnel
[04:58:23] [nioEventLoopGroup-2-1/WARN]: [gg.playit.minecraft.PlayitTcpTunnel] failed to send data to tunnel
[04:58:23] [nioEventLoopGroup-2-1/WARN]: [gg.playit.minecraft.PlayitTcpTunnel] failed to send data to tunnel
[04:58:23] [nioEventLoopGroup-2-1/WARN]: [gg.playit.minecraft.PlayitTcpTunnel] failed to send data to tunnel
[04:58:23] [nioEventLoopGroup-2-1/WARN]: [gg.playit.minecraft.PlayitTcpTunnel] failed to send data to tunnel
[04:58:23] [nioEventLoopGroup-2-1/WARN]: [gg.playit.minecraft.PlayitTcpTunnel] failed to send data to tunnel
[04:58:23] [nioEventLoopGroup-2-1/WARN]: [gg.playit.minecraft.PlayitTcpTunnel] failed to send data to tunnel
[04:58:23] [nioEventLoopGroup-2-1/WARN]: [gg.playit.minecraft.PlayitTcpTunnel] failed to send data to tunnel
[04:58:23] [nioEventLoopGroup-2-1/WARN]: [gg.playit.minecraft.PlayitTcpTunnel] failed to send data to tunnel
[04:58:23] [nioEventLoopGroup-2-1/WARN]: [gg.playit.minecraft.PlayitTcpTunnel] failed to send data to tunnel
[04:58:23] [nioEventLoopGroup-2-1/WARN]: [gg.playit.minecraft.PlayitTcpTunnel] failed to send data to tunnel
[04:58:23] [nioEventLoopGroup-2-1/WARN]: [gg.playit.minecraft.PlayitTcpTunnel] failed to send data to tunnel
[04:58:23] [nioEventLoopGroup-2-1/WARN]: [gg.playit.minecraft.PlayitTcpTunnel] failed to send data to tunnel
[04:58:23] [nioEventLoopGroup-2-1/WARN]: [gg.playit.minecraft.PlayitTcpTunnel] failed to send data to tunnel
[04:58:23] [nioEventLoopGroup-2-1/WARN]: [gg.playit.minecraft.PlayitTcpTunnel] failed to send data to tunnel
[04:58:23] [nioEventLoopGroup-2-1/WARN]: [gg.playit.minecraft.PlayitTcpTunnel] failed to send data to tunnel
[04:58:23] [nioEventLoopGroup-2-1/WARN]: [gg.playit.minecraft.PlayitTcpTunnel] failed to send data to tunnel
[04:58:23] [nioEventLoopGroup-2-1/WARN]: [gg.playit.minecraft.PlayitTcpTunnel] failed to send data to tunnel
[04:58:23] [nioEventLoopGroup-2-1/WARN]: [gg.playit.minecraft.PlayitTcpTunnel] failed to send data to tunnel
[04:58:23] [nioEventLoopGroup-2-1/WARN]: [gg.playit.minecraft.PlayitTcpTunnel] failed to send data to tunnel
[04:58:23] [nioEventLoopGroup-2-1/WARN]: [gg.playit.minecraft.PlayitTcpTunnel] failed to send data to tunnel
[04:58:23] [nioEventLoopGroup-2-1/WARN]: [gg.playit.minecraft.PlayitTcpTunnel] failed to send data to tunnel
[04:58:23] [nioEventLoopGroup-2-1/WARN]: [gg.playit.minecraft.PlayitTcpTunnel] failed to send data to tunnel
[04:58:23] [nioEventLoopGroup-2-1/WARN]: [gg.playit.minecraft.PlayitTcpTunnel] failed to send data to tunnel
[04:58:23] [nioEventLoopGroup-2-1/WARN]: [gg.playit.minecraft.PlayitTcpTunnel] failed to send data to tunnel
[04:58:23] [nioEventLoopGroup-2-1/WARN]: [gg.playit.minecraft.PlayitTcpTunnel] failed to send data to tunnel
[04:58:23] [nioEventLoopGroup-2-1/WARN]: [gg.playit.minecraft.PlayitTcpTunnel] failed to send data to tunnel
[04:58:23] [nioEventLoopGroup-2-1/WARN]: [gg.playit.minecraft.PlayitTcpTunnel] failed to send data to tunnel
[04:58:23] [nioEventLoopGroup-2-1/WARN]: [gg.playit.minecraft.PlayitTcpTunnel] failed to send data to tunnel
[04:58:23] [nioEventLoopGroup-2-1/WARN]: [gg.playit.minecraft.PlayitTcpTunnel] failed to send data to tunnel
[04:58:23] [nioEventLoopGroup-2-1/WARN]: [gg.playit.minecraft.PlayitTcpTunnel] failed to send data to tunnel
[04:58:23] [nioEventLoopGroup-2-1/WARN]: [gg.playit.minecraft.PlayitTcpTunnel] failed to send data to tunnel
[04:58:23] [nioEventLoopGroup-2-1/WARN]: [gg.playit.minecraft.PlayitTcpTunnel] failed to send data to tunnel
[04:58:23] [nioEventLoopGroup-2-1/WARN]: [gg.playit.minecraft.PlayitTcpTunnel] failed to send data to tunnel
[04:58:23] [nioEventLoopGroup-2-1/WARN]: [gg.playit.minecraft.PlayitTcpTunnel] failed to send data to tunnel
[04:58:23] [nioEventLoopGroup-2-1/WARN]: [gg.playit.minecraft.PlayitTcpTunnel] failed to send data to tunnel
[04:58:23] [nioEventLoopGroup-2-1/WARN]: [gg.playit.minecraft.PlayitTcpTunnel] failed to send data to tunnel
[04:58:23] [nioEventLoopGroup-2-1/WARN]: [gg.playit.minecraft.PlayitTcpTunnel] failed to send data to tunnel
[04:58:23] [nioEventLoopGroup-2-1/WARN]: [gg.playit.minecraft.PlayitTcpTunnel] failed to send data to tunnel
[04:58:23] [nioEventLoopGroup-2-1/WARN]: [gg.playit.minecraft.PlayitTcpTunnel] failed to send data to tunnel
[04:58:23] [nioEventLoopGroup-2-1/WARN]: [gg.playit.minecraft.PlayitTcpTunnel] failed to send data to tunnel
[04:58:23] [nioEventLoopGroup-2-1/WARN]: [gg.playit.minecraft.PlayitTcpTunnel] failed to send data to tunnel
[04:58:23] [nioEventLoopGroup-2-1/WARN]: [gg.playit.minecraft.PlayitTcpTunnel] failed to send data to tunnel
[04:58:23] [nioEventLoopGroup-2-1/WARN]: [gg.playit.minecraft.PlayitTcpTunnel] failed to send data to tunnel
[04:58:23] [nioEventLoopGroup-2-1/WARN]: [gg.playit.minecraft.PlayitTcpTunnel] failed to send data to tunnel
[04:58:23] [nioEventLoopGroup-2-1/WARN]: [gg.playit.minecraft.PlayitTcpTunnel] failed to send data to tunnel
[04:58:23] [nioEventLoopGroup-2-1/WARN]: [gg.playit.minecraft.PlayitTcpTunnel] failed to send data to tunnel
[04:58:23] [nioEventLoopGroup-2-1/WARN]: [gg.playit.minecraft.PlayitTcpTunnel] failed to send data to tunnel
[04:58:23] [nioEventLoopGroup-2-1/WARN]: [gg.playit.minecraft.PlayitTcpTunnel] failed to send data to tunnel
[04:58:23] [nioEventLoopGroup-2-1/WARN]: [gg.playit.minecraft.PlayitTcpTunnel] failed to send data to tunnel
[04:58:23] [nioEventLoopGroup-2-1/WARN]: [gg.playit.minecraft.PlayitTcpTunnel] failed to send data to tunnel
[04:58:23] [nioEventLoopGroup-2-1/WARN]: [gg.playit.minecraft.PlayitTcpTunnel] failed to send data to tunnel
[04:58:23] [nioEventLoopGroup-2-1/WARN]: [gg.playit.minecraft.PlayitTcpTunnel] failed to send data to tunnel
[04:58:23] [nioEventLoopGroup-2-1/WARN]: [gg.playit.minecraft.PlayitTcpTunnel] failed to send data to tunnel
[04:58:23] [nioEventLoopGroup-2-1/WARN]: [gg.playit.minecraft.PlayitTcpTunnel] failed to send data to tunnel
[04:58:23] [nioEventLoopGroup-2-1/WARN]: [gg.playit.minecraft.PlayitTcpTunnel] failed to send data to tunnel
[04:58:23] [nioEventLoopGroup-2-1/WARN]: [gg.playit.minecraft.PlayitTcpTunnel] failed to send data to tunnel
[04:58:23] [nioEventLoopGroup-2-1/WARN]: [gg.playit.minecraft.PlayitTcpTunnel] failed to send data to tunnel
[04:58:23] [nioEventLoopGroup-2-1/WARN]: [gg.playit.minecraft.PlayitTcpTunnel] failed to send data to tunnel
[04:58:23] [nioEventLoopGroup-2-1/WARN]: [gg.playit.minecraft.PlayitTcpTunnel] failed to send data to tunnel
[04:58:23] [nioEventLoopGroup-2-1/WARN]: [gg.playit.minecraft.PlayitTcpTunnel] failed to send data to tunnel
[04:58:23] [nioEventLoopGroup-2-1/WARN]: [gg.playit.minecraft.PlayitTcpTunnel] failed to send data to tunnel
[04:58:23] [nioEventLoopGroup-2-1/WARN]: [gg.playit.minecraft.PlayitTcpTunnel] failed to send data to tunnel
[04:58:23] [nioEventLoopGroup-2-1/WARN]: [gg.playit.minecraft.PlayitTcpTunnel] failed to send data to tunnel
[04:58:23] [nioEventLoopGroup-2-1/WARN]: [gg.playit.minecraft.PlayitTcpTunnel] failed to send data to tunnel
[04:58:23] [nioEventLoopGroup-2-1/WARN]: [gg.playit.minecraft.PlayitTcpTunnel] failed to send data to tunnel
[04:58:23] [nioEventLoopGroup-2-1/WARN]: [gg.playit.minecraft.PlayitTcpTunnel] failed to send data to tunnel
[04:58:23] [nioEventLoopGroup-2-1/WARN]: [gg.playit.minecraft.PlayitTcpTunnel] failed to send data to tunnel
[04:58:23] [nioEventLoopGroup-2-1/WARN]: [gg.playit.minecraft.PlayitTcpTunnel] failed to send data to tunnel
[04:58:23] [nioEventLoopGroup-2-1/WARN]: [gg.playit.minecraft.PlayitTcpTunnel] failed to send data to tunnel
[04:58:23] [nioEventLoopGroup-2-1/WARN]: [gg.playit.minecraft.PlayitTcpTunnel] failed to send data to tunnel
[04:58:23] [nioEventLoopGroup-2-1/WARN]: [gg.playit.minecraft.PlayitTcpTunnel] failed to send data to tunnel
[04:58:23] [nioEventLoopGroup-2-1/WARN]: [gg.playit.minecraft.PlayitTcpTunnel] failed to send data to tunnel
[04:58:23] [nioEventLoopGroup-2-1/WARN]: [gg.playit.minecraft.PlayitTcpTunnel] failed to send data to tunnel
[04:58:23] [nioEventLoopGroup-2-1/WARN]: [gg.playit.minecraft.PlayitTcpTunnel] failed to send data to tunnel
[04:58:23] [nioEventLoopGroup-2-1/WARN]: [gg.playit.minecraft.PlayitTcpTunnel] failed to send data to tunnel
[04:58:23] [nioEventLoopGroup-2-1/WARN]: [gg.playit.minecraft.PlayitTcpTunnel] failed to send data to tunnel
[04:58:23] [nioEventLoopGroup-2-1/WARN]: [gg.playit.minecraft.PlayitTcpTunnel] failed to send data to tunnel
[04:58:23] [nioEventLoopGroup-2-1/WARN]: [gg.playit.minecraft.PlayitTcpTunnel] failed to send data to tunnel
[04:58:23] [nioEventLoopGroup-2-1/WARN]: [gg.playit.minecraft.PlayitTcpTunnel] failed to send data to tunnel
[04:58:23] [nioEventLoopGroup-2-1/WARN]: [gg.playit.minecraft.PlayitTcpTunnel] failed to send data to tunnel
[04:58:23] [nioEventLoopGroup-2-1/WARN]: [gg.playit.minecraft.PlayitTcpTunnel] failed to send data to tunnel
[04:58:23] [nioEventLoopGroup-2-1/WARN]: [gg.playit.minecraft.PlayitTcpTunnel] failed to send data to tunnel
[04:58:23] [nioEventLoopGroup-2-1/WARN]: [gg.playit.minecraft.PlayitTcpTunnel] failed to send data to tunnel
[04:58:23] [nioEventLoopGroup-2-1/WARN]: [gg.playit.minecraft.PlayitTcpTunnel] failed to send data to tunnel
[04:58:23] [nioEventLoopGroup-2-1/WARN]: [gg.playit.minecraft.PlayitTcpTunnel] failed to send data to tunnel
[04:58:23] [nioEventLoopGroup-2-1/WARN]: [gg.playit.minecraft.PlayitTcpTunnel] failed to send data to tunnel
[04:58:23] [nioEventLoopGroup-2-1/WARN]: [gg.playit.minecraft.PlayitTcpTunnel] failed to send data to tunnel
[04:58:23] [nioEventLoopGroup-2-1/WARN]: [gg.playit.minecraft.PlayitTcpTunnel] failed to send data to tunnel
[04:58:23] [nioEventLoopGroup-2-1/WARN]: [gg.playit.minecraft.PlayitTcpTunnel] failed to send data to tunnel
[04:58:23] [nioEventLoopGroup-2-1/WARN]: [gg.playit.minecraft.PlayitTcpTunnel] failed to send data to tunnel
[04:58:23] [nioEventLoopGroup-2-1/WARN]: [gg.playit.minecraft.PlayitTcpTunnel] failed to send data to tunnel
[04:58:23] [nioEventLoopGroup-2-1/WARN]: [gg.playit.minecraft.PlayitTcpTunnel] failed to send data to tunnel
[04:58:23] [nioEventLoopGroup-2-1/WARN]: [gg.playit.minecraft.PlayitTcpTunnel] failed to send data to tunnel
[04:58:23] [nioEventLoopGroup-2-1/WARN]: [gg.playit.minecraft.PlayitTcpTunnel] failed to send data to tunnel
[04:58:23] [nioEventLoopGroup-2-1/WARN]: [gg.playit.minecraft.PlayitTcpTunnel] failed to send data to tunnel
[04:58:23] [nioEventLoopGroup-2-1/WARN]: [gg.playit.minecraft.PlayitTcpTunnel] failed to send data to tunnel
[04:58:23] [nioEventLoopGroup-2-1/WARN]: [gg.playit.minecraft.PlayitTcpTunnel] failed to send data to tunnel
[04:58:23] [nioEventLoopGroup-2-1/WARN]: [gg.playit.minecraft.PlayitTcpTunnel] failed to send data to tunnel
[04:58:23] [nioEventLoopGroup-2-1/WARN]: [gg.playit.minecraft.PlayitTcpTunnel] failed to send data to tunnel
[04:58:23] [nioEventLoopGroup-2-1/WARN]: [gg.playit.minecraft.PlayitTcpTunnel] failed to send data to tunnel
[04:58:23] [nioEventLoopGroup-2-1/WARN]: [gg.playit.minecraft.PlayitTcpTunnel] failed to send data to tunnel
[04:58:23] [nioEventLoopGroup-2-1/WARN]: [gg.playit.minecraft.PlayitTcpTunnel] failed to send data to tunnel
[04:58:23] [nioEventLoopGroup-2-1/WARN]: [gg.playit.minecraft.PlayitTcpTunnel] failed to send data to tunnel
[04:58:23] [nioEventLoopGroup-2-1/WARN]: [gg.playit.minecraft.PlayitTcpTunnel] failed to send data to tunnel
[04:58:23] [nioEventLoopGroup-2-1/WARN]: [gg.playit.minecraft.PlayitTcpTunnel] failed to send data to tunnel
[04:58:23] [nioEventLoopGroup-2-1/WARN]: [gg.playit.minecraft.PlayitTcpTunnel] failed to send data to tunnel
[04:58:23] [nioEventLoopGroup-2-1/WARN]: [gg.playit.minecraft.PlayitTcpTunnel] failed to send data to tunnel
[04:58:23] [nioEventLoopGroup-2-1/WARN]: [gg.playit.minecraft.PlayitTcpTunnel] failed to send data to tunnel
[04:58:23] [nioEventLoopGroup-2-1/WARN]: [gg.playit.minecraft.PlayitTcpTunnel] failed to send data to tunnel
[04:58:23] [nioEventLoopGroup-2-1/WARN]: [gg.playit.minecraft.PlayitTcpTunnel] failed to send data to tunnel
[04:58:23] [nioEventLoopGroup-2-1/WARN]: [gg.playit.minecraft.PlayitTcpTunnel] failed to send data to tunnel
[04:58:23] [nioEventLoopGroup-2-1/WARN]: [gg.playit.minecraft.PlayitTcpTunnel] failed to send data to tunnel
[04:58:23] [nioEventLoopGroup-2-1/WARN]: [gg.playit.minecraft.PlayitTcpTunnel] failed to send data to tunnel
[04:58:23] [nioEventLoopGroup-2-1/WARN]: [gg.playit.minecraft.PlayitTcpTunnel] failed to send data to tunnel
[04:58:23] [nioEventLoopGroup-2-1/WARN]: [gg.playit.minecraft.PlayitTcpTunnel] failed to send data to tunnel
[04:58:23] [nioEventLoopGroup-2-1/WARN]: [gg.playit.minecraft.PlayitTcpTunnel] failed to send data to tunnel
[04:58:23] [nioEventLoopGroup-2-1/WARN]: [gg.playit.minecraft.PlayitTcpTunnel] failed to send data to tunnel
[04:58:23] [nioEventLoopGroup-2-1/WARN]: [gg.playit.minecraft.PlayitTcpTunnel] failed to send data to tunnel
[04:58:23] [nioEventLoopGroup-2-1/WARN]: [gg.playit.minecraft.PlayitTcpTunnel] failed to send data to tunnel
[04:58:23] [nioEventLoopGroup-2-1/WARN]: [gg.playit.minecraft.PlayitTcpTunnel] failed to send data to tunnel
[04:58:23] [nioEventLoopGroup-2-1/WARN]: [gg.playit.minecraft.PlayitTcpTunnel] failed to send data to tunnel
[04:58:23] [nioEventLoopGroup-2-1/WARN]: [gg.playit.minecraft.PlayitTcpTunnel] failed to send data to tunnel
[04:58:23] [nioEventLoopGroup-2-1/WARN]: [gg.playit.minecraft.PlayitTcpTunnel] failed to send data to tunnel
[04:58:23] [nioEventLoopGroup-2-1/WARN]: [gg.playit.minecraft.PlayitTcpTunnel] failed to send data to tunnel
[04:58:23] [nioEventLoopGroup-2-1/WARN]: [gg.playit.minecraft.PlayitTcpTunnel] failed to send data to tunnel
[04:58:23] [nioEventLoopGroup-2-1/WARN]: [gg.playit.minecraft.PlayitTcpTunnel] failed to send data to tunnel
[04:58:23] [nioEventLoopGroup-2-1/WARN]: [gg.playit.minecraft.PlayitTcpTunnel] failed to send data to tunnel
[04:58:23] [nioEventLoopGroup-2-1/WARN]: [gg.playit.minecraft.PlayitTcpTunnel] failed to send data to tunnel
[04:58:23] [nioEventLoopGroup-2-1/WARN]: [gg.playit.minecraft.PlayitTcpTunnel] failed to send data to tunnel
[04:58:23] [nioEventLoopGroup-2-1/WARN]: [gg.playit.minecraft.PlayitTcpTunnel] failed to send data to tunnel
[04:58:23] [nioEventLoopGroup-2-1/WARN]: [gg.playit.minecraft.PlayitTcpTunnel] failed to send data to tunnel
[04:58:23] [nioEventLoopGroup-2-1/WARN]: [gg.playit.minecraft.PlayitTcpTunnel] failed to send data to tunnel
[04:58:23] [nioEventLoopGroup-2-1/WARN]: [gg.playit.minecraft.PlayitTcpTunnel] failed to send data to tunnel
[04:58:23] [nioEventLoopGroup-2-1/WARN]: [gg.playit.minecraft.PlayitTcpTunnel] failed to send data to tunnel
[04:58:23] [nioEventLoopGroup-2-1/WARN]: [gg.playit.minecraft.PlayitTcpTunnel] failed to send data to tunnel
[04:58:23] [nioEventLoopGroup-2-1/WARN]: [gg.playit.minecraft.PlayitTcpTunnel] failed to send data to tunnel
[04:58:23] [nioEventLoopGroup-2-1/WARN]: [gg.playit.minecraft.PlayitTcpTunnel] failed to send data to tunnel
[04:58:23] [nioEventLoopGroup-2-1/WARN]: [gg.playit.minecraft.PlayitTcpTunnel] failed to send data to tunnel
[04:58:23] [nioEventLoopGroup-2-1/WARN]: [gg.playit.minecraft.PlayitTcpTunnel] failed to send data to tunnel
[04:58:23] [nioEventLoopGroup-2-1/WARN]: [gg.playit.minecraft.PlayitTcpTunnel] failed to send data to tunnel
[04:58:23] [nioEventLoopGroup-2-1/WARN]: [gg.playit.minecraft.PlayitTcpTunnel] failed to send data to tunnel
[04:58:23] [nioEventLoopGroup-2-1/WARN]: [gg.playit.minecraft.PlayitTcpTunnel] failed to send data to tunnel
[04:58:23] [nioEventLoopGroup-2-1/WARN]: [gg.playit.minecraft.PlayitTcpTunnel] failed to send data to tunnel
[04:58:23] [nioEventLoopGroup-2-1/WARN]: [gg.playit.minecraft.PlayitTcpTunnel] failed to send data to tunnel
[04:58:23] [nioEventLoopGroup-2-1/WARN]: [gg.playit.minecraft.PlayitTcpTunnel] failed to send data to tunnel
[04:58:23] [nioEventLoopGroup-2-1/WARN]: [gg.playit.minecraft.PlayitTcpTunnel] failed to send data to tunnel
[04:58:23] [nioEventLoopGroup-2-1/WARN]: [gg.playit.minecraft.PlayitTcpTunnel] failed to send data to tunnel
[04:58:23] [nioEventLoopGroup-2-1/WARN]: [gg.playit.minecraft.PlayitTcpTunnel] failed to send data to tunnel
[04:58:23] [nioEventLoopGroup-2-1/WARN]: [gg.playit.minecraft.PlayitTcpTunnel] failed to send data to tunnel
[04:58:23] [nioEventLoopGroup-2-1/WARN]: [gg.playit.minecraft.PlayitTcpTunnel] failed to send data to tunnel
[04:58:23] [nioEventLoopGroup-2-1/WARN]: [gg.playit.minecraft.PlayitTcpTunnel] failed to send data to tunnel
[04:58:23] [nioEventLoopGroup-2-1/WARN]: [gg.playit.minecraft.PlayitTcpTunnel] failed to send data to tunnel
[04:58:23] [nioEventLoopGroup-2-1/WARN]: [gg.playit.minecraft.PlayitTcpTunnel] failed to send data to tunnel
[04:58:23] [nioEventLoopGroup-2-1/WARN]: [gg.playit.minecraft.PlayitTcpTunnel] failed to send data to tunnel
[04:58:23] [nioEventLoopGroup-2-1/WARN]: [gg.playit.minecraft.PlayitTcpTunnel] failed to send data to tunnel
[04:58:23] [nioEventLoopGroup-2-1/WARN]: [gg.playit.minecraft.PlayitTcpTunnel] failed to send data to tunnel
[04:58:23] [nioEventLoopGroup-2-1/WARN]: [gg.playit.minecraft.PlayitTcpTunnel] failed to send data to tunnel
[04:58:23] [nioEventLoopGroup-2-1/WARN]: [gg.playit.minecraft.PlayitTcpTunnel] failed to send data to tunnel
[04:58:23] [nioEventLoopGroup-2-1/WARN]: [gg.playit.minecraft.PlayitTcpTunnel] failed to send data to tunnel
[04:58:23] [nioEventLoopGroup-2-1/WARN]: [gg.playit.minecraft.PlayitTcpTunnel] failed to send data to tunnel
[04:58:23] [nioEventLoopGroup-2-1/WARN]: [gg.playit.minecraft.PlayitTcpTunnel] failed to send data to tunnel
[04:58:23] [nioEventLoopGroup-2-1/WARN]: [gg.playit.minecraft.PlayitTcpTunnel] failed to send data to tunnel
[04:58:23] [nioEventLoopGroup-2-1/WARN]: [gg.playit.minecraft.PlayitTcpTunnel] failed to send data to tunnel
[04:58:23] [nioEventLoopGroup-2-1/WARN]: [gg.playit.minecraft.PlayitTcpTunnel] failed to send data to tunnel
[04:58:23] [nioEventLoopGroup-2-1/WARN]: [gg.playit.minecraft.PlayitTcpTunnel] failed to send data to tunnel
[04:58:23] [nioEventLoopGroup-2-1/WARN]: [gg.playit.minecraft.PlayitTcpTunnel] failed to send data to tunnel
[04:58:23] [nioEventLoopGroup-2-1/WARN]: [gg.playit.minecraft.PlayitTcpTunnel] failed to send data to tunnel
[04:58:23] [nioEventLoopGroup-2-1/WARN]: [gg.playit.minecraft.PlayitTcpTunnel] failed to send data to tunnel
[04:58:23] [nioEventLoopGroup-2-1/WARN]: [gg.playit.minecraft.PlayitTcpTunnel] failed to send data to tunnel
[04:58:23] [nioEventLoopGroup-2-1/WARN]: [gg.playit.minecraft.PlayitTcpTunnel] failed to send data to tunnel
[04:58:23] [nioEventLoopGroup-2-1/WARN]: [gg.playit.minecraft.PlayitTcpTunnel] failed to send data to tunnel
[04:58:23] [nioEventLoopGroup-2-1/WARN]: [gg.playit.minecraft.PlayitTcpTunnel] failed to send data to tunnel
[04:58:23] [nioEventLoopGroup-2-1/WARN]: [gg.playit.minecraft.PlayitTcpTunnel] failed to send data to tunnel
[04:58:23] [nioEventLoopGroup-2-1/WARN]: [gg.playit.minecraft.PlayitTcpTunnel] failed to send data to tunnel
[04:58:23] [nioEventLoopGroup-2-1/WARN]: [gg.playit.minecraft.PlayitTcpTunnel] failed to send data to tunnel
[04:58:23] [nioEventLoopGroup-2-1/WARN]: [gg.playit.minecraft.PlayitTcpTunnel] failed to send data to tunnel
[04:58:23] [nioEventLoopGroup-2-1/WARN]: [gg.playit.minecraft.PlayitTcpTunnel] failed to send data to tunnel
[04:58:23] [nioEventLoopGroup-2-1/WARN]: [gg.playit.minecraft.PlayitTcpTunnel] failed to send data to tunnel
[04:58:23] [nioEventLoopGroup-2-1/WARN]: [gg.playit.minecraft.PlayitTcpTunnel] failed to send data to tunnel
[04:58:23] [nioEventLoopGroup-2-1/WARN]: [gg.playit.minecraft.PlayitTcpTunnel] failed to send data to tunnel
[04:58:23] [nioEventLoopGroup-2-1/WARN]: [gg.playit.minecraft.PlayitTcpTunnel] failed to send data to tunnel
[04:58:23] [nioEventLoopGroup-2-1/WARN]: [gg.playit.minecraft.PlayitTcpTunnel] failed to send data to tunnel
[04:58:23] [nioEventLoopGroup-2-1/WARN]: [gg.playit.minecraft.PlayitTcpTunnel] failed to send data to tunnel
[04:58:23] [nioEventLoopGroup-2-1/WARN]: [gg.playit.minecraft.PlayitTcpTunnel] failed to send data to tunnel
[04:58:23] [nioEventLoopGroup-2-1/WARN]: [gg.playit.minecraft.PlayitTcpTunnel] failed to send data to tunnel
[04:58:23] [nioEventLoopGroup-2-1/WARN]: [gg.playit.minecraft.PlayitTcpTunnel] failed to send data to tunnel
[04:58:23] [nioEventLoopGroup-2-1/WARN]: [gg.playit.minecraft.PlayitTcpTunnel] failed to send data to tunnel
[04:58:23] [nioEventLoopGroup-2-1/WARN]: [gg.playit.minecraft.PlayitTcpTunnel] failed to send data to tunnel
[04:58:23] [nioEventLoopGroup-2-1/WARN]: [gg.playit.minecraft.PlayitTcpTunnel] failed to send data to tunnel
[04:58:23] [nioEventLoopGroup-2-1/WARN]: [gg.playit.minecraft.PlayitTcpTunnel] failed to send data to tunnel
[04:58:23] [nioEventLoopGroup-2-1/WARN]: [gg.playit.minecraft.PlayitTcpTunnel] failed to send data to tunnel
[04:58:23] [nioEventLoopGroup-2-1/WARN]: [gg.playit.minecraft.PlayitTcpTunnel] failed to send data to tunnel
[04:58:23] [nioEventLoopGroup-2-1/WARN]: [gg.playit.minecraft.PlayitTcpTunnel] failed to send data to tunnel
[04:58:23] [nioEventLoopGroup-2-1/WARN]: [gg.playit.minecraft.PlayitTcpTunnel] failed to send data to tunnel
[04:58:23] [nioEventLoopGroup-2-1/WARN]: [gg.playit.minecraft.PlayitTcpTunnel] failed to send data to tunnel
[04:58:23] [nioEventLoopGroup-2-1/WARN]: [gg.playit.minecraft.PlayitTcpTunnel] failed to send data to tunnel
[04:58:23] [nioEventLoopGroup-2-1/WARN]: [gg.playit.minecraft.PlayitTcpTunnel] failed to send data to tunnel
[04:58:23] [nioEventLoopGroup-2-1/WARN]: [gg.playit.minecraft.PlayitTcpTunnel] failed to send data to tunnel
[04:58:23] [nioEventLoopGroup-2-1/WARN]: [gg.playit.minecraft.PlayitTcpTunnel] failed to send data to tunnel
[04:58:23] [nioEventLoopGroup-2-1/WARN]: [gg.playit.minecraft.PlayitTcpTunnel] failed to send data to tunnel
[04:58:23] [nioEventLoopGroup-2-1/WARN]: [gg.playit.minecraft.PlayitTcpTunnel] failed to send data to tunnel
[04:58:23] [nioEventLoopGroup-2-1/WARN]: [gg.playit.minecraft.PlayitTcpTunnel] failed to send data to tunnel
[04:58:23] [nioEventLoopGroup-2-1/WARN]: [gg.playit.minecraft.PlayitTcpTunnel] failed to send data to tunnel
[04:58:23] [nioEventLoopGroup-2-1/WARN]: [gg.playit.minecraft.PlayitTcpTunnel] failed to send data to tunnel
[04:58:23] [nioEventLoopGroup-2-1/WARN]: [gg.playit.minecraft.PlayitTcpTunnel] failed to send data to tunnel
[04:58:23] [nioEventLoopGroup-2-1/WARN]: [gg.playit.minecraft.PlayitTcpTunnel] failed to send data to tunnel
[04:58:23] [nioEventLoopGroup-2-1/WARN]: [gg.playit.minecraft.PlayitTcpTunnel] failed to send data to tunnel
[04:58:23] [nioEventLoopGroup-2-1/WARN]: [gg.playit.minecraft.PlayitTcpTunnel] failed to send data to tunnel
[04:58:23] [nioEventLoopGroup-2-1/WARN]: [gg.playit.minecraft.PlayitTcpTunnel] failed to send data to tunnel
[04:58:23] [nioEventLoopGroup-2-1/WARN]: [gg.playit.minecraft.PlayitTcpTunnel] failed to send data to tunnel
[04:58:23] [nioEventLoopGroup-2-1/WARN]: [gg.playit.minecraft.PlayitTcpTunnel] failed to send data to tunnel
[04:58:23] [nioEventLoopGroup-2-1/WARN]: [gg.playit.minecraft.PlayitTcpTunnel] failed to send data to tunnel
[04:58:23] [nioEventLoopGroup-2-1/WARN]: [gg.playit.minecraft.PlayitTcpTunnel] failed to send data to tunnel
[04:58:23] [nioEventLoopGroup-2-1/WARN]: [gg.playit.minecraft.PlayitTcpTunnel] failed to send data to tunnel
[04:58:23] [nioEventLoopGroup-2-1/WARN]: [gg.playit.minecraft.PlayitTcpTunnel] failed to send data to tunnel
[04:58:23] [nioEventLoopGroup-2-1/WARN]: [gg.playit.minecraft.PlayitTcpTunnel] failed to send data to tunnel
[04:58:23] [nioEventLoopGroup-2-1/WARN]: [gg.playit.minecraft.PlayitTcpTunnel] failed to send data to tunnel
[04:58:23] [nioEventLoopGroup-2-1/WARN]: [gg.playit.minecraft.PlayitTcpTunnel] failed to send data to tunnel
[04:58:23] [nioEventLoopGroup-2-1/WARN]: [gg.playit.minecraft.PlayitTcpTunnel] failed to send data to tunnel
[04:58:23] [nioEventLoopGroup-2-1/WARN]: [gg.playit.minecraft.PlayitTcpTunnel] failed to send data to tunnel
[04:58:23] [nioEventLoopGroup-2-1/WARN]: [gg.playit.minecraft.PlayitTcpTunnel] failed to send data to tunnel
[04:58:23] [nioEventLoopGroup-2-1/WARN]: [gg.playit.minecraft.PlayitTcpTunnel] failed to send data to tunnel
[04:58:23] [nioEventLoopGroup-2-1/WARN]: [gg.playit.minecraft.PlayitTcpTunnel] failed to send data to tunnel
[04:58:23] [nioEventLoopGroup-2-1/WARN]: [gg.playit.minecraft.PlayitTcpTunnel] failed to send data to tunnel
[04:58:23] [nioEventLoopGroup-2-1/WARN]: [gg.playit.minecraft.PlayitTcpTunnel] failed to send data to tunnel
[04:58:23] [nioEventLoopGroup-2-1/WARN]: [gg.playit.minecraft.PlayitTcpTunnel] failed to send data to tunnel
[04:58:23] [nioEventLoopGroup-2-1/WARN]: [gg.playit.minecraft.PlayitTcpTunnel] failed to send data to tunnel
[04:58:23] [nioEventLoopGroup-2-1/WARN]: [gg.playit.minecraft.PlayitTcpTunnel] failed to send data to tunnel
[04:58:23] [nioEventLoopGroup-2-1/WARN]: [gg.playit.minecraft.PlayitTcpTunnel] failed to send data to tunnel
[04:58:23] [nioEventLoopGroup-2-1/WARN]: [gg.playit.minecraft.PlayitTcpTunnel] failed to send data to tunnel
[04:58:23] [nioEventLoopGroup-2-1/WARN]: [gg.playit.minecraft.PlayitTcpTunnel] failed to send data to tunnel
[04:58:23] [nioEventLoopGroup-2-1/WARN]: [gg.playit.minecraft.PlayitTcpTunnel] failed to send data to tunnel
[04:58:23] [nioEventLoopGroup-2-1/WARN]: [gg.playit.minecraft.PlayitTcpTunnel] failed to send data to tunnel
[04:58:23] [nioEventLoopGroup-2-1/WARN]: [gg.playit.minecraft.PlayitTcpTunnel] failed to send data to tunnel
[04:58:23] [nioEventLoopGroup-2-1/WARN]: [gg.playit.minecraft.PlayitTcpTunnel] failed to send data to tunnel
[04:58:23] [nioEventLoopGroup-2-1/WARN]: [gg.playit.minecraft.PlayitTcpTunnel] failed to send data to tunnel
[04:58:23] [nioEventLoopGroup-2-1/WARN]: [gg.playit.minecraft.PlayitTcpTunnel] failed to send data to tunnel
[04:58:23] [nioEventLoopGroup-2-1/WARN]: [gg.playit.minecraft.PlayitTcpTunnel] failed to send data to tunnel
[04:58:23] [nioEventLoopGroup-2-1/WARN]: [gg.playit.minecraft.PlayitTcpTunnel] failed to send data to tunnel
[04:58:23] [nioEventLoopGroup-2-1/WARN]: [gg.playit.minecraft.PlayitTcpTunnel] failed to send data to tunnel
[04:58:23] [nioEventLoopGroup-2-1/WARN]: [gg.playit.minecraft.PlayitTcpTunnel] failed to send data to tunnel
[04:58:23] [nioEventLoopGroup-2-1/WARN]: [gg.playit.minecraft.PlayitTcpTunnel] failed to send data to tunnel
[04:58:23] [nioEventLoopGroup-2-1/WARN]: [gg.playit.minecraft.PlayitTcpTunnel] failed to send data to tunnel
[04:58:23] [nioEventLoopGroup-2-1/WARN]: [gg.playit.minecraft.PlayitTcpTunnel] failed to send data to tunnel
[04:58:23] [nioEventLoopGroup-2-1/WARN]: [gg.playit.minecraft.PlayitTcpTunnel] failed to send data to tunnel
[04:58:23] [nioEventLoopGroup-2-1/WARN]: [gg.playit.minecraft.PlayitTcpTunnel] failed to send data to tunnel
[04:58:23] [nioEventLoopGroup-2-1/WARN]: [gg.playit.minecraft.PlayitTcpTunnel] failed to send data to tunnel
[04:58:23] [nioEventLoopGroup-2-1/WARN]: [gg.playit.minecraft.PlayitTcpTunnel] failed to send data to tunnel
[04:58:23] [nioEventLoopGroup-2-1/WARN]: [gg.playit.minecraft.PlayitTcpTunnel] failed to send data to tunnel
[04:58:23] [nioEventLoopGroup-2-1/WARN]: [gg.playit.minecraft.PlayitTcpTunnel] failed to send data to tunnel
[04:58:23] [nioEventLoopGroup-2-1/WARN]: [gg.playit.minecraft.PlayitTcpTunnel] failed to send data to tunnel
[04:58:23] [nioEventLoopGroup-2-1/WARN]: [gg.playit.minecraft.PlayitTcpTunnel] failed to send data to tunnel
[04:58:23] [nioEventLoopGroup-2-1/WARN]: [gg.playit.minecraft.PlayitTcpTunnel] failed to send data to tunnel
[04:58:23] [nioEventLoopGroup-2-1/WARN]: [gg.playit.minecraft.PlayitTcpTunnel] failed to send data to tunnel
[04:58:23] [nioEventLoopGroup-2-1/WARN]: [gg.playit.minecraft.PlayitTcpTunnel] failed to send data to tunnel
[04:58:23] [nioEventLoopGroup-2-1/WARN]: [gg.playit.minecraft.PlayitTcpTunnel] failed to send data to tunnel
[04:58:23] [nioEventLoopGroup-2-1/WARN]: [gg.playit.minecraft.PlayitTcpTunnel] failed to send data to tunnel
[04:58:23] [nioEventLoopGroup-2-1/WARN]: [gg.playit.minecraft.PlayitTcpTunnel] failed to send data to tunnel
[04:58:23] [nioEventLoopGroup-2-1/WARN]: [gg.playit.minecraft.PlayitTcpTunnel] failed to send data to tunnel
[04:58:23] [nioEventLoopGroup-2-1/WARN]: [gg.playit.minecraft.PlayitTcpTunnel] failed to send data to tunnel
[04:58:23] [nioEventLoopGroup-2-1/WARN]: [gg.playit.minecraft.PlayitTcpTunnel] failed to send data to tunnel
[04:58:23] [nioEventLoopGroup-2-1/WARN]: [gg.playit.minecraft.PlayitTcpTunnel] failed to send data to tunnel
[04:58:23] [nioEventLoopGroup-2-1/WARN]: [gg.playit.minecraft.PlayitTcpTunnel] failed to send data to tunnel
[04:58:23] [nioEventLoopGroup-2-1/WARN]: [gg.playit.minecraft.PlayitTcpTunnel] failed to send data to tunnel
[04:58:23] [nioEventLoopGroup-2-1/WARN]: [gg.playit.minecraft.PlayitTcpTunnel] failed to send data to tunnel
[04:58:23] [nioEventLoopGroup-2-1/WARN]: [gg.playit.minecraft.PlayitTcpTunnel] failed to send data to tunnel
[04:58:23] [nioEventLoopGroup-2-1/WARN]: [gg.playit.minecraft.PlayitTcpTunnel] failed to send data to tunnel
[04:58:23] [nioEventLoopGroup-2-1/WARN]: [gg.playit.minecraft.PlayitTcpTunnel] failed to send data to tunnel
[04:58:23] [nioEventLoopGroup-2-1/WARN]: [gg.playit.minecraft.PlayitTcpTunnel] failed to send data to tunnel
[04:58:23] [nioEventLoopGroup-2-1/WARN]: [gg.playit.minecraft.PlayitTcpTunnel] failed to send data to tunnel
[04:58:23] [nioEventLoopGroup-2-1/WARN]: [gg.playit.minecraft.PlayitTcpTunnel] failed to send data to tunnel
[04:58:23] [nioEventLoopGroup-2-1/WARN]: [gg.playit.minecraft.PlayitTcpTunnel] failed to send data to tunnel
[04:58:23] [nioEventLoopGroup-2-1/WARN]: [gg.playit.minecraft.PlayitTcpTunnel] failed to send data to tunnel
[04:58:23] [nioEventLoopGroup-2-1/WARN]: [gg.playit.minecraft.PlayitTcpTunnel] failed to send data to tunnel
[04:58:23] [nioEventLoopGroup-2-1/WARN]: [gg.playit.minecraft.PlayitTcpTunnel] failed to send data to tunnel
[04:58:23] [nioEventLoopGroup-2-1/WARN]: [gg.playit.minecraft.PlayitTcpTunnel] failed to send data to tunnel
[04:58:23] [nioEventLoopGroup-2-1/WARN]: [gg.playit.minecraft.PlayitTcpTunnel] failed to send data to tunnel
[04:58:23] [nioEventLoopGroup-2-1/WARN]: [gg.playit.minecraft.PlayitTcpTunnel] failed to send data to tunnel
[04:58:23] [nioEventLoopGroup-2-1/WARN]: [gg.playit.minecraft.PlayitTcpTunnel] failed to send data to tunnel
[04:58:23] [nioEventLoopGroup-2-1/WARN]: [gg.playit.minecraft.PlayitTcpTunnel] failed to send data to tunnel
[04:58:23] [nioEventLoopGroup-2-1/WARN]: [gg.playit.minecraft.PlayitTcpTunnel] failed to send data to tunnel
[04:58:23] [nioEventLoopGroup-2-1/WARN]: [gg.playit.minecraft.PlayitTcpTunnel] failed to send data to tunnel
[04:58:23] [nioEventLoopGroup-2-1/WARN]: [gg.playit.minecraft.PlayitTcpTunnel] failed to send data to tunnel
[04:58:23] [nioEventLoopGroup-2-1/WARN]: [gg.playit.minecraft.PlayitTcpTunnel] failed to send data to tunnel
[04:58:23] [nioEventLoopGroup-2-1/WARN]: [gg.playit.minecraft.PlayitTcpTunnel] failed to send data to tunnel
[04:58:23] [nioEventLoopGroup-2-1/WARN]: [gg.playit.minecraft.PlayitTcpTunnel] failed to send data to tunnel
[04:58:23] [nioEventLoopGroup-2-1/WARN]: [gg.playit.minecraft.PlayitTcpTunnel] failed to send data to tunnel
[04:58:23] [nioEventLoopGroup-2-1/WARN]: [gg.playit.minecraft.PlayitTcpTunnel] failed to send data to tunnel
[04:58:23] [nioEventLoopGroup-2-1/WARN]: [gg.playit.minecraft.PlayitTcpTunnel] failed to send data to tunnel
[04:58:23] [nioEventLoopGroup-2-1/WARN]: [gg.playit.minecraft.PlayitTcpTunnel] failed to send data to tunnel
[04:58:23] [nioEventLoopGroup-2-1/WARN]: [gg.playit.minecraft.PlayitTcpTunnel] failed to send data to tunnel
[04:58:23] [nioEventLoopGroup-2-1/WARN]: [gg.playit.minecraft.PlayitTcpTunnel] failed to send data to tunnel
[04:58:23] [nioEventLoopGroup-2-1/WARN]: [gg.playit.minecraft.PlayitTcpTunnel] failed to send data to tunnel
[04:58:23] [nioEventLoopGroup-2-1/WARN]: [gg.playit.minecraft.PlayitTcpTunnel] failed to send data to tunnel
[04:58:23] [nioEventLoopGroup-2-1/WARN]: [gg.playit.minecraft.PlayitTcpTunnel] failed to send data to tunnel
[04:58:23] [nioEventLoopGroup-2-1/WARN]: [gg.playit.minecraft.PlayitTcpTunnel] failed to send data to tunnel
[04:58:23] [nioEventLoopGroup-2-1/WARN]: [gg.playit.minecraft.PlayitTcpTunnel] failed to send data to tunnel
[04:58:23] [nioEventLoopGroup-2-1/WARN]: [gg.playit.minecraft.PlayitTcpTunnel] failed to send data to tunnel
[04:58:23] [nioEventLoopGroup-2-1/WARN]: [gg.playit.minecraft.PlayitTcpTunnel] failed to send data to tunnel
[04:58:23] [nioEventLoopGroup-2-1/WARN]: [gg.playit.minecraft.PlayitTcpTunnel] failed to send data to tunnel
[04:58:23] [nioEventLoopGroup-2-1/WARN]: [gg.playit.minecraft.PlayitTcpTunnel] failed to send data to tunnel
[04:58:23] [nioEventLoopGroup-2-1/WARN]: [gg.playit.minecraft.PlayitTcpTunnel] failed to send data to tunnel
[04:58:23] [nioEventLoopGroup-2-1/WARN]: [gg.playit.minecraft.PlayitTcpTunnel] failed to send data to tunnel
[04:58:23] [nioEventLoopGroup-2-1/WARN]: [gg.playit.minecraft.PlayitTcpTunnel] failed to send data to tunnel
[04:58:23] [nioEventLoopGroup-2-1/WARN]: [gg.playit.minecraft.PlayitTcpTunnel] failed to send data to tunnel
[04:58:23] [nioEventLoopGroup-2-1/WARN]: [gg.playit.minecraft.PlayitTcpTunnel] failed to send data to tunnel
[04:58:23] [nioEventLoopGroup-2-1/WARN]: [gg.playit.minecraft.PlayitTcpTunnel] failed to send data to tunnel
[04:58:23] [nioEventLoopGroup-2-1/WARN]: [gg.playit.minecraft.PlayitTcpTunnel] failed to send data to tunnel
[04:58:23] [nioEventLoopGroup-2-1/WARN]: [gg.playit.minecraft.PlayitTcpTunnel] failed to send data to tunnel
[04:58:23] [nioEventLoopGroup-2-1/WARN]: [gg.playit.minecraft.PlayitTcpTunnel] failed to send data to tunnel
[04:58:23] [nioEventLoopGroup-2-1/WARN]: [gg.playit.minecraft.PlayitTcpTunnel] failed to send data to tunnel
[04:58:23] [nioEventLoopGroup-2-1/WARN]: [gg.playit.minecraft.PlayitTcpTunnel] failed to send data to tunnel
[04:58:23] [nioEventLoopGroup-2-1/WARN]: [gg.playit.minecraft.PlayitTcpTunnel] failed to send data to tunnel
[04:58:23] [nioEventLoopGroup-2-1/WARN]: [gg.playit.minecraft.PlayitTcpTunnel] failed to send data to tunnel
[04:58:23] [nioEventLoopGroup-2-1/WARN]: [gg.playit.minecraft.PlayitTcpTunnel] failed to send data to tunnel
[04:58:23] [nioEventLoopGroup-2-1/WARN]: [gg.playit.minecraft.PlayitTcpTunnel] failed to send data to tunnel
[04:58:23] [nioEventLoopGroup-2-1/WARN]: [gg.playit.minecraft.PlayitTcpTunnel] failed to send data to tunnel
[04:58:23] [nioEventLoopGroup-2-1/WARN]: [gg.playit.minecraft.PlayitTcpTunnel] failed to send data to tunnel
[04:58:23] [nioEventLoopGroup-2-1/WARN]: [gg.playit.minecraft.PlayitTcpTunnel] failed to send data to tunnel
[04:58:23] [nioEventLoopGroup-2-1/WARN]: [gg.playit.minecraft.PlayitTcpTunnel] failed to send data to tunnel
[04:58:23] [nioEventLoopGroup-2-1/WARN]: [gg.playit.minecraft.PlayitTcpTunnel] failed to send data to tunnel
[04:58:23] [nioEventLoopGroup-2-1/WARN]: [gg.playit.minecraft.PlayitTcpTunnel] failed to send data to tunnel
[04:58:23] [nioEventLoopGroup-2-1/WARN]: [gg.playit.minecraft.PlayitTcpTunnel] failed to send data to tunnel
[04:58:23] [nioEventLoopGroup-2-1/WARN]: [gg.playit.minecraft.PlayitTcpTunnel] failed to send data to tunnel
[04:58:23] [nioEventLoopGroup-2-1/WARN]: [gg.playit.minecraft.PlayitTcpTunnel] failed to send data to tunnel
[04:58:23] [nioEventLoopGroup-2-1/WARN]: [gg.playit.minecraft.PlayitTcpTunnel] failed to send data to tunnel
[04:58:23] [nioEventLoopGroup-2-1/WARN]: [gg.playit.minecraft.PlayitTcpTunnel] failed to send data to tunnel
[04:58:23] [nioEventLoopGroup-2-1/WARN]: [gg.playit.minecraft.PlayitTcpTunnel] failed to send data to tunnel
[04:58:23] [nioEventLoopGroup-2-1/WARN]: [gg.playit.minecraft.PlayitTcpTunnel] failed to send data to tunnel
[04:58:23] [nioEventLoopGroup-2-1/WARN]: [gg.playit.minecraft.PlayitTcpTunnel] failed to send data to tunnel
[04:58:23] [nioEventLoopGroup-2-1/WARN]: [gg.playit.minecraft.PlayitTcpTunnel] failed to send data to tunnel
[04:58:23] [nioEventLoopGroup-2-1/WARN]: [gg.playit.minecraft.PlayitTcpTunnel] failed to send data to tunnel
[04:58:23] [nioEventLoopGroup-2-1/WARN]: [gg.playit.minecraft.PlayitTcpTunnel] failed to send data to tunnel
[04:58:23] [nioEventLoopGroup-2-1/WARN]: [gg.playit.minecraft.PlayitTcpTunnel] failed to send data to tunnel
[04:58:23] [nioEventLoopGroup-2-1/WARN]: [gg.playit.minecraft.PlayitTcpTunnel] failed to send data to tunnel
[04:58:23] [nioEventLoopGroup-2-1/WARN]: [gg.playit.minecraft.PlayitTcpTunnel] failed to send data to tunnel
[04:58:23] [nioEventLoopGroup-2-1/WARN]: [gg.playit.minecraft.PlayitTcpTunnel] failed to send data to tunnel
[04:58:23] [nioEventLoopGroup-2-1/WARN]: [gg.playit.minecraft.PlayitTcpTunnel] failed to send data to tunnel
[04:58:23] [nioEventLoopGroup-2-1/WARN]: [gg.playit.minecraft.PlayitTcpTunnel] failed to send data to tunnel
[04:58:23] [nioEventLoopGroup-2-1/WARN]: [gg.playit.minecraft.PlayitTcpTunnel] failed to send data to tunnel
[04:58:23] [nioEventLoopGroup-2-1/WARN]: [gg.playit.minecraft.PlayitTcpTunnel] failed to send data to tunnel
[04:58:23] [nioEventLoopGroup-2-1/WARN]: [gg.playit.minecraft.PlayitTcpTunnel] failed to send data to tunnel
[04:58:23] [nioEventLoopGroup-2-1/WARN]: [gg.playit.minecraft.PlayitTcpTunnel] failed to send data to tunnel
[04:58:23] [nioEventLoopGroup-2-1/WARN]: [gg.playit.minecraft.PlayitTcpTunnel] failed to send data to tunnel
[04:58:23] [nioEventLoopGroup-2-1/WARN]: [gg.playit.minecraft.PlayitTcpTunnel] failed to send data to tunnel
[04:58:23] [nioEventLoopGroup-2-1/WARN]: [gg.playit.minecraft.PlayitTcpTunnel] failed to send data to tunnel
[04:58:23] [nioEventLoopGroup-2-1/WARN]: [gg.playit.minecraft.PlayitTcpTunnel] failed to send data to tunnel
[04:58:23] [nioEventLoopGroup-2-1/WARN]: [gg.playit.minecraft.PlayitTcpTunnel] failed to send data to tunnel
[04:58:23] [nioEventLoopGroup-2-1/WARN]: [gg.playit.minecraft.PlayitTcpTunnel] failed to send data to tunnel
[04:58:23] [nioEventLoopGroup-2-1/WARN]: [gg.playit.minecraft.PlayitTcpTunnel] failed to send data to tunnel
[04:58:23] [nioEventLoopGroup-2-1/WARN]: [gg.playit.minecraft.PlayitTcpTunnel] failed to send data to tunnel
[04:58:23] [nioEventLoopGroup-2-1/WARN]: [gg.playit.minecraft.PlayitTcpTunnel] failed to send data to tunnel
[04:58:23] [nioEventLoopGroup-2-1/WARN]: [gg.playit.minecraft.PlayitTcpTunnel] failed to send data to tunnel
[04:58:23] [nioEventLoopGroup-2-1/WARN]: [gg.playit.minecraft.PlayitTcpTunnel] failed to send data to tunnel
[04:58:23] [nioEventLoopGroup-2-1/WARN]: [gg.playit.minecraft.PlayitTcpTunnel] failed to send data to tunnel
[04:58:23] [nioEventLoopGroup-2-1/WARN]: [gg.playit.minecraft.PlayitTcpTunnel] failed to send data to tunnel
[04:58:23] [nioEventLoopGroup-2-1/WARN]: [gg.playit.minecraft.PlayitTcpTunnel] failed to send data to tunnel
[04:58:23] [nioEventLoopGroup-2-1/WARN]: [gg.playit.minecraft.PlayitTcpTunnel] failed to send data to tunnel
[04:58:23] [nioEventLoopGroup-2-1/WARN]: [gg.playit.minecraft.PlayitTcpTunnel] failed to send data to tunnel
[04:58:23] [nioEventLoopGroup-2-1/WARN]: [gg.playit.minecraft.PlayitTcpTunnel] failed to send data to tunnel
[04:58:23] [nioEventLoopGroup-2-1/WARN]: [gg.playit.minecraft.PlayitTcpTunnel] failed to send data to tunnel
[04:58:23] [nioEventLoopGroup-2-1/WARN]: [gg.playit.minecraft.PlayitTcpTunnel] failed to send data to tunnel
[04:58:23] [nioEventLoopGroup-2-1/WARN]: [gg.playit.minecraft.PlayitTcpTunnel] failed to send data to tunnel
[04:58:23] [nioEventLoopGroup-2-1/WARN]: [gg.playit.minecraft.PlayitTcpTunnel] failed to send data to tunnel
[04:58:23] [nioEventLoopGroup-2-1/WARN]: [gg.playit.minecraft.PlayitTcpTunnel] failed to send data to tunnel
[04:58:23] [nioEventLoopGroup-2-1/WARN]: [gg.playit.minecraft.PlayitTcpTunnel] failed to send data to tunnel
[04:58:23] [nioEventLoopGroup-2-1/WARN]: [gg.playit.minecraft.PlayitTcpTunnel] failed to send data to tunnel
[04:58:23] [nioEventLoopGroup-2-1/WARN]: [gg.playit.minecraft.PlayitTcpTunnel] failed to send data to tunnel
[04:58:23] [nioEventLoopGroup-2-1/WARN]: [gg.playit.minecraft.PlayitTcpTunnel] failed to send data to tunnel
[04:58:23] [nioEventLoopGroup-2-1/WARN]: [gg.playit.minecraft.PlayitTcpTunnel] failed to send data to tunnel
[04:58:23] [nioEventLoopGroup-2-1/WARN]: [gg.playit.minecraft.PlayitTcpTunnel] failed to send data to tunnel
[04:58:23] [nioEventLoopGroup-2-1/WARN]: [gg.playit.minecraft.PlayitTcpTunnel] failed to send data to tunnel
[04:58:23] [nioEventLoopGroup-2-1/WARN]: [gg.playit.minecraft.PlayitTcpTunnel] failed to send data to tunnel
[04:58:23] [nioEventLoopGroup-2-1/WARN]: [gg.playit.minecraft.PlayitTcpTunnel] failed to send data to tunnel
[04:58:23] [nioEventLoopGroup-2-1/WARN]: [gg.playit.minecraft.PlayitTcpTunnel] failed to send data to tunnel
[04:58:23] [nioEventLoopGroup-2-1/WARN]: [gg.playit.minecraft.PlayitTcpTunnel] failed to send data to tunnel
[04:58:23] [nioEventLoopGroup-2-1/WARN]: [gg.playit.minecraft.PlayitTcpTunnel] failed to send data to tunnel
[04:58:23] [nioEventLoopGroup-2-1/WARN]: [gg.playit.minecraft.PlayitTcpTunnel] failed to send data to tunnel
[04:58:23] [nioEventLoopGroup-2-1/WARN]: [gg.playit.minecraft.PlayitTcpTunnel] failed to send data to tunnel
[04:58:23] [nioEventLoopGroup-2-1/WARN]: [gg.playit.minecraft.PlayitTcpTunnel] failed to send data to tunnel
[04:58:23] [nioEventLoopGroup-2-1/WARN]: [gg.playit.minecraft.PlayitTcpTunnel] failed to send data to tunnel
[04:58:23] [nioEventLoopGroup-2-1/WARN]: [gg.playit.minecraft.PlayitTcpTunnel] failed to send data to tunnel
[04:58:23] [nioEventLoopGroup-2-1/WARN]: [gg.playit.minecraft.PlayitTcpTunnel] failed to send data to tunnel
[04:58:23] [nioEventLoopGroup-2-1/WARN]: [gg.playit.minecraft.PlayitTcpTunnel] failed to send data to tunnel
[04:58:23] [nioEventLoopGroup-2-1/WARN]: [gg.playit.minecraft.PlayitTcpTunnel] failed to send data to tunnel
[04:58:23] [nioEventLoopGroup-2-1/WARN]: [gg.playit.minecraft.PlayitTcpTunnel] failed to send data to tunnel
[04:58:23] [nioEventLoopGroup-2-1/WARN]: [gg.playit.minecraft.PlayitTcpTunnel] failed to send data to tunnel
[04:58:23] [nioEventLoopGroup-2-1/WARN]: [gg.playit.minecraft.PlayitTcpTunnel] failed to send data to tunnel
[04:58:23] [nioEventLoopGroup-2-1/WARN]: [gg.playit.minecraft.PlayitTcpTunnel] failed to send data to tunnel
[04:58:23] [nioEventLoopGroup-2-1/WARN]: [gg.playit.minecraft.PlayitTcpTunnel] failed to send data to tunnel
[04:58:23] [nioEventLoopGroup-2-1/WARN]: [gg.playit.minecraft.PlayitTcpTunnel] failed to send data to tunnel
[04:58:23] [nioEventLoopGroup-2-1/WARN]: [gg.playit.minecraft.PlayitTcpTunnel] failed to send data to tunnel
[04:58:23] [nioEventLoopGroup-2-1/WARN]: [gg.playit.minecraft.PlayitTcpTunnel] failed to send data to tunnel
[04:58:23] [nioEventLoopGroup-2-1/WARN]: [gg.playit.minecraft.PlayitTcpTunnel] failed to send data to tunnel
[04:58:23] [nioEventLoopGroup-2-1/WARN]: [gg.playit.minecraft.PlayitTcpTunnel] failed to send data to tunnel
[04:58:23] [nioEventLoopGroup-2-1/WARN]: [gg.playit.minecraft.PlayitTcpTunnel] failed to send data to tunnel
[04:58:23] [nioEventLoopGroup-2-1/WARN]: [gg.playit.minecraft.PlayitTcpTunnel] failed to send data to tunnel
[04:58:23] [nioEventLoopGroup-2-1/WARN]: [gg.playit.minecraft.PlayitTcpTunnel] failed to send data to tunnel
[04:58:23] [nioEventLoopGroup-2-1/WARN]: [gg.playit.minecraft.PlayitTcpTunnel] failed to send data to tunnel
[04:58:23] [nioEventLoopGroup-2-1/WARN]: [gg.playit.minecraft.PlayitTcpTunnel] failed to send data to tunnel
[04:58:23] [nioEventLoopGroup-2-1/WARN]: [gg.playit.minecraft.PlayitTcpTunnel] failed to send data to tunnel
[04:58:23] [nioEventLoopGroup-2-1/WARN]: [gg.playit.minecraft.PlayitTcpTunnel] failed to send data to tunnel
[04:58:23] [nioEventLoopGroup-2-1/WARN]: [gg.playit.minecraft.PlayitTcpTunnel] failed to send data to tunnel
[04:58:23] [nioEventLoopGroup-2-1/WARN]: [gg.playit.minecraft.PlayitTcpTunnel] failed to send data to tunnel
[04:58:23] [nioEventLoopGroup-2-1/WARN]: [gg.playit.minecraft.PlayitTcpTunnel] failed to send data to tunnel
[04:58:23] [nioEventLoopGroup-2-1/WARN]: [gg.playit.minecraft.PlayitTcpTunnel] failed to send data to tunnel
[04:58:23] [nioEventLoopGroup-2-1/WARN]: [gg.playit.minecraft.PlayitTcpTunnel] failed to send data to tunnel
[04:58:23] [nioEventLoopGroup-2-1/WARN]: [gg.playit.minecraft.PlayitTcpTunnel] failed to send data to tunnel
[04:58:23] [nioEventLoopGroup-2-1/WARN]: [gg.playit.minecraft.PlayitTcpTunnel] failed to send data to tunnel
[04:58:23] [nioEventLoopGroup-2-1/WARN]: [gg.playit.minecraft.PlayitTcpTunnel] failed to send data to tunnel
[04:58:23] [nioEventLoopGroup-2-1/WARN]: [gg.playit.minecraft.PlayitTcpTunnel] failed to send data to tunnel
[04:58:23] [nioEventLoopGroup-2-1/WARN]: [gg.playit.minecraft.PlayitTcpTunnel] failed to send data to tunnel
[04:58:23] [nioEventLoopGroup-2-1/WARN]: [gg.playit.minecraft.PlayitTcpTunnel] failed to send data to tunnel
[04:58:23] [nioEventLoopGroup-2-1/WARN]: [gg.playit.minecraft.PlayitTcpTunnel] failed to send data to tunnel
[04:58:23] [nioEventLoopGroup-2-1/WARN]: [gg.playit.minecraft.PlayitTcpTunnel] failed to send data to tunnel
[04:58:23] [nioEventLoopGroup-2-1/WARN]: [gg.playit.minecraft.PlayitTcpTunnel] failed to send data to tunnel
[04:58:23] [nioEventLoopGroup-2-1/WARN]: [gg.playit.minecraft.PlayitTcpTunnel] failed to send data to tunnel
[04:58:23] [nioEventLoopGroup-2-1/WARN]: [gg.playit.minecraft.PlayitTcpTunnel] failed to send data to tunnel
[04:58:23] [nioEventLoopGroup-2-1/WARN]: [gg.playit.minecraft.PlayitTcpTunnel] failed to send data to tunnel
[04:58:23] [nioEventLoopGroup-2-1/WARN]: [gg.playit.minecraft.PlayitTcpTunnel] failed to send data to tunnel
[04:58:23] [nioEventLoopGroup-2-1/WARN]: [gg.playit.minecraft.PlayitTcpTunnel] failed to send data to tunnel
[04:58:23] [nioEventLoopGroup-2-1/WARN]: [gg.playit.minecraft.PlayitTcpTunnel] failed to send data to tunnel
[04:58:23] [nioEventLoopGroup-2-1/WARN]: [gg.playit.minecraft.PlayitTcpTunnel] failed to send data to tunnel
[04:58:23] [nioEventLoopGroup-2-1/WARN]: [gg.playit.minecraft.PlayitTcpTunnel] failed to send data to tunnel
[04:58:23] [nioEventLoopGroup-2-1/WARN]: [gg.playit.minecraft.PlayitTcpTunnel] failed to send data to tunnel
[04:58:23] [nioEventLoopGroup-2-1/WARN]: [gg.playit.minecraft.PlayitTcpTunnel] failed to send data to tunnel
[04:58:23] [nioEventLoopGroup-2-1/WARN]: [gg.playit.minecraft.PlayitTcpTunnel] failed to send data to tunnel
[04:58:23] [nioEventLoopGroup-2-1/WARN]: [gg.playit.minecraft.PlayitTcpTunnel] failed to send data to tunnel
[04:58:23] [nioEventLoopGroup-2-1/WARN]: [gg.playit.minecraft.PlayitTcpTunnel] failed to send data to tunnel
[04:58:23] [nioEventLoopGroup-2-1/WARN]: [gg.playit.minecraft.PlayitTcpTunnel] failed to send data to tunnel
[04:58:23] [nioEventLoopGroup-2-1/WARN]: [gg.playit.minecraft.PlayitTcpTunnel] failed to send data to tunnel
[04:58:23] [nioEventLoopGroup-2-1/WARN]: [gg.playit.minecraft.PlayitTcpTunnel] failed to send data to tunnel
[04:58:23] [nioEventLoopGroup-2-1/WARN]: [gg.playit.minecraft.PlayitTcpTunnel] failed to send data to tunnel
[04:58:23] [nioEventLoopGroup-2-1/WARN]: [gg.playit.minecraft.PlayitTcpTunnel] failed to send data to tunnel
[04:58:23] [nioEventLoopGroup-2-1/WARN]: [gg.playit.minecraft.PlayitTcpTunnel] failed to send data to tunnel
[04:58:23] [nioEventLoopGroup-2-1/WARN]: [gg.playit.minecraft.PlayitTcpTunnel] failed to send data to tunnel
[04:58:23] [nioEventLoopGroup-2-1/WARN]: [gg.playit.minecraft.PlayitTcpTunnel] failed to send data to tunnel
[04:58:23] [nioEventLoopGroup-2-1/WARN]: [gg.playit.minecraft.PlayitTcpTunnel] failed to send data to tunnel
[04:58:23] [nioEventLoopGroup-2-1/WARN]: [gg.playit.minecraft.PlayitTcpTunnel] failed to send data to tunnel
[04:58:23] [nioEventLoopGroup-2-1/WARN]: [gg.playit.minecraft.PlayitTcpTunnel] failed to send data to tunnel
[04:58:23] [nioEventLoopGroup-2-1/WARN]: [gg.playit.minecraft.PlayitTcpTunnel] failed to send data to tunnel
[04:58:23] [nioEventLoopGroup-2-1/WARN]: [gg.playit.minecraft.PlayitTcpTunnel] failed to send data to tunnel
[04:58:23] [nioEventLoopGroup-2-1/WARN]: [gg.playit.minecraft.PlayitTcpTunnel] failed to send data to tunnel
[04:58:23] [nioEventLoopGroup-2-1/WARN]: [gg.playit.minecraft.PlayitTcpTunnel] failed to send data to tunnel
[04:58:23] [nioEventLoopGroup-2-1/WARN]: [gg.playit.minecraft.PlayitTcpTunnel] failed to send data to tunnel
[04:58:23] [nioEventLoopGroup-2-1/WARN]: [gg.playit.minecraft.PlayitTcpTunnel] failed to send data to tunnel
[04:58:23] [nioEventLoopGroup-2-1/WARN]: [gg.playit.minecraft.PlayitTcpTunnel] failed to send data to tunnel
[04:58:23] [nioEventLoopGroup-2-1/WARN]: [gg.playit.minecraft.PlayitTcpTunnel] failed to send data to tunnel
[04:58:23] [nioEventLoopGroup-2-1/WARN]: [gg.playit.minecraft.PlayitTcpTunnel] failed to send data to tunnel
[04:58:23] [nioEventLoopGroup-2-1/WARN]: [gg.playit.minecraft.PlayitTcpTunnel] failed to send data to tunnel
[04:58:23] [nioEventLoopGroup-2-1/WARN]: [gg.playit.minecraft.PlayitTcpTunnel] failed to send data to tunnel
[04:58:23] [nioEventLoopGroup-2-1/WARN]: [gg.playit.minecraft.PlayitTcpTunnel] failed to send data to tunnel
[04:58:23] [nioEventLoopGroup-2-1/WARN]: [gg.playit.minecraft.PlayitTcpTunnel] failed to send data to tunnel
[04:58:23] [nioEventLoopGroup-2-1/WARN]: [gg.playit.minecraft.PlayitTcpTunnel] failed to send data to tunnel
[04:58:23] [nioEventLoopGroup-2-1/WARN]: [gg.playit.minecraft.PlayitTcpTunnel] failed to send data to tunnel
[04:58:23] [nioEventLoopGroup-2-1/WARN]: [gg.playit.minecraft.PlayitTcpTunnel] failed to send data to tunnel
[04:58:23] [nioEventLoopGroup-2-1/WARN]: [gg.playit.minecraft.PlayitTcpTunnel] failed to send data to tunnel
[04:58:23] [nioEventLoopGroup-2-1/WARN]: [gg.playit.minecraft.PlayitTcpTunnel] failed to send data to tunnel
[04:58:23] [nioEventLoopGroup-2-1/WARN]: [gg.playit.minecraft.PlayitTcpTunnel] failed to send data to tunnel
[04:58:23] [nioEventLoopGroup-2-1/WARN]: [gg.playit.minecraft.PlayitTcpTunnel] failed to send data to tunnel
[04:58:23] [nioEventLoopGroup-2-1/WARN]: [gg.playit.minecraft.PlayitTcpTunnel] failed to send data to tunnel
[04:58:23] [nioEventLoopGroup-2-1/WARN]: [gg.playit.minecraft.PlayitTcpTunnel] failed to send data to tunnel
[04:58:23] [nioEventLoopGroup-2-1/WARN]: [gg.playit.minecraft.PlayitTcpTunnel] failed to send data to tunnel
[04:58:23] [nioEventLoopGroup-2-1/WARN]: [gg.playit.minecraft.PlayitTcpTunnel] failed to send data to tunnel
[04:58:23] [nioEventLoopGroup-2-1/WARN]: [gg.playit.minecraft.PlayitTcpTunnel] failed to send data to tunnel
[04:58:23] [nioEventLoopGroup-2-1/WARN]: [gg.playit.minecraft.PlayitTcpTunnel] failed to send data to tunnel
[04:58:23] [nioEventLoopGroup-2-1/WARN]: [gg.playit.minecraft.PlayitTcpTunnel] failed to send data to tunnel
[04:58:23] [nioEventLoopGroup-2-1/WARN]: [gg.playit.minecraft.PlayitTcpTunnel] failed to send data to tunnel
[04:58:23] [nioEventLoopGroup-2-1/WARN]: [gg.playit.minecraft.PlayitTcpTunnel] failed to send data to tunnel
[04:58:23] [nioEventLoopGroup-2-1/WARN]: [gg.playit.minecraft.PlayitTcpTunnel] failed to send data to tunnel
[04:58:23] [nioEventLoopGroup-2-1/WARN]: [gg.playit.minecraft.PlayitTcpTunnel] failed to send data to tunnel
[04:58:23] [nioEventLoopGroup-2-1/WARN]: [gg.playit.minecraft.PlayitTcpTunnel] failed to send data to tunnel
[04:58:23] [nioEventLoopGroup-2-1/WARN]: [gg.playit.minecraft.PlayitTcpTunnel] failed to send data to tunnel
[04:58:23] [nioEventLoopGroup-2-1/WARN]: [gg.playit.minecraft.PlayitTcpTunnel] failed to send data to tunnel
[04:58:23] [nioEventLoopGroup-2-1/WARN]: [gg.playit.minecraft.PlayitTcpTunnel] failed to send data to tunnel
[04:58:23] [nioEventLoopGroup-2-1/WARN]: [gg.playit.minecraft.PlayitTcpTunnel] failed to send data to tunnel
[04:58:23] [nioEventLoopGroup-2-1/WARN]: [gg.playit.minecraft.PlayitTcpTunnel] failed to send data to tunnel
[04:58:23] [nioEventLoopGroup-2-1/WARN]: [gg.playit.minecraft.PlayitTcpTunnel] failed to send data to tunnel
[04:58:23] [nioEventLoopGroup-2-1/WARN]: [gg.playit.minecraft.PlayitTcpTunnel] failed to send data to tunnel
[04:58:23] [nioEventLoopGroup-2-1/WARN]: [gg.playit.minecraft.PlayitTcpTunnel] failed to send data to tunnel
[04:58:23] [nioEventLoopGroup-2-1/WARN]: [gg.playit.minecraft.PlayitTcpTunnel] failed to send data to tunnel
[04:58:23] [nioEventLoopGroup-2-1/WARN]: [gg.playit.minecraft.PlayitTcpTunnel] failed to send data to tunnel
[04:58:23] [nioEventLoopGroup-2-1/WARN]: [gg.playit.minecraft.PlayitTcpTunnel] failed to send data to tunnel
[04:58:23] [nioEventLoopGroup-2-1/WARN]: [gg.playit.minecraft.PlayitTcpTunnel] failed to send data to tunnel
[04:58:23] [nioEventLoopGroup-2-1/WARN]: [gg.playit.minecraft.PlayitTcpTunnel] failed to send data to tunnel
[04:58:23] [nioEventLoopGroup-2-1/WARN]: [gg.playit.minecraft.PlayitTcpTunnel] failed to send data to tunnel
[04:58:23] [nioEventLoopGroup-2-1/WARN]: [gg.playit.minecraft.PlayitTcpTunnel] failed to send data to tunnel
[04:58:23] [nioEventLoopGroup-2-1/WARN]: [gg.playit.minecraft.PlayitTcpTunnel] failed to send data to tunnel
[04:58:23] [nioEventLoopGroup-2-1/WARN]: [gg.playit.minecraft.PlayitTcpTunnel] failed to send data to tunnel
[04:58:23] [nioEventLoopGroup-2-1/WARN]: [gg.playit.minecraft.PlayitTcpTunnel] failed to send data to tunnel
[04:58:23] [nioEventLoopGroup-2-1/WARN]: [gg.playit.minecraft.PlayitTcpTunnel] failed to send data to tunnel
[04:58:23] [nioEventLoopGroup-2-1/WARN]: [gg.playit.minecraft.PlayitTcpTunnel] failed to send data to tunnel
[04:58:23] [nioEventLoopGroup-2-1/WARN]: [gg.playit.minecraft.PlayitTcpTunnel] failed to send data to tunnel
[04:58:23] [nioEventLoopGroup-2-1/WARN]: [gg.playit.minecraft.PlayitTcpTunnel] failed to send data to tunnel
[04:58:23] [nioEventLoopGroup-2-1/WARN]: [gg.playit.minecraft.PlayitTcpTunnel] failed to send data to tunnel
[04:58:23] [nioEventLoopGroup-2-1/WARN]: [gg.playit.minecraft.PlayitTcpTunnel] failed to send data to tunnel
[04:58:23] [nioEventLoopGroup-2-1/WARN]: [gg.playit.minecraft.PlayitTcpTunnel] failed to send data to tunnel
[04:58:23] [nioEventLoopGroup-2-1/WARN]: [gg.playit.minecraft.PlayitTcpTunnel] failed to send data to tunnel
[04:58:23] [nioEventLoopGroup-2-1/WARN]: [gg.playit.minecraft.PlayitTcpTunnel] failed to send data to tunnel
[04:58:23] [nioEventLoopGroup-2-1/WARN]: [gg.playit.minecraft.PlayitTcpTunnel] failed to send data to tunnel
[04:58:23] [nioEventLoopGroup-2-1/WARN]: [gg.playit.minecraft.PlayitTcpTunnel] failed to send data to tunnel
[04:58:23] [nioEventLoopGroup-2-1/WARN]: [gg.playit.minecraft.PlayitTcpTunnel] failed to send data to tunnel
[04:58:23] [nioEventLoopGroup-2-1/WARN]: [gg.playit.minecraft.PlayitTcpTunnel] failed to send data to tunnel
[04:58:23] [nioEventLoopGroup-2-1/WARN]: [gg.playit.minecraft.PlayitTcpTunnel] failed to send data to tunnel
[04:58:23] [nioEventLoopGroup-2-1/WARN]: [gg.playit.minecraft.PlayitTcpTunnel] failed to send data to tunnel
[04:58:23] [nioEventLoopGroup-2-1/WARN]: [gg.playit.minecraft.PlayitTcpTunnel] failed to send data to tunnel
[04:58:23] [nioEventLoopGroup-2-1/WARN]: [gg.playit.minecraft.PlayitTcpTunnel] failed to send data to tunnel
[04:58:23] [nioEventLoopGroup-2-1/WARN]: [gg.playit.minecraft.PlayitTcpTunnel] failed to send data to tunnel
[04:58:23] [nioEventLoopGroup-2-1/WARN]: [gg.playit.minecraft.PlayitTcpTunnel] failed to send data to tunnel
[04:58:23] [nioEventLoopGroup-2-1/WARN]: [gg.playit.minecraft.PlayitTcpTunnel] failed to send data to tunnel
[04:58:23] [nioEventLoopGroup-2-1/WARN]: [gg.playit.minecraft.PlayitTcpTunnel] failed to send data to tunnel
[04:58:23] [nioEventLoopGroup-2-1/WARN]: [gg.playit.minecraft.PlayitTcpTunnel] failed to send data to tunnel
[04:58:23] [nioEventLoopGroup-2-1/WARN]: [gg.playit.minecraft.PlayitTcpTunnel] failed to send data to tunnel
[04:58:23] [nioEventLoopGroup-2-1/WARN]: [gg.playit.minecraft.PlayitTcpTunnel] failed to send data to tunnel
[04:58:23] [nioEventLoopGroup-2-1/WARN]: [gg.playit.minecraft.PlayitTcpTunnel] failed to send data to tunnel
[04:58:23] [nioEventLoopGroup-2-1/WARN]: [gg.playit.minecraft.PlayitTcpTunnel] failed to send data to tunnel
[04:58:23] [nioEventLoopGroup-2-1/WARN]: [gg.playit.minecraft.PlayitTcpTunnel] failed to send data to tunnel
[04:58:23] [nioEventLoopGroup-2-1/WARN]: [gg.playit.minecraft.PlayitTcpTunnel] failed to send data to tunnel
[04:58:23] [nioEventLoopGroup-2-1/WARN]: [gg.playit.minecraft.PlayitTcpTunnel] failed to send data to tunnel
[04:58:23] [nioEventLoopGroup-2-1/WARN]: [gg.playit.minecraft.PlayitTcpTunnel] failed to send data to tunnel
[04:58:23] [nioEventLoopGroup-2-1/WARN]: [gg.playit.minecraft.PlayitTcpTunnel] failed to send data to tunnel
[04:58:23] [nioEventLoopGroup-2-1/WARN]: [gg.playit.minecraft.PlayitTcpTunnel] failed to send data to tunnel
[04:58:23] [nioEventLoopGroup-2-1/WARN]: [gg.playit.minecraft.PlayitTcpTunnel] failed to send data to tunnel
[04:58:23] [nioEventLoopGroup-2-1/WARN]: [gg.playit.minecraft.PlayitTcpTunnel] failed to send data to tunnel
[04:58:23] [nioEventLoopGroup-2-1/WARN]: [gg.playit.minecraft.PlayitTcpTunnel] failed to send data to tunnel
[04:58:23] [nioEventLoopGroup-2-1/WARN]: [gg.playit.minecraft.PlayitTcpTunnel] failed to send data to tunnel
[04:58:23] [nioEventLoopGroup-2-1/WARN]: [gg.playit.minecraft.PlayitTcpTunnel] failed to send data to tunnel
[04:58:23] [nioEventLoopGroup-2-1/WARN]: [gg.playit.minecraft.PlayitTcpTunnel] failed to send data to tunnel
[04:58:23] [nioEventLoopGroup-2-1/WARN]: [gg.playit.minecraft.PlayitTcpTunnel] failed to send data to tunnel
[04:58:23] [nioEventLoopGroup-2-1/WARN]: [gg.playit.minecraft.PlayitTcpTunnel] failed to send data to tunnel
[04:58:23] [nioEventLoopGroup-2-1/WARN]: [gg.playit.minecraft.PlayitTcpTunnel] failed to send data to tunnel
[04:58:23] [nioEventLoopGroup-2-1/WARN]: [gg.playit.minecraft.PlayitTcpTunnel] failed to send data to tunnel
[04:58:23] [nioEventLoopGroup-2-1/WARN]: [gg.playit.minecraft.PlayitTcpTunnel] failed to send data to tunnel
[04:58:23] [nioEventLoopGroup-2-1/WARN]: [gg.playit.minecraft.PlayitTcpTunnel] failed to send data to tunnel
[04:58:23] [nioEventLoopGroup-2-1/WARN]: [gg.playit.minecraft.PlayitTcpTunnel] failed to send data to tunnel
[04:58:23] [nioEventLoopGroup-2-1/WARN]: [gg.playit.minecraft.PlayitTcpTunnel] failed to send data to tunnel
[04:58:23] [nioEventLoopGroup-2-1/WARN]: [gg.playit.minecraft.PlayitTcpTunnel] failed to send data to tunnel
[04:58:23] [nioEventLoopGroup-2-1/WARN]: [gg.playit.minecraft.PlayitTcpTunnel] failed to send data to tunnel
[04:58:23] [nioEventLoopGroup-2-1/WARN]: [gg.playit.minecraft.PlayitTcpTunnel] failed to send data to tunnel
[04:58:23] [nioEventLoopGroup-2-1/WARN]: [gg.playit.minecraft.PlayitTcpTunnel] failed to send data to tunnel
[04:58:23] [nioEventLoopGroup-2-1/WARN]: [gg.playit.minecraft.PlayitTcpTunnel] failed to send data to tunnel
[04:58:23] [nioEventLoopGroup-2-1/WARN]: [gg.playit.minecraft.PlayitTcpTunnel] failed to send data to tunnel
[04:58:23] [nioEventLoopGroup-2-1/WARN]: [gg.playit.minecraft.PlayitTcpTunnel] failed to send data to tunnel
[04:58:23] [nioEventLoopGroup-2-1/WARN]: [gg.playit.minecraft.PlayitTcpTunnel] failed to send data to tunnel
[04:58:23] [nioEventLoopGroup-2-1/WARN]: [gg.playit.minecraft.PlayitTcpTunnel] failed to send data to tunnel
[04:58:23] [nioEventLoopGroup-2-1/WARN]: [gg.playit.minecraft.PlayitTcpTunnel] failed to send data to tunnel
[04:58:23] [nioEventLoopGroup-2-1/WARN]: [gg.playit.minecraft.PlayitTcpTunnel] failed to send data to tunnel
[04:58:23] [nioEventLoopGroup-2-1/WARN]: [gg.playit.minecraft.PlayitTcpTunnel] failed to send data to tunnel
[04:58:23] [nioEventLoopGroup-2-1/WARN]: [gg.playit.minecraft.PlayitTcpTunnel] failed to send data to tunnel
[04:58:23] [nioEventLoopGroup-2-1/WARN]: [gg.playit.minecraft.PlayitTcpTunnel] failed to send data to tunnel
[04:58:23] [nioEventLoopGroup-2-1/WARN]: [gg.playit.minecraft.PlayitTcpTunnel] failed to send data to tunnel
[04:58:23] [nioEventLoopGroup-2-1/WARN]: [gg.playit.minecraft.PlayitTcpTunnel] failed to send data to tunnel
[04:58:23] [nioEventLoopGroup-2-1/WARN]: [gg.playit.minecraft.PlayitTcpTunnel] failed to send data to tunnel
[04:58:23] [nioEventLoopGroup-2-1/WARN]: [gg.playit.minecraft.PlayitTcpTunnel] failed to send data to tunnel
[04:58:23] [nioEventLoopGroup-2-1/WARN]: [gg.playit.minecraft.PlayitTcpTunnel] failed to send data to tunnel
[04:58:23] [nioEventLoopGroup-2-1/WARN]: [gg.playit.minecraft.PlayitTcpTunnel] failed to send data to tunnel
[04:58:23] [nioEventLoopGroup-2-1/WARN]: [gg.playit.minecraft.PlayitTcpTunnel] failed to send data to tunnel
[04:58:23] [nioEventLoopGroup-2-1/WARN]: [gg.playit.minecraft.PlayitTcpTunnel] failed to send data to tunnel
[04:58:23] [nioEventLoopGroup-2-1/WARN]: [gg.playit.minecraft.PlayitTcpTunnel] failed to send data to tunnel
[04:58:23] [nioEventLoopGroup-2-1/WARN]: [gg.playit.minecraft.PlayitTcpTunnel] failed to send data to tunnel
[04:58:23] [nioEventLoopGroup-2-1/WARN]: [gg.playit.minecraft.PlayitTcpTunnel] failed to send data to tunnel
[04:58:23] [nioEventLoopGroup-2-1/WARN]: [gg.playit.minecraft.PlayitTcpTunnel] failed to send data to tunnel
[04:58:23] [nioEventLoopGroup-2-1/WARN]: [gg.playit.minecraft.PlayitTcpTunnel] failed to send data to tunnel
[04:58:23] [nioEventLoopGroup-2-1/WARN]: [gg.playit.minecraft.PlayitTcpTunnel] failed to send data to tunnel
[04:58:23] [nioEventLoopGroup-2-1/WARN]: [gg.playit.minecraft.PlayitTcpTunnel] failed to send data to tunnel
[04:58:23] [nioEventLoopGroup-2-1/WARN]: [gg.playit.minecraft.PlayitTcpTunnel] failed to send data to tunnel
[04:58:23] [nioEventLoopGroup-2-1/WARN]: [gg.playit.minecraft.PlayitTcpTunnel] failed to send data to tunnel
[04:58:23] [nioEventLoopGroup-2-1/WARN]: [gg.playit.minecraft.PlayitTcpTunnel] failed to send data to tunnel
[04:58:23] [nioEventLoopGroup-2-1/WARN]: [gg.playit.minecraft.PlayitTcpTunnel] failed to send data to tunnel
[04:58:23] [nioEventLoopGroup-2-1/WARN]: [gg.playit.minecraft.PlayitTcpTunnel] failed to send data to tunnel
[04:58:23] [nioEventLoopGroup-2-1/WARN]: [gg.playit.minecraft.PlayitTcpTunnel] failed to send data to tunnel
[04:58:23] [nioEventLoopGroup-2-1/WARN]: [gg.playit.minecraft.PlayitTcpTunnel] failed to send data to tunnel
[04:58:23] [nioEventLoopGroup-2-1/WARN]: [gg.playit.minecraft.PlayitTcpTunnel] failed to send data to tunnel
[04:58:23] [nioEventLoopGroup-2-1/WARN]: [gg.playit.minecraft.PlayitTcpTunnel] failed to send data to tunnel
[04:58:23] [nioEventLoopGroup-2-1/WARN]: [gg.playit.minecraft.PlayitTcpTunnel] failed to send data to tunnel
[04:58:23] [nioEventLoopGroup-2-1/WARN]: [gg.playit.minecraft.PlayitTcpTunnel] failed to send data to tunnel
[04:58:23] [nioEventLoopGroup-2-1/WARN]: [gg.playit.minecraft.PlayitTcpTunnel] failed to send data to tunnel
[04:58:23] [nioEventLoopGroup-2-1/WARN]: [gg.playit.minecraft.PlayitTcpTunnel] failed to send data to tunnel
[04:58:23] [nioEventLoopGroup-2-1/WARN]: [gg.playit.minecraft.PlayitTcpTunnel] failed to send data to tunnel
[04:58:23] [nioEventLoopGroup-2-1/WARN]: [gg.playit.minecraft.PlayitTcpTunnel] failed to send data to tunnel
[04:58:23] [nioEventLoopGroup-2-1/WARN]: [gg.playit.minecraft.PlayitTcpTunnel] failed to send data to tunnel
[04:58:23] [nioEventLoopGroup-2-1/WARN]: [gg.playit.minecraft.PlayitTcpTunnel] failed to send data to tunnel
[04:58:23] [nioEventLoopGroup-2-1/WARN]: [gg.playit.minecraft.PlayitTcpTunnel] failed to send data to tunnel
[04:58:23] [nioEventLoopGroup-2-1/WARN]: [gg.playit.minecraft.PlayitTcpTunnel] failed to send data to tunnel
[04:58:23] [nioEventLoopGroup-2-1/WARN]: [gg.playit.minecraft.PlayitTcpTunnel] failed to send data to tunnel
[04:58:23] [nioEventLoopGroup-2-1/WARN]: [gg.playit.minecraft.PlayitTcpTunnel] failed to send data to tunnel
[04:58:23] [nioEventLoopGroup-2-1/WARN]: [gg.playit.minecraft.PlayitTcpTunnel] failed to send data to tunnel
[04:58:23] [nioEventLoopGroup-2-1/WARN]: [gg.playit.minecraft.PlayitTcpTunnel] failed to send data to tunnel
[04:58:23] [nioEventLoopGroup-2-1/WARN]: [gg.playit.minecraft.PlayitTcpTunnel] failed to send data to tunnel
[04:58:23] [nioEventLoopGroup-2-1/WARN]: [gg.playit.minecraft.PlayitTcpTunnel] failed to send data to tunnel
[04:58:23] [nioEventLoopGroup-2-1/WARN]: [gg.playit.minecraft.PlayitTcpTunnel] failed to send data to tunnel
[04:58:23] [nioEventLoopGroup-2-1/WARN]: [gg.playit.minecraft.PlayitTcpTunnel] failed to send data to tunnel
[04:58:23] [nioEventLoopGroup-2-1/WARN]: [gg.playit.minecraft.PlayitTcpTunnel] failed to send data to tunnel
[04:58:23] [nioEventLoopGroup-2-1/WARN]: [gg.playit.minecraft.PlayitTcpTunnel] failed to send data to tunnel
[04:58:23] [nioEventLoopGroup-2-1/WARN]: [gg.playit.minecraft.PlayitTcpTunnel] failed to send data to tunnel
[04:58:23] [nioEventLoopGroup-2-1/WARN]: [gg.playit.minecraft.PlayitTcpTunnel] failed to send data to tunnel
[04:58:23] [nioEventLoopGroup-2-1/WARN]: [gg.playit.minecraft.PlayitTcpTunnel] failed to send data to tunnel
[04:58:23] [nioEventLoopGroup-2-1/WARN]: [gg.playit.minecraft.PlayitTcpTunnel] failed to send data to tunnel
[04:58:23] [nioEventLoopGroup-2-1/WARN]: [gg.playit.minecraft.PlayitTcpTunnel] failed to send data to tunnel
[04:58:23] [nioEventLoopGroup-2-1/WARN]: [gg.playit.minecraft.PlayitTcpTunnel] failed to send data to tunnel
[04:58:23] [nioEventLoopGroup-2-1/WARN]: [gg.playit.minecraft.PlayitTcpTunnel] failed to send data to tunnel
[04:58:23] [nioEventLoopGroup-2-1/WARN]: [gg.playit.minecraft.PlayitTcpTunnel] failed to send data to tunnel
[04:58:23] [nioEventLoopGroup-2-1/WARN]: [gg.playit.minecraft.PlayitTcpTunnel] failed to send data to tunnel
[04:58:23] [nioEventLoopGroup-2-1/WARN]: [gg.playit.minecraft.PlayitTcpTunnel] failed to send data to tunnel
[04:58:23] [nioEventLoopGroup-2-1/WARN]: [gg.playit.minecraft.PlayitTcpTunnel] failed to send data to tunnel
[04:58:23] [nioEventLoopGroup-2-1/WARN]: [gg.playit.minecraft.PlayitTcpTunnel] failed to send data to tunnel
[04:58:23] [nioEventLoopGroup-2-1/WARN]: [gg.playit.minecraft.PlayitTcpTunnel] failed to send data to tunnel
[04:58:23] [nioEventLoopGroup-2-1/WARN]: [gg.playit.minecraft.PlayitTcpTunnel] failed to send data to tunnel
[04:58:23] [nioEventLoopGroup-2-1/WARN]: [gg.playit.minecraft.PlayitTcpTunnel] failed to send data to tunnel
[04:58:23] [nioEventLoopGroup-2-1/WARN]: [gg.playit.minecraft.PlayitTcpTunnel] failed to send data to tunnel
[04:58:23] [nioEventLoopGroup-2-1/WARN]: [gg.playit.minecraft.PlayitTcpTunnel] failed to send data to tunnel
[04:58:23] [nioEventLoopGroup-2-1/WARN]: [gg.playit.minecraft.PlayitTcpTunnel] failed to send data to tunnel
[04:58:23] [nioEventLoopGroup-2-1/WARN]: [gg.playit.minecraft.PlayitTcpTunnel] failed to send data to tunnel
[04:58:23] [nioEventLoopGroup-2-1/WARN]: [gg.playit.minecraft.PlayitTcpTunnel] failed to send data to tunnel
[04:58:23] [nioEventLoopGroup-2-1/WARN]: [gg.playit.minecraft.PlayitTcpTunnel] failed to send data to tunnel
[04:58:23] [nioEventLoopGroup-2-1/WARN]: [gg.playit.minecraft.PlayitTcpTunnel] failed to send data to tunnel
[04:58:23] [nioEventLoopGroup-2-1/WARN]: [gg.playit.minecraft.PlayitTcpTunnel] failed to send data to tunnel
[04:58:23] [nioEventLoopGroup-2-1/WARN]: [gg.playit.minecraft.PlayitTcpTunnel] failed to send data to tunnel
[04:58:23] [nioEventLoopGroup-2-1/WARN]: [gg.playit.minecraft.PlayitTcpTunnel] failed to send data to tunnel
[04:58:23] [nioEventLoopGroup-2-1/WARN]: [gg.playit.minecraft.PlayitTcpTunnel] failed to send data to tunnel
[04:58:23] [nioEventLoopGroup-2-1/WARN]: [gg.playit.minecraft.PlayitTcpTunnel] failed to send data to tunnel
[04:58:23] [nioEventLoopGroup-2-1/WARN]: [gg.playit.minecraft.PlayitTcpTunnel] failed to send data to tunnel
[04:58:23] [nioEventLoopGroup-2-1/WARN]: [gg.playit.minecraft.PlayitTcpTunnel] failed to send data to tunnel
[04:58:23] [nioEventLoopGroup-2-1/WARN]: [gg.playit.minecraft.PlayitTcpTunnel] failed to send data to tunnel
[04:58:23] [nioEventLoopGroup-2-1/WARN]: [gg.playit.minecraft.PlayitTcpTunnel] failed to send data to tunnel
[04:58:23] [nioEventLoopGroup-2-1/WARN]: [gg.playit.minecraft.PlayitTcpTunnel] failed to send data to tunnel
[04:58:23] [Server thread/INFO]: axolotlstk lost connection: Disconnected
[04:58:23] [nioEventLoopGroup-2-1/WARN]: [gg.playit.minecraft.PlayitTcpTunnel] failed to send data to tunnel
[04:58:23] [nioEventLoopGroup-2-1/WARN]: [gg.playit.minecraft.PlayitTcpTunnel] failed to send data to tunnel
[04:58:23] [nioEventLoopGroup-2-1/WARN]: [gg.playit.minecraft.PlayitTcpTunnel] failed to send data to tunnel
[04:58:23] [nioEventLoopGroup-2-1/WARN]: [gg.playit.minecraft.PlayitTcpTunnel] failed to send data to tunnel
[04:58:23] [nioEventLoopGroup-2-1/WARN]: [gg.playit.minecraft.PlayitTcpTunnel] failed to send data to tunnel
[04:58:23] [nioEventLoopGroup-2-1/WARN]: [gg.playit.minecraft.PlayitTcpTunnel] failed to send data to tunnel
[04:58:23] [nioEventLoopGroup-2-1/WARN]: [gg.playit.minecraft.PlayitTcpTunnel] failed to send data to tunnel
[04:58:23] [nioEventLoopGroup-2-1/WARN]: [gg.playit.minecraft.PlayitTcpTunnel] failed to send data to tunnel
[04:58:23] [nioEventLoopGroup-2-1/WARN]: [gg.playit.minecraft.PlayitTcpTunnel] failed to send data to tunnel
[04:58:23] [nioEventLoopGroup-2-1/WARN]: [gg.playit.minecraft.PlayitTcpTunnel] failed to send data to tunnel
[04:58:23] [nioEventLoopGroup-2-1/WARN]: [gg.playit.minecraft.PlayitTcpTunnel] failed to send data to tunnel
[04:58:23] [nioEventLoopGroup-2-1/WARN]: [gg.playit.minecraft.PlayitTcpTunnel] failed to send data to tunnel
[04:58:23] [nioEventLoopGroup-2-1/WARN]: [gg.playit.minecraft.PlayitTcpTunnel] failed to send data to tunnel
[04:58:23] [nioEventLoopGroup-2-1/WARN]: [gg.playit.minecraft.PlayitTcpTunnel] failed to send data to tunnel
[04:58:23] [nioEventLoopGroup-2-1/WARN]: [gg.playit.minecraft.PlayitTcpTunnel] failed to send data to tunnel
[04:58:23] [nioEventLoopGroup-2-1/WARN]: [gg.playit.minecraft.PlayitTcpTunnel] failed to send data to tunnel
[04:58:23] [nioEventLoopGroup-2-1/WARN]: [gg.playit.minecraft.PlayitTcpTunnel] failed to send data to tunnel
[04:58:23] [nioEventLoopGroup-2-1/WARN]: [gg.playit.minecraft.PlayitTcpTunnel] failed to send data to tunnel
[04:58:23] [nioEventLoopGroup-2-1/WARN]: [gg.playit.minecraft.PlayitTcpTunnel] failed to send data to tunnel
[04:58:23] [nioEventLoopGroup-2-1/WARN]: [gg.playit.minecraft.PlayitTcpTunnel] failed to send data to tunnel
[04:58:23] [nioEventLoopGroup-2-1/WARN]: [gg.playit.minecraft.PlayitTcpTunnel] failed to send data to tunnel
[04:58:23] [nioEventLoopGroup-2-1/WARN]: [gg.playit.minecraft.PlayitTcpTunnel] failed to send data to tunnel
[04:58:23] [nioEventLoopGroup-2-1/WARN]: [gg.playit.minecraft.PlayitTcpTunnel] failed to send data to tunnel
[04:58:23] [nioEventLoopGroup-2-1/WARN]: [gg.playit.minecraft.PlayitTcpTunnel] failed to send data to tunnel
[04:58:23] [nioEventLoopGroup-2-1/WARN]: [gg.playit.minecraft.PlayitTcpTunnel] failed to send data to tunnel
[04:58:23] [nioEventLoopGroup-2-1/WARN]: [gg.playit.minecraft.PlayitTcpTunnel] failed to send data to tunnel
[04:58:23] [nioEventLoopGroup-2-1/WARN]: [gg.playit.minecraft.PlayitTcpTunnel] failed to send data to tunnel
[04:58:23] [nioEventLoopGroup-2-1/WARN]: [gg.playit.minecraft.PlayitTcpTunnel] failed to send data to tunnel
[04:58:23] [nioEventLoopGroup-2-1/WARN]: [gg.playit.minecraft.PlayitTcpTunnel] failed to send data to tunnel
[04:58:23] [nioEventLoopGroup-2-1/WARN]: [gg.playit.minecraft.PlayitTcpTunnel] failed to send data to tunnel
[04:58:23] [nioEventLoopGroup-2-1/WARN]: [gg.playit.minecraft.PlayitTcpTunnel] failed to send data to tunnel
[04:58:23] [nioEventLoopGroup-2-1/WARN]: [gg.playit.minecraft.PlayitTcpTunnel] failed to send data to tunnel
[04:58:23] [nioEventLoopGroup-2-1/WARN]: [gg.playit.minecraft.PlayitTcpTunnel] failed to send data to tunnel
[04:58:23] [nioEventLoopGroup-2-1/WARN]: [gg.playit.minecraft.PlayitTcpTunnel] failed to send data to tunnel
[04:58:23] [nioEventLoopGroup-2-1/WARN]: [gg.playit.minecraft.PlayitTcpTunnel] failed to send data to tunnel
[04:58:23] [nioEventLoopGroup-2-1/WARN]: [gg.playit.minecraft.PlayitTcpTunnel] failed to send data to tunnel
[04:58:23] [nioEventLoopGroup-2-1/WARN]: [gg.playit.minecraft.PlayitTcpTunnel] failed to send data to tunnel
[04:58:23] [nioEventLoopGroup-2-1/WARN]: [gg.playit.minecraft.PlayitTcpTunnel] failed to send data to tunnel
[04:58:23] [nioEventLoopGroup-2-1/WARN]: [gg.playit.minecraft.PlayitTcpTunnel] failed to send data to tunnel
[04:58:23] [nioEventLoopGroup-2-1/WARN]: [gg.playit.minecraft.PlayitTcpTunnel] failed to send data to tunnel
[04:58:23] [nioEventLoopGroup-2-1/WARN]: [gg.playit.minecraft.PlayitTcpTunnel] failed to send data to tunnel
[04:58:23] [nioEventLoopGroup-2-1/WARN]: [gg.playit.minecraft.PlayitTcpTunnel] failed to send data to tunnel
[04:58:23] [nioEventLoopGroup-2-1/WARN]: [gg.playit.minecraft.PlayitTcpTunnel] failed to send data to tunnel
[04:58:23] [nioEventLoopGroup-2-1/WARN]: [gg.playit.minecraft.PlayitTcpTunnel] failed to send data to tunnel
[04:58:23] [nioEventLoopGroup-2-1/WARN]: [gg.playit.minecraft.PlayitTcpTunnel] failed to send data to tunnel
[04:58:23] [nioEventLoopGroup-2-1/WARN]: [gg.playit.minecraft.PlayitTcpTunnel] failed to send data to tunnel
[04:58:23] [nioEventLoopGroup-2-1/WARN]: [gg.playit.minecraft.PlayitTcpTunnel] failed to send data to tunnel
[04:58:23] [nioEventLoopGroup-2-1/WARN]: [gg.playit.minecraft.PlayitTcpTunnel] failed to send data to tunnel
[04:58:23] [nioEventLoopGroup-2-1/WARN]: [gg.playit.minecraft.PlayitTcpTunnel] failed to send data to tunnel
[04:58:23] [nioEventLoopGroup-2-1/WARN]: [gg.playit.minecraft.PlayitTcpTunnel] failed to send data to tunnel
[04:58:23] [nioEventLoopGroup-2-1/WARN]: [gg.playit.minecraft.PlayitTcpTunnel] failed to send data to tunnel
[04:58:23] [nioEventLoopGroup-2-1/WARN]: [gg.playit.minecraft.PlayitTcpTunnel] failed to send data to tunnel
[04:58:23] [nioEventLoopGroup-2-1/WARN]: [gg.playit.minecraft.PlayitTcpTunnel] failed to send data to tunnel
[04:58:23] [nioEventLoopGroup-2-1/WARN]: [gg.playit.minecraft.PlayitTcpTunnel] failed to send data to tunnel
[04:58:23] [nioEventLoopGroup-2-1/WARN]: [gg.playit.minecraft.PlayitTcpTunnel] failed to send data to tunnel
[04:58:23] [nioEventLoopGroup-2-1/WARN]: [gg.playit.minecraft.PlayitTcpTunnel] failed to send data to tunnel
[04:58:23] [nioEventLoopGroup-2-1/WARN]: [gg.playit.minecraft.PlayitTcpTunnel] failed to send data to tunnel
[04:58:23] [nioEventLoopGroup-2-1/WARN]: [gg.playit.minecraft.PlayitTcpTunnel] failed to send data to tunnel
[04:58:23] [nioEventLoopGroup-2-1/WARN]: [gg.playit.minecraft.PlayitTcpTunnel] failed to send data to tunnel
[04:58:23] [nioEventLoopGroup-2-1/WARN]: [gg.playit.minecraft.PlayitTcpTunnel] failed to send data to tunnel
[04:58:23] [nioEventLoopGroup-2-1/WARN]: [gg.playit.minecraft.PlayitTcpTunnel] failed to send data to tunnel
[04:58:23] [nioEventLoopGroup-2-1/WARN]: [gg.playit.minecraft.PlayitTcpTunnel] failed to send data to tunnel
[04:58:23] [nioEventLoopGroup-2-1/WARN]: [gg.playit.minecraft.PlayitTcpTunnel] failed to send data to tunnel
[04:58:23] [nioEventLoopGroup-2-1/WARN]: [gg.playit.minecraft.PlayitTcpTunnel] failed to send data to tunnel
[04:58:23] [nioEventLoopGroup-2-1/WARN]: [gg.playit.minecraft.PlayitTcpTunnel] failed to send data to tunnel
[04:58:23] [nioEventLoopGroup-2-1/WARN]: [gg.playit.minecraft.PlayitTcpTunnel] failed to send data to tunnel
[04:58:23] [nioEventLoopGroup-2-1/WARN]: [gg.playit.minecraft.PlayitTcpTunnel] failed to send data to tunnel
[04:58:23] [nioEventLoopGroup-2-1/WARN]: [gg.playit.minecraft.PlayitTcpTunnel] failed to send data to tunnel
[04:58:23] [nioEventLoopGroup-2-1/WARN]: [gg.playit.minecraft.PlayitTcpTunnel] failed to send data to tunnel
[04:58:23] [nioEventLoopGroup-2-1/WARN]: [gg.playit.minecraft.PlayitTcpTunnel] failed to send data to tunnel
[04:58:23] [nioEventLoopGroup-2-1/WARN]: [gg.playit.minecraft.PlayitTcpTunnel] failed to send data to tunnel
[04:58:23] [nioEventLoopGroup-2-1/WARN]: [gg.playit.minecraft.PlayitTcpTunnel] failed to send data to tunnel
[04:58:23] [nioEventLoopGroup-2-1/WARN]: [gg.playit.minecraft.PlayitTcpTunnel] failed to send data to tunnel
[04:58:23] [nioEventLoopGroup-2-1/WARN]: [gg.playit.minecraft.PlayitTcpTunnel] failed to send data to tunnel
[04:58:23] [nioEventLoopGroup-2-1/WARN]: [gg.playit.minecraft.PlayitTcpTunnel] failed to send data to tunnel
[04:58:23] [nioEventLoopGroup-2-1/WARN]: [gg.playit.minecraft.PlayitTcpTunnel] failed to send data to tunnel
[04:58:23] [nioEventLoopGroup-2-1/WARN]: [gg.playit.minecraft.PlayitTcpTunnel] failed to send data to tunnel
[04:58:23] [nioEventLoopGroup-2-1/WARN]: [gg.playit.minecraft.PlayitTcpTunnel] failed to send data to tunnel
[04:58:23] [nioEventLoopGroup-2-1/WARN]: [gg.playit.minecraft.PlayitTcpTunnel] failed to send data to tunnel
[04:58:23] [nioEventLoopGroup-2-1/WARN]: [gg.playit.minecraft.PlayitTcpTunnel] failed to send data to tunnel
[04:58:23] [nioEventLoopGroup-2-1/WARN]: [gg.playit.minecraft.PlayitTcpTunnel] failed to send data to tunnel
[04:58:23] [nioEventLoopGroup-2-1/WARN]: [gg.playit.minecraft.PlayitTcpTunnel] failed to send data to tunnel
[04:58:23] [nioEventLoopGroup-2-1/WARN]: [gg.playit.minecraft.PlayitTcpTunnel] failed to send data to tunnel
[04:58:23] [nioEventLoopGroup-2-1/WARN]: [gg.playit.minecraft.PlayitTcpTunnel] failed to send data to tunnel
[04:58:23] [nioEventLoopGroup-2-1/WARN]: [gg.playit.minecraft.PlayitTcpTunnel] failed to send data to tunnel
[04:58:23] [nioEventLoopGroup-2-1/WARN]: [gg.playit.minecraft.PlayitTcpTunnel] failed to send data to tunnel
[04:58:23] [nioEventLoopGroup-2-1/WARN]: [gg.playit.minecraft.PlayitTcpTunnel] failed to send data to tunnel
[04:58:23] [nioEventLoopGroup-2-1/WARN]: [gg.playit.minecraft.PlayitTcpTunnel] failed to send data to tunnel
[04:58:23] [nioEventLoopGroup-2-1/WARN]: [gg.playit.minecraft.PlayitTcpTunnel] failed to send data to tunnel
[04:58:23] [nioEventLoopGroup-2-1/WARN]: [gg.playit.minecraft.PlayitTcpTunnel] failed to send data to tunnel
[04:58:23] [nioEventLoopGroup-2-1/WARN]: [gg.playit.minecraft.PlayitTcpTunnel] failed to send data to tunnel
[04:58:23] [nioEventLoopGroup-2-1/WARN]: [gg.playit.minecraft.PlayitTcpTunnel] failed to send data to tunnel
[04:58:23] [nioEventLoopGroup-2-1/WARN]: [gg.playit.minecraft.PlayitTcpTunnel] failed to send data to tunnel
[04:58:23] [nioEventLoopGroup-2-1/WARN]: [gg.playit.minecraft.PlayitTcpTunnel] failed to send data to tunnel
[04:58:23] [nioEventLoopGroup-2-1/WARN]: [gg.playit.minecraft.PlayitTcpTunnel] failed to send data to tunnel
[04:58:23] [nioEventLoopGroup-2-1/WARN]: [gg.playit.minecraft.PlayitTcpTunnel] failed to send data to tunnel
[04:58:23] [nioEventLoopGroup-2-1/WARN]: [gg.playit.minecraft.PlayitTcpTunnel] failed to send data to tunnel
[04:58:23] [nioEventLoopGroup-2-1/WARN]: [gg.playit.minecraft.PlayitTcpTunnel] failed to send data to tunnel
[04:58:23] [nioEventLoopGroup-2-1/WARN]: [gg.playit.minecraft.PlayitTcpTunnel] failed to send data to tunnel
[04:58:23] [nioEventLoopGroup-2-1/WARN]: [gg.playit.minecraft.PlayitTcpTunnel] failed to send data to tunnel
[04:58:23] [nioEventLoopGroup-2-1/WARN]: [gg.playit.minecraft.PlayitTcpTunnel] failed to send data to tunnel
[04:58:23] [nioEventLoopGroup-2-1/WARN]: [gg.playit.minecraft.PlayitTcpTunnel] failed to send data to tunnel
[04:58:23] [nioEventLoopGroup-2-1/WARN]: [gg.playit.minecraft.PlayitTcpTunnel] failed to send data to tunnel
[04:58:23] [nioEventLoopGroup-2-1/WARN]: [gg.playit.minecraft.PlayitTcpTunnel] failed to send data to tunnel
[04:58:23] [nioEventLoopGroup-2-1/WARN]: [gg.playit.minecraft.PlayitTcpTunnel] failed to send data to tunnel
[04:58:23] [nioEventLoopGroup-2-1/WARN]: [gg.playit.minecraft.PlayitTcpTunnel] failed to send data to tunnel
[04:58:23] [nioEventLoopGroup-2-1/WARN]: [gg.playit.minecraft.PlayitTcpTunnel] failed to send data to tunnel
[04:58:23] [nioEventLoopGroup-2-1/WARN]: [gg.playit.minecraft.PlayitTcpTunnel] failed to send data to tunnel
[04:58:23] [nioEventLoopGroup-2-1/WARN]: [gg.playit.minecraft.PlayitTcpTunnel] failed to send data to tunnel
[04:58:23] [nioEventLoopGroup-2-1/WARN]: [gg.playit.minecraft.PlayitTcpTunnel] failed to send data to tunnel
[04:58:23] [nioEventLoopGroup-2-1/WARN]: [gg.playit.minecraft.PlayitTcpTunnel] failed to send data to tunnel
[04:58:23] [nioEventLoopGroup-2-1/WARN]: [gg.playit.minecraft.PlayitTcpTunnel] failed to send data to tunnel
[04:58:23] [nioEventLoopGroup-2-1/WARN]: [gg.playit.minecraft.PlayitTcpTunnel] failed to send data to tunnel
[04:58:23] [nioEventLoopGroup-2-1/WARN]: [gg.playit.minecraft.PlayitTcpTunnel] failed to send data to tunnel
[04:58:23] [nioEventLoopGroup-2-1/WARN]: [gg.playit.minecraft.PlayitTcpTunnel] failed to send data to tunnel
[04:58:23] [nioEventLoopGroup-2-1/WARN]: [gg.playit.minecraft.PlayitTcpTunnel] failed to send data to tunnel
[04:58:23] [nioEventLoopGroup-2-1/WARN]: [gg.playit.minecraft.PlayitTcpTunnel] failed to send data to tunnel
[04:58:23] [nioEventLoopGroup-2-1/WARN]: [gg.playit.minecraft.PlayitTcpTunnel] failed to send data to tunnel
[04:58:23] [nioEventLoopGroup-2-1/WARN]: [gg.playit.minecraft.PlayitTcpTunnel] failed to send data to tunnel
[04:58:23] [nioEventLoopGroup-2-1/WARN]: [gg.playit.minecraft.PlayitTcpTunnel] failed to send data to tunnel
[04:58:23] [nioEventLoopGroup-2-1/WARN]: [gg.playit.minecraft.PlayitTcpTunnel] failed to send data to tunnel
[04:58:23] [nioEventLoopGroup-2-1/WARN]: [gg.playit.minecraft.PlayitTcpTunnel] failed to send data to tunnel
[04:58:23] [nioEventLoopGroup-2-1/WARN]: [gg.playit.minecraft.PlayitTcpTunnel] failed to send data to tunnel
[04:58:23] [nioEventLoopGroup-2-1/WARN]: [gg.playit.minecraft.PlayitTcpTunnel] failed to send data to tunnel
[04:58:23] [nioEventLoopGroup-2-1/WARN]: [gg.playit.minecraft.PlayitTcpTunnel] failed to send data to tunnel
[04:58:23] [nioEventLoopGroup-2-1/WARN]: [gg.playit.minecraft.PlayitTcpTunnel] failed to send data to tunnel
[04:58:23] [nioEventLoopGroup-2-1/WARN]: [gg.playit.minecraft.PlayitTcpTunnel] failed to send data to tunnel
[04:58:23] [nioEventLoopGroup-2-1/WARN]: [gg.playit.minecraft.PlayitTcpTunnel] failed to send data to tunnel
[04:58:23] [nioEventLoopGroup-2-1/WARN]: [gg.playit.minecraft.PlayitTcpTunnel] failed to send data to tunnel
[04:58:23] [nioEventLoopGroup-2-1/WARN]: [gg.playit.minecraft.PlayitTcpTunnel] failed to send data to tunnel
[04:58:23] [nioEventLoopGroup-2-1/WARN]: [gg.playit.minecraft.PlayitTcpTunnel] failed to send data to tunnel
[04:58:23] [nioEventLoopGroup-2-1/WARN]: [gg.playit.minecraft.PlayitTcpTunnel] failed to send data to tunnel
[04:58:23] [nioEventLoopGroup-2-1/WARN]: [gg.playit.minecraft.PlayitTcpTunnel] failed to send data to tunnel
[04:58:23] [nioEventLoopGroup-2-1/WARN]: [gg.playit.minecraft.PlayitTcpTunnel] failed to send data to tunnel
[04:58:23] [nioEventLoopGroup-2-1/WARN]: [gg.playit.minecraft.PlayitTcpTunnel] failed to send data to tunnel
[04:58:23] [nioEventLoopGroup-2-1/WARN]: [gg.playit.minecraft.PlayitTcpTunnel] failed to send data to tunnel
[04:58:23] [nioEventLoopGroup-2-1/WARN]: [gg.playit.minecraft.PlayitTcpTunnel] failed to send data to tunnel
[04:58:23] [nioEventLoopGroup-2-1/WARN]: [gg.playit.minecraft.PlayitTcpTunnel] failed to send data to tunnel
[04:58:23] [nioEventLoopGroup-2-1/WARN]: [gg.playit.minecraft.PlayitTcpTunnel] failed to send data to tunnel
[04:58:23] [nioEventLoopGroup-2-1/WARN]: [gg.playit.minecraft.PlayitTcpTunnel] failed to send data to tunnel
[04:58:23] [nioEventLoopGroup-2-1/WARN]: [gg.playit.minecraft.PlayitTcpTunnel] failed to send data to tunnel
[04:58:23] [nioEventLoopGroup-2-1/WARN]: [gg.playit.minecraft.PlayitTcpTunnel] failed to send data to tunnel
[04:58:23] [nioEventLoopGroup-2-1/WARN]: [gg.playit.minecraft.PlayitTcpTunnel] failed to send data to tunnel
[04:58:23] [nioEventLoopGroup-2-1/WARN]: [gg.playit.minecraft.PlayitTcpTunnel] failed to send data to tunnel
[04:58:23] [nioEventLoopGroup-2-1/WARN]: [gg.playit.minecraft.PlayitTcpTunnel] failed to send data to tunnel
[04:58:23] [nioEventLoopGroup-2-1/WARN]: [gg.playit.minecraft.PlayitTcpTunnel] failed to send data to tunnel
[04:58:23] [nioEventLoopGroup-2-1/WARN]: [gg.playit.minecraft.PlayitTcpTunnel] failed to send data to tunnel
[04:58:23] [nioEventLoopGroup-2-1/WARN]: [gg.playit.minecraft.PlayitTcpTunnel] failed to send data to tunnel
[04:58:23] [nioEventLoopGroup-2-1/WARN]: [gg.playit.minecraft.PlayitTcpTunnel] failed to send data to tunnel
[04:58:23] [nioEventLoopGroup-2-1/WARN]: [gg.playit.minecraft.PlayitTcpTunnel] failed to send data to tunnel
[04:58:23] [nioEventLoopGroup-2-1/WARN]: [gg.playit.minecraft.PlayitTcpTunnel] failed to send data to tunnel
[04:58:23] [nioEventLoopGroup-2-1/WARN]: [gg.playit.minecraft.PlayitTcpTunnel] failed to send data to tunnel
[04:58:23] [nioEventLoopGroup-2-1/WARN]: [gg.playit.minecraft.PlayitTcpTunnel] failed to send data to tunnel
[04:58:23] [nioEventLoopGroup-2-1/WARN]: [gg.playit.minecraft.PlayitTcpTunnel] failed to send data to tunnel
[04:58:23] [nioEventLoopGroup-2-1/WARN]: [gg.playit.minecraft.PlayitTcpTunnel] failed to send data to tunnel
[04:58:23] [nioEventLoopGroup-2-1/WARN]: [gg.playit.minecraft.PlayitTcpTunnel] failed to send data to tunnel
[04:58:23] [nioEventLoopGroup-2-1/WARN]: [gg.playit.minecraft.PlayitTcpTunnel] failed to send data to tunnel
[04:58:23] [nioEventLoopGroup-2-1/WARN]: [gg.playit.minecraft.PlayitTcpTunnel] failed to send data to tunnel
[04:58:23] [nioEventLoopGroup-2-1/WARN]: [gg.playit.minecraft.PlayitTcpTunnel] failed to send data to tunnel
[04:58:23] [nioEventLoopGroup-2-1/WARN]: [gg.playit.minecraft.PlayitTcpTunnel] failed to send data to tunnel
[04:58:23] [nioEventLoopGroup-2-1/WARN]: [gg.playit.minecraft.PlayitTcpTunnel] failed to send data to tunnel
[04:58:23] [nioEventLoopGroup-2-1/WARN]: [gg.playit.minecraft.PlayitTcpTunnel] failed to send data to tunnel
[04:58:23] [nioEventLoopGroup-2-1/WARN]: [gg.playit.minecraft.PlayitTcpTunnel] failed to send data to tunnel
[04:58:23] [nioEventLoopGroup-2-1/WARN]: [gg.playit.minecraft.PlayitTcpTunnel] failed to send data to tunnel
[04:58:23] [nioEventLoopGroup-2-1/WARN]: [gg.playit.minecraft.PlayitTcpTunnel] failed to send data to tunnel
[04:58:23] [nioEventLoopGroup-2-1/WARN]: [gg.playit.minecraft.PlayitTcpTunnel] failed to send data to tunnel
[04:58:23] [nioEventLoopGroup-2-1/WARN]: [gg.playit.minecraft.PlayitTcpTunnel] failed to send data to tunnel
[04:58:23] [nioEventLoopGroup-2-1/WARN]: [gg.playit.minecraft.PlayitTcpTunnel] failed to send data to tunnel
[04:58:23] [nioEventLoopGroup-2-1/WARN]: [gg.playit.minecraft.PlayitTcpTunnel] failed to send data to tunnel
[04:58:23] [nioEventLoopGroup-2-1/WARN]: [gg.playit.minecraft.PlayitTcpTunnel] failed to send data to tunnel
[04:58:23] [nioEventLoopGroup-2-1/WARN]: [gg.playit.minecraft.PlayitTcpTunnel] failed to send data to tunnel
[04:58:23] [nioEventLoopGroup-2-1/WARN]: [gg.playit.minecraft.PlayitTcpTunnel] failed to send data to tunnel
[04:58:23] [nioEventLoopGroup-2-1/WARN]: [gg.playit.minecraft.PlayitTcpTunnel] failed to send data to tunnel
[04:58:23] [nioEventLoopGroup-2-1/WARN]: [gg.playit.minecraft.PlayitTcpTunnel] failed to send data to tunnel
[04:58:23] [nioEventLoopGroup-2-1/WARN]: [gg.playit.minecraft.PlayitTcpTunnel] failed to send data to tunnel
[04:58:23] [nioEventLoopGroup-2-1/WARN]: [gg.playit.minecraft.PlayitTcpTunnel] failed to send data to tunnel
[04:58:23] [nioEventLoopGroup-2-1/WARN]: [gg.playit.minecraft.PlayitTcpTunnel] failed to send data to tunnel
[04:58:23] [nioEventLoopGroup-2-1/WARN]: [gg.playit.minecraft.PlayitTcpTunnel] failed to send data to tunnel
[04:58:23] [nioEventLoopGroup-2-1/WARN]: [gg.playit.minecraft.PlayitTcpTunnel] failed to send data to tunnel
[04:58:23] [nioEventLoopGroup-2-1/WARN]: [gg.playit.minecraft.PlayitTcpTunnel] failed to send data to tunnel
[04:58:23] [nioEventLoopGroup-2-1/WARN]: [gg.playit.minecraft.PlayitTcpTunnel] failed to send data to tunnel
[04:58:23] [nioEventLoopGroup-2-1/WARN]: [gg.playit.minecraft.PlayitTcpTunnel] failed to send data to tunnel
[04:58:23] [nioEventLoopGroup-2-1/WARN]: [gg.playit.minecraft.PlayitTcpTunnel] failed to send data to tunnel
[04:58:23] [nioEventLoopGroup-2-1/WARN]: [gg.playit.minecraft.PlayitTcpTunnel] failed to send data to tunnel
[04:58:23] [nioEventLoopGroup-2-1/WARN]: [gg.playit.minecraft.PlayitTcpTunnel] failed to send data to tunnel
[04:58:23] [nioEventLoopGroup-2-1/WARN]: [gg.playit.minecraft.PlayitTcpTunnel] failed to send data to tunnel
[04:58:23] [nioEventLoopGroup-2-1/WARN]: [gg.playit.minecraft.PlayitTcpTunnel] failed to send data to tunnel
[04:58:23] [nioEventLoopGroup-2-1/WARN]: [gg.playit.minecraft.PlayitTcpTunnel] failed to send data to tunnel
[04:58:23] [nioEventLoopGroup-2-1/WARN]: [gg.playit.minecraft.PlayitTcpTunnel] failed to send data to tunnel
[04:58:23] [nioEventLoopGroup-2-1/WARN]: [gg.playit.minecraft.PlayitTcpTunnel] failed to send data to tunnel
[04:58:23] [nioEventLoopGroup-2-1/WARN]: [gg.playit.minecraft.PlayitTcpTunnel] failed to send data to tunnel
[04:58:23] [nioEventLoopGroup-2-1/WARN]: [gg.playit.minecraft.PlayitTcpTunnel] failed to send data to tunnel
[04:58:23] [nioEventLoopGroup-2-1/WARN]: [gg.playit.minecraft.PlayitTcpTunnel] failed to send data to tunnel
[04:58:23] [nioEventLoopGroup-2-1/WARN]: [gg.playit.minecraft.PlayitTcpTunnel] failed to send data to tunnel
[04:58:23] [nioEventLoopGroup-2-1/WARN]: [gg.playit.minecraft.PlayitTcpTunnel] failed to send data to tunnel
[04:58:23] [nioEventLoopGroup-2-1/WARN]: [gg.playit.minecraft.PlayitTcpTunnel] failed to send data to tunnel
[04:58:23] [nioEventLoopGroup-2-1/WARN]: [gg.playit.minecraft.PlayitTcpTunnel] failed to send data to tunnel
[04:58:23] [nioEventLoopGroup-2-1/WARN]: [gg.playit.minecraft.PlayitTcpTunnel] failed to send data to tunnel
[04:58:23] [nioEventLoopGroup-2-1/WARN]: [gg.playit.minecraft.PlayitTcpTunnel] failed to send data to tunnel
[04:58:23] [nioEventLoopGroup-2-1/WARN]: [gg.playit.minecraft.PlayitTcpTunnel] failed to send data to tunnel
[04:58:23] [nioEventLoopGroup-2-1/WARN]: [gg.playit.minecraft.PlayitTcpTunnel] failed to send data to tunnel
[04:58:23] [nioEventLoopGroup-2-1/WARN]: [gg.playit.minecraft.PlayitTcpTunnel] failed to send data to tunnel
[04:58:23] [nioEventLoopGroup-2-1/WARN]: [gg.playit.minecraft.PlayitTcpTunnel] failed to send data to tunnel
[04:58:23] [nioEventLoopGroup-2-1/WARN]: [gg.playit.minecraft.PlayitTcpTunnel] failed to send data to tunnel
[04:58:23] [nioEventLoopGroup-2-1/WARN]: [gg.playit.minecraft.PlayitTcpTunnel] failed to send data to tunnel
[04:58:23] [nioEventLoopGroup-2-1/WARN]: [gg.playit.minecraft.PlayitTcpTunnel] failed to send data to tunnel
[04:58:23] [nioEventLoopGroup-2-1/WARN]: [gg.playit.minecraft.PlayitTcpTunnel] failed to send data to tunnel
[04:58:23] [nioEventLoopGroup-2-1/WARN]: [gg.playit.minecraft.PlayitTcpTunnel] failed to send data to tunnel
[04:58:23] [nioEventLoopGroup-2-1/WARN]: [gg.playit.minecraft.PlayitTcpTunnel] failed to send data to tunnel
[04:58:23] [nioEventLoopGroup-2-1/WARN]: [gg.playit.minecraft.PlayitTcpTunnel] failed to send data to tunnel
[04:58:23] [nioEventLoopGroup-2-1/WARN]: [gg.playit.minecraft.PlayitTcpTunnel] failed to send data to tunnel
[04:58:23] [nioEventLoopGroup-2-1/WARN]: [gg.playit.minecraft.PlayitTcpTunnel] failed to send data to tunnel
[04:58:23] [nioEventLoopGroup-2-1/WARN]: [gg.playit.minecraft.PlayitTcpTunnel] failed to send data to tunnel
[04:58:23] [nioEventLoopGroup-2-1/WARN]: [gg.playit.minecraft.PlayitTcpTunnel] failed to send data to tunnel
[04:58:23] [nioEventLoopGroup-2-1/WARN]: [gg.playit.minecraft.PlayitTcpTunnel] failed to send data to tunnel
[04:58:23] [nioEventLoopGroup-2-1/WARN]: [gg.playit.minecraft.PlayitTcpTunnel] failed to send data to tunnel
[04:58:23] [nioEventLoopGroup-2-1/WARN]: [gg.playit.minecraft.PlayitTcpTunnel] failed to send data to tunnel
[04:58:23] [nioEventLoopGroup-2-1/WARN]: [gg.playit.minecraft.PlayitTcpTunnel] failed to send data to tunnel
[04:58:23] [nioEventLoopGroup-2-1/WARN]: [gg.playit.minecraft.PlayitTcpTunnel] failed to send data to tunnel
[04:58:23] [nioEventLoopGroup-2-1/WARN]: [gg.playit.minecraft.PlayitTcpTunnel] failed to send data to tunnel
[04:58:23] [nioEventLoopGroup-2-1/WARN]: [gg.playit.minecraft.PlayitTcpTunnel] failed to send data to tunnel
[04:58:23] [nioEventLoopGroup-2-1/WARN]: [gg.playit.minecraft.PlayitTcpTunnel] failed to send data to tunnel
[04:58:23] [nioEventLoopGroup-2-1/WARN]: [gg.playit.minecraft.PlayitTcpTunnel] failed to send data to tunnel
[04:58:23] [nioEventLoopGroup-2-1/WARN]: [gg.playit.minecraft.PlayitTcpTunnel] failed to send data to tunnel
[04:58:23] [nioEventLoopGroup-2-1/WARN]: [gg.playit.minecraft.PlayitTcpTunnel] failed to send data to tunnel
[04:58:23] [nioEventLoopGroup-2-1/WARN]: [gg.playit.minecraft.PlayitTcpTunnel] failed to send data to tunnel
[04:58:23] [nioEventLoopGroup-2-1/WARN]: [gg.playit.minecraft.PlayitTcpTunnel] failed to send data to tunnel
[04:58:23] [nioEventLoopGroup-2-1/WARN]: [gg.playit.minecraft.PlayitTcpTunnel] failed to send data to tunnel
[04:58:23] [nioEventLoopGroup-2-1/WARN]: [gg.playit.minecraft.PlayitTcpTunnel] failed to send data to tunnel
[04:58:23] [nioEventLoopGroup-2-1/WARN]: [gg.playit.minecraft.PlayitTcpTunnel] failed to send data to tunnel
[04:58:23] [nioEventLoopGroup-2-1/WARN]: [gg.playit.minecraft.PlayitTcpTunnel] failed to send data to tunnel
[04:58:23] [nioEventLoopGroup-2-1/WARN]: [gg.playit.minecraft.PlayitTcpTunnel] failed to send data to tunnel
[04:58:23] [nioEventLoopGroup-2-1/WARN]: [gg.playit.minecraft.PlayitTcpTunnel] failed to send data to tunnel
[04:58:23] [nioEventLoopGroup-2-1/WARN]: [gg.playit.minecraft.PlayitTcpTunnel] failed to send data to tunnel
[04:58:23] [nioEventLoopGroup-2-1/WARN]: [gg.playit.minecraft.PlayitTcpTunnel] failed to send data to tunnel
[04:58:23] [nioEventLoopGroup-2-1/WARN]: [gg.playit.minecraft.PlayitTcpTunnel] failed to send data to tunnel
[04:58:23] [nioEventLoopGroup-2-1/WARN]: [gg.playit.minecraft.PlayitTcpTunnel] failed to send data to tunnel
[04:58:23] [nioEventLoopGroup-2-1/WARN]: [gg.playit.minecraft.PlayitTcpTunnel] failed to send data to tunnel
[04:58:23] [nioEventLoopGroup-2-1/WARN]: [gg.playit.minecraft.PlayitTcpTunnel] failed to send data to tunnel
[04:58:23] [nioEventLoopGroup-2-1/WARN]: [gg.playit.minecraft.PlayitTcpTunnel] failed to send data to tunnel
[04:58:23] [nioEventLoopGroup-2-1/WARN]: [gg.playit.minecraft.PlayitTcpTunnel] failed to send data to tunnel
[04:58:23] [nioEventLoopGroup-2-1/WARN]: [gg.playit.minecraft.PlayitTcpTunnel] failed to send data to tunnel
[04:58:23] [nioEventLoopGroup-2-1/WARN]: [gg.playit.minecraft.PlayitTcpTunnel] failed to send data to tunnel
[04:58:23] [nioEventLoopGroup-2-1/WARN]: [gg.playit.minecraft.PlayitTcpTunnel] failed to send data to tunnel
[04:58:23] [nioEventLoopGroup-2-1/WARN]: [gg.playit.minecraft.PlayitTcpTunnel] failed to send data to tunnel
[04:58:23] [nioEventLoopGroup-2-1/WARN]: [gg.playit.minecraft.PlayitTcpTunnel] failed to send data to tunnel
[04:58:23] [nioEventLoopGroup-2-1/WARN]: [gg.playit.minecraft.PlayitTcpTunnel] failed to send data to tunnel
[04:58:23] [nioEventLoopGroup-2-1/WARN]: [gg.playit.minecraft.PlayitTcpTunnel] failed to send data to tunnel
[04:58:23] [nioEventLoopGroup-2-1/WARN]: [gg.playit.minecraft.PlayitTcpTunnel] failed to send data to tunnel
[04:58:23] [nioEventLoopGroup-2-1/WARN]: [gg.playit.minecraft.PlayitTcpTunnel] failed to send data to tunnel
[04:58:23] [nioEventLoopGroup-2-1/WARN]: [gg.playit.minecraft.PlayitTcpTunnel] failed to send data to tunnel
[04:58:23] [nioEventLoopGroup-2-1/WARN]: [gg.playit.minecraft.PlayitTcpTunnel] failed to send data to tunnel
[04:58:23] [nioEventLoopGroup-2-1/WARN]: [gg.playit.minecraft.PlayitTcpTunnel] failed to send data to tunnel
[04:58:23] [nioEventLoopGroup-2-1/WARN]: [gg.playit.minecraft.PlayitTcpTunnel] failed to send data to tunnel
[04:58:23] [nioEventLoopGroup-2-1/WARN]: [gg.playit.minecraft.PlayitTcpTunnel] failed to send data to tunnel
[04:58:23] [nioEventLoopGroup-2-1/WARN]: [gg.playit.minecraft.PlayitTcpTunnel] failed to send data to tunnel
[04:58:23] [nioEventLoopGroup-2-1/WARN]: [gg.playit.minecraft.PlayitTcpTunnel] failed to send data to tunnel
[04:58:23] [nioEventLoopGroup-2-1/WARN]: [gg.playit.minecraft.PlayitTcpTunnel] failed to send data to tunnel
[04:58:23] [nioEventLoopGroup-2-1/WARN]: [gg.playit.minecraft.PlayitTcpTunnel] failed to send data to tunnel
[04:58:23] [nioEventLoopGroup-2-1/WARN]: [gg.playit.minecraft.PlayitTcpTunnel] failed to send data to tunnel
[04:58:23] [nioEventLoopGroup-2-1/WARN]: [gg.playit.minecraft.PlayitTcpTunnel] failed to send data to tunnel
[04:58:23] [nioEventLoopGroup-2-1/WARN]: [gg.playit.minecraft.PlayitTcpTunnel] failed to send data to tunnel
[04:58:23] [nioEventLoopGroup-2-1/WARN]: [gg.playit.minecraft.PlayitTcpTunnel] failed to send data to tunnel
[04:58:23] [nioEventLoopGroup-2-1/WARN]: [gg.playit.minecraft.PlayitTcpTunnel] failed to send data to tunnel
[04:58:23] [nioEventLoopGroup-2-1/WARN]: [gg.playit.minecraft.PlayitTcpTunnel] failed to send data to tunnel
[04:58:23] [nioEventLoopGroup-2-1/WARN]: [gg.playit.minecraft.PlayitTcpTunnel] failed to send data to tunnel
[04:58:23] [nioEventLoopGroup-2-1/WARN]: [gg.playit.minecraft.PlayitTcpTunnel] failed to send data to tunnel
[04:58:23] [nioEventLoopGroup-2-1/WARN]: [gg.playit.minecraft.PlayitTcpTunnel] failed to send data to tunnel
[04:58:23] [nioEventLoopGroup-2-1/WARN]: [gg.playit.minecraft.PlayitTcpTunnel] failed to send data to tunnel
[04:58:23] [nioEventLoopGroup-2-1/WARN]: [gg.playit.minecraft.PlayitTcpTunnel] failed to send data to tunnel
[04:58:23] [nioEventLoopGroup-2-1/WARN]: [gg.playit.minecraft.PlayitTcpTunnel] failed to send data to tunnel
[04:58:23] [nioEventLoopGroup-2-1/WARN]: [gg.playit.minecraft.PlayitTcpTunnel] failed to send data to tunnel
[04:58:23] [nioEventLoopGroup-2-1/WARN]: [gg.playit.minecraft.PlayitTcpTunnel] failed to send data to tunnel
[04:58:23] [nioEventLoopGroup-2-1/WARN]: [gg.playit.minecraft.PlayitTcpTunnel] failed to send data to tunnel
[04:58:23] [nioEventLoopGroup-2-1/WARN]: [gg.playit.minecraft.PlayitTcpTunnel] failed to send data to tunnel
[04:58:23] [nioEventLoopGroup-2-1/WARN]: [gg.playit.minecraft.PlayitTcpTunnel] failed to send data to tunnel
[04:58:23] [nioEventLoopGroup-2-1/WARN]: [gg.playit.minecraft.PlayitTcpTunnel] failed to send data to tunnel
[04:58:23] [nioEventLoopGroup-2-1/WARN]: [gg.playit.minecraft.PlayitTcpTunnel] failed to send data to tunnel
[04:58:23] [nioEventLoopGroup-2-1/WARN]: [gg.playit.minecraft.PlayitTcpTunnel] failed to send data to tunnel
[04:58:23] [nioEventLoopGroup-2-1/WARN]: [gg.playit.minecraft.PlayitTcpTunnel] failed to send data to tunnel
[04:58:23] [nioEventLoopGroup-2-1/WARN]: [gg.playit.minecraft.PlayitTcpTunnel] failed to send data to tunnel
[04:58:23] [nioEventLoopGroup-2-1/WARN]: [gg.playit.minecraft.PlayitTcpTunnel] failed to send data to tunnel
[04:58:23] [nioEventLoopGroup-2-1/WARN]: [gg.playit.minecraft.PlayitTcpTunnel] failed to send data to tunnel
[04:58:23] [nioEventLoopGroup-2-1/WARN]: [gg.playit.minecraft.PlayitTcpTunnel] failed to send data to tunnel
[04:58:23] [nioEventLoopGroup-2-1/WARN]: [gg.playit.minecraft.PlayitTcpTunnel] failed to send data to tunnel
[04:58:23] [nioEventLoopGroup-2-1/WARN]: [gg.playit.minecraft.PlayitTcpTunnel] failed to send data to tunnel
[04:58:23] [nioEventLoopGroup-2-1/WARN]: [gg.playit.minecraft.PlayitTcpTunnel] failed to send data to tunnel
[04:58:23] [nioEventLoopGroup-2-1/WARN]: [gg.playit.minecraft.PlayitTcpTunnel] failed to send data to tunnel
[04:58:23] [nioEventLoopGroup-2-1/WARN]: [gg.playit.minecraft.PlayitTcpTunnel] failed to send data to tunnel
[04:58:23] [nioEventLoopGroup-2-1/WARN]: [gg.playit.minecraft.PlayitTcpTunnel] failed to send data to tunnel
[04:58:23] [nioEventLoopGroup-2-1/WARN]: [gg.playit.minecraft.PlayitTcpTunnel] failed to send data to tunnel
[04:58:23] [nioEventLoopGroup-2-1/WARN]: [gg.playit.minecraft.PlayitTcpTunnel] failed to send data to tunnel
[04:58:23] [nioEventLoopGroup-2-1/WARN]: [gg.playit.minecraft.PlayitTcpTunnel] failed to send data to tunnel
[04:58:23] [nioEventLoopGroup-2-1/WARN]: [gg.playit.minecraft.PlayitTcpTunnel] failed to send data to tunnel
[04:58:23] [nioEventLoopGroup-2-1/WARN]: [gg.playit.minecraft.PlayitTcpTunnel] failed to send data to tunnel
[04:58:23] [nioEventLoopGroup-2-1/WARN]: [gg.playit.minecraft.PlayitTcpTunnel] failed to send data to tunnel
[04:58:23] [nioEventLoopGroup-2-1/WARN]: [gg.playit.minecraft.PlayitTcpTunnel] failed to send data to tunnel
[04:58:23] [nioEventLoopGroup-2-1/WARN]: [gg.playit.minecraft.PlayitTcpTunnel] failed to send data to tunnel
[04:58:23] [nioEventLoopGroup-2-1/WARN]: [gg.playit.minecraft.PlayitTcpTunnel] failed to send data to tunnel
[04:58:23] [nioEventLoopGroup-2-1/WARN]: [gg.playit.minecraft.PlayitTcpTunnel] failed to send data to tunnel
[04:58:23] [nioEventLoopGroup-2-1/WARN]: [gg.playit.minecraft.PlayitTcpTunnel] failed to send data to tunnel
[04:58:23] [nioEventLoopGroup-2-1/WARN]: [gg.playit.minecraft.PlayitTcpTunnel] failed to send data to tunnel
[04:58:23] [nioEventLoopGroup-2-1/WARN]: [gg.playit.minecraft.PlayitTcpTunnel] failed to send data to tunnel
[04:58:23] [nioEventLoopGroup-2-1/WARN]: [gg.playit.minecraft.PlayitTcpTunnel] failed to send data to tunnel
[04:58:23] [nioEventLoopGroup-2-1/WARN]: [gg.playit.minecraft.PlayitTcpTunnel] failed to send data to tunnel
[04:58:23] [nioEventLoopGroup-2-1/WARN]: [gg.playit.minecraft.PlayitTcpTunnel] failed to send data to tunnel
[04:58:23] [nioEventLoopGroup-2-1/WARN]: [gg.playit.minecraft.PlayitTcpTunnel] failed to send data to tunnel
[04:58:23] [nioEventLoopGroup-2-1/WARN]: [gg.playit.minecraft.PlayitTcpTunnel] failed to send data to tunnel
[04:58:23] [nioEventLoopGroup-2-1/WARN]: [gg.playit.minecraft.PlayitTcpTunnel] failed to send data to tunnel
[04:58:23] [nioEventLoopGroup-2-1/WARN]: [gg.playit.minecraft.PlayitTcpTunnel] failed to send data to tunnel
[04:58:23] [nioEventLoopGroup-2-1/WARN]: [gg.playit.minecraft.PlayitTcpTunnel] failed to send data to tunnel
[04:58:23] [nioEventLoopGroup-2-1/WARN]: [gg.playit.minecraft.PlayitTcpTunnel] failed to send data to tunnel
[04:58:23] [nioEventLoopGroup-2-1/WARN]: [gg.playit.minecraft.PlayitTcpTunnel] failed to send data to tunnel
[04:58:23] [nioEventLoopGroup-2-1/WARN]: [gg.playit.minecraft.PlayitTcpTunnel] failed to send data to tunnel
[04:58:23] [nioEventLoopGroup-2-1/WARN]: [gg.playit.minecraft.PlayitTcpTunnel] failed to send data to tunnel
[04:58:23] [nioEventLoopGroup-2-1/WARN]: [gg.playit.minecraft.PlayitTcpTunnel] failed to send data to tunnel
[04:58:23] [nioEventLoopGroup-2-1/WARN]: [gg.playit.minecraft.PlayitTcpTunnel] failed to send data to tunnel
[04:58:23] [nioEventLoopGroup-2-1/WARN]: [gg.playit.minecraft.PlayitTcpTunnel] failed to send data to tunnel
[04:58:23] [nioEventLoopGroup-2-1/WARN]: [gg.playit.minecraft.PlayitTcpTunnel] failed to send data to tunnel
[04:58:23] [nioEventLoopGroup-2-1/WARN]: [gg.playit.minecraft.PlayitTcpTunnel] failed to send data to tunnel
[04:58:23] [nioEventLoopGroup-2-1/WARN]: [gg.playit.minecraft.PlayitTcpTunnel] failed to send data to tunnel
[04:58:23] [nioEventLoopGroup-2-1/WARN]: [gg.playit.minecraft.PlayitTcpTunnel] failed to send data to tunnel
[04:58:23] [nioEventLoopGroup-2-1/WARN]: [gg.playit.minecraft.PlayitTcpTunnel] failed to send data to tunnel
[04:58:23] [nioEventLoopGroup-2-1/WARN]: [gg.playit.minecraft.PlayitTcpTunnel] failed to send data to tunnel
[04:58:23] [nioEventLoopGroup-2-1/WARN]: [gg.playit.minecraft.PlayitTcpTunnel] failed to send data to tunnel
[04:58:23] [nioEventLoopGroup-2-1/WARN]: [gg.playit.minecraft.PlayitTcpTunnel] failed to send data to tunnel
[04:58:23] [nioEventLoopGroup-2-1/WARN]: [gg.playit.minecraft.PlayitTcpTunnel] failed to send data to tunnel
[04:58:23] [nioEventLoopGroup-2-1/WARN]: [gg.playit.minecraft.PlayitTcpTunnel] failed to send data to tunnel
[04:58:23] [nioEventLoopGroup-2-1/WARN]: [gg.playit.minecraft.PlayitTcpTunnel] failed to send data to tunnel
[04:58:23] [nioEventLoopGroup-2-1/WARN]: [gg.playit.minecraft.PlayitTcpTunnel] failed to send data to tunnel
[04:58:23] [nioEventLoopGroup-2-1/WARN]: [gg.playit.minecraft.PlayitTcpTunnel] failed to send data to tunnel
[04:58:23] [nioEventLoopGroup-2-1/WARN]: [gg.playit.minecraft.PlayitTcpTunnel] failed to send data to tunnel
[04:58:23] [nioEventLoopGroup-2-1/WARN]: [gg.playit.minecraft.PlayitTcpTunnel] failed to send data to tunnel
[04:58:23] [nioEventLoopGroup-2-1/WARN]: [gg.playit.minecraft.PlayitTcpTunnel] failed to send data to tunnel
[04:58:23] [nioEventLoopGroup-2-1/WARN]: [gg.playit.minecraft.PlayitTcpTunnel] failed to send data to tunnel
[04:58:23] [nioEventLoopGroup-2-1/WARN]: [gg.playit.minecraft.PlayitTcpTunnel] failed to send data to tunnel
[04:58:23] [nioEventLoopGroup-2-1/WARN]: [gg.playit.minecraft.PlayitTcpTunnel] failed to send data to tunnel
[04:58:23] [nioEventLoopGroup-2-1/WARN]: [gg.playit.minecraft.PlayitTcpTunnel] failed to send data to tunnel
[04:58:23] [nioEventLoopGroup-2-1/WARN]: [gg.playit.minecraft.PlayitTcpTunnel] failed to send data to tunnel
[04:58:23] [nioEventLoopGroup-2-1/WARN]: [gg.playit.minecraft.PlayitTcpTunnel] failed to send data to tunnel
[04:58:23] [nioEventLoopGroup-2-1/WARN]: [gg.playit.minecraft.PlayitTcpTunnel] failed to send data to tunnel
[04:58:23] [nioEventLoopGroup-2-1/WARN]: [gg.playit.minecraft.PlayitTcpTunnel] failed to send data to tunnel
[04:58:23] [nioEventLoopGroup-2-1/WARN]: [gg.playit.minecraft.PlayitTcpTunnel] failed to send data to tunnel
[04:58:23] [nioEventLoopGroup-2-1/WARN]: [gg.playit.minecraft.PlayitTcpTunnel] failed to send data to tunnel
[04:58:23] [nioEventLoopGroup-2-1/WARN]: [gg.playit.minecraft.PlayitTcpTunnel] failed to send data to tunnel
[04:58:23] [nioEventLoopGroup-2-1/WARN]: [gg.playit.minecraft.PlayitTcpTunnel] failed to send data to tunnel
[04:58:23] [nioEventLoopGroup-2-1/WARN]: [gg.playit.minecraft.PlayitTcpTunnel] failed to send data to tunnel
[04:58:23] [nioEventLoopGroup-2-1/WARN]: [gg.playit.minecraft.PlayitTcpTunnel] failed to send data to tunnel
[04:58:23] [nioEventLoopGroup-2-1/WARN]: [gg.playit.minecraft.PlayitTcpTunnel] failed to send data to tunnel
[04:58:23] [nioEventLoopGroup-2-1/WARN]: [gg.playit.minecraft.PlayitTcpTunnel] failed to send data to tunnel
[04:58:23] [nioEventLoopGroup-2-1/WARN]: [gg.playit.minecraft.PlayitTcpTunnel] failed to send data to tunnel
[04:58:23] [nioEventLoopGroup-2-1/WARN]: [gg.playit.minecraft.PlayitTcpTunnel] failed to send data to tunnel
[04:58:23] [nioEventLoopGroup-2-1/WARN]: [gg.playit.minecraft.PlayitTcpTunnel] failed to send data to tunnel
[04:58:23] [nioEventLoopGroup-2-1/WARN]: [gg.playit.minecraft.PlayitTcpTunnel] failed to send data to tunnel
[04:58:23] [nioEventLoopGroup-2-1/WARN]: [gg.playit.minecraft.PlayitTcpTunnel] failed to send data to tunnel
[04:58:23] [nioEventLoopGroup-2-1/WARN]: [gg.playit.minecraft.PlayitTcpTunnel] failed to send data to tunnel
[04:58:23] [nioEventLoopGroup-2-1/WARN]: [gg.playit.minecraft.PlayitTcpTunnel] failed to send data to tunnel
[04:58:23] [nioEventLoopGroup-2-1/WARN]: [gg.playit.minecraft.PlayitTcpTunnel] failed to send data to tunnel
[04:58:23] [nioEventLoopGroup-2-1/WARN]: [gg.playit.minecraft.PlayitTcpTunnel] failed to send data to tunnel
[04:58:23] [nioEventLoopGroup-2-1/WARN]: [gg.playit.minecraft.PlayitTcpTunnel] failed to send data to tunnel
[04:58:23] [nioEventLoopGroup-2-1/WARN]: [gg.playit.minecraft.PlayitTcpTunnel] failed to send data to tunnel
[04:58:23] [nioEventLoopGroup-2-1/WARN]: [gg.playit.minecraft.PlayitTcpTunnel] failed to send data to tunnel
[04:58:23] [nioEventLoopGroup-2-1/WARN]: [gg.playit.minecraft.PlayitTcpTunnel] failed to send data to tunnel
[04:58:23] [nioEventLoopGroup-2-1/WARN]: [gg.playit.minecraft.PlayitTcpTunnel] failed to send data to tunnel
[04:58:23] [nioEventLoopGroup-2-1/WARN]: [gg.playit.minecraft.PlayitTcpTunnel] failed to send data to tunnel
[04:58:23] [nioEventLoopGroup-2-1/WARN]: [gg.playit.minecraft.PlayitTcpTunnel] failed to send data to tunnel
[04:58:23] [nioEventLoopGroup-2-1/WARN]: [gg.playit.minecraft.PlayitTcpTunnel] failed to send data to tunnel
[04:58:23] [nioEventLoopGroup-2-1/WARN]: [gg.playit.minecraft.PlayitTcpTunnel] failed to send data to tunnel
[04:58:23] [nioEventLoopGroup-2-1/WARN]: [gg.playit.minecraft.PlayitTcpTunnel] failed to send data to tunnel
[04:58:23] [nioEventLoopGroup-2-1/WARN]: [gg.playit.minecraft.PlayitTcpTunnel] failed to send data to tunnel
[04:58:23] [nioEventLoopGroup-2-1/WARN]: [gg.playit.minecraft.PlayitTcpTunnel] failed to send data to tunnel
[04:58:23] [nioEventLoopGroup-2-1/WARN]: [gg.playit.minecraft.PlayitTcpTunnel] failed to send data to tunnel
[04:58:23] [nioEventLoopGroup-2-1/WARN]: [gg.playit.minecraft.PlayitTcpTunnel] failed to send data to tunnel
[04:58:23] [nioEventLoopGroup-2-1/WARN]: [gg.playit.minecraft.PlayitTcpTunnel] failed to send data to tunnel
[04:58:23] [nioEventLoopGroup-2-1/WARN]: [gg.playit.minecraft.PlayitTcpTunnel] failed to send data to tunnel
[04:58:23] [nioEventLoopGroup-2-1/WARN]: [gg.playit.minecraft.PlayitTcpTunnel] failed to send data to tunnel
[04:58:23] [nioEventLoopGroup-2-1/WARN]: [gg.playit.minecraft.PlayitTcpTunnel] failed to send data to tunnel
[04:58:23] [nioEventLoopGroup-2-1/WARN]: [gg.playit.minecraft.PlayitTcpTunnel] failed to send data to tunnel
[04:58:23] [nioEventLoopGroup-2-1/WARN]: [gg.playit.minecraft.PlayitTcpTunnel] failed to send data to tunnel
[04:58:23] [nioEventLoopGroup-2-1/WARN]: [gg.playit.minecraft.PlayitTcpTunnel] failed to send data to tunnel
[04:58:23] [nioEventLoopGroup-2-1/WARN]: [gg.playit.minecraft.PlayitTcpTunnel] failed to send data to tunnel
[04:58:23] [nioEventLoopGroup-2-1/WARN]: [gg.playit.minecraft.PlayitTcpTunnel] failed to send data to tunnel
[04:58:23] [nioEventLoopGroup-2-1/WARN]: [gg.playit.minecraft.PlayitTcpTunnel] failed to send data to tunnel
[04:58:23] [nioEventLoopGroup-2-1/WARN]: [gg.playit.minecraft.PlayitTcpTunnel] failed to send data to tunnel
[04:58:23] [nioEventLoopGroup-2-1/WARN]: [gg.playit.minecraft.PlayitTcpTunnel] failed to send data to tunnel
[04:58:23] [nioEventLoopGroup-2-1/WARN]: [gg.playit.minecraft.PlayitTcpTunnel] failed to send data to tunnel
[04:58:23] [nioEventLoopGroup-2-1/WARN]: [gg.playit.minecraft.PlayitTcpTunnel] failed to send data to tunnel
[04:58:23] [nioEventLoopGroup-2-1/WARN]: [gg.playit.minecraft.PlayitTcpTunnel] failed to send data to tunnel
[04:58:23] [nioEventLoopGroup-2-1/WARN]: [gg.playit.minecraft.PlayitTcpTunnel] failed to send data to tunnel
[04:58:23] [nioEventLoopGroup-2-1/WARN]: [gg.playit.minecraft.PlayitTcpTunnel] failed to send data to tunnel
[04:58:23] [nioEventLoopGroup-2-1/WARN]: [gg.playit.minecraft.PlayitTcpTunnel] failed to send data to tunnel
[04:58:23] [nioEventLoopGroup-2-1/WARN]: [gg.playit.minecraft.PlayitTcpTunnel] failed to send data to tunnel
[04:58:23] [nioEventLoopGroup-2-1/WARN]: [gg.playit.minecraft.PlayitTcpTunnel] failed to send data to tunnel
[04:58:23] [nioEventLoopGroup-2-1/WARN]: [gg.playit.minecraft.PlayitTcpTunnel] failed to send data to tunnel
[04:58:23] [nioEventLoopGroup-2-1/WARN]: [gg.playit.minecraft.PlayitTcpTunnel] failed to send data to tunnel
[04:58:23] [nioEventLoopGroup-2-1/WARN]: [gg.playit.minecraft.PlayitTcpTunnel] failed to send data to tunnel
[04:58:23] [nioEventLoopGroup-2-1/WARN]: [gg.playit.minecraft.PlayitTcpTunnel] failed to send data to tunnel
[04:58:23] [nioEventLoopGroup-2-1/WARN]: [gg.playit.minecraft.PlayitTcpTunnel] failed to send data to tunnel
[04:58:23] [nioEventLoopGroup-2-1/WARN]: [gg.playit.minecraft.PlayitTcpTunnel] failed to send data to tunnel
[04:58:23] [nioEventLoopGroup-2-1/WARN]: [gg.playit.minecraft.PlayitTcpTunnel] failed to send data to tunnel
[04:58:23] [nioEventLoopGroup-2-1/WARN]: [gg.playit.minecraft.PlayitTcpTunnel] failed to send data to tunnel
[04:58:23] [nioEventLoopGroup-2-1/WARN]: [gg.playit.minecraft.PlayitTcpTunnel] failed to send data to tunnel
[04:58:23] [nioEventLoopGroup-2-1/WARN]: [gg.playit.minecraft.PlayitTcpTunnel] failed to send data to tunnel
[04:58:23] [nioEventLoopGroup-2-1/WARN]: [gg.playit.minecraft.PlayitTcpTunnel] failed to send data to tunnel
[04:58:23] [nioEventLoopGroup-2-1/WARN]: [gg.playit.minecraft.PlayitTcpTunnel] failed to send data to tunnel
[04:58:23] [nioEventLoopGroup-2-1/WARN]: [gg.playit.minecraft.PlayitTcpTunnel] failed to send data to tunnel
[04:58:23] [nioEventLoopGroup-2-1/WARN]: [gg.playit.minecraft.PlayitTcpTunnel] failed to send data to tunnel
[04:58:23] [nioEventLoopGroup-2-1/WARN]: [gg.playit.minecraft.PlayitTcpTunnel] failed to send data to tunnel
[04:58:23] [nioEventLoopGroup-2-1/WARN]: [gg.playit.minecraft.PlayitTcpTunnel] failed to send data to tunnel
[04:58:23] [nioEventLoopGroup-2-1/WARN]: [gg.playit.minecraft.PlayitTcpTunnel] failed to send data to tunnel
[04:58:23] [nioEventLoopGroup-2-1/WARN]: [gg.playit.minecraft.PlayitTcpTunnel] failed to send data to tunnel
[04:58:23] [nioEventLoopGroup-2-1/WARN]: [gg.playit.minecraft.PlayitTcpTunnel] failed to send data to tunnel
[04:58:23] [nioEventLoopGroup-2-1/WARN]: [gg.playit.minecraft.PlayitTcpTunnel] failed to send data to tunnel
[04:58:23] [nioEventLoopGroup-2-1/WARN]: [gg.playit.minecraft.PlayitTcpTunnel] failed to send data to tunnel
[04:58:23] [nioEventLoopGroup-2-1/WARN]: [gg.playit.minecraft.PlayitTcpTunnel] failed to send data to tunnel
[04:58:23] [nioEventLoopGroup-2-1/WARN]: [gg.playit.minecraft.PlayitTcpTunnel] failed to send data to tunnel
[04:58:23] [nioEventLoopGroup-2-1/WARN]: [gg.playit.minecraft.PlayitTcpTunnel] failed to send data to tunnel
[04:58:23] [nioEventLoopGroup-2-1/WARN]: [gg.playit.minecraft.PlayitTcpTunnel] failed to send data to tunnel
[04:58:23] [nioEventLoopGroup-2-1/WARN]: [gg.playit.minecraft.PlayitTcpTunnel] failed to send data to tunnel
[04:58:23] [nioEventLoopGroup-2-1/WARN]: [gg.playit.minecraft.PlayitTcpTunnel] failed to send data to tunnel
[04:58:23] [nioEventLoopGroup-2-1/WARN]: [gg.playit.minecraft.PlayitTcpTunnel] failed to send data to tunnel
[04:58:23] [nioEventLoopGroup-2-1/WARN]: [gg.playit.minecraft.PlayitTcpTunnel] failed to send data to tunnel
[04:58:23] [nioEventLoopGroup-2-1/WARN]: [gg.playit.minecraft.PlayitTcpTunnel] failed to send data to tunnel
[04:58:23] [nioEventLoopGroup-2-1/WARN]: [gg.playit.minecraft.PlayitTcpTunnel] failed to send data to tunnel
[04:58:23] [nioEventLoopGroup-2-1/WARN]: [gg.playit.minecraft.PlayitTcpTunnel] failed to send data to tunnel
[04:58:23] [nioEventLoopGroup-2-1/WARN]: [gg.playit.minecraft.PlayitTcpTunnel] failed to send data to tunnel
[04:58:23] [nioEventLoopGroup-2-1/WARN]: [gg.playit.minecraft.PlayitTcpTunnel] failed to send data to tunnel
[04:58:23] [nioEventLoopGroup-2-1/WARN]: [gg.playit.minecraft.PlayitTcpTunnel] failed to send data to tunnel
[04:58:23] [nioEventLoopGroup-2-1/WARN]: [gg.playit.minecraft.PlayitTcpTunnel] failed to send data to tunnel
[04:58:23] [nioEventLoopGroup-2-1/WARN]: [gg.playit.minecraft.PlayitTcpTunnel] failed to send data to tunnel
[04:58:23] [nioEventLoopGroup-2-1/WARN]: [gg.playit.minecraft.PlayitTcpTunnel] failed to send data to tunnel
[04:58:23] [nioEventLoopGroup-2-1/WARN]: [gg.playit.minecraft.PlayitTcpTunnel] failed to send data to tunnel
[04:58:23] [nioEventLoopGroup-2-1/WARN]: [gg.playit.minecraft.PlayitTcpTunnel] failed to send data to tunnel
[04:58:23] [nioEventLoopGroup-2-1/WARN]: [gg.playit.minecraft.PlayitTcpTunnel] failed to send data to tunnel
[04:58:23] [nioEventLoopGroup-2-1/WARN]: [gg.playit.minecraft.PlayitTcpTunnel] failed to send data to tunnel
[04:58:23] [nioEventLoopGroup-2-1/WARN]: [gg.playit.minecraft.PlayitTcpTunnel] failed to send data to tunnel
[04:58:23] [nioEventLoopGroup-2-1/WARN]: [gg.playit.minecraft.PlayitTcpTunnel] failed to send data to tunnel
[04:58:23] [nioEventLoopGroup-2-1/WARN]: [gg.playit.minecraft.PlayitTcpTunnel] failed to send data to tunnel
[04:58:23] [nioEventLoopGroup-2-1/WARN]: [gg.playit.minecraft.PlayitTcpTunnel] failed to send data to tunnel
[04:58:23] [nioEventLoopGroup-2-1/WARN]: [gg.playit.minecraft.PlayitTcpTunnel] failed to send data to tunnel
[04:58:23] [nioEventLoopGroup-2-1/WARN]: [gg.playit.minecraft.PlayitTcpTunnel] failed to send data to tunnel
[04:58:23] [nioEventLoopGroup-2-1/WARN]: [gg.playit.minecraft.PlayitTcpTunnel] failed to send data to tunnel
[04:58:23] [nioEventLoopGroup-2-1/WARN]: [gg.playit.minecraft.PlayitTcpTunnel] failed to send data to tunnel
[04:58:23] [nioEventLoopGroup-2-1/WARN]: [gg.playit.minecraft.PlayitTcpTunnel] failed to send data to tunnel
[04:58:23] [nioEventLoopGroup-2-1/WARN]: [gg.playit.minecraft.PlayitTcpTunnel] failed to send data to tunnel
[04:58:23] [nioEventLoopGroup-2-1/WARN]: [gg.playit.minecraft.PlayitTcpTunnel] failed to send data to tunnel
[04:58:23] [nioEventLoopGroup-2-1/WARN]: [gg.playit.minecraft.PlayitTcpTunnel] failed to send data to tunnel
[04:58:23] [nioEventLoopGroup-2-1/WARN]: [gg.playit.minecraft.PlayitTcpTunnel] failed to send data to tunnel
[04:58:23] [nioEventLoopGroup-2-1/WARN]: [gg.playit.minecraft.PlayitTcpTunnel] failed to send data to tunnel
[04:58:23] [nioEventLoopGroup-2-1/WARN]: [gg.playit.minecraft.PlayitTcpTunnel] failed to send data to tunnel
[04:58:23] [nioEventLoopGroup-2-1/WARN]: [gg.playit.minecraft.PlayitTcpTunnel] failed to send data to tunnel
[04:58:23] [nioEventLoopGroup-2-1/WARN]: [gg.playit.minecraft.PlayitTcpTunnel] failed to send data to tunnel
[04:58:23] [nioEventLoopGroup-2-1/WARN]: [gg.playit.minecraft.PlayitTcpTunnel] failed to send data to tunnel
[04:58:23] [nioEventLoopGroup-2-1/WARN]: [gg.playit.minecraft.PlayitTcpTunnel] failed to send data to tunnel
[04:58:23] [nioEventLoopGroup-2-1/WARN]: [gg.playit.minecraft.PlayitTcpTunnel] failed to send data to tunnel
[04:58:23] [nioEventLoopGroup-2-1/WARN]: [gg.playit.minecraft.PlayitTcpTunnel] failed to send data to tunnel
[04:58:23] [nioEventLoopGroup-2-1/WARN]: [gg.playit.minecraft.PlayitTcpTunnel] failed to send data to tunnel
[04:58:23] [nioEventLoopGroup-2-1/WARN]: [gg.playit.minecraft.PlayitTcpTunnel] failed to send data to tunnel
[04:58:23] [nioEventLoopGroup-2-1/WARN]: [gg.playit.minecraft.PlayitTcpTunnel] failed to send data to tunnel
[04:58:23] [nioEventLoopGroup-2-1/WARN]: [gg.playit.minecraft.PlayitTcpTunnel] failed to send data to tunnel
[04:58:23] [nioEventLoopGroup-2-1/WARN]: [gg.playit.minecraft.PlayitTcpTunnel] failed to send data to tunnel
[04:58:23] [nioEventLoopGroup-2-1/WARN]: [gg.playit.minecraft.PlayitTcpTunnel] failed to send data to tunnel
[04:58:23] [nioEventLoopGroup-2-1/WARN]: [gg.playit.minecraft.PlayitTcpTunnel] failed to send data to tunnel
[04:58:23] [nioEventLoopGroup-2-1/WARN]: [gg.playit.minecraft.PlayitTcpTunnel] failed to send data to tunnel
[04:58:23] [nioEventLoopGroup-2-1/WARN]: [gg.playit.minecraft.PlayitTcpTunnel] failed to send data to tunnel
[04:58:23] [nioEventLoopGroup-2-1/WARN]: [gg.playit.minecraft.PlayitTcpTunnel] failed to send data to tunnel
[04:58:23] [nioEventLoopGroup-2-1/WARN]: [gg.playit.minecraft.PlayitTcpTunnel] failed to send data to tunnel
[04:58:23] [nioEventLoopGroup-2-1/WARN]: [gg.playit.minecraft.PlayitTcpTunnel] failed to send data to tunnel
[04:58:23] [nioEventLoopGroup-2-1/WARN]: [gg.playit.minecraft.PlayitTcpTunnel] failed to send data to tunnel
[04:58:23] [nioEventLoopGroup-2-1/WARN]: [gg.playit.minecraft.PlayitTcpTunnel] failed to send data to tunnel
[04:58:23] [nioEventLoopGroup-2-1/WARN]: [gg.playit.minecraft.PlayitTcpTunnel] failed to send data to tunnel
[04:58:23] [nioEventLoopGroup-2-1/WARN]: [gg.playit.minecraft.PlayitTcpTunnel] failed to send data to tunnel
[04:58:23] [nioEventLoopGroup-2-1/WARN]: [gg.playit.minecraft.PlayitTcpTunnel] failed to send data to tunnel
[04:58:23] [nioEventLoopGroup-2-1/WARN]: [gg.playit.minecraft.PlayitTcpTunnel] failed to send data to tunnel
[04:58:23] [nioEventLoopGroup-2-1/WARN]: [gg.playit.minecraft.PlayitTcpTunnel] failed to send data to tunnel
[04:58:23] [nioEventLoopGroup-2-1/WARN]: [gg.playit.minecraft.PlayitTcpTunnel] failed to send data to tunnel
[04:58:23] [nioEventLoopGroup-2-1/WARN]: [gg.playit.minecraft.PlayitTcpTunnel] failed to send data to tunnel
[04:58:23] [nioEventLoopGroup-2-1/WARN]: [gg.playit.minecraft.PlayitTcpTunnel] failed to send data to tunnel
[04:58:23] [nioEventLoopGroup-2-1/WARN]: [gg.playit.minecraft.PlayitTcpTunnel] failed to send data to tunnel
[04:58:23] [nioEventLoopGroup-2-1/WARN]: [gg.playit.minecraft.PlayitTcpTunnel] failed to send data to tunnel
[04:58:23] [nioEventLoopGroup-2-1/WARN]: [gg.playit.minecraft.PlayitTcpTunnel] failed to send data to tunnel
[04:58:23] [nioEventLoopGroup-2-1/WARN]: [gg.playit.minecraft.PlayitTcpTunnel] failed to send data to tunnel
[04:58:23] [nioEventLoopGroup-2-1/WARN]: [gg.playit.minecraft.PlayitTcpTunnel] failed to send data to tunnel
[04:58:23] [nioEventLoopGroup-2-1/WARN]: [gg.playit.minecraft.PlayitTcpTunnel] failed to send data to tunnel
[04:58:23] [nioEventLoopGroup-2-1/WARN]: [gg.playit.minecraft.PlayitTcpTunnel] failed to send data to tunnel
[04:58:23] [nioEventLoopGroup-2-1/WARN]: [gg.playit.minecraft.PlayitTcpTunnel] failed to send data to tunnel
[04:58:23] [nioEventLoopGroup-2-1/WARN]: [gg.playit.minecraft.PlayitTcpTunnel] failed to send data to tunnel
[04:58:23] [nioEventLoopGroup-2-1/WARN]: [gg.playit.minecraft.PlayitTcpTunnel] failed to send data to tunnel
[04:58:23] [nioEventLoopGroup-2-1/WARN]: [gg.playit.minecraft.PlayitTcpTunnel] failed to send data to tunnel
[04:58:23] [nioEventLoopGroup-2-1/WARN]: [gg.playit.minecraft.PlayitTcpTunnel] failed to send data to tunnel
[04:58:23] [nioEventLoopGroup-2-1/WARN]: [gg.playit.minecraft.PlayitTcpTunnel] failed to send data to tunnel
[04:58:23] [nioEventLoopGroup-2-1/WARN]: [gg.playit.minecraft.PlayitTcpTunnel] failed to send data to tunnel
[04:58:23] [nioEventLoopGroup-2-1/WARN]: [gg.playit.minecraft.PlayitTcpTunnel] failed to send data to tunnel
[04:58:23] [nioEventLoopGroup-2-1/WARN]: [gg.playit.minecraft.PlayitTcpTunnel] failed to send data to tunnel
[04:58:23] [nioEventLoopGroup-2-1/WARN]: [gg.playit.minecraft.PlayitTcpTunnel] failed to send data to tunnel
[04:58:23] [nioEventLoopGroup-2-1/WARN]: [gg.playit.minecraft.PlayitTcpTunnel] failed to send data to tunnel
[04:58:23] [nioEventLoopGroup-2-1/WARN]: [gg.playit.minecraft.PlayitTcpTunnel] failed to send data to tunnel
[04:58:23] [nioEventLoopGroup-2-1/WARN]: [gg.playit.minecraft.PlayitTcpTunnel] failed to send data to tunnel
[04:58:23] [nioEventLoopGroup-2-1/WARN]: [gg.playit.minecraft.PlayitTcpTunnel] failed to send data to tunnel
[04:58:23] [nioEventLoopGroup-2-1/WARN]: [gg.playit.minecraft.PlayitTcpTunnel] failed to send data to tunnel
[04:58:23] [nioEventLoopGroup-2-1/WARN]: [gg.playit.minecraft.PlayitTcpTunnel] failed to send data to tunnel
[04:58:23] [nioEventLoopGroup-2-1/WARN]: [gg.playit.minecraft.PlayitTcpTunnel] failed to send data to tunnel
[04:58:23] [nioEventLoopGroup-2-1/WARN]: [gg.playit.minecraft.PlayitTcpTunnel] failed to send data to tunnel
[04:58:23] [nioEventLoopGroup-2-1/WARN]: [gg.playit.minecraft.PlayitTcpTunnel] failed to send data to tunnel
[04:58:23] [nioEventLoopGroup-2-1/WARN]: [gg.playit.minecraft.PlayitTcpTunnel] failed to send data to tunnel
[04:58:23] [nioEventLoopGroup-2-1/WARN]: [gg.playit.minecraft.PlayitTcpTunnel] failed to send data to tunnel
[04:58:23] [nioEventLoopGroup-2-1/WARN]: [gg.playit.minecraft.PlayitTcpTunnel] failed to send data to tunnel
[04:58:23] [nioEventLoopGroup-2-1/WARN]: [gg.playit.minecraft.PlayitTcpTunnel] failed to send data to tunnel
[04:58:23] [nioEventLoopGroup-2-1/WARN]: [gg.playit.minecraft.PlayitTcpTunnel] failed to send data to tunnel
[04:58:23] [nioEventLoopGroup-2-1/WARN]: [gg.playit.minecraft.PlayitTcpTunnel] failed to send data to tunnel
[04:58:23] [nioEventLoopGroup-2-1/WARN]: [gg.playit.minecraft.PlayitTcpTunnel] failed to send data to tunnel
[04:58:23] [nioEventLoopGroup-2-1/WARN]: [gg.playit.minecraft.PlayitTcpTunnel] failed to send data to tunnel
[04:58:23] [nioEventLoopGroup-2-1/WARN]: [gg.playit.minecraft.PlayitTcpTunnel] failed to send data to tunnel
[04:58:23] [nioEventLoopGroup-2-1/WARN]: [gg.playit.minecraft.PlayitTcpTunnel] failed to send data to tunnel
[04:58:23] [nioEventLoopGroup-2-1/WARN]: [gg.playit.minecraft.PlayitTcpTunnel] failed to send data to tunnel
[04:58:23] [nioEventLoopGroup-2-1/WARN]: [gg.playit.minecraft.PlayitTcpTunnel] failed to send data to tunnel
[04:58:23] [nioEventLoopGroup-2-1/WARN]: [gg.playit.minecraft.PlayitTcpTunnel] failed to send data to tunnel
[04:58:23] [nioEventLoopGroup-2-1/WARN]: [gg.playit.minecraft.PlayitTcpTunnel] failed to send data to tunnel
[04:58:23] [nioEventLoopGroup-2-1/WARN]: [gg.playit.minecraft.PlayitTcpTunnel] failed to send data to tunnel
[04:58:23] [nioEventLoopGroup-2-1/WARN]: [gg.playit.minecraft.PlayitTcpTunnel] failed to send data to tunnel
[04:58:23] [nioEventLoopGroup-2-1/WARN]: [gg.playit.minecraft.PlayitTcpTunnel] failed to send data to tunnel
[04:58:23] [nioEventLoopGroup-2-1/WARN]: [gg.playit.minecraft.PlayitTcpTunnel] failed to send data to tunnel
[04:58:23] [nioEventLoopGroup-2-1/WARN]: [gg.playit.minecraft.PlayitTcpTunnel] failed to send data to tunnel
[04:58:23] [nioEventLoopGroup-2-1/WARN]: [gg.playit.minecraft.PlayitTcpTunnel] failed to send data to tunnel
[04:58:23] [nioEventLoopGroup-2-1/WARN]: [gg.playit.minecraft.PlayitTcpTunnel] failed to send data to tunnel
[04:58:23] [nioEventLoopGroup-2-1/WARN]: [gg.playit.minecraft.PlayitTcpTunnel] failed to send data to tunnel
[04:58:23] [nioEventLoopGroup-2-1/WARN]: [gg.playit.minecraft.PlayitTcpTunnel] failed to send data to tunnel
[04:58:23] [nioEventLoopGroup-2-1/WARN]: [gg.playit.minecraft.PlayitTcpTunnel] failed to send data to tunnel
[04:58:23] [nioEventLoopGroup-2-1/WARN]: [gg.playit.minecraft.PlayitTcpTunnel] failed to send data to tunnel
[04:58:23] [nioEventLoopGroup-2-1/WARN]: [gg.playit.minecraft.PlayitTcpTunnel] failed to send data to tunnel
[04:58:23] [nioEventLoopGroup-2-1/WARN]: [gg.playit.minecraft.PlayitTcpTunnel] failed to send data to tunnel
[04:58:23] [nioEventLoopGroup-2-1/WARN]: [gg.playit.minecraft.PlayitTcpTunnel] failed to send data to tunnel
[04:58:23] [nioEventLoopGroup-2-1/WARN]: [gg.playit.minecraft.PlayitTcpTunnel] failed to send data to tunnel
[04:58:23] [nioEventLoopGroup-2-1/WARN]: [gg.playit.minecraft.PlayitTcpTunnel] failed to send data to tunnel
[04:58:23] [nioEventLoopGroup-2-1/WARN]: [gg.playit.minecraft.PlayitTcpTunnel] failed to send data to tunnel
[04:58:23] [nioEventLoopGroup-2-1/WARN]: [gg.playit.minecraft.PlayitTcpTunnel] failed to send data to tunnel
[04:58:23] [nioEventLoopGroup-2-1/WARN]: [gg.playit.minecraft.PlayitTcpTunnel] failed to send data to tunnel
[04:58:23] [nioEventLoopGroup-2-1/WARN]: [gg.playit.minecraft.PlayitTcpTunnel] failed to send data to tunnel
[04:58:23] [nioEventLoopGroup-2-1/WARN]: [gg.playit.minecraft.PlayitTcpTunnel] failed to send data to tunnel
[04:58:23] [nioEventLoopGroup-2-1/WARN]: [gg.playit.minecraft.PlayitTcpTunnel] failed to send data to tunnel
[04:58:23] [nioEventLoopGroup-2-1/WARN]: [gg.playit.minecraft.PlayitTcpTunnel] failed to send data to tunnel
[04:58:23] [nioEventLoopGroup-2-1/WARN]: [gg.playit.minecraft.PlayitTcpTunnel] failed to send data to tunnel
[04:58:23] [nioEventLoopGroup-2-1/WARN]: [gg.playit.minecraft.PlayitTcpTunnel] failed to send data to tunnel
[04:58:23] [nioEventLoopGroup-2-1/WARN]: [gg.playit.minecraft.PlayitTcpTunnel] failed to send data to tunnel
[04:58:23] [nioEventLoopGroup-2-1/WARN]: [gg.playit.minecraft.PlayitTcpTunnel] failed to send data to tunnel
[04:58:23] [nioEventLoopGroup-2-1/WARN]: [gg.playit.minecraft.PlayitTcpTunnel] failed to send data to tunnel
[04:58:23] [nioEventLoopGroup-2-1/WARN]: [gg.playit.minecraft.PlayitTcpTunnel] failed to send data to tunnel
[04:58:23] [nioEventLoopGroup-2-1/WARN]: [gg.playit.minecraft.PlayitTcpTunnel] failed to send data to tunnel
[04:58:23] [nioEventLoopGroup-2-1/WARN]: [gg.playit.minecraft.PlayitTcpTunnel] failed to send data to tunnel
[04:58:23] [nioEventLoopGroup-2-1/WARN]: [gg.playit.minecraft.PlayitTcpTunnel] failed to send data to tunnel
[04:58:23] [nioEventLoopGroup-2-1/WARN]: [gg.playit.minecraft.PlayitTcpTunnel] failed to send data to tunnel
[04:58:23] [nioEventLoopGroup-2-1/WARN]: [gg.playit.minecraft.PlayitTcpTunnel] failed to send data to tunnel
[04:58:23] [nioEventLoopGroup-2-1/WARN]: [gg.playit.minecraft.PlayitTcpTunnel] failed to send data to tunnel
[04:58:23] [nioEventLoopGroup-2-1/WARN]: [gg.playit.minecraft.PlayitTcpTunnel] failed to send data to tunnel
[04:58:23] [nioEventLoopGroup-2-1/WARN]: [gg.playit.minecraft.PlayitTcpTunnel] failed to send data to tunnel
[04:58:23] [nioEventLoopGroup-2-1/WARN]: [gg.playit.minecraft.PlayitTcpTunnel] failed to send data to tunnel
[04:58:23] [nioEventLoopGroup-2-1/WARN]: [gg.playit.minecraft.PlayitTcpTunnel] failed to send data to tunnel
[04:58:23] [nioEventLoopGroup-2-1/WARN]: [gg.playit.minecraft.PlayitTcpTunnel] failed to send data to tunnel
[04:58:23] [nioEventLoopGroup-2-1/WARN]: [gg.playit.minecraft.PlayitTcpTunnel] failed to send data to tunnel
[04:58:23] [nioEventLoopGroup-2-1/WARN]: [gg.playit.minecraft.PlayitTcpTunnel] failed to send data to tunnel
[04:58:23] [nioEventLoopGroup-2-1/WARN]: [gg.playit.minecraft.PlayitTcpTunnel] failed to send data to tunnel
[04:58:23] [nioEventLoopGroup-2-1/WARN]: [gg.playit.minecraft.PlayitTcpTunnel] failed to send data to tunnel
[04:58:23] [nioEventLoopGroup-2-1/WARN]: [gg.playit.minecraft.PlayitTcpTunnel] failed to send data to tunnel
[04:58:23] [nioEventLoopGroup-2-1/WARN]: [gg.playit.minecraft.PlayitTcpTunnel] failed to send data to tunnel
[04:58:23] [nioEventLoopGroup-2-1/WARN]: [gg.playit.minecraft.PlayitTcpTunnel] failed to send data to tunnel
[04:58:23] [nioEventLoopGroup-2-1/WARN]: [gg.playit.minecraft.PlayitTcpTunnel] failed to send data to tunnel
[04:58:23] [nioEventLoopGroup-2-1/WARN]: [gg.playit.minecraft.PlayitTcpTunnel] failed to send data to tunnel
[04:58:23] [nioEventLoopGroup-2-1/WARN]: [gg.playit.minecraft.PlayitTcpTunnel] failed to send data to tunnel
[04:58:23] [nioEventLoopGroup-2-1/WARN]: [gg.playit.minecraft.PlayitTcpTunnel] failed to send data to tunnel
[04:58:23] [nioEventLoopGroup-2-1/WARN]: [gg.playit.minecraft.PlayitTcpTunnel] failed to send data to tunnel
[04:58:23] [nioEventLoopGroup-2-1/WARN]: [gg.playit.minecraft.PlayitTcpTunnel] failed to send data to tunnel
[04:58:23] [nioEventLoopGroup-2-1/WARN]: [gg.playit.minecraft.PlayitTcpTunnel] failed to send data to tunnel
[04:58:23] [nioEventLoopGroup-2-1/WARN]: [gg.playit.minecraft.PlayitTcpTunnel] failed to send data to tunnel
[04:58:23] [nioEventLoopGroup-2-1/WARN]: [gg.playit.minecraft.PlayitTcpTunnel] failed to send data to tunnel
[04:58:23] [Server thread/INFO]: axolotlstk left the game
[04:58:23] [nioEventLoopGroup-2-1/WARN]: [gg.playit.minecraft.PlayitTcpTunnel] failed to send data to tunnel
[04:58:23] [nioEventLoopGroup-2-1/WARN]: [gg.playit.minecraft.PlayitTcpTunnel] failed to send data to tunnel
[04:58:23] [nioEventLoopGroup-2-1/WARN]: [gg.playit.minecraft.PlayitTcpTunnel] failed to send data to tunnel
[04:58:23] [nioEventLoopGroup-2-1/WARN]: [gg.playit.minecraft.PlayitTcpTunnel] failed to send data to tunnel
[04:58:23] [nioEventLoopGroup-2-1/WARN]: [gg.playit.minecraft.PlayitTcpTunnel] failed to send data to tunnel
[04:58:23] [nioEventLoopGroup-2-1/WARN]: [gg.playit.minecraft.PlayitTcpTunnel] failed to send data to tunnel
[04:58:23] [nioEventLoopGroup-2-1/WARN]: [gg.playit.minecraft.PlayitTcpTunnel] failed to send data to tunnel
[04:58:23] [nioEventLoopGroup-2-1/WARN]: [gg.playit.minecraft.PlayitTcpTunnel] failed to send data to tunnel
[04:58:23] [nioEventLoopGroup-2-1/WARN]: [gg.playit.minecraft.PlayitTcpTunnel] failed to send data to tunnel
[04:58:23] [nioEventLoopGroup-2-1/WARN]: [gg.playit.minecraft.PlayitTcpTunnel] failed to send data to tunnel
[04:58:23] [nioEventLoopGroup-2-1/WARN]: [gg.playit.minecraft.PlayitTcpTunnel] failed to send data to tunnel
[04:58:23] [nioEventLoopGroup-2-1/WARN]: [gg.playit.minecraft.PlayitTcpTunnel] failed to send data to tunnel
[04:58:23] [nioEventLoopGroup-2-1/WARN]: [gg.playit.minecraft.PlayitTcpTunnel] failed to send data to tunnel
[04:58:23] [nioEventLoopGroup-2-1/WARN]: [gg.playit.minecraft.PlayitTcpTunnel] failed to send data to tunnel
[04:58:23] [nioEventLoopGroup-2-1/WARN]: [gg.playit.minecraft.PlayitTcpTunnel] failed to send data to tunnel
[04:58:23] [nioEventLoopGroup-2-1/WARN]: [gg.playit.minecraft.PlayitTcpTunnel] failed to send data to tunnel
[04:58:23] [nioEventLoopGroup-2-1/WARN]: [gg.playit.minecraft.PlayitTcpTunnel] failed to send data to tunnel
[04:58:23] [nioEventLoopGroup-2-1/WARN]: [gg.playit.minecraft.PlayitTcpTunnel] failed to send data to tunnel
[04:58:23] [nioEventLoopGroup-2-1/WARN]: [gg.playit.minecraft.PlayitTcpTunnel] failed to send data to tunnel
[04:58:23] [nioEventLoopGroup-2-1/WARN]: [gg.playit.minecraft.PlayitTcpTunnel] failed to send data to tunnel
[04:58:23] [nioEventLoopGroup-2-1/WARN]: [gg.playit.minecraft.PlayitTcpTunnel] failed to send data to tunnel
[04:58:23] [nioEventLoopGroup-2-1/WARN]: [gg.playit.minecraft.PlayitTcpTunnel] failed to send data to tunnel
[04:58:23] [nioEventLoopGroup-2-1/WARN]: [gg.playit.minecraft.PlayitTcpTunnel] failed to send data to tunnel
[04:58:23] [nioEventLoopGroup-2-1/WARN]: [gg.playit.minecraft.PlayitTcpTunnel] failed to send data to tunnel
[04:58:23] [nioEventLoopGroup-2-1/WARN]: [gg.playit.minecraft.PlayitTcpTunnel] failed to send data to tunnel
[04:58:23] [nioEventLoopGroup-2-1/WARN]: [gg.playit.minecraft.PlayitTcpTunnel] failed to send data to tunnel
[04:58:23] [nioEventLoopGroup-2-1/WARN]: [gg.playit.minecraft.PlayitTcpTunnel] failed to send data to tunnel
[04:58:23] [nioEventLoopGroup-2-1/WARN]: [gg.playit.minecraft.PlayitTcpTunnel] failed to send data to tunnel
[04:58:23] [nioEventLoopGroup-2-1/WARN]: [gg.playit.minecraft.PlayitTcpTunnel] failed to send data to tunnel
[04:58:23] [nioEventLoopGroup-2-1/WARN]: [gg.playit.minecraft.PlayitTcpTunnel] failed to send data to tunnel
[04:58:23] [nioEventLoopGroup-2-1/WARN]: [gg.playit.minecraft.PlayitTcpTunnel] failed to send data to tunnel
[04:58:23] [nioEventLoopGroup-2-1/WARN]: [gg.playit.minecraft.PlayitTcpTunnel] failed to send data to tunnel
[04:58:23] [nioEventLoopGroup-2-1/WARN]: [gg.playit.minecraft.PlayitTcpTunnel] failed to send data to tunnel
[04:58:23] [nioEventLoopGroup-2-1/WARN]: [gg.playit.minecraft.PlayitTcpTunnel] failed to send data to tunnel
[04:58:23] [nioEventLoopGroup-2-1/WARN]: [gg.playit.minecraft.PlayitTcpTunnel] failed to send data to tunnel
[04:58:23] [nioEventLoopGroup-2-1/WARN]: [gg.playit.minecraft.PlayitTcpTunnel] failed to send data to tunnel
[04:58:23] [nioEventLoopGroup-2-1/WARN]: [gg.playit.minecraft.PlayitTcpTunnel] failed to send data to tunnel
[04:58:23] [nioEventLoopGroup-2-1/WARN]: [gg.playit.minecraft.PlayitTcpTunnel] failed to send data to tunnel
[04:58:23] [nioEventLoopGroup-2-1/WARN]: [gg.playit.minecraft.PlayitTcpTunnel] failed to send data to tunnel
[04:58:23] [nioEventLoopGroup-2-1/WARN]: [gg.playit.minecraft.PlayitTcpTunnel] failed to send data to tunnel
[04:58:23] [nioEventLoopGroup-2-1/WARN]: [gg.playit.minecraft.PlayitTcpTunnel] failed to send data to tunnel
[04:58:23] [nioEventLoopGroup-2-1/WARN]: [gg.playit.minecraft.PlayitTcpTunnel] failed to send data to tunnel
[04:58:23] [nioEventLoopGroup-2-1/WARN]: [gg.playit.minecraft.PlayitTcpTunnel] failed to send data to tunnel
[04:58:23] [nioEventLoopGroup-2-1/WARN]: [gg.playit.minecraft.PlayitTcpTunnel] failed to send data to tunnel
[04:58:23] [nioEventLoopGroup-2-1/WARN]: [gg.playit.minecraft.PlayitTcpTunnel] failed to send data to tunnel
[04:58:23] [nioEventLoopGroup-2-1/WARN]: [gg.playit.minecraft.PlayitTcpTunnel] failed to send data to tunnel
[04:58:23] [nioEventLoopGroup-2-1/WARN]: [gg.playit.minecraft.PlayitTcpTunnel] failed to send data to tunnel
[04:58:23] [nioEventLoopGroup-2-1/WARN]: [gg.playit.minecraft.PlayitTcpTunnel] failed to send data to tunnel
[04:58:23] [nioEventLoopGroup-2-1/WARN]: [gg.playit.minecraft.PlayitTcpTunnel] failed to send data to tunnel
[04:58:23] [nioEventLoopGroup-2-1/WARN]: [gg.playit.minecraft.PlayitTcpTunnel] failed to send data to tunnel
[04:58:23] [nioEventLoopGroup-2-1/WARN]: [gg.playit.minecraft.PlayitTcpTunnel] failed to send data to tunnel
[04:58:23] [nioEventLoopGroup-2-1/WARN]: [gg.playit.minecraft.PlayitTcpTunnel] failed to send data to tunnel
[04:58:23] [nioEventLoopGroup-2-1/WARN]: [gg.playit.minecraft.PlayitTcpTunnel] failed to send data to tunnel
[04:58:23] [nioEventLoopGroup-2-1/WARN]: [gg.playit.minecraft.PlayitTcpTunnel] failed to send data to tunnel
[04:58:23] [nioEventLoopGroup-2-1/WARN]: [gg.playit.minecraft.PlayitTcpTunnel] failed to send data to tunnel
[04:58:23] [nioEventLoopGroup-2-1/WARN]: [gg.playit.minecraft.PlayitTcpTunnel] failed to send data to tunnel
[04:58:23] [nioEventLoopGroup-2-1/WARN]: [gg.playit.minecraft.PlayitTcpTunnel] failed to send data to tunnel
[04:58:23] [nioEventLoopGroup-2-1/WARN]: [gg.playit.minecraft.PlayitTcpTunnel] failed to send data to tunnel
[04:58:23] [nioEventLoopGroup-2-1/WARN]: [gg.playit.minecraft.PlayitTcpTunnel] failed to send data to tunnel
[04:58:23] [nioEventLoopGroup-2-1/WARN]: [gg.playit.minecraft.PlayitTcpTunnel] failed to send data to tunnel
[04:58:23] [nioEventLoopGroup-2-1/WARN]: [gg.playit.minecraft.PlayitTcpTunnel] failed to send data to tunnel
[04:58:23] [nioEventLoopGroup-2-1/WARN]: [gg.playit.minecraft.PlayitTcpTunnel] failed to send data to tunnel
[04:58:23] [nioEventLoopGroup-2-1/WARN]: [gg.playit.minecraft.PlayitTcpTunnel] failed to send data to tunnel
[04:58:23] [nioEventLoopGroup-2-1/WARN]: [gg.playit.minecraft.PlayitTcpTunnel] failed to send data to tunnel
[04:58:23] [nioEventLoopGroup-2-1/WARN]: [gg.playit.minecraft.PlayitTcpTunnel] failed to send data to tunnel
[04:58:23] [nioEventLoopGroup-2-1/WARN]: [gg.playit.minecraft.PlayitTcpTunnel] failed to send data to tunnel
[04:58:23] [nioEventLoopGroup-2-1/WARN]: [gg.playit.minecraft.PlayitTcpTunnel] failed to send data to tunnel
[04:58:23] [nioEventLoopGroup-2-1/WARN]: [gg.playit.minecraft.PlayitTcpTunnel] failed to send data to tunnel
[04:58:23] [nioEventLoopGroup-2-1/WARN]: [gg.playit.minecraft.PlayitTcpTunnel] failed to send data to tunnel
[04:58:23] [nioEventLoopGroup-2-1/WARN]: [gg.playit.minecraft.PlayitTcpTunnel] failed to send data to tunnel
[04:58:23] [nioEventLoopGroup-2-1/WARN]: [gg.playit.minecraft.PlayitTcpTunnel] failed to send data to tunnel
[04:58:23] [nioEventLoopGroup-2-1/WARN]: [gg.playit.minecraft.PlayitTcpTunnel] failed to send data to tunnel
[04:58:23] [nioEventLoopGroup-2-1/WARN]: [gg.playit.minecraft.PlayitTcpTunnel] failed to send data to tunnel
[04:58:23] [nioEventLoopGroup-2-1/WARN]: [gg.playit.minecraft.PlayitTcpTunnel] failed to send data to tunnel
[04:58:23] [nioEventLoopGroup-2-1/WARN]: [gg.playit.minecraft.PlayitTcpTunnel] failed to send data to tunnel
[04:58:23] [nioEventLoopGroup-2-1/WARN]: [gg.playit.minecraft.PlayitTcpTunnel] failed to send data to tunnel
[04:58:23] [nioEventLoopGroup-2-1/WARN]: [gg.playit.minecraft.PlayitTcpTunnel] failed to send data to tunnel
[04:58:23] [nioEventLoopGroup-2-1/WARN]: [gg.playit.minecraft.PlayitTcpTunnel] failed to send data to tunnel
[04:58:23] [nioEventLoopGroup-2-1/WARN]: [gg.playit.minecraft.PlayitTcpTunnel] failed to send data to tunnel
[04:58:23] [nioEventLoopGroup-2-1/WARN]: [gg.playit.minecraft.PlayitTcpTunnel] failed to send data to tunnel
[04:58:23] [nioEventLoopGroup-2-1/WARN]: [gg.playit.minecraft.PlayitTcpTunnel] failed to send data to tunnel
[04:58:23] [nioEventLoopGroup-2-1/WARN]: [gg.playit.minecraft.PlayitTcpTunnel] failed to send data to tunnel
[04:58:23] [nioEventLoopGroup-2-1/WARN]: [gg.playit.minecraft.PlayitTcpTunnel] failed to send data to tunnel
[04:58:23] [nioEventLoopGroup-2-1/WARN]: [gg.playit.minecraft.PlayitTcpTunnel] failed to send data to tunnel
[04:58:23] [nioEventLoopGroup-2-1/WARN]: [gg.playit.minecraft.PlayitTcpTunnel] failed to send data to tunnel
[04:58:23] [nioEventLoopGroup-2-1/WARN]: [gg.playit.minecraft.PlayitTcpTunnel] failed to send data to tunnel
[04:58:23] [nioEventLoopGroup-2-1/WARN]: [gg.playit.minecraft.PlayitTcpTunnel] failed to send data to tunnel
[04:58:23] [nioEventLoopGroup-2-1/WARN]: [gg.playit.minecraft.PlayitTcpTunnel] failed to send data to tunnel
[04:58:23] [nioEventLoopGroup-2-1/WARN]: [gg.playit.minecraft.PlayitTcpTunnel] failed to send data to tunnel
[04:58:23] [nioEventLoopGroup-2-1/WARN]: [gg.playit.minecraft.PlayitTcpTunnel] failed to send data to tunnel
[04:58:23] [nioEventLoopGroup-2-1/WARN]: [gg.playit.minecraft.PlayitTcpTunnel] failed to send data to tunnel
[04:58:23] [nioEventLoopGroup-2-1/WARN]: [gg.playit.minecraft.PlayitTcpTunnel] failed to send data to tunnel
[04:58:23] [nioEventLoopGroup-2-1/WARN]: [gg.playit.minecraft.PlayitTcpTunnel] failed to send data to tunnel
[04:58:23] [nioEventLoopGroup-2-1/WARN]: [gg.playit.minecraft.PlayitTcpTunnel] failed to send data to tunnel
[04:58:23] [nioEventLoopGroup-2-1/WARN]: [gg.playit.minecraft.PlayitTcpTunnel] failed to send data to tunnel
[04:58:23] [nioEventLoopGroup-2-1/WARN]: [gg.playit.minecraft.PlayitTcpTunnel] failed to send data to tunnel
[04:58:23] [nioEventLoopGroup-2-1/WARN]: [gg.playit.minecraft.PlayitTcpTunnel] failed to send data to tunnel
[04:58:23] [nioEventLoopGroup-2-1/WARN]: [gg.playit.minecraft.PlayitTcpTunnel] failed to send data to tunnel
[04:58:23] [nioEventLoopGroup-2-1/WARN]: [gg.playit.minecraft.PlayitTcpTunnel] failed to send data to tunnel
[04:58:23] [nioEventLoopGroup-2-1/WARN]: [gg.playit.minecraft.PlayitTcpTunnel] failed to send data to tunnel
[04:58:23] [nioEventLoopGroup-2-1/WARN]: [gg.playit.minecraft.PlayitTcpTunnel] failed to send data to tunnel
[04:58:23] [nioEventLoopGroup-2-1/WARN]: [gg.playit.minecraft.PlayitTcpTunnel] failed to send data to tunnel
[04:58:23] [nioEventLoopGroup-2-1/WARN]: [gg.playit.minecraft.PlayitTcpTunnel] failed to send data to tunnel
[04:58:23] [nioEventLoopGroup-2-1/WARN]: [gg.playit.minecraft.PlayitTcpTunnel] failed to send data to tunnel
[04:58:23] [nioEventLoopGroup-2-1/WARN]: [gg.playit.minecraft.PlayitTcpTunnel] failed to send data to tunnel
[04:58:23] [nioEventLoopGroup-2-1/WARN]: [gg.playit.minecraft.PlayitTcpTunnel] failed to send data to tunnel
[04:58:23] [nioEventLoopGroup-2-1/WARN]: [gg.playit.minecraft.PlayitTcpTunnel] failed to send data to tunnel
[04:58:23] [nioEventLoopGroup-2-1/WARN]: [gg.playit.minecraft.PlayitTcpTunnel] failed to send data to tunnel
[04:58:23] [nioEventLoopGroup-2-1/WARN]: [gg.playit.minecraft.PlayitTcpTunnel] failed to send data to tunnel
[04:58:23] [nioEventLoopGroup-2-1/WARN]: [gg.playit.minecraft.PlayitTcpTunnel] failed to send data to tunnel
[04:58:23] [nioEventLoopGroup-2-1/WARN]: [gg.playit.minecraft.PlayitTcpTunnel] failed to send data to tunnel
[04:58:23] [nioEventLoopGroup-2-1/WARN]: [gg.playit.minecraft.PlayitTcpTunnel] failed to send data to tunnel
[04:58:23] [nioEventLoopGroup-2-1/WARN]: [gg.playit.minecraft.PlayitTcpTunnel] failed to send data to tunnel
[04:58:23] [nioEventLoopGroup-2-1/WARN]: [gg.playit.minecraft.PlayitTcpTunnel] failed to send data to tunnel
[04:58:23] [nioEventLoopGroup-2-1/WARN]: [gg.playit.minecraft.PlayitTcpTunnel] failed to send data to tunnel
[04:58:23] [nioEventLoopGroup-2-1/WARN]: [gg.playit.minecraft.PlayitTcpTunnel] failed to send data to tunnel
[04:58:23] [nioEventLoopGroup-2-1/WARN]: [gg.playit.minecraft.PlayitTcpTunnel] failed to send data to tunnel
[04:58:23] [nioEventLoopGroup-2-1/WARN]: [gg.playit.minecraft.PlayitTcpTunnel] failed to send data to tunnel
[04:58:23] [nioEventLoopGroup-2-1/WARN]: [gg.playit.minecraft.PlayitTcpTunnel] failed to send data to tunnel
[04:58:23] [nioEventLoopGroup-2-1/WARN]: [gg.playit.minecraft.PlayitTcpTunnel] failed to send data to tunnel
[04:58:23] [nioEventLoopGroup-2-1/WARN]: [gg.playit.minecraft.PlayitTcpTunnel] failed to send data to tunnel
[04:58:23] [nioEventLoopGroup-2-1/WARN]: [gg.playit.minecraft.PlayitTcpTunnel] failed to send data to tunnel
[04:58:23] [nioEventLoopGroup-2-1/WARN]: [gg.playit.minecraft.PlayitTcpTunnel] failed to send data to tunnel
[04:58:23] [nioEventLoopGroup-2-1/WARN]: [gg.playit.minecraft.PlayitTcpTunnel] failed to send data to tunnel
[04:58:23] [nioEventLoopGroup-2-1/WARN]: [gg.playit.minecraft.PlayitTcpTunnel] failed to send data to tunnel
[04:58:23] [nioEventLoopGroup-2-1/WARN]: [gg.playit.minecraft.PlayitTcpTunnel] failed to send data to tunnel
[04:58:23] [nioEventLoopGroup-2-1/WARN]: [gg.playit.minecraft.PlayitTcpTunnel] failed to send data to tunnel
[04:58:23] [nioEventLoopGroup-2-1/WARN]: [gg.playit.minecraft.PlayitTcpTunnel] failed to send data to tunnel
[04:58:23] [nioEventLoopGroup-2-1/WARN]: [gg.playit.minecraft.PlayitTcpTunnel] failed to send data to tunnel
[04:58:23] [nioEventLoopGroup-2-1/WARN]: [gg.playit.minecraft.PlayitTcpTunnel] failed to send data to tunnel
[04:58:23] [nioEventLoopGroup-2-1/WARN]: [gg.playit.minecraft.PlayitTcpTunnel] failed to send data to tunnel
[04:58:23] [nioEventLoopGroup-2-1/WARN]: [gg.playit.minecraft.PlayitTcpTunnel] failed to send data to tunnel
[04:58:23] [nioEventLoopGroup-2-1/WARN]: [gg.playit.minecraft.PlayitTcpTunnel] failed to send data to tunnel
[04:58:23] [nioEventLoopGroup-2-1/WARN]: [gg.playit.minecraft.PlayitTcpTunnel] failed to send data to tunnel
[04:58:23] [nioEventLoopGroup-2-1/WARN]: [gg.playit.minecraft.PlayitTcpTunnel] failed to send data to tunnel
[04:58:23] [nioEventLoopGroup-2-1/WARN]: [gg.playit.minecraft.PlayitTcpTunnel] failed to send data to tunnel
[04:58:23] [nioEventLoopGroup-2-1/WARN]: [gg.playit.minecraft.PlayitTcpTunnel] failed to send data to tunnel
[04:58:23] [nioEventLoopGroup-2-1/WARN]: [gg.playit.minecraft.PlayitTcpTunnel] failed to send data to tunnel
[04:58:23] [nioEventLoopGroup-2-1/WARN]: [gg.playit.minecraft.PlayitTcpTunnel] failed to send data to tunnel
[04:58:23] [nioEventLoopGroup-2-1/WARN]: [gg.playit.minecraft.PlayitTcpTunnel] failed to send data to tunnel
[04:58:23] [nioEventLoopGroup-2-1/WARN]: [gg.playit.minecraft.PlayitTcpTunnel] failed to send data to tunnel
[04:58:23] [nioEventLoopGroup-2-1/WARN]: [gg.playit.minecraft.PlayitTcpTunnel] failed to send data to tunnel
[04:58:23] [nioEventLoopGroup-2-1/WARN]: [gg.playit.minecraft.PlayitTcpTunnel] failed to send data to tunnel
[04:58:23] [nioEventLoopGroup-2-1/WARN]: [gg.playit.minecraft.PlayitTcpTunnel] failed to send data to tunnel
[04:58:23] [nioEventLoopGroup-2-1/WARN]: [gg.playit.minecraft.PlayitTcpTunnel] failed to send data to tunnel
[04:58:23] [nioEventLoopGroup-2-1/WARN]: [gg.playit.minecraft.PlayitTcpTunnel] failed to send data to tunnel
[04:58:23] [nioEventLoopGroup-2-1/WARN]: [gg.playit.minecraft.PlayitTcpTunnel] failed to send data to tunnel
[04:58:23] [nioEventLoopGroup-2-1/WARN]: [gg.playit.minecraft.PlayitTcpTunnel] failed to send data to tunnel
[04:58:23] [nioEventLoopGroup-2-1/WARN]: [gg.playit.minecraft.PlayitTcpTunnel] failed to send data to tunnel
[04:58:23] [nioEventLoopGroup-2-1/WARN]: [gg.playit.minecraft.PlayitTcpTunnel] failed to send data to tunnel
[04:58:23] [nioEventLoopGroup-2-1/WARN]: [gg.playit.minecraft.PlayitTcpTunnel] failed to send data to tunnel
[04:58:23] [nioEventLoopGroup-2-1/WARN]: [gg.playit.minecraft.PlayitTcpTunnel] failed to send data to tunnel
[04:58:23] [nioEventLoopGroup-2-1/WARN]: [gg.playit.minecraft.PlayitTcpTunnel] failed to send data to tunnel
[04:58:23] [nioEventLoopGroup-2-1/WARN]: [gg.playit.minecraft.PlayitTcpTunnel] failed to send data to tunnel
[04:58:23] [nioEventLoopGroup-2-1/WARN]: [gg.playit.minecraft.PlayitTcpTunnel] failed to send data to tunnel
[04:58:23] [nioEventLoopGroup-2-1/WARN]: [gg.playit.minecraft.PlayitTcpTunnel] failed to send data to tunnel
[04:58:23] [nioEventLoopGroup-2-1/WARN]: [gg.playit.minecraft.PlayitTcpTunnel] failed to send data to tunnel
[04:58:23] [nioEventLoopGroup-2-1/WARN]: [gg.playit.minecraft.PlayitTcpTunnel] failed to send data to tunnel
[04:58:23] [nioEventLoopGroup-2-1/WARN]: [gg.playit.minecraft.PlayitTcpTunnel] failed to send data to tunnel
[04:58:23] [nioEventLoopGroup-2-1/WARN]: [gg.playit.minecraft.PlayitTcpTunnel] failed to send data to tunnel
[04:58:23] [nioEventLoopGroup-2-1/WARN]: [gg.playit.minecraft.PlayitTcpTunnel] failed to send data to tunnel
[04:58:23] [nioEventLoopGroup-2-1/WARN]: [gg.playit.minecraft.PlayitTcpTunnel] failed to send data to tunnel
[04:58:23] [nioEventLoopGroup-2-1/WARN]: [gg.playit.minecraft.PlayitTcpTunnel] failed to send data to tunnel
[04:58:23] [nioEventLoopGroup-2-1/WARN]: [gg.playit.minecraft.PlayitTcpTunnel] failed to send data to tunnel
[04:58:23] [nioEventLoopGroup-2-1/WARN]: [gg.playit.minecraft.PlayitTcpTunnel] failed to send data to tunnel
[04:58:23] [nioEventLoopGroup-2-1/WARN]: [gg.playit.minecraft.PlayitTcpTunnel] failed to send data to tunnel
[04:58:23] [nioEventLoopGroup-2-1/WARN]: [gg.playit.minecraft.PlayitTcpTunnel] failed to send data to tunnel
[04:58:23] [nioEventLoopGroup-2-1/WARN]: [gg.playit.minecraft.PlayitTcpTunnel] failed to send data to tunnel
[04:58:23] [nioEventLoopGroup-2-1/WARN]: [gg.playit.minecraft.PlayitTcpTunnel] failed to send data to tunnel
[04:58:23] [nioEventLoopGroup-2-1/WARN]: [gg.playit.minecraft.PlayitTcpTunnel] failed to send data to tunnel
[04:58:23] [nioEventLoopGroup-2-1/WARN]: [gg.playit.minecraft.PlayitTcpTunnel] failed to send data to tunnel
[04:58:23] [nioEventLoopGroup-2-1/WARN]: [gg.playit.minecraft.PlayitTcpTunnel] failed to send data to tunnel
[04:58:23] [nioEventLoopGroup-2-1/WARN]: [gg.playit.minecraft.PlayitTcpTunnel] failed to send data to tunnel
[04:58:23] [nioEventLoopGroup-2-1/WARN]: [gg.playit.minecraft.PlayitTcpTunnel] failed to send data to tunnel
[04:58:23] [nioEventLoopGroup-2-1/WARN]: [gg.playit.minecraft.PlayitTcpTunnel] failed to send data to tunnel
[04:58:23] [nioEventLoopGroup-2-1/WARN]: [gg.playit.minecraft.PlayitTcpTunnel] failed to send data to tunnel
[04:58:23] [nioEventLoopGroup-2-1/WARN]: [gg.playit.minecraft.PlayitTcpTunnel] failed to send data to tunnel
[04:58:23] [nioEventLoopGroup-2-1/WARN]: [gg.playit.minecraft.PlayitTcpTunnel] failed to send data to tunnel
[04:58:23] [nioEventLoopGroup-2-1/WARN]: [gg.playit.minecraft.PlayitTcpTunnel] failed to send data to tunnel
[04:58:23] [nioEventLoopGroup-2-1/WARN]: [gg.playit.minecraft.PlayitTcpTunnel] failed to send data to tunnel
[04:58:23] [nioEventLoopGroup-2-1/WARN]: [gg.playit.minecraft.PlayitTcpTunnel] failed to send data to tunnel
[04:58:23] [nioEventLoopGroup-2-1/WARN]: [gg.playit.minecraft.PlayitTcpTunnel] failed to send data to tunnel
[04:58:23] [nioEventLoopGroup-2-1/WARN]: [gg.playit.minecraft.PlayitTcpTunnel] failed to send data to tunnel
[04:58:23] [nioEventLoopGroup-2-1/WARN]: [gg.playit.minecraft.PlayitTcpTunnel] failed to send data to tunnel
[04:58:23] [nioEventLoopGroup-2-1/WARN]: [gg.playit.minecraft.PlayitTcpTunnel] failed to send data to tunnel
[04:58:23] [nioEventLoopGroup-2-1/WARN]: [gg.playit.minecraft.PlayitTcpTunnel] failed to send data to tunnel
[04:58:23] [nioEventLoopGroup-2-1/WARN]: [gg.playit.minecraft.PlayitTcpTunnel] failed to send data to tunnel
[04:58:23] [nioEventLoopGroup-2-1/WARN]: [gg.playit.minecraft.PlayitTcpTunnel] failed to send data to tunnel
[04:58:23] [nioEventLoopGroup-2-1/WARN]: [gg.playit.minecraft.PlayitTcpTunnel] failed to send data to tunnel
[04:58:23] [nioEventLoopGroup-2-1/WARN]: [gg.playit.minecraft.PlayitTcpTunnel] failed to send data to tunnel
[04:58:23] [nioEventLoopGroup-2-1/WARN]: [gg.playit.minecraft.PlayitTcpTunnel] failed to send data to tunnel
[04:58:23] [nioEventLoopGroup-2-1/WARN]: [gg.playit.minecraft.PlayitTcpTunnel] failed to send data to tunnel
[04:58:23] [nioEventLoopGroup-2-1/WARN]: [gg.playit.minecraft.PlayitTcpTunnel] failed to send data to tunnel
[04:58:23] [nioEventLoopGroup-2-1/WARN]: [gg.playit.minecraft.PlayitTcpTunnel] failed to send data to tunnel
[04:58:23] [nioEventLoopGroup-2-1/WARN]: [gg.playit.minecraft.PlayitTcpTunnel] failed to send data to tunnel
[04:58:23] [nioEventLoopGroup-2-1/WARN]: [gg.playit.minecraft.PlayitTcpTunnel] failed to send data to tunnel
[04:58:23] [nioEventLoopGroup-2-1/WARN]: [gg.playit.minecraft.PlayitTcpTunnel] failed to send data to tunnel
[04:58:23] [nioEventLoopGroup-2-1/WARN]: [gg.playit.minecraft.PlayitTcpTunnel] failed to send data to tunnel
[04:58:23] [nioEventLoopGroup-2-1/WARN]: [gg.playit.minecraft.PlayitTcpTunnel] failed to send data to tunnel
[04:58:23] [nioEventLoopGroup-2-1/WARN]: [gg.playit.minecraft.PlayitTcpTunnel] failed to send data to tunnel
[04:58:23] [nioEventLoopGroup-2-1/WARN]: [gg.playit.minecraft.PlayitTcpTunnel] failed to send data to tunnel
[04:58:23] [nioEventLoopGroup-2-1/WARN]: [gg.playit.minecraft.PlayitTcpTunnel] failed to send data to tunnel
[04:58:23] [nioEventLoopGroup-2-1/WARN]: [gg.playit.minecraft.PlayitTcpTunnel] failed to send data to tunnel
[04:58:23] [nioEventLoopGroup-2-1/WARN]: [gg.playit.minecraft.PlayitTcpTunnel] failed to send data to tunnel
[04:58:23] [nioEventLoopGroup-2-1/WARN]: [gg.playit.minecraft.PlayitTcpTunnel] failed to send data to tunnel
[04:58:23] [nioEventLoopGroup-2-1/WARN]: [gg.playit.minecraft.PlayitTcpTunnel] failed to send data to tunnel
[04:58:23] [nioEventLoopGroup-2-1/WARN]: [gg.playit.minecraft.PlayitTcpTunnel] failed to send data to tunnel
[04:58:23] [nioEventLoopGroup-2-1/WARN]: [gg.playit.minecraft.PlayitTcpTunnel] failed to send data to tunnel
[04:58:23] [nioEventLoopGroup-2-1/WARN]: [gg.playit.minecraft.PlayitTcpTunnel] failed to send data to tunnel
[04:58:23] [nioEventLoopGroup-2-1/WARN]: [gg.playit.minecraft.PlayitTcpTunnel] failed to send data to tunnel
[04:58:23] [nioEventLoopGroup-2-1/WARN]: [gg.playit.minecraft.PlayitTcpTunnel] failed to send data to tunnel
[04:58:23] [nioEventLoopGroup-2-1/WARN]: [gg.playit.minecraft.PlayitTcpTunnel] failed to send data to tunnel
[04:58:23] [nioEventLoopGroup-2-1/WARN]: [gg.playit.minecraft.PlayitTcpTunnel] failed to send data to tunnel
[04:58:23] [nioEventLoopGroup-2-1/WARN]: [gg.playit.minecraft.PlayitTcpTunnel] failed to send data to tunnel
[04:58:23] [nioEventLoopGroup-2-1/WARN]: [gg.playit.minecraft.PlayitTcpTunnel] failed to send data to tunnel
[04:58:23] [nioEventLoopGroup-2-1/WARN]: [gg.playit.minecraft.PlayitTcpTunnel] failed to send data to tunnel
[04:58:23] [nioEventLoopGroup-2-1/WARN]: [gg.playit.minecraft.PlayitTcpTunnel] failed to send data to tunnel
[04:58:23] [nioEventLoopGroup-2-1/WARN]: [gg.playit.minecraft.PlayitTcpTunnel] failed to send data to tunnel
[04:58:23] [nioEventLoopGroup-2-1/WARN]: [gg.playit.minecraft.PlayitTcpTunnel] failed to send data to tunnel
[04:58:23] [nioEventLoopGroup-2-1/WARN]: [gg.playit.minecraft.PlayitTcpTunnel] failed to send data to tunnel
[04:58:23] [nioEventLoopGroup-2-1/WARN]: [gg.playit.minecraft.PlayitTcpTunnel] failed to send data to tunnel
[04:58:23] [nioEventLoopGroup-2-1/WARN]: [gg.playit.minecraft.PlayitTcpTunnel] failed to send data to tunnel
[04:58:23] [nioEventLoopGroup-2-1/WARN]: [gg.playit.minecraft.PlayitTcpTunnel] failed to send data to tunnel
[04:58:23] [nioEventLoopGroup-2-1/WARN]: [gg.playit.minecraft.PlayitTcpTunnel] failed to send data to tunnel
[04:58:23] [nioEventLoopGroup-2-1/WARN]: [gg.playit.minecraft.PlayitTcpTunnel] failed to send data to tunnel
[04:58:23] [nioEventLoopGroup-2-1/WARN]: [gg.playit.minecraft.PlayitTcpTunnel] failed to send data to tunnel
[04:58:23] [nioEventLoopGroup-2-1/WARN]: [gg.playit.minecraft.PlayitTcpTunnel] failed to send data to tunnel
[04:58:23] [nioEventLoopGroup-2-1/WARN]: [gg.playit.minecraft.PlayitTcpTunnel] failed to send data to tunnel
[04:58:23] [nioEventLoopGroup-2-1/WARN]: [gg.playit.minecraft.PlayitTcpTunnel] failed to send data to tunnel
[04:58:23] [nioEventLoopGroup-2-1/WARN]: [gg.playit.minecraft.PlayitTcpTunnel] failed to send data to tunnel
[04:58:23] [nioEventLoopGroup-2-1/WARN]: [gg.playit.minecraft.PlayitTcpTunnel] failed to send data to tunnel
[04:58:23] [nioEventLoopGroup-2-1/WARN]: [gg.playit.minecraft.PlayitTcpTunnel] failed to send data to tunnel
[04:58:23] [nioEventLoopGroup-2-1/WARN]: [gg.playit.minecraft.PlayitTcpTunnel] failed to send data to tunnel
[04:58:23] [nioEventLoopGroup-2-1/WARN]: [gg.playit.minecraft.PlayitTcpTunnel] failed to send data to tunnel
[04:58:23] [nioEventLoopGroup-2-1/WARN]: [gg.playit.minecraft.PlayitTcpTunnel] failed to send data to tunnel
[04:58:23] [nioEventLoopGroup-2-1/WARN]: [gg.playit.minecraft.PlayitTcpTunnel] failed to send data to tunnel
[04:58:23] [nioEventLoopGroup-2-1/WARN]: [gg.playit.minecraft.PlayitTcpTunnel] failed to send data to tunnel
[04:58:23] [nioEventLoopGroup-2-1/WARN]: [gg.playit.minecraft.PlayitTcpTunnel] failed to send data to tunnel
[04:58:23] [nioEventLoopGroup-2-1/WARN]: [gg.playit.minecraft.PlayitTcpTunnel] failed to send data to tunnel
[04:58:23] [nioEventLoopGroup-2-1/WARN]: [gg.playit.minecraft.PlayitTcpTunnel] failed to send data to tunnel
[04:58:23] [nioEventLoopGroup-2-1/WARN]: [gg.playit.minecraft.PlayitTcpTunnel] failed to send data to tunnel
[04:58:23] [nioEventLoopGroup-2-1/WARN]: [gg.playit.minecraft.PlayitTcpTunnel] failed to send data to tunnel
[04:58:23] [nioEventLoopGroup-2-1/WARN]: [gg.playit.minecraft.PlayitTcpTunnel] failed to send data to tunnel
[04:58:23] [nioEventLoopGroup-2-1/WARN]: [gg.playit.minecraft.PlayitTcpTunnel] failed to send data to tunnel
[04:58:23] [nioEventLoopGroup-2-1/WARN]: [gg.playit.minecraft.PlayitTcpTunnel] failed to send data to tunnel
[04:58:23] [nioEventLoopGroup-2-1/WARN]: [gg.playit.minecraft.PlayitTcpTunnel] failed to send data to tunnel
[04:58:23] [nioEventLoopGroup-2-1/WARN]: [gg.playit.minecraft.PlayitTcpTunnel] failed to send data to tunnel
[04:58:23] [nioEventLoopGroup-2-1/WARN]: [gg.playit.minecraft.PlayitTcpTunnel] failed to send data to tunnel
[04:58:23] [nioEventLoopGroup-2-1/WARN]: [gg.playit.minecraft.PlayitTcpTunnel] failed to send data to tunnel
[04:58:23] [nioEventLoopGroup-2-1/WARN]: [gg.playit.minecraft.PlayitTcpTunnel] failed to send data to tunnel
[04:58:23] [nioEventLoopGroup-2-1/WARN]: [gg.playit.minecraft.PlayitTcpTunnel] failed to send data to tunnel
[04:58:23] [nioEventLoopGroup-2-1/WARN]: [gg.playit.minecraft.PlayitTcpTunnel] failed to send data to tunnel
[04:58:23] [nioEventLoopGroup-2-1/WARN]: [gg.playit.minecraft.PlayitTcpTunnel] failed to send data to tunnel
[04:58:23] [nioEventLoopGroup-2-1/WARN]: [gg.playit.minecraft.PlayitTcpTunnel] failed to send data to tunnel
[04:58:23] [nioEventLoopGroup-2-1/WARN]: [gg.playit.minecraft.PlayitTcpTunnel] failed to send data to tunnel
[04:58:23] [nioEventLoopGroup-2-1/WARN]: [gg.playit.minecraft.PlayitTcpTunnel] failed to send data to tunnel
[04:58:23] [nioEventLoopGroup-2-1/WARN]: [gg.playit.minecraft.PlayitTcpTunnel] failed to send data to tunnel
[04:58:23] [nioEventLoopGroup-2-1/WARN]: [gg.playit.minecraft.PlayitTcpTunnel] failed to send data to tunnel
[04:58:23] [nioEventLoopGroup-2-1/WARN]: [gg.playit.minecraft.PlayitTcpTunnel] failed to send data to tunnel
[04:58:23] [nioEventLoopGroup-2-1/WARN]: [gg.playit.minecraft.PlayitTcpTunnel] failed to send data to tunnel
[04:58:23] [nioEventLoopGroup-2-1/WARN]: [gg.playit.minecraft.PlayitTcpTunnel] failed to send data to tunnel
[04:58:23] [nioEventLoopGroup-2-1/WARN]: [gg.playit.minecraft.PlayitTcpTunnel] failed to send data to tunnel
[04:58:23] [nioEventLoopGroup-2-1/WARN]: [gg.playit.minecraft.PlayitTcpTunnel] failed to send data to tunnel
[04:58:23] [nioEventLoopGroup-2-1/WARN]: [gg.playit.minecraft.PlayitTcpTunnel] failed to send data to tunnel
[04:58:23] [nioEventLoopGroup-2-1/WARN]: [gg.playit.minecraft.PlayitTcpTunnel] failed to send data to tunnel
[04:58:23] [nioEventLoopGroup-2-1/WARN]: [gg.playit.minecraft.PlayitTcpTunnel] failed to send data to tunnel
[04:58:23] [nioEventLoopGroup-2-1/WARN]: [gg.playit.minecraft.PlayitTcpTunnel] failed to send data to tunnel
[04:58:23] [nioEventLoopGroup-2-1/WARN]: [gg.playit.minecraft.PlayitTcpTunnel] failed to send data to tunnel
[04:58:23] [nioEventLoopGroup-2-1/WARN]: [gg.playit.minecraft.PlayitTcpTunnel] failed to send data to tunnel
[04:58:23] [nioEventLoopGroup-2-1/WARN]: [gg.playit.minecraft.PlayitTcpTunnel] failed to send data to tunnel
[04:58:23] [nioEventLoopGroup-2-1/WARN]: [gg.playit.minecraft.PlayitTcpTunnel] failed to send data to tunnel
[04:58:23] [nioEventLoopGroup-2-1/WARN]: [gg.playit.minecraft.PlayitTcpTunnel] failed to send data to tunnel
[04:58:23] [nioEventLoopGroup-2-1/WARN]: [gg.playit.minecraft.PlayitTcpTunnel] failed to send data to tunnel
[04:58:23] [nioEventLoopGroup-2-1/WARN]: [gg.playit.minecraft.PlayitTcpTunnel] failed to send data to tunnel
[04:58:23] [nioEventLoopGroup-2-1/WARN]: [gg.playit.minecraft.PlayitTcpTunnel] failed to send data to tunnel
[04:58:23] [nioEventLoopGroup-2-1/WARN]: [gg.playit.minecraft.PlayitTcpTunnel] failed to send data to tunnel
[04:58:23] [nioEventLoopGroup-2-1/WARN]: [gg.playit.minecraft.PlayitTcpTunnel] failed to send data to tunnel
[04:58:23] [nioEventLoopGroup-2-1/WARN]: [gg.playit.minecraft.PlayitTcpTunnel] failed to send data to tunnel
[04:58:23] [nioEventLoopGroup-2-1/WARN]: [gg.playit.minecraft.PlayitTcpTunnel] failed to send data to tunnel
[04:58:23] [nioEventLoopGroup-2-1/WARN]: [gg.playit.minecraft.PlayitTcpTunnel] failed to send data to tunnel
[04:58:23] [nioEventLoopGroup-2-1/WARN]: [gg.playit.minecraft.PlayitTcpTunnel] failed to send data to tunnel
[04:58:23] [nioEventLoopGroup-2-1/WARN]: [gg.playit.minecraft.PlayitTcpTunnel] failed to send data to tunnel
[04:58:23] [nioEventLoopGroup-2-1/WARN]: [gg.playit.minecraft.PlayitTcpTunnel] failed to send data to tunnel
[04:58:23] [nioEventLoopGroup-2-1/WARN]: [gg.playit.minecraft.PlayitTcpTunnel] failed to send data to tunnel
[04:58:23] [nioEventLoopGroup-2-1/WARN]: [gg.playit.minecraft.PlayitTcpTunnel] failed to send data to tunnel
[04:58:23] [nioEventLoopGroup-2-1/WARN]: [gg.playit.minecraft.PlayitTcpTunnel] failed to send data to tunnel
[04:58:23] [nioEventLoopGroup-2-1/WARN]: [gg.playit.minecraft.PlayitTcpTunnel] failed to send data to tunnel
[04:58:23] [nioEventLoopGroup-2-1/WARN]: [gg.playit.minecraft.PlayitTcpTunnel] failed to send data to tunnel
[04:58:23] [nioEventLoopGroup-2-1/WARN]: [gg.playit.minecraft.PlayitTcpTunnel] failed to send data to tunnel
[04:58:23] [nioEventLoopGroup-2-1/WARN]: [gg.playit.minecraft.PlayitTcpTunnel] failed to send data to tunnel
[04:58:23] [nioEventLoopGroup-2-1/WARN]: [gg.playit.minecraft.PlayitTcpTunnel] failed to send data to tunnel
[04:58:23] [nioEventLoopGroup-2-1/WARN]: [gg.playit.minecraft.PlayitTcpTunnel] failed to send data to tunnel
[04:58:23] [nioEventLoopGroup-2-1/WARN]: [gg.playit.minecraft.PlayitTcpTunnel] failed to send data to tunnel
[04:58:23] [nioEventLoopGroup-2-1/WARN]: [gg.playit.minecraft.PlayitTcpTunnel] failed to send data to tunnel
[04:58:23] [nioEventLoopGroup-2-1/WARN]: [gg.playit.minecraft.PlayitTcpTunnel] failed to send data to tunnel
[04:58:23] [nioEventLoopGroup-2-1/WARN]: [gg.playit.minecraft.PlayitTcpTunnel] failed to send data to tunnel
[04:58:23] [nioEventLoopGroup-2-1/WARN]: [gg.playit.minecraft.PlayitTcpTunnel] failed to send data to tunnel
[04:58:23] [nioEventLoopGroup-2-1/WARN]: [gg.playit.minecraft.PlayitTcpTunnel] failed to send data to tunnel
[04:58:23] [nioEventLoopGroup-2-1/WARN]: [gg.playit.minecraft.PlayitTcpTunnel] failed to send data to tunnel
[04:58:23] [nioEventLoopGroup-2-1/WARN]: [gg.playit.minecraft.PlayitTcpTunnel] failed to send data to tunnel
[04:58:23] [nioEventLoopGroup-2-1/WARN]: [gg.playit.minecraft.PlayitTcpTunnel] failed to send data to tunnel
[04:58:23] [nioEventLoopGroup-2-1/WARN]: [gg.playit.minecraft.PlayitTcpTunnel] failed to send data to tunnel
[04:58:23] [nioEventLoopGroup-2-1/WARN]: [gg.playit.minecraft.PlayitTcpTunnel] failed to send data to tunnel
[04:58:23] [nioEventLoopGroup-2-1/WARN]: [gg.playit.minecraft.PlayitTcpTunnel] failed to send data to tunnel
[04:58:23] [nioEventLoopGroup-2-1/WARN]: [gg.playit.minecraft.PlayitTcpTunnel] failed to send data to tunnel
[04:58:23] [nioEventLoopGroup-2-1/WARN]: [gg.playit.minecraft.PlayitTcpTunnel] failed to send data to tunnel
[04:58:23] [nioEventLoopGroup-2-1/WARN]: [gg.playit.minecraft.PlayitTcpTunnel] failed to send data to tunnel
[04:58:23] [nioEventLoopGroup-2-1/WARN]: [gg.playit.minecraft.PlayitTcpTunnel] failed to send data to tunnel
[04:58:23] [nioEventLoopGroup-2-1/WARN]: [gg.playit.minecraft.PlayitTcpTunnel] failed to send data to tunnel
[04:58:23] [nioEventLoopGroup-2-1/WARN]: [gg.playit.minecraft.PlayitTcpTunnel] failed to send data to tunnel
[04:58:23] [nioEventLoopGroup-2-1/WARN]: [gg.playit.minecraft.PlayitTcpTunnel] failed to send data to tunnel
[04:58:23] [nioEventLoopGroup-2-1/WARN]: [gg.playit.minecraft.PlayitTcpTunnel] failed to send data to tunnel
[04:58:23] [nioEventLoopGroup-2-1/WARN]: [gg.playit.minecraft.PlayitTcpTunnel] failed to send data to tunnel
[04:58:23] [nioEventLoopGroup-2-1/WARN]: [gg.playit.minecraft.PlayitTcpTunnel] failed to send data to tunnel
[04:58:23] [nioEventLoopGroup-2-1/WARN]: [gg.playit.minecraft.PlayitTcpTunnel] failed to send data to tunnel
[04:58:23] [nioEventLoopGroup-2-1/WARN]: [gg.playit.minecraft.PlayitTcpTunnel] failed to send data to tunnel
[04:58:23] [nioEventLoopGroup-2-1/WARN]: [gg.playit.minecraft.PlayitTcpTunnel] failed to send data to tunnel
[04:58:23] [nioEventLoopGroup-2-1/WARN]: [gg.playit.minecraft.PlayitTcpTunnel] failed to send data to tunnel
[04:58:23] [nioEventLoopGroup-2-1/WARN]: [gg.playit.minecraft.PlayitTcpTunnel] failed to send data to tunnel
[04:58:23] [nioEventLoopGroup-2-1/WARN]: [gg.playit.minecraft.PlayitTcpTunnel] failed to send data to tunnel
[04:58:23] [nioEventLoopGroup-2-1/WARN]: [gg.playit.minecraft.PlayitTcpTunnel] failed to send data to tunnel
[04:58:23] [nioEventLoopGroup-2-1/WARN]: [gg.playit.minecraft.PlayitTcpTunnel] failed to send data to tunnel
[04:58:23] [nioEventLoopGroup-2-1/WARN]: [gg.playit.minecraft.PlayitTcpTunnel] failed to send data to tunnel
[04:58:23] [nioEventLoopGroup-2-1/WARN]: [gg.playit.minecraft.PlayitTcpTunnel] failed to send data to tunnel
[04:58:23] [nioEventLoopGroup-2-1/WARN]: [gg.playit.minecraft.PlayitTcpTunnel] failed to send data to tunnel
[04:58:23] [nioEventLoopGroup-2-1/WARN]: [gg.playit.minecraft.PlayitTcpTunnel] failed to send data to tunnel
[04:58:23] [nioEventLoopGroup-2-1/WARN]: [gg.playit.minecraft.PlayitTcpTunnel] failed to send data to tunnel
[04:58:23] [nioEventLoopGroup-2-1/WARN]: [gg.playit.minecraft.PlayitTcpTunnel] failed to send data to tunnel
[04:58:23] [nioEventLoopGroup-2-1/WARN]: [gg.playit.minecraft.PlayitTcpTunnel] failed to send data to tunnel
[04:58:23] [nioEventLoopGroup-2-1/WARN]: [gg.playit.minecraft.PlayitTcpTunnel] failed to send data to tunnel
[04:58:23] [nioEventLoopGroup-2-1/WARN]: [gg.playit.minecraft.PlayitTcpTunnel] failed to send data to tunnel
[04:58:23] [nioEventLoopGroup-2-1/WARN]: [gg.playit.minecraft.PlayitTcpTunnel] failed to send data to tunnel
[04:58:23] [nioEventLoopGroup-2-1/WARN]: [gg.playit.minecraft.PlayitTcpTunnel] failed to send data to tunnel
[04:58:23] [nioEventLoopGroup-2-1/WARN]: [gg.playit.minecraft.PlayitTcpTunnel] failed to send data to tunnel
[04:58:23] [nioEventLoopGroup-2-1/WARN]: [gg.playit.minecraft.PlayitTcpTunnel] failed to send data to tunnel
[04:58:23] [nioEventLoopGroup-2-1/WARN]: [gg.playit.minecraft.PlayitTcpTunnel] failed to send data to tunnel
[04:58:23] [nioEventLoopGroup-2-1/WARN]: [gg.playit.minecraft.PlayitTcpTunnel] failed to send data to tunnel
[04:58:23] [nioEventLoopGroup-2-1/WARN]: [gg.playit.minecraft.PlayitTcpTunnel] failed to send data to tunnel
[04:58:23] [nioEventLoopGroup-2-1/WARN]: [gg.playit.minecraft.PlayitTcpTunnel] failed to send data to tunnel
[04:58:23] [nioEventLoopGroup-2-1/WARN]: [gg.playit.minecraft.PlayitTcpTunnel] failed to send data to tunnel
[04:58:23] [nioEventLoopGroup-2-1/WARN]: [gg.playit.minecraft.PlayitTcpTunnel] failed to send data to tunnel
[04:58:23] [nioEventLoopGroup-2-1/WARN]: [gg.playit.minecraft.PlayitTcpTunnel] failed to send data to tunnel
[04:58:23] [nioEventLoopGroup-2-1/WARN]: [gg.playit.minecraft.PlayitTcpTunnel] failed to send data to tunnel
[04:58:23] [nioEventLoopGroup-2-1/WARN]: [gg.playit.minecraft.PlayitTcpTunnel] failed to send data to tunnel
[04:58:23] [nioEventLoopGroup-2-1/WARN]: [gg.playit.minecraft.PlayitTcpTunnel] failed to send data to tunnel
[04:58:23] [nioEventLoopGroup-2-1/WARN]: [gg.playit.minecraft.PlayitTcpTunnel] failed to send data to tunnel
[04:58:23] [nioEventLoopGroup-2-1/WARN]: [gg.playit.minecraft.PlayitTcpTunnel] failed to send data to tunnel
[04:58:23] [nioEventLoopGroup-2-1/WARN]: [gg.playit.minecraft.PlayitTcpTunnel] failed to send data to tunnel
[04:58:23] [nioEventLoopGroup-2-1/WARN]: [gg.playit.minecraft.PlayitTcpTunnel] failed to send data to tunnel
[04:58:23] [nioEventLoopGroup-2-1/WARN]: [gg.playit.minecraft.PlayitTcpTunnel] failed to send data to tunnel
[04:58:23] [nioEventLoopGroup-2-1/WARN]: [gg.playit.minecraft.PlayitTcpTunnel] failed to send data to tunnel
[04:58:23] [nioEventLoopGroup-2-1/WARN]: [gg.playit.minecraft.PlayitTcpTunnel] failed to send data to tunnel
[04:58:23] [nioEventLoopGroup-2-1/WARN]: [gg.playit.minecraft.PlayitTcpTunnel] failed to send data to tunnel
[04:58:23] [nioEventLoopGroup-2-1/WARN]: [gg.playit.minecraft.PlayitTcpTunnel] failed to send data to tunnel
[04:58:23] [nioEventLoopGroup-2-1/WARN]: [gg.playit.minecraft.PlayitTcpTunnel] failed to send data to tunnel
[04:58:23] [nioEventLoopGroup-2-1/WARN]: [gg.playit.minecraft.PlayitTcpTunnel] failed to send data to tunnel
[04:58:23] [nioEventLoopGroup-2-1/WARN]: [gg.playit.minecraft.PlayitTcpTunnel] failed to send data to tunnel
[04:58:23] [nioEventLoopGroup-2-1/WARN]: [gg.playit.minecraft.PlayitTcpTunnel] failed to send data to tunnel
[04:58:23] [nioEventLoopGroup-2-1/WARN]: [gg.playit.minecraft.PlayitTcpTunnel] failed to send data to tunnel
[04:58:23] [nioEventLoopGroup-2-1/WARN]: [gg.playit.minecraft.PlayitTcpTunnel] failed to send data to tunnel
[04:58:23] [nioEventLoopGroup-2-1/WARN]: [gg.playit.minecraft.PlayitTcpTunnel] failed to send data to tunnel
[04:58:23] [nioEventLoopGroup-2-1/WARN]: [gg.playit.minecraft.PlayitTcpTunnel] failed to send data to tunnel
[04:58:23] [nioEventLoopGroup-2-1/WARN]: [gg.playit.minecraft.PlayitTcpTunnel] failed to send data to tunnel
[04:58:23] [nioEventLoopGroup-2-1/WARN]: [gg.playit.minecraft.PlayitTcpTunnel] failed to send data to tunnel
[04:58:23] [nioEventLoopGroup-2-1/WARN]: [gg.playit.minecraft.PlayitTcpTunnel] failed to send data to tunnel
[04:58:23] [nioEventLoopGroup-2-1/WARN]: [gg.playit.minecraft.PlayitTcpTunnel] failed to send data to tunnel
[04:58:23] [nioEventLoopGroup-2-1/WARN]: [gg.playit.minecraft.PlayitTcpTunnel] failed to send data to tunnel
[04:58:23] [nioEventLoopGroup-2-1/WARN]: [gg.playit.minecraft.PlayitTcpTunnel] failed to send data to tunnel
[04:58:23] [nioEventLoopGroup-2-1/WARN]: [gg.playit.minecraft.PlayitTcpTunnel] failed to send data to tunnel
[04:58:23] [nioEventLoopGroup-2-1/WARN]: [gg.playit.minecraft.PlayitTcpTunnel] failed to send data to tunnel
[04:58:23] [nioEventLoopGroup-2-1/WARN]: [gg.playit.minecraft.PlayitTcpTunnel] failed to send data to tunnel
[04:58:23] [nioEventLoopGroup-2-1/WARN]: [gg.playit.minecraft.PlayitTcpTunnel] failed to send data to tunnel
[04:58:23] [nioEventLoopGroup-2-1/WARN]: [gg.playit.minecraft.PlayitTcpTunnel] failed to send data to tunnel
[04:58:23] [nioEventLoopGroup-2-1/WARN]: [gg.playit.minecraft.PlayitTcpTunnel] failed to send data to tunnel
[04:58:23] [nioEventLoopGroup-2-1/WARN]: [gg.playit.minecraft.PlayitTcpTunnel] failed to send data to tunnel
[04:58:23] [nioEventLoopGroup-2-1/WARN]: [gg.playit.minecraft.PlayitTcpTunnel] failed to send data to tunnel
[04:58:23] [nioEventLoopGroup-2-1/WARN]: [gg.playit.minecraft.PlayitTcpTunnel] failed to send data to tunnel
[04:58:23] [nioEventLoopGroup-2-1/WARN]: [gg.playit.minecraft.PlayitTcpTunnel] failed to send data to tunnel
[04:58:23] [nioEventLoopGroup-2-1/WARN]: [gg.playit.minecraft.PlayitTcpTunnel] failed to send data to tunnel
[04:58:23] [nioEventLoopGroup-2-1/WARN]: [gg.playit.minecraft.PlayitTcpTunnel] failed to send data to tunnel
[04:58:23] [nioEventLoopGroup-2-1/WARN]: [gg.playit.minecraft.PlayitTcpTunnel] failed to send data to tunnel
[04:58:23] [nioEventLoopGroup-2-1/WARN]: [gg.playit.minecraft.PlayitTcpTunnel] failed to send data to tunnel
[04:58:23] [nioEventLoopGroup-2-1/WARN]: [gg.playit.minecraft.PlayitTcpTunnel] failed to send data to tunnel
[04:58:23] [nioEventLoopGroup-2-1/WARN]: [gg.playit.minecraft.PlayitTcpTunnel] failed to send data to tunnel
[04:58:23] [nioEventLoopGroup-2-1/WARN]: [gg.playit.minecraft.PlayitTcpTunnel] failed to send data to tunnel
[04:58:23] [nioEventLoopGroup-2-1/WARN]: [gg.playit.minecraft.PlayitTcpTunnel] failed to send data to tunnel
[04:58:23] [nioEventLoopGroup-2-1/WARN]: [gg.playit.minecraft.PlayitTcpTunnel] failed to send data to tunnel
[04:58:23] [nioEventLoopGroup-2-1/WARN]: [gg.playit.minecraft.PlayitTcpTunnel] failed to send data to tunnel
[04:58:23] [nioEventLoopGroup-2-1/WARN]: [gg.playit.minecraft.PlayitTcpTunnel] failed to send data to tunnel
[04:58:23] [nioEventLoopGroup-2-1/WARN]: [gg.playit.minecraft.PlayitTcpTunnel] failed to send data to tunnel
[04:58:23] [nioEventLoopGroup-2-1/WARN]: [gg.playit.minecraft.PlayitTcpTunnel] failed to send data to tunnel
[04:58:23] [nioEventLoopGroup-2-1/WARN]: [gg.playit.minecraft.PlayitTcpTunnel] failed to send data to tunnel
[04:58:23] [nioEventLoopGroup-2-1/WARN]: [gg.playit.minecraft.PlayitTcpTunnel] failed to send data to tunnel
[04:58:23] [nioEventLoopGroup-2-1/WARN]: [gg.playit.minecraft.PlayitTcpTunnel] failed to send data to tunnel
[04:58:23] [nioEventLoopGroup-2-1/WARN]: [gg.playit.minecraft.PlayitTcpTunnel] failed to send data to tunnel
[04:58:23] [nioEventLoopGroup-2-1/WARN]: [gg.playit.minecraft.PlayitTcpTunnel] failed to send data to tunnel
[04:58:23] [nioEventLoopGroup-2-1/WARN]: [gg.playit.minecraft.PlayitTcpTunnel] failed to send data to tunnel
[04:58:23] [nioEventLoopGroup-2-1/WARN]: [gg.playit.minecraft.PlayitTcpTunnel] failed to send data to tunnel
[04:58:23] [nioEventLoopGroup-2-1/WARN]: [gg.playit.minecraft.PlayitTcpTunnel] failed to send data to tunnel
[04:58:23] [nioEventLoopGroup-2-1/WARN]: [gg.playit.minecraft.PlayitTcpTunnel] failed to send data to tunnel
[04:58:23] [nioEventLoopGroup-2-1/WARN]: [gg.playit.minecraft.PlayitTcpTunnel] failed to send data to tunnel
[04:58:23] [nioEventLoopGroup-2-1/WARN]: [gg.playit.minecraft.PlayitTcpTunnel] failed to send data to tunnel
[04:58:23] [nioEventLoopGroup-2-1/WARN]: [gg.playit.minecraft.PlayitTcpTunnel] failed to send data to tunnel
[04:58:23] [nioEventLoopGroup-2-1/WARN]: [gg.playit.minecraft.PlayitTcpTunnel] failed to send data to tunnel
[04:58:23] [nioEventLoopGroup-2-1/WARN]: [gg.playit.minecraft.PlayitTcpTunnel] failed to send data to tunnel
[04:58:23] [nioEventLoopGroup-2-1/WARN]: [gg.playit.minecraft.PlayitTcpTunnel] failed to send data to tunnel
[04:58:23] [nioEventLoopGroup-2-1/WARN]: [gg.playit.minecraft.PlayitTcpTunnel] failed to send data to tunnel
[04:58:23] [nioEventLoopGroup-2-1/WARN]: [gg.playit.minecraft.PlayitTcpTunnel] failed to send data to tunnel
[04:58:23] [nioEventLoopGroup-2-1/WARN]: [gg.playit.minecraft.PlayitTcpTunnel] failed to send data to tunnel
[04:58:23] [nioEventLoopGroup-2-1/WARN]: [gg.playit.minecraft.PlayitTcpTunnel] failed to send data to tunnel
[04:58:23] [nioEventLoopGroup-2-1/WARN]: [gg.playit.minecraft.PlayitTcpTunnel] failed to send data to tunnel
[04:58:23] [nioEventLoopGroup-2-1/WARN]: [gg.playit.minecraft.PlayitTcpTunnel] failed to send data to tunnel
[04:58:23] [nioEventLoopGroup-2-1/WARN]: [gg.playit.minecraft.PlayitTcpTunnel] failed to send data to tunnel
[04:58:23] [nioEventLoopGroup-2-1/WARN]: [gg.playit.minecraft.PlayitTcpTunnel] failed to send data to tunnel
[04:58:23] [nioEventLoopGroup-2-1/WARN]: [gg.playit.minecraft.PlayitTcpTunnel] failed to send data to tunnel
[04:58:23] [nioEventLoopGroup-2-1/WARN]: [gg.playit.minecraft.PlayitTcpTunnel] failed to send data to tunnel
[04:58:23] [nioEventLoopGroup-2-1/WARN]: [gg.playit.minecraft.PlayitTcpTunnel] failed to send data to tunnel
[04:58:23] [nioEventLoopGroup-2-1/WARN]: [gg.playit.minecraft.PlayitTcpTunnel] failed to send data to tunnel
[04:58:23] [nioEventLoopGroup-2-1/WARN]: [gg.playit.minecraft.PlayitTcpTunnel] failed to send data to tunnel
[04:58:23] [nioEventLoopGroup-2-1/WARN]: [gg.playit.minecraft.PlayitTcpTunnel] failed to send data to tunnel
[04:58:23] [nioEventLoopGroup-2-1/WARN]: [gg.playit.minecraft.PlayitTcpTunnel] failed to send data to tunnel
[04:58:23] [nioEventLoopGroup-2-1/WARN]: [gg.playit.minecraft.PlayitTcpTunnel] failed to send data to tunnel
[04:58:23] [nioEventLoopGroup-2-1/WARN]: [gg.playit.minecraft.PlayitTcpTunnel] failed to send data to tunnel
[04:58:23] [nioEventLoopGroup-2-1/WARN]: [gg.playit.minecraft.PlayitTcpTunnel] failed to send data to tunnel
[04:58:23] [nioEventLoopGroup-2-1/WARN]: [gg.playit.minecraft.PlayitTcpTunnel] failed to send data to tunnel
[04:58:23] [nioEventLoopGroup-2-1/WARN]: [gg.playit.minecraft.PlayitTcpTunnel] failed to send data to tunnel
[04:58:23] [nioEventLoopGroup-2-1/WARN]: [gg.playit.minecraft.PlayitTcpTunnel] failed to send data to tunnel
[04:58:23] [nioEventLoopGroup-2-1/WARN]: [gg.playit.minecraft.PlayitTcpTunnel] failed to send data to tunnel
[04:58:23] [nioEventLoopGroup-2-1/WARN]: [gg.playit.minecraft.PlayitTcpTunnel] failed to send data to tunnel
[04:58:23] [nioEventLoopGroup-2-1/WARN]: [gg.playit.minecraft.PlayitTcpTunnel] failed to send data to tunnel
[04:58:23] [nioEventLoopGroup-2-1/WARN]: [gg.playit.minecraft.PlayitTcpTunnel] failed to send data to tunnel
[04:58:23] [nioEventLoopGroup-2-1/WARN]: [gg.playit.minecraft.PlayitTcpTunnel] failed to send data to tunnel
[04:58:23] [nioEventLoopGroup-2-1/WARN]: [gg.playit.minecraft.PlayitTcpTunnel] failed to send data to tunnel
[04:58:23] [nioEventLoopGroup-2-1/WARN]: [gg.playit.minecraft.PlayitTcpTunnel] failed to send data to tunnel
[04:58:23] [nioEventLoopGroup-2-1/WARN]: [gg.playit.minecraft.PlayitTcpTunnel] failed to send data to tunnel
[04:58:23] [nioEventLoopGroup-2-1/WARN]: [gg.playit.minecraft.PlayitTcpTunnel] failed to send data to tunnel
[04:58:23] [nioEventLoopGroup-2-1/WARN]: [gg.playit.minecraft.PlayitTcpTunnel] failed to send data to tunnel
[04:58:23] [nioEventLoopGroup-2-1/WARN]: [gg.playit.minecraft.PlayitTcpTunnel] failed to send data to tunnel
[04:58:23] [nioEventLoopGroup-2-1/WARN]: [gg.playit.minecraft.PlayitTcpTunnel] failed to send data to tunnel
[04:58:23] [nioEventLoopGroup-2-1/WARN]: [gg.playit.minecraft.PlayitTcpTunnel] failed to send data to tunnel
[04:58:23] [nioEventLoopGroup-2-1/WARN]: [gg.playit.minecraft.PlayitTcpTunnel] failed to send data to tunnel
[04:58:23] [nioEventLoopGroup-2-1/WARN]: [gg.playit.minecraft.PlayitTcpTunnel] failed to send data to tunnel
[04:58:23] [nioEventLoopGroup-2-1/WARN]: [gg.playit.minecraft.PlayitTcpTunnel] failed to send data to tunnel
[04:58:23] [nioEventLoopGroup-2-1/WARN]: [gg.playit.minecraft.PlayitTcpTunnel] failed to send data to tunnel
[04:58:23] [nioEventLoopGroup-2-1/WARN]: [gg.playit.minecraft.PlayitTcpTunnel] failed to send data to tunnel
[04:58:23] [nioEventLoopGroup-2-1/WARN]: [gg.playit.minecraft.PlayitTcpTunnel] failed to send data to tunnel
[04:58:23] [nioEventLoopGroup-2-1/WARN]: [gg.playit.minecraft.PlayitTcpTunnel] failed to send data to tunnel
[04:58:23] [nioEventLoopGroup-2-1/WARN]: [gg.playit.minecraft.PlayitTcpTunnel] failed to send data to tunnel
[04:58:23] [nioEventLoopGroup-2-1/WARN]: [gg.playit.minecraft.PlayitTcpTunnel] failed to send data to tunnel
[04:58:23] [nioEventLoopGroup-2-1/WARN]: [gg.playit.minecraft.PlayitTcpTunnel] failed to send data to tunnel
[04:58:23] [nioEventLoopGroup-2-1/WARN]: [gg.playit.minecraft.PlayitTcpTunnel] failed to send data to tunnel
[04:58:23] [nioEventLoopGroup-2-1/WARN]: [gg.playit.minecraft.PlayitTcpTunnel] failed to send data to tunnel
[04:58:23] [nioEventLoopGroup-2-1/WARN]: [gg.playit.minecraft.PlayitTcpTunnel] failed to send data to tunnel
[04:58:23] [nioEventLoopGroup-2-1/WARN]: [gg.playit.minecraft.PlayitTcpTunnel] failed to send data to tunnel
[04:58:23] [nioEventLoopGroup-2-1/WARN]: [gg.playit.minecraft.PlayitTcpTunnel] failed to send data to tunnel
[04:58:23] [nioEventLoopGroup-2-1/WARN]: [gg.playit.minecraft.PlayitTcpTunnel] failed to send data to tunnel
[04:58:23] [nioEventLoopGroup-2-1/WARN]: [gg.playit.minecraft.PlayitTcpTunnel] failed to send data to tunnel
[04:58:23] [nioEventLoopGroup-2-1/WARN]: [gg.playit.minecraft.PlayitTcpTunnel] failed to send data to tunnel
[04:58:23] [nioEventLoopGroup-2-1/WARN]: [gg.playit.minecraft.PlayitTcpTunnel] failed to send data to tunnel
[04:58:23] [nioEventLoopGroup-2-1/WARN]: [gg.playit.minecraft.PlayitTcpTunnel] failed to send data to tunnel
[04:58:23] [nioEventLoopGroup-2-1/WARN]: [gg.playit.minecraft.PlayitTcpTunnel] failed to send data to tunnel
[04:58:23] [nioEventLoopGroup-2-1/WARN]: [gg.playit.minecraft.PlayitTcpTunnel] failed to send data to tunnel
[04:58:23] [nioEventLoopGroup-2-1/WARN]: [gg.playit.minecraft.PlayitTcpTunnel] failed to send data to tunnel
[04:58:23] [nioEventLoopGroup-2-1/WARN]: [gg.playit.minecraft.PlayitTcpTunnel] failed to send data to tunnel
[04:58:23] [nioEventLoopGroup-2-1/WARN]: [gg.playit.minecraft.PlayitTcpTunnel] failed to send data to tunnel
[04:58:23] [nioEventLoopGroup-2-1/WARN]: [gg.playit.minecraft.PlayitTcpTunnel] failed to send data to tunnel
[04:58:23] [nioEventLoopGroup-2-1/WARN]: [gg.playit.minecraft.PlayitTcpTunnel] failed to send data to tunnel
[04:58:23] [nioEventLoopGroup-2-1/WARN]: [gg.playit.minecraft.PlayitTcpTunnel] failed to send data to tunnel
[04:58:23] [nioEventLoopGroup-2-1/WARN]: [gg.playit.minecraft.PlayitTcpTunnel] failed to send data to tunnel
[04:58:23] [nioEventLoopGroup-2-1/WARN]: [gg.playit.minecraft.PlayitTcpTunnel] failed to send data to tunnel
[04:58:23] [nioEventLoopGroup-2-1/WARN]: [gg.playit.minecraft.PlayitTcpTunnel] failed to send data to tunnel
[04:58:23] [nioEventLoopGroup-2-1/WARN]: [gg.playit.minecraft.PlayitTcpTunnel] failed to send data to tunnel
[04:58:23] [nioEventLoopGroup-2-1/WARN]: [gg.playit.minecraft.PlayitTcpTunnel] failed to send data to tunnel
[04:58:23] [nioEventLoopGroup-2-1/WARN]: [gg.playit.minecraft.PlayitTcpTunnel] failed to send data to tunnel
[04:58:23] [nioEventLoopGroup-2-1/WARN]: [gg.playit.minecraft.PlayitTcpTunnel] failed to send data to tunnel
[04:58:23] [nioEventLoopGroup-2-1/WARN]: [gg.playit.minecraft.PlayitTcpTunnel] failed to send data to tunnel
[04:58:23] [nioEventLoopGroup-2-1/WARN]: [gg.playit.minecraft.PlayitTcpTunnel] failed to send data to tunnel
[04:58:23] [nioEventLoopGroup-2-1/WARN]: [gg.playit.minecraft.PlayitTcpTunnel] failed to send data to tunnel
[04:58:23] [nioEventLoopGroup-2-1/WARN]: [gg.playit.minecraft.PlayitTcpTunnel] failed to send data to tunnel
[04:58:23] [nioEventLoopGroup-2-1/WARN]: [gg.playit.minecraft.PlayitTcpTunnel] failed to send data to tunnel
[04:58:23] [nioEventLoopGroup-2-1/WARN]: [gg.playit.minecraft.PlayitTcpTunnel] failed to send data to tunnel
[04:58:23] [nioEventLoopGroup-2-1/WARN]: [gg.playit.minecraft.PlayitTcpTunnel] failed to send data to tunnel
[04:58:23] [nioEventLoopGroup-2-1/WARN]: [gg.playit.minecraft.PlayitTcpTunnel] failed to send data to tunnel
[04:58:23] [nioEventLoopGroup-2-1/WARN]: [gg.playit.minecraft.PlayitTcpTunnel] failed to send data to tunnel
[04:58:23] [nioEventLoopGroup-2-1/WARN]: [gg.playit.minecraft.PlayitTcpTunnel] failed to send data to tunnel
[04:58:23] [nioEventLoopGroup-2-1/WARN]: [gg.playit.minecraft.PlayitTcpTunnel] failed to send data to tunnel
[04:58:23] [nioEventLoopGroup-2-1/WARN]: [gg.playit.minecraft.PlayitTcpTunnel] failed to send data to tunnel
[04:58:23] [nioEventLoopGroup-2-1/WARN]: [gg.playit.minecraft.PlayitTcpTunnel] failed to send data to tunnel
[04:58:23] [nioEventLoopGroup-2-1/WARN]: [gg.playit.minecraft.PlayitTcpTunnel] failed to send data to tunnel
[04:58:23] [nioEventLoopGroup-2-1/WARN]: [gg.playit.minecraft.PlayitTcpTunnel] failed to send data to tunnel
[04:58:23] [nioEventLoopGroup-2-1/WARN]: [gg.playit.minecraft.PlayitTcpTunnel] failed to send data to tunnel
[04:58:23] [nioEventLoopGroup-2-1/WARN]: [gg.playit.minecraft.PlayitTcpTunnel] failed to send data to tunnel
[04:58:23] [nioEventLoopGroup-2-1/WARN]: [gg.playit.minecraft.PlayitTcpTunnel] failed to send data to tunnel
[04:58:23] [nioEventLoopGroup-2-1/WARN]: [gg.playit.minecraft.PlayitTcpTunnel] failed to send data to tunnel
[04:58:23] [nioEventLoopGroup-2-1/WARN]: [gg.playit.minecraft.PlayitTcpTunnel] failed to send data to tunnel
[04:58:23] [nioEventLoopGroup-2-1/WARN]: [gg.playit.minecraft.PlayitTcpTunnel] failed to send data to tunnel
[04:58:23] [nioEventLoopGroup-2-1/WARN]: [gg.playit.minecraft.PlayitTcpTunnel] failed to send data to tunnel
[04:58:23] [nioEventLoopGroup-2-1/WARN]: [gg.playit.minecraft.PlayitTcpTunnel] failed to send data to tunnel
[04:58:23] [nioEventLoopGroup-2-1/WARN]: [gg.playit.minecraft.PlayitTcpTunnel] failed to send data to tunnel
[04:58:23] [nioEventLoopGroup-2-1/WARN]: [gg.playit.minecraft.PlayitTcpTunnel] failed to send data to tunnel
[04:58:23] [nioEventLoopGroup-2-1/WARN]: [gg.playit.minecraft.PlayitTcpTunnel] failed to send data to tunnel
[04:58:23] [nioEventLoopGroup-2-1/WARN]: [gg.playit.minecraft.PlayitTcpTunnel] failed to send data to tunnel
[04:58:23] [nioEventLoopGroup-2-1/WARN]: [gg.playit.minecraft.PlayitTcpTunnel] failed to send data to tunnel
[04:58:23] [nioEventLoopGroup-2-1/WARN]: [gg.playit.minecraft.PlayitTcpTunnel] failed to send data to tunnel
[04:58:23] [nioEventLoopGroup-2-1/WARN]: [gg.playit.minecraft.PlayitTcpTunnel] failed to send data to tunnel
[04:58:23] [nioEventLoopGroup-2-1/WARN]: [gg.playit.minecraft.PlayitTcpTunnel] failed to send data to tunnel
[04:58:23] [nioEventLoopGroup-2-1/WARN]: [gg.playit.minecraft.PlayitTcpTunnel] failed to send data to tunnel
[04:58:23] [nioEventLoopGroup-2-1/WARN]: [gg.playit.minecraft.PlayitTcpTunnel] failed to send data to tunnel
[04:58:23] [nioEventLoopGroup-2-1/WARN]: [gg.playit.minecraft.PlayitTcpTunnel] failed to send data to tunnel
[04:58:23] [nioEventLoopGroup-2-1/WARN]: [gg.playit.minecraft.PlayitTcpTunnel] failed to send data to tunnel
[04:58:23] [nioEventLoopGroup-2-1/WARN]: [gg.playit.minecraft.PlayitTcpTunnel] failed to send data to tunnel
[04:58:23] [nioEventLoopGroup-2-1/WARN]: [gg.playit.minecraft.PlayitTcpTunnel] failed to send data to tunnel
[04:58:23] [nioEventLoopGroup-2-1/WARN]: [gg.playit.minecraft.PlayitTcpTunnel] failed to send data to tunnel
[04:58:23] [nioEventLoopGroup-2-1/WARN]: [gg.playit.minecraft.PlayitTcpTunnel] failed to send data to tunnel
[04:58:23] [nioEventLoopGroup-2-1/WARN]: [gg.playit.minecraft.PlayitTcpTunnel] failed to send data to tunnel
[04:58:23] [nioEventLoopGroup-2-1/WARN]: [gg.playit.minecraft.PlayitTcpTunnel] failed to send data to tunnel
[04:58:23] [nioEventLoopGroup-2-1/WARN]: [gg.playit.minecraft.PlayitTcpTunnel] failed to send data to tunnel
[04:58:23] [nioEventLoopGroup-2-1/WARN]: [gg.playit.minecraft.PlayitTcpTunnel] failed to send data to tunnel
[04:58:23] [nioEventLoopGroup-2-1/WARN]: [gg.playit.minecraft.PlayitTcpTunnel] failed to send data to tunnel
[04:58:23] [nioEventLoopGroup-2-1/WARN]: [gg.playit.minecraft.PlayitTcpTunnel] failed to send data to tunnel
[04:58:23] [nioEventLoopGroup-2-1/WARN]: [gg.playit.minecraft.PlayitTcpTunnel] failed to send data to tunnel
[04:58:23] [nioEventLoopGroup-2-1/WARN]: [gg.playit.minecraft.PlayitTcpTunnel] failed to send data to tunnel
[04:58:23] [nioEventLoopGroup-2-1/WARN]: [gg.playit.minecraft.PlayitTcpTunnel] failed to send data to tunnel
[04:58:23] [nioEventLoopGroup-2-1/WARN]: [gg.playit.minecraft.PlayitTcpTunnel] failed to send data to tunnel
[04:58:23] [nioEventLoopGroup-2-1/WARN]: [gg.playit.minecraft.PlayitTcpTunnel] failed to send data to tunnel
[04:58:23] [nioEventLoopGroup-2-1/WARN]: [gg.playit.minecraft.PlayitTcpTunnel] failed to send data to tunnel
[04:58:23] [nioEventLoopGroup-2-1/WARN]: [gg.playit.minecraft.PlayitTcpTunnel] failed to send data to tunnel
[04:58:23] [nioEventLoopGroup-2-1/WARN]: [gg.playit.minecraft.PlayitTcpTunnel] failed to send data to tunnel
[04:58:23] [nioEventLoopGroup-2-1/WARN]: [gg.playit.minecraft.PlayitTcpTunnel] failed to send data to tunnel
[04:58:23] [nioEventLoopGroup-2-1/WARN]: [gg.playit.minecraft.PlayitTcpTunnel] failed to send data to tunnel
[04:58:23] [nioEventLoopGroup-2-1/WARN]: [gg.playit.minecraft.PlayitTcpTunnel] failed to send data to tunnel
[04:58:23] [nioEventLoopGroup-2-1/WARN]: [gg.playit.minecraft.PlayitTcpTunnel] failed to send data to tunnel
[04:58:23] [nioEventLoopGroup-2-1/WARN]: [gg.playit.minecraft.PlayitTcpTunnel] failed to send data to tunnel
[04:58:23] [nioEventLoopGroup-2-1/WARN]: [gg.playit.minecraft.PlayitTcpTunnel] failed to send data to tunnel
[04:58:23] [nioEventLoopGroup-2-1/WARN]: [gg.playit.minecraft.PlayitTcpTunnel] failed to send data to tunnel
[04:58:23] [nioEventLoopGroup-2-1/WARN]: [gg.playit.minecraft.PlayitTcpTunnel] failed to send data to tunnel
[04:58:23] [nioEventLoopGroup-2-1/WARN]: [gg.playit.minecraft.PlayitTcpTunnel] failed to send data to tunnel
[04:58:23] [nioEventLoopGroup-2-1/WARN]: [gg.playit.minecraft.PlayitTcpTunnel] failed to send data to tunnel
[04:58:23] [nioEventLoopGroup-2-1/WARN]: [gg.playit.minecraft.PlayitTcpTunnel] failed to send data to tunnel
[04:58:23] [nioEventLoopGroup-2-1/WARN]: [gg.playit.minecraft.PlayitTcpTunnel] failed to send data to tunnel
[04:58:23] [nioEventLoopGroup-2-1/WARN]: [gg.playit.minecraft.PlayitTcpTunnel] failed to send data to tunnel
[04:58:23] [nioEventLoopGroup-2-1/WARN]: [gg.playit.minecraft.PlayitTcpTunnel] failed to send data to tunnel
[04:58:23] [nioEventLoopGroup-2-1/WARN]: [gg.playit.minecraft.PlayitTcpTunnel] failed to send data to tunnel
[04:58:23] [nioEventLoopGroup-2-1/WARN]: [gg.playit.minecraft.PlayitTcpTunnel] failed to send data to tunnel
[04:58:23] [nioEventLoopGroup-2-1/WARN]: [gg.playit.minecraft.PlayitTcpTunnel] failed to send data to tunnel
[04:58:23] [nioEventLoopGroup-2-1/WARN]: [gg.playit.minecraft.PlayitTcpTunnel] failed to send data to tunnel
[04:58:23] [nioEventLoopGroup-2-1/WARN]: [gg.playit.minecraft.PlayitTcpTunnel] failed to send data to tunnel
[04:58:23] [nioEventLoopGroup-2-1/WARN]: [gg.playit.minecraft.PlayitTcpTunnel] failed to send data to tunnel
[04:58:23] [nioEventLoopGroup-2-1/WARN]: [gg.playit.minecraft.PlayitTcpTunnel] failed to send data to tunnel
[04:58:23] [nioEventLoopGroup-2-1/WARN]: [gg.playit.minecraft.PlayitTcpTunnel] failed to send data to tunnel
[04:58:23] [nioEventLoopGroup-2-1/WARN]: [gg.playit.minecraft.PlayitTcpTunnel] failed to send data to tunnel
[04:58:23] [nioEventLoopGroup-2-1/WARN]: [gg.playit.minecraft.PlayitTcpTunnel] failed to send data to tunnel
[04:58:23] [nioEventLoopGroup-2-1/WARN]: [gg.playit.minecraft.PlayitTcpTunnel] failed to send data to tunnel
[04:58:23] [nioEventLoopGroup-2-1/WARN]: [gg.playit.minecraft.PlayitTcpTunnel] failed to send data to tunnel
[04:58:23] [nioEventLoopGroup-2-1/WARN]: [gg.playit.minecraft.PlayitTcpTunnel] failed to send data to tunnel
[04:58:23] [nioEventLoopGroup-2-1/WARN]: [gg.playit.minecraft.PlayitTcpTunnel] failed to send data to tunnel
[04:58:23] [nioEventLoopGroup-2-1/WARN]: [gg.playit.minecraft.PlayitTcpTunnel] failed to send data to tunnel
[04:58:23] [nioEventLoopGroup-2-1/WARN]: [gg.playit.minecraft.PlayitTcpTunnel] failed to send data to tunnel
[04:58:23] [nioEventLoopGroup-2-1/WARN]: [gg.playit.minecraft.PlayitTcpTunnel] failed to send data to tunnel
[04:58:23] [nioEventLoopGroup-2-1/WARN]: [gg.playit.minecraft.PlayitTcpTunnel] failed to send data to tunnel
[04:58:23] [nioEventLoopGroup-2-1/WARN]: [gg.playit.minecraft.PlayitTcpTunnel] failed to send data to tunnel
[04:58:23] [nioEventLoopGroup-2-1/WARN]: [gg.playit.minecraft.PlayitTcpTunnel] failed to send data to tunnel
[04:58:23] [nioEventLoopGroup-2-1/WARN]: [gg.playit.minecraft.PlayitTcpTunnel] failed to send data to tunnel
[04:58:23] [nioEventLoopGroup-2-1/WARN]: [gg.playit.minecraft.PlayitTcpTunnel] failed to send data to tunnel
[04:58:23] [nioEventLoopGroup-2-1/WARN]: [gg.playit.minecraft.PlayitTcpTunnel] failed to send data to tunnel
[04:58:23] [nioEventLoopGroup-2-1/WARN]: [gg.playit.minecraft.PlayitTcpTunnel] failed to send data to tunnel
[04:58:23] [nioEventLoopGroup-2-1/WARN]: [gg.playit.minecraft.PlayitTcpTunnel] failed to send data to tunnel
[04:58:23] [nioEventLoopGroup-2-1/WARN]: [gg.playit.minecraft.PlayitTcpTunnel] failed to send data to tunnel
[04:58:23] [nioEventLoopGroup-2-1/WARN]: [gg.playit.minecraft.PlayitTcpTunnel] failed to send data to tunnel
[04:58:23] [nioEventLoopGroup-2-1/WARN]: [gg.playit.minecraft.PlayitTcpTunnel] failed to send data to tunnel
[04:58:23] [nioEventLoopGroup-2-1/WARN]: [gg.playit.minecraft.PlayitTcpTunnel] failed to send data to tunnel
[04:58:23] [nioEventLoopGroup-2-1/WARN]: [gg.playit.minecraft.PlayitTcpTunnel] failed to send data to tunnel
[04:58:23] [nioEventLoopGroup-2-1/WARN]: [gg.playit.minecraft.PlayitTcpTunnel] failed to send data to tunnel
[04:58:23] [nioEventLoopGroup-2-1/WARN]: [gg.playit.minecraft.PlayitTcpTunnel] failed to send data to tunnel
[04:58:23] [nioEventLoopGroup-2-1/WARN]: [gg.playit.minecraft.PlayitTcpTunnel] failed to send data to tunnel
[04:58:23] [nioEventLoopGroup-2-1/WARN]: [gg.playit.minecraft.PlayitTcpTunnel] failed to send data to tunnel
[04:58:23] [nioEventLoopGroup-2-1/WARN]: [gg.playit.minecraft.PlayitTcpTunnel] failed to send data to tunnel
[04:58:23] [nioEventLoopGroup-2-1/WARN]: [gg.playit.minecraft.PlayitTcpTunnel] failed to send data to tunnel
[04:58:23] [nioEventLoopGroup-2-1/WARN]: [gg.playit.minecraft.PlayitTcpTunnel] failed to send data to tunnel
[04:58:23] [nioEventLoopGroup-2-1/WARN]: [gg.playit.minecraft.PlayitTcpTunnel] failed to send data to tunnel
[04:58:23] [nioEventLoopGroup-2-1/WARN]: [gg.playit.minecraft.PlayitTcpTunnel] failed to send data to tunnel
[04:58:23] [nioEventLoopGroup-2-1/WARN]: [gg.playit.minecraft.PlayitTcpTunnel] failed to send data to tunnel
[04:58:23] [nioEventLoopGroup-2-1/WARN]: [gg.playit.minecraft.PlayitTcpTunnel] failed to send data to tunnel
[04:58:23] [nioEventLoopGroup-2-1/WARN]: [gg.playit.minecraft.PlayitTcpTunnel] failed to send data to tunnel
[04:58:23] [nioEventLoopGroup-2-1/WARN]: [gg.playit.minecraft.PlayitTcpTunnel] failed to send data to tunnel
[04:58:23] [nioEventLoopGroup-2-1/WARN]: [gg.playit.minecraft.PlayitTcpTunnel] failed to send data to tunnel
[04:58:23] [nioEventLoopGroup-2-1/WARN]: [gg.playit.minecraft.PlayitTcpTunnel] failed to send data to tunnel
[04:58:23] [nioEventLoopGroup-2-1/WARN]: [gg.playit.minecraft.PlayitTcpTunnel] failed to send data to tunnel
[04:58:23] [nioEventLoopGroup-2-1/WARN]: [gg.playit.minecraft.PlayitTcpTunnel] failed to send data to tunnel
[04:58:23] [nioEventLoopGroup-2-1/WARN]: [gg.playit.minecraft.PlayitTcpTunnel] failed to send data to tunnel
[04:58:23] [nioEventLoopGroup-2-1/WARN]: [gg.playit.minecraft.PlayitTcpTunnel] failed to send data to tunnel
[04:58:23] [nioEventLoopGroup-2-1/WARN]: [gg.playit.minecraft.PlayitTcpTunnel] failed to send data to tunnel
[04:58:23] [nioEventLoopGroup-2-1/WARN]: [gg.playit.minecraft.PlayitTcpTunnel] failed to send data to tunnel
[04:58:23] [nioEventLoopGroup-2-1/WARN]: [gg.playit.minecraft.PlayitTcpTunnel] failed to send data to tunnel
[04:58:23] [nioEventLoopGroup-2-1/WARN]: [gg.playit.minecraft.PlayitTcpTunnel] failed to send data to tunnel
[04:58:23] [nioEventLoopGroup-2-1/WARN]: [gg.playit.minecraft.PlayitTcpTunnel] failed to send data to tunnel
[04:58:23] [nioEventLoopGroup-2-1/WARN]: [gg.playit.minecraft.PlayitTcpTunnel] failed to send data to tunnel
[04:58:23] [nioEventLoopGroup-2-1/WARN]: [gg.playit.minecraft.PlayitTcpTunnel] failed to send data to tunnel
[04:58:23] [nioEventLoopGroup-2-1/WARN]: [gg.playit.minecraft.PlayitTcpTunnel] failed to send data to tunnel
[04:58:23] [nioEventLoopGroup-2-1/WARN]: [gg.playit.minecraft.PlayitTcpTunnel] failed to send data to tunnel
[04:58:23] [nioEventLoopGroup-2-1/WARN]: [gg.playit.minecraft.PlayitTcpTunnel] failed to send data to tunnel
[04:58:23] [nioEventLoopGroup-2-1/WARN]: [gg.playit.minecraft.PlayitTcpTunnel] failed to send data to tunnel
[04:58:23] [nioEventLoopGroup-2-1/WARN]: [gg.playit.minecraft.PlayitTcpTunnel] failed to send data to tunnel
[04:58:23] [nioEventLoopGroup-2-1/WARN]: [gg.playit.minecraft.PlayitTcpTunnel] failed to send data to tunnel
[04:58:23] [nioEventLoopGroup-2-1/WARN]: [gg.playit.minecraft.PlayitTcpTunnel] failed to send data to tunnel
[04:58:23] [nioEventLoopGroup-2-1/WARN]: [gg.playit.minecraft.PlayitTcpTunnel] failed to send data to tunnel
[04:58:23] [nioEventLoopGroup-2-1/WARN]: [gg.playit.minecraft.PlayitTcpTunnel] failed to send data to tunnel
[04:58:23] [nioEventLoopGroup-2-1/WARN]: [gg.playit.minecraft.PlayitTcpTunnel] failed to send data to tunnel
[04:58:23] [nioEventLoopGroup-2-1/WARN]: [gg.playit.minecraft.PlayitTcpTunnel] failed to send data to tunnel
[04:58:23] [nioEventLoopGroup-2-1/WARN]: [gg.playit.minecraft.PlayitTcpTunnel] failed to send data to tunnel
[04:58:23] [nioEventLoopGroup-2-1/WARN]: [gg.playit.minecraft.PlayitTcpTunnel] failed to send data to tunnel
[04:58:23] [nioEventLoopGroup-2-1/WARN]: [gg.playit.minecraft.PlayitTcpTunnel] failed to send data to tunnel
[04:58:23] [nioEventLoopGroup-2-1/WARN]: [gg.playit.minecraft.PlayitTcpTunnel] failed to send data to tunnel
[04:58:23] [nioEventLoopGroup-2-1/WARN]: [gg.playit.minecraft.PlayitTcpTunnel] failed to send data to tunnel
[04:58:23] [nioEventLoopGroup-2-1/WARN]: [gg.playit.minecraft.PlayitTcpTunnel] failed to send data to tunnel
[04:58:23] [nioEventLoopGroup-2-1/WARN]: [gg.playit.minecraft.PlayitTcpTunnel] failed to send data to tunnel
[04:58:23] [nioEventLoopGroup-2-1/WARN]: [gg.playit.minecraft.PlayitTcpTunnel] failed to send data to tunnel
[04:58:23] [nioEventLoopGroup-2-1/WARN]: [gg.playit.minecraft.PlayitTcpTunnel] failed to send data to tunnel
[04:58:23] [nioEventLoopGroup-2-1/WARN]: [gg.playit.minecraft.PlayitTcpTunnel] failed to send data to tunnel
[04:58:23] [nioEventLoopGroup-2-1/WARN]: [gg.playit.minecraft.PlayitTcpTunnel] failed to send data to tunnel
[04:58:23] [nioEventLoopGroup-2-1/WARN]: [gg.playit.minecraft.PlayitTcpTunnel] failed to send data to tunnel
[04:58:23] [nioEventLoopGroup-2-1/WARN]: [gg.playit.minecraft.PlayitTcpTunnel] failed to send data to tunnel
[04:58:23] [nioEventLoopGroup-2-1/WARN]: [gg.playit.minecraft.PlayitTcpTunnel] failed to send data to tunnel
[04:58:23] [nioEventLoopGroup-2-1/WARN]: [gg.playit.minecraft.PlayitTcpTunnel] failed to send data to tunnel
[04:58:23] [nioEventLoopGroup-2-1/WARN]: [gg.playit.minecraft.PlayitTcpTunnel] failed to send data to tunnel
[04:58:23] [nioEventLoopGroup-2-1/WARN]: [gg.playit.minecraft.PlayitTcpTunnel] failed to send data to tunnel
[04:58:23] [nioEventLoopGroup-2-1/WARN]: [gg.playit.minecraft.PlayitTcpTunnel] failed to send data to tunnel
[04:58:23] [nioEventLoopGroup-2-1/WARN]: [gg.playit.minecraft.PlayitTcpTunnel] failed to send data to tunnel
[04:58:23] [nioEventLoopGroup-2-1/WARN]: [gg.playit.minecraft.PlayitTcpTunnel] failed to send data to tunnel
[04:58:23] [nioEventLoopGroup-2-1/WARN]: [gg.playit.minecraft.PlayitTcpTunnel] failed to send data to tunnel
[04:58:23] [nioEventLoopGroup-2-1/WARN]: [gg.playit.minecraft.PlayitTcpTunnel] failed to send data to tunnel
[04:58:23] [nioEventLoopGroup-2-1/WARN]: [gg.playit.minecraft.PlayitTcpTunnel] failed to send data to tunnel
[04:58:23] [nioEventLoopGroup-2-1/WARN]: [gg.playit.minecraft.PlayitTcpTunnel] failed to send data to tunnel
[04:58:23] [nioEventLoopGroup-2-1/WARN]: [gg.playit.minecraft.PlayitTcpTunnel] failed to send data to tunnel
[04:58:23] [nioEventLoopGroup-2-1/WARN]: [gg.playit.minecraft.PlayitTcpTunnel] failed to send data to tunnel
[04:58:23] [nioEventLoopGroup-2-1/WARN]: [gg.playit.minecraft.PlayitTcpTunnel] failed to send data to tunnel
[04:58:23] [nioEventLoopGroup-2-1/WARN]: [gg.playit.minecraft.PlayitTcpTunnel] failed to send data to tunnel
[04:58:23] [nioEventLoopGroup-2-1/WARN]: [gg.playit.minecraft.PlayitTcpTunnel] failed to send data to tunnel
[04:58:23] [nioEventLoopGroup-2-1/WARN]: [gg.playit.minecraft.PlayitTcpTunnel] failed to send data to tunnel
[04:58:23] [nioEventLoopGroup-2-1/WARN]: [gg.playit.minecraft.PlayitTcpTunnel] failed to send data to tunnel
[04:58:23] [nioEventLoopGroup-2-1/WARN]: [gg.playit.minecraft.PlayitTcpTunnel] failed to send data to tunnel
[04:58:23] [nioEventLoopGroup-2-1/WARN]: [gg.playit.minecraft.PlayitTcpTunnel] failed to send data to tunnel
[04:58:23] [nioEventLoopGroup-2-1/WARN]: [gg.playit.minecraft.PlayitTcpTunnel] failed to send data to tunnel
[04:58:23] [nioEventLoopGroup-2-1/WARN]: [gg.playit.minecraft.PlayitTcpTunnel] failed to send data to tunnel
[04:58:23] [nioEventLoopGroup-2-1/WARN]: [gg.playit.minecraft.PlayitTcpTunnel] failed to send data to tunnel
[04:58:23] [nioEventLoopGroup-2-1/WARN]: [gg.playit.minecraft.PlayitTcpTunnel] failed to send data to tunnel
[04:58:23] [nioEventLoopGroup-2-1/WARN]: [gg.playit.minecraft.PlayitTcpTunnel] failed to send data to tunnel
[04:58:23] [nioEventLoopGroup-2-1/WARN]: [gg.playit.minecraft.PlayitTcpTunnel] failed to send data to tunnel
[04:58:23] [nioEventLoopGroup-2-1/WARN]: [gg.playit.minecraft.PlayitTcpTunnel] failed to send data to tunnel
[04:58:23] [nioEventLoopGroup-2-1/WARN]: [gg.playit.minecraft.PlayitTcpTunnel] failed to send data to tunnel
[04:58:23] [nioEventLoopGroup-2-1/WARN]: [gg.playit.minecraft.PlayitTcpTunnel] failed to send data to tunnel
[04:58:23] [nioEventLoopGroup-2-1/WARN]: [gg.playit.minecraft.PlayitTcpTunnel] failed to send data to tunnel
[04:58:23] [nioEventLoopGroup-2-1/WARN]: [gg.playit.minecraft.PlayitTcpTunnel] failed to send data to tunnel
[04:58:23] [nioEventLoopGroup-2-1/WARN]: [gg.playit.minecraft.PlayitTcpTunnel] failed to send data to tunnel
[04:58:23] [nioEventLoopGroup-2-1/WARN]: [gg.playit.minecraft.PlayitTcpTunnel] failed to send data to tunnel
[04:58:23] [nioEventLoopGroup-2-1/WARN]: [gg.playit.minecraft.PlayitTcpTunnel] failed to send data to tunnel
[04:58:23] [nioEventLoopGroup-2-1/WARN]: [gg.playit.minecraft.PlayitTcpTunnel] failed to send data to tunnel
[04:58:23] [nioEventLoopGroup-2-1/WARN]: [gg.playit.minecraft.PlayitTcpTunnel] failed to send data to tunnel
[04:58:23] [nioEventLoopGroup-2-1/WARN]: [gg.playit.minecraft.PlayitTcpTunnel] failed to send data to tunnel
[04:58:23] [nioEventLoopGroup-2-1/WARN]: [gg.playit.minecraft.PlayitTcpTunnel] failed to send data to tunnel
[04:58:23] [nioEventLoopGroup-2-1/WARN]: [gg.playit.minecraft.PlayitTcpTunnel] failed to send data to tunnel
[04:58:23] [nioEventLoopGroup-2-1/WARN]: [gg.playit.minecraft.PlayitTcpTunnel] failed to send data to tunnel
[04:58:23] [nioEventLoopGroup-2-1/WARN]: [gg.playit.minecraft.PlayitTcpTunnel] failed to send data to tunnel
[04:58:23] [nioEventLoopGroup-2-1/WARN]: [gg.playit.minecraft.PlayitTcpTunnel] failed to send data to tunnel
[04:58:23] [nioEventLoopGroup-2-1/WARN]: [gg.playit.minecraft.PlayitTcpTunnel] failed to send data to tunnel
[04:58:23] [nioEventLoopGroup-2-1/WARN]: [gg.playit.minecraft.PlayitTcpTunnel] failed to send data to tunnel
[04:58:23] [nioEventLoopGroup-2-1/WARN]: [gg.playit.minecraft.PlayitTcpTunnel] failed to send data to tunnel
[04:58:23] [nioEventLoopGroup-2-1/WARN]: [gg.playit.minecraft.PlayitTcpTunnel] failed to send data to tunnel
[04:58:23] [nioEventLoopGroup-2-1/WARN]: [gg.playit.minecraft.PlayitTcpTunnel] failed to send data to tunnel
[04:58:23] [nioEventLoopGroup-2-1/WARN]: [gg.playit.minecraft.PlayitTcpTunnel] failed to send data to tunnel
[04:58:23] [nioEventLoopGroup-2-1/WARN]: [gg.playit.minecraft.PlayitTcpTunnel] failed to send data to tunnel
[04:58:23] [nioEventLoopGroup-2-1/WARN]: [gg.playit.minecraft.PlayitTcpTunnel] failed to send data to tunnel
[04:58:23] [nioEventLoopGroup-2-1/WARN]: [gg.playit.minecraft.PlayitTcpTunnel] failed to send data to tunnel
[04:58:23] [nioEventLoopGroup-2-1/WARN]: [gg.playit.minecraft.PlayitTcpTunnel] failed to send data to tunnel
[04:58:23] [nioEventLoopGroup-2-1/WARN]: [gg.playit.minecraft.PlayitTcpTunnel] failed to send data to tunnel
[04:58:23] [nioEventLoopGroup-2-1/WARN]: [gg.playit.minecraft.PlayitTcpTunnel] failed to send data to tunnel
[04:58:23] [nioEventLoopGroup-2-1/WARN]: [gg.playit.minecraft.PlayitTcpTunnel] failed to send data to tunnel
[04:58:23] [nioEventLoopGroup-2-1/WARN]: [gg.playit.minecraft.PlayitTcpTunnel] failed to send data to tunnel
[04:58:23] [nioEventLoopGroup-2-1/WARN]: [gg.playit.minecraft.PlayitTcpTunnel] failed to send data to tunnel
[04:58:23] [nioEventLoopGroup-2-1/WARN]: [gg.playit.minecraft.PlayitTcpTunnel] failed to send data to tunnel
[04:58:23] [nioEventLoopGroup-2-1/WARN]: [gg.playit.minecraft.PlayitTcpTunnel] failed to send data to tunnel
[04:58:23] [nioEventLoopGroup-2-1/WARN]: [gg.playit.minecraft.PlayitTcpTunnel] failed to send data to tunnel
[04:58:23] [nioEventLoopGroup-2-1/WARN]: [gg.playit.minecraft.PlayitTcpTunnel] failed to send data to tunnel
[04:58:23] [nioEventLoopGroup-2-1/WARN]: [gg.playit.minecraft.PlayitTcpTunnel] failed to send data to tunnel
[04:58:23] [nioEventLoopGroup-2-1/WARN]: [gg.playit.minecraft.PlayitTcpTunnel] failed to send data to tunnel
[04:58:23] [nioEventLoopGroup-2-1/WARN]: [gg.playit.minecraft.PlayitTcpTunnel] failed to send data to tunnel
[04:58:23] [nioEventLoopGroup-2-1/WARN]: [gg.playit.minecraft.PlayitTcpTunnel] failed to send data to tunnel
[04:58:23] [nioEventLoopGroup-2-1/WARN]: [gg.playit.minecraft.PlayitTcpTunnel] failed to send data to tunnel
[04:58:23] [nioEventLoopGroup-2-1/WARN]: [gg.playit.minecraft.PlayitTcpTunnel] failed to send data to tunnel
[04:58:23] [nioEventLoopGroup-2-1/WARN]: [gg.playit.minecraft.PlayitTcpTunnel] failed to send data to tunnel
[04:58:23] [nioEventLoopGroup-2-1/WARN]: [gg.playit.minecraft.PlayitTcpTunnel] failed to send data to tunnel
[04:58:23] [nioEventLoopGroup-2-1/WARN]: [gg.playit.minecraft.PlayitTcpTunnel] failed to send data to tunnel
[04:58:23] [nioEventLoopGroup-2-1/WARN]: [gg.playit.minecraft.PlayitTcpTunnel] failed to send data to tunnel
[04:58:23] [nioEventLoopGroup-2-1/WARN]: [gg.playit.minecraft.PlayitTcpTunnel] failed to send data to tunnel
[04:58:23] [nioEventLoopGroup-2-1/WARN]: [gg.playit.minecraft.PlayitTcpTunnel] failed to send data to tunnel
[04:58:23] [nioEventLoopGroup-2-1/WARN]: [gg.playit.minecraft.PlayitTcpTunnel] failed to send data to tunnel
[04:58:23] [nioEventLoopGroup-2-1/WARN]: [gg.playit.minecraft.PlayitTcpTunnel] failed to send data to tunnel
[04:58:23] [nioEventLoopGroup-2-1/WARN]: [gg.playit.minecraft.PlayitTcpTunnel] failed to send data to tunnel
[04:58:23] [nioEventLoopGroup-2-1/WARN]: [gg.playit.minecraft.PlayitTcpTunnel] failed to send data to tunnel
[04:58:23] [nioEventLoopGroup-2-1/WARN]: [gg.playit.minecraft.PlayitTcpTunnel] failed to send data to tunnel
[04:58:23] [nioEventLoopGroup-2-1/WARN]: [gg.playit.minecraft.PlayitTcpTunnel] failed to send data to tunnel
[04:58:23] [nioEventLoopGroup-2-1/WARN]: [gg.playit.minecraft.PlayitTcpTunnel] failed to send data to tunnel
[04:58:23] [nioEventLoopGroup-2-1/WARN]: [gg.playit.minecraft.PlayitTcpTunnel] failed to send data to tunnel
[04:58:23] [nioEventLoopGroup-2-1/WARN]: [gg.playit.minecraft.PlayitTcpTunnel] failed to send data to tunnel
[04:58:23] [nioEventLoopGroup-2-1/WARN]: [gg.playit.minecraft.PlayitTcpTunnel] failed to send data to tunnel
[04:58:23] [nioEventLoopGroup-2-1/WARN]: [gg.playit.minecraft.PlayitTcpTunnel] failed to send data to tunnel
[04:58:23] [nioEventLoopGroup-2-1/WARN]: [gg.playit.minecraft.PlayitTcpTunnel] failed to send data to tunnel
[04:58:23] [nioEventLoopGroup-2-1/WARN]: [gg.playit.minecraft.PlayitTcpTunnel] failed to send data to tunnel
[04:58:23] [nioEventLoopGroup-2-1/WARN]: [gg.playit.minecraft.PlayitTcpTunnel] failed to send data to tunnel
[04:58:23] [nioEventLoopGroup-2-1/WARN]: [gg.playit.minecraft.PlayitTcpTunnel] failed to send data to tunnel
[04:58:23] [nioEventLoopGroup-2-1/WARN]: [gg.playit.minecraft.PlayitTcpTunnel] failed to send data to tunnel
[04:58:23] [nioEventLoopGroup-2-1/WARN]: [gg.playit.minecraft.PlayitTcpTunnel] failed to send data to tunnel
[04:58:23] [nioEventLoopGroup-2-1/WARN]: [gg.playit.minecraft.PlayitTcpTunnel] failed to send data to tunnel
[04:58:23] [nioEventLoopGroup-2-1/WARN]: [gg.playit.minecraft.PlayitTcpTunnel] failed to send data to tunnel
[04:58:23] [nioEventLoopGroup-2-1/WARN]: [gg.playit.minecraft.PlayitTcpTunnel] failed to send data to tunnel
[04:58:23] [nioEventLoopGroup-2-1/WARN]: [gg.playit.minecraft.PlayitTcpTunnel] failed to send data to tunnel
[04:58:23] [nioEventLoopGroup-2-1/WARN]: [gg.playit.minecraft.PlayitTcpTunnel] failed to send data to tunnel
[04:58:23] [nioEventLoopGroup-2-1/WARN]: [gg.playit.minecraft.PlayitTcpTunnel] failed to send data to tunnel
[04:58:23] [nioEventLoopGroup-2-1/WARN]: [gg.playit.minecraft.PlayitTcpTunnel] failed to send data to tunnel
[04:58:23] [nioEventLoopGroup-2-1/WARN]: [gg.playit.minecraft.PlayitTcpTunnel] failed to send data to tunnel
[04:58:23] [nioEventLoopGroup-2-1/WARN]: [gg.playit.minecraft.PlayitTcpTunnel] failed to send data to tunnel
[04:58:23] [nioEventLoopGroup-2-1/WARN]: [gg.playit.minecraft.PlayitTcpTunnel] failed to send data to tunnel
[04:58:23] [nioEventLoopGroup-2-1/WARN]: [gg.playit.minecraft.PlayitTcpTunnel] failed to send data to tunnel
[04:58:24] [Thread-13/INFO]: [gg.playit.minecraft.PlayitManager] got new client: NewClient{connectAddr=147.185.221.194:36655, peerAddr=14.177.8.247:53995, claimAddress=209.25.142.2:43784, claimToken=[44, 0, 68, -109, -71, -35, -62, -113, 47, 14, -79, 8, -9, -46, -21, 62, -6, 116, -31, -85, 8, 104, -116, 73, 112, 0, 0, 0, 0, 0, 14, -69, 124, 0, 0, 0, 0, 0, 60, 78, -79, 0, 0, 0, 0, 0, 16, 18, -103, -14, -31, -85, 8, 0, 0, 0, 0, 18, 0, 0, 0, 0, 0, 0, 0, 1, 0, 3, 97, 13, 74, 98, 44, 39, 69, 100, -95, -93, 4, -109, -121, -124, 10, 23], tunnelServerId=1, dataCenterId=18}
[04:58:24] [Thread-13/INFO]: [gg.playit.minecraft.PlayitManager] starting tcp tunnel for client
[04:58:24] [Thread-13/INFO]: [gg.playit.minecraft.PlayitTcpTunnel] start connection to /209.25.142.2:43784 to claim client
[04:58:24] [nioEventLoopGroup-2-3/INFO]: [gg.playit.minecraft.PlayitTcpTunnel] connected to tunnel server, sending claim token
[04:58:24] [nioEventLoopGroup-2-3/INFO]: [gg.playit.minecraft.PlayitTcpTunnel] claim token sent
[04:58:24] [nioEventLoopGroup-2-3/INFO]: [gg.playit.minecraft.PlayitTcpTunnel] connection to tunnel server has been established
[04:58:24] [nioEventLoopGroup-2-3/INFO]: [gg.playit.minecraft.PlayitTcpTunnel] Reflect: ReflectionHelper{ServerConnection=class net.minecraft.server.network.ServerConnection, LegacyPingHandler=class net.minecraft.server.network.LegacyPingHandler, MinecraftServer=class net.minecraft.server.MinecraftServer, PacketSplitter=class net.minecraft.network.PacketSplitter, PacketDecoder=class net.minecraft.network.PacketDecoder, EnumProtocolDirection=class net.minecraft.network.protocol.EnumProtocolDirection, PacketPrepender=class net.minecraft.network.PacketPrepender, PacketEncoder=class net.minecraft.network.PacketEncoder, NetworkManagerServer=class net.minecraft.network.NetworkManagerServer, NetworkManager=class net.minecraft.network.NetworkManager, HandshakeListener=class net.minecraft.server.network.HandshakeListener, PacketListener=interface net.minecraft.network.PacketListener, CraftServer=null}
[04:58:24] [nioEventLoopGroup-2-3/INFO]: [gg.playit.minecraft.PlayitTcpTunnel] failed to get Minecraft server from Bukkit.getServer()
[04:58:24] [nioEventLoopGroup-2-3/INFO]: [gg.playit.minecraft.PlayitTcpTunnel] connecting to minecraft server at localhost/127.0.0.1:25565
[04:58:24] [nioEventLoopGroup-2-4/INFO]: [gg.playit.minecraft.PlayitTcpTunnel] connected to local minecraft server
[04:58:26] [Thread-13/INFO]: [gg.playit.minecraft.PlayitManager] got new client: NewClient{connectAddr=147.185.221.194:36655, peerAddr=14.177.8.247:54002, claimAddress=209.25.142.2:43784, claimToken=[44, 0, 68, -109, -71, -35, -62, -113, 47, 14, -79, 8, -9, -46, -14, -82, 0, -51, -79, -85, 8, 104, -116, 73, 114, 0, 0, 0, 0, 0, 14, -69, 124, 0, 0, 0, 0, 0, 60, 78, -79, 0, 0, 0, 0, 0, 16, 18, -103, -127, -79, -85, 8, 0, 0, 0, 0, 18, 0, 0, 0, 0, 0, 0, 0, 1, 0, 1, 72, 48, 77, -34, -1, 9, -14, 30, -31, -57, -105, -85, 111, 125, 25, 42], tunnelServerId=1, dataCenterId=18}
[04:58:26] [Thread-13/INFO]: [gg.playit.minecraft.PlayitManager] starting tcp tunnel for client
[04:58:26] [Thread-13/INFO]: [gg.playit.minecraft.PlayitTcpTunnel] start connection to /209.25.142.2:43784 to claim client
[04:58:26] [nioEventLoopGroup-2-1/INFO]: [gg.playit.minecraft.PlayitTcpTunnel] connected to tunnel server, sending claim token
[04:58:26] [nioEventLoopGroup-2-1/INFO]: [gg.playit.minecraft.PlayitTcpTunnel] claim token sent
[04:58:26] [nioEventLoopGroup-2-1/INFO]: [gg.playit.minecraft.PlayitTcpTunnel] connection to tunnel server has been established
[04:58:26] [nioEventLoopGroup-2-1/INFO]: [gg.playit.minecraft.PlayitTcpTunnel] Reflect: ReflectionHelper{ServerConnection=class net.minecraft.server.network.ServerConnection, LegacyPingHandler=class net.minecraft.server.network.LegacyPingHandler, MinecraftServer=class net.minecraft.server.MinecraftServer, PacketSplitter=class net.minecraft.network.PacketSplitter, PacketDecoder=class net.minecraft.network.PacketDecoder, EnumProtocolDirection=class net.minecraft.network.protocol.EnumProtocolDirection, PacketPrepender=class net.minecraft.network.PacketPrepender, PacketEncoder=class net.minecraft.network.PacketEncoder, NetworkManagerServer=class net.minecraft.network.NetworkManagerServer, NetworkManager=class net.minecraft.network.NetworkManager, HandshakeListener=class net.minecraft.server.network.HandshakeListener, PacketListener=interface net.minecraft.network.PacketListener, CraftServer=null}
[04:58:26] [nioEventLoopGroup-2-1/INFO]: [gg.playit.minecraft.PlayitTcpTunnel] failed to get Minecraft server from Bukkit.getServer()
[04:58:26] [nioEventLoopGroup-2-1/INFO]: [gg.playit.minecraft.PlayitTcpTunnel] connecting to minecraft server at localhost/127.0.0.1:25565
[04:58:26] [nioEventLoopGroup-2-2/INFO]: [gg.playit.minecraft.PlayitTcpTunnel] connected to local minecraft server
[04:58:26] [User Authenticator #1/INFO]: UUID of player axolotlstk is b1616f7d-20ba-3499-aea3-59ab27d4941c
[04:58:26] [Server thread/INFO]: axolotlstk joined the game
[04:58:26] [Server thread/INFO]: axolotlstk[/127.0.0.1:40874] logged in with entity id 494 at ([world]0.4963, 139.0, -15.535)
[04:58:33] [Craft Scheduler Thread - 13 - AuthMe/INFO]: [AuthMe] The user axolotlstk has 14 accounts:
[04:58:33] [Craft Scheduler Thread - 13 - AuthMe/INFO]: [AuthMe] §7§aaxolotlstk§7, staff, stafff, axolotlstkxd, weaked_dummy, weaked_dumm, ditmemay, lailagumayusi, stickwhite, rhyderrr_qa, ootakemaru, bi5556282, quanvip_stk, ccc.
[04:58:33] [Craft Scheduler Thread - 13 - AuthMe/INFO]: [AuthMe] axolotlstk logged in 127.0.0.1
[04:58:37] [Server thread/INFO]: Opening the menu menu.yml to axolotlstk.
[04:58:41] [Server thread/INFO]: axolotlstk issued server command: /class reset confirm
[04:58:42] [Server thread/INFO]: Opening the menu menu.yml to axolotlstk.
[04:58:54] [Server thread/INFO]: Reloading MMOCore 1.12.1-SNAPSHOT...
[04:58:54] [Server thread/WARN]: [MMOCore] Could not find damage cause called 'SONIC_BOOM'
[04:58:54] [Server thread/WARN]: [MMOCore] Could not load subclass 'ARCANE_MAGE' from class 'MAGE': Could not find class with ID 'ARCANE_MAGE'
[04:58:54] [Server thread/WARN]: [MMOCore] Could not load loot chest region 'sample-region' from file 'default_loot_chests.yml': Could not find world 'world_name_here'
[04:58:54] [Server thread/WARN]: [MMOCore] Could not load loot chest region 'sample-region' from file 'loot-chests.yml': Could not find world 'world_name_here'
[04:58:54] [Server thread/WARN]: [MMOCore] Could not load waypoint 'spawn' from file 'waypoints.yml': There is already a waypoint with ID 'spawn'
[04:58:54] [Server thread/WARN]: [MMOCore] Could not load waypoint 'spawn1' from file 'waypoints.yml': There is already a waypoint with ID 'spawn1'
[04:58:54] [Server thread/WARN]: [MMOCore] Could not load waypoint 'spawn2' from file 'waypoints.yml': There is already a waypoint with ID 'spawn2'
[04:58:54] [Server thread/WARN]: [MMOCore] Could not load item 'arcane-mage' from inventory 'subclass-select': Could not find class with ID 'ARCANE_MAGE'
[04:58:54] [Server thread/INFO]: MMOCore 1.12.1-SNAPSHOT successfully reloaded.
[04:58:54] [Server thread/INFO]: Time Taken: 93ms (1.86 ticks)
[04:59:04] [Server thread/INFO]: Killed 4 entities
[04:59:15] [Server thread/INFO]: axolotlstk issued server command: /class profess smoke
[04:59:22] [Server thread/INFO]: You have given axolotlstk 1000.0 experience
[04:59:22] [Server thread/INFO]: Named entity EntitySpider['Nhện [0.8]'/627, uuid='8e5f9731-c936-4320-b09e-1a43089346a7', l='ServerLevel[world]', x=36.70, y=62.10, z=-87.70, cpos=[2, -6], tl=191, v=true] died: Nhện [0.8] suffocated in a wall
[04:59:23] [Server thread/INFO]: You have given axolotlstk 1000.0 experience
[04:59:24] [Server thread/INFO]: You have given axolotlstk 1000.0 experience
[04:59:25] [Server thread/INFO]: You have given axolotlstk 1000.0 experience
[04:59:26] [Server thread/INFO]: You have given axolotlstk 1000.0 experience
[04:59:26] [Server thread/INFO]: You have given axolotlstk 1000.0 experience
[04:59:26] [Server thread/INFO]: You have given axolotlstk 1000.0 experience
[04:59:26] [Server thread/INFO]: You have given axolotlstk 1000.0 experience
[04:59:26] [Server thread/INFO]: Named entity EntitySkeletonWither['Hiệp Sĩ Xương [0.5]'/583, uuid='cfb29d31-d1b3-4910-845a-717693b63acc', l='ServerLevel[world]', x=-90.50, y=62.00, z=7.50, cpos=[-6, 0], tl=492, v=true] died: Hiệp Sĩ Xương [0.5] suffocated in a wall
[04:59:26] [Server thread/INFO]: You have given axolotlstk 1000.0 experience
[04:59:27] [Server thread/INFO]: You have given axolotlstk 1000.0 experience
[04:59:27] [Server thread/INFO]: You have given axolotlstk 1000.0 experience
[04:59:27] [Server thread/INFO]: You have given axolotlstk 1000.0 experience
[04:59:27] [Server thread/INFO]: You have given axolotlstk 1000.0 experience
[04:59:27] [Server thread/INFO]: You have given axolotlstk 1000.0 experience
[04:59:28] [Server thread/INFO]: You have given axolotlstk 1000.0 experience
[04:59:28] [Server thread/INFO]: You have given axolotlstk 1000.0 experience
[04:59:28] [Server thread/INFO]: You have given axolotlstk 1000.0 experience
[04:59:28] [Server thread/INFO]: You have given axolotlstk 1000.0 experience
[04:59:28] [Server thread/INFO]: You have given axolotlstk 1000.0 experience
[04:59:29] [Server thread/INFO]: You have given axolotlstk 1000.0 experience
[04:59:29] [Server thread/INFO]: You have given axolotlstk 1000.0 experience
[04:59:29] [Server thread/INFO]: You have given axolotlstk 1000.0 experience
[04:59:29] [Server thread/INFO]: You have given axolotlstk 1000.0 experience
[04:59:29] [Server thread/INFO]: You have given axolotlstk 1000.0 experience
[04:59:30] [Server thread/INFO]: You have given axolotlstk 1000.0 experience
[04:59:30] [Server thread/INFO]: You have given axolotlstk 1000.0 experience
[04:59:30] [Server thread/INFO]: You have given axolotlstk 1000.0 experience
[04:59:30] [Server thread/INFO]: You have given axolotlstk 1000.0 experience
[04:59:30] [Server thread/INFO]: You have given axolotlstk 1000.0 experience
[04:59:31] [Server thread/INFO]: You have given axolotlstk 1000.0 experience
[04:59:31] [Server thread/INFO]: You have given axolotlstk 1000.0 experience
[04:59:31] [Server thread/INFO]: You have given axolotlstk 1000.0 experience
[04:59:31] [Server thread/INFO]: You have given axolotlstk 1000.0 experience
[04:59:31] [Server thread/INFO]: You have given axolotlstk 1000.0 experience
[04:59:32] [Server thread/INFO]: You have given axolotlstk 1000.0 experience
[04:59:32] [Server thread/INFO]: You have given axolotlstk 1000.0 experience
[04:59:32] [Server thread/INFO]: You have given axolotlstk 1000.0 experience
[04:59:32] [Server thread/INFO]: You have given axolotlstk 1000.0 experience
[04:59:32] [Server thread/INFO]: You have given axolotlstk 1000.0 experience
[04:59:33] [Server thread/INFO]: You have given axolotlstk 1000.0 experience
[04:59:33] [Server thread/INFO]: You have given axolotlstk 1000.0 experience
[04:59:34] [Server thread/INFO]: You have given axolotlstk 1000.0 experience
[04:59:34] [Server thread/INFO]: You have given axolotlstk 1000.0 experience
[04:59:34] [Server thread/INFO]: You have given axolotlstk 1000.0 experience
[04:59:34] [Server thread/INFO]: You have given axolotlstk 1000.0 experience
[04:59:35] [Server thread/INFO]: You have given axolotlstk 1000.0 experience
[04:59:35] [Server thread/INFO]: You have given axolotlstk 1000.0 experience
[04:59:36] [Server thread/INFO]: You have given axolotlstk 1000.0 experience
[04:59:36] [Server thread/INFO]: You have given axolotlstk 1000.0 experience
[04:59:36] [Server thread/INFO]: You have given axolotlstk 1000.0 experience
[04:59:37] [Server thread/INFO]: You have given axolotlstk 1000.0 experience
[04:59:37] [Server thread/INFO]: You have given axolotlstk 1000.0 experience
[04:59:37] [Server thread/INFO]: You have given axolotlstk 1000.0 experience
[04:59:37] [Server thread/INFO]: You have given axolotlstk 1000.0 experience
[04:59:38] [Server thread/INFO]: You have given axolotlstk 1000.0 experience
[04:59:38] [Server thread/INFO]: You have given axolotlstk 1000.0 experience
[04:59:38] [Server thread/INFO]: You have given axolotlstk 1000.0 experience
[04:59:38] [Server thread/INFO]: You have given axolotlstk 1000.0 experience
[04:59:39] [Server thread/INFO]: You have given axolotlstk 1000.0 experience
[04:59:39] [Server thread/INFO]: You have given axolotlstk 1000.0 experience
[04:59:39] [Server thread/INFO]: You have given axolotlstk 1000.0 experience
[04:59:40] [Server thread/INFO]: You have given axolotlstk 1000.0 experience
[04:59:40] [Server thread/INFO]: You have given axolotlstk 1000.0 experience
[04:59:41] [Server thread/INFO]: You have given axolotlstk 1000.0 experience
[04:59:45] [Server thread/INFO]: You have given axolotlstk 1000.0 experience
[04:59:45] [Server thread/INFO]: You have given axolotlstk 1000.0 experience
[04:59:45] [Server thread/INFO]: You have given axolotlstk 1000.0 experience
[04:59:46] [Server thread/INFO]: You have given axolotlstk 1000.0 experience
[04:59:46] [Server thread/INFO]: You have given axolotlstk 1000.0 experience
[04:59:46] [Server thread/INFO]: You have given axolotlstk 1000.0 experience
[04:59:46] [Server thread/INFO]: You have given axolotlstk 1000.0 experience
[04:59:46] [Server thread/INFO]: You have given axolotlstk 1000.0 experience
[04:59:47] [Server thread/INFO]: You have given axolotlstk 1000.0 experience
[04:59:47] [Server thread/INFO]: You have given axolotlstk 1000.0 experience
[04:59:47] [Server thread/INFO]: You have given axolotlstk 1000.0 experience
[04:59:47] [Server thread/INFO]: You have given axolotlstk 1000.0 experience
[04:59:47] [Server thread/INFO]: You have given axolotlstk 1000.0 experience
[04:59:48] [Server thread/INFO]: You have given axolotlstk 1000.0 experience
[04:59:48] [Server thread/INFO]: You have given axolotlstk 1000.0 experience
[04:59:49] [Server thread/INFO]: You have given axolotlstk 1000.0 experience
[04:59:49] [Server thread/INFO]: You have given axolotlstk 1000.0 experience
[04:59:50] [Server thread/INFO]: You have given axolotlstk 1000.0 experience
[04:59:50] [Server thread/INFO]: You have given axolotlstk 1000.0 experience
[04:59:51] [Server thread/INFO]: You have given axolotlstk 1000.0 experience
[04:59:51] [Server thread/INFO]: You have given axolotlstk 1000.0 experience
[04:59:52] [Server thread/INFO]: You have given axolotlstk 1000.0 experience
[04:59:54] [Server thread/INFO]: You have given axolotlstk 1000.0 experience
[04:59:59] [Server thread/INFO]: Opening the menu menu.yml to axolotlstk.
[05:00:00] [Server thread/INFO]: Reloading MMOCore 1.12.1-SNAPSHOT...
[05:00:00] [Server thread/WARN]: [MMOCore] Could not find damage cause called 'SONIC_BOOM'
[05:00:00] [Server thread/WARN]: [MMOCore] Could not load subclass 'ARCANE_MAGE' from class 'MAGE': Could not find class with ID 'ARCANE_MAGE'
[05:00:00] [Server thread/WARN]: [MMOCore] Could not load loot chest region 'sample-region' from file 'default_loot_chests.yml': Could not find world 'world_name_here'
[05:00:00] [Server thread/WARN]: [MMOCore] Could not load loot chest region 'sample-region' from file 'loot-chests.yml': Could not find world 'world_name_here'
[05:00:00] [Server thread/WARN]: [MMOCore] Could not load waypoint 'spawn' from file 'waypoints.yml': There is already a waypoint with ID 'spawn'
[05:00:00] [Server thread/WARN]: [MMOCore] Could not load waypoint 'spawn1' from file 'waypoints.yml': There is already a waypoint with ID 'spawn1'
[05:00:00] [Server thread/WARN]: [MMOCore] Could not load waypoint 'spawn2' from file 'waypoints.yml': There is already a waypoint with ID 'spawn2'
[05:00:00] [Server thread/WARN]: [MMOCore] Could not load item 'arcane-mage' from inventory 'subclass-select': Could not find class with ID 'ARCANE_MAGE'
[05:00:00] [Server thread/INFO]: MMOCore 1.12.1-SNAPSHOT successfully reloaded.
[05:00:00] [Server thread/INFO]: Time Taken: 93ms (1.86 ticks)
[05:00:02] [Server thread/INFO]: axolotlstk issued server command: /class skill
[05:00:15] [Server thread/INFO]: No entity was found
[05:00:26] [Thread-13/INFO]: [gg.playit.control.ChannelSetup] send keep alive
[05:00:35] [Thread-13/INFO]: [gg.playit.minecraft.PlayitManager] got new client: NewClient{connectAddr=198.22.205.194:36655, peerAddr=185.165.44.22:60946, claimAddress=209.25.142.2:43783, claimToken=[44, 0, 68, -58, 22, -51, -62, -113, 47, -71, -91, 44, 22, -18, 18, -37, 31, -43, -50, -85, 7, 104, -116, 73, -13, 0, 0, 0, 0, 0, 14, -69, 124, 0, 0, 0, 0, 0, 60, 78, -79, 0, 0, 0, 0, 0, 16, 18, -103, 106, -50, -85, 7, 0, 0, 0, 0, 46, 0, 0, 0, 0, 0, 0, 0, 1, 0, 2, -73, 5, 119, -93, 1, 125, 107, -113, 17, -107, 1, 75, -73, -41, -116, 93], tunnelServerId=1, dataCenterId=46}
[05:00:35] [Thread-13/INFO]: [gg.playit.minecraft.PlayitManager] starting tcp tunnel for client
[05:00:35] [Thread-13/INFO]: [gg.playit.minecraft.PlayitTcpTunnel] start connection to /209.25.142.2:43783 to claim client
[05:00:35] [nioEventLoopGroup-2-3/INFO]: [gg.playit.minecraft.PlayitTcpTunnel] connected to tunnel server, sending claim token
[05:00:35] [nioEventLoopGroup-2-3/INFO]: [gg.playit.minecraft.PlayitTcpTunnel] claim token sent
[05:00:35] [nioEventLoopGroup-2-3/INFO]: [gg.playit.minecraft.PlayitTcpTunnel] connection to tunnel server has been established
[05:00:35] [nioEventLoopGroup-2-3/INFO]: [gg.playit.minecraft.PlayitTcpTunnel] Reflect: ReflectionHelper{ServerConnection=class net.minecraft.server.network.ServerConnection, LegacyPingHandler=class net.minecraft.server.network.LegacyPingHandler, MinecraftServer=class net.minecraft.server.MinecraftServer, PacketSplitter=class net.minecraft.network.PacketSplitter, PacketDecoder=class net.minecraft.network.PacketDecoder, EnumProtocolDirection=class net.minecraft.network.protocol.EnumProtocolDirection, PacketPrepender=class net.minecraft.network.PacketPrepender, PacketEncoder=class net.minecraft.network.PacketEncoder, NetworkManagerServer=class net.minecraft.network.NetworkManagerServer, NetworkManager=class net.minecraft.network.NetworkManager, HandshakeListener=class net.minecraft.server.network.HandshakeListener, PacketListener=interface net.minecraft.network.PacketListener, CraftServer=null}
[05:00:35] [nioEventLoopGroup-2-3/INFO]: [gg.playit.minecraft.PlayitTcpTunnel] failed to get Minecraft server from Bukkit.getServer()
[05:00:35] [nioEventLoopGroup-2-3/INFO]: [gg.playit.minecraft.PlayitTcpTunnel] connecting to minecraft server at localhost/127.0.0.1:25565
[05:00:35] [nioEventLoopGroup-2-4/INFO]: [gg.playit.minecraft.PlayitTcpTunnel] connected to local minecraft server
[05:00:38] [Thread-13/INFO]: [gg.playit.control.ChannelSetup] send keep alive
[05:00:55] [Thread-13/INFO]: [gg.playit.minecraft.PlayitManager] got new client: NewClient{connectAddr=198.22.204.194:36655, peerAddr=185.165.44.22:43566, claimAddress=209.25.142.2:43783, claimToken=[44, 0, 68, -58, 22, -52, -62, -113, 47, -71, -91, 44, 22, -86, 46, -67, -123, 61, 100, -85, 7, 104, -116, 74, 7, 0, 0, 0, 0, 0, 14, -69, 124, 0, 0, 0, 0, 0, 60, 78, -79, 0, 0, 0, 0, 0, 16, 18, -103, 73, 100, -85, 7, 0, 0, 0, 0, 20, 0, 0, 0, 0, 0, 0, 0, 4, 0, 0, 19, -79, -114, -33, 30, -24, 65, -89, -5, -65, -37, -93, -9, -104, 118, 100], tunnelServerId=4, dataCenterId=20}
[05:00:55] [Thread-13/INFO]: [gg.playit.minecraft.PlayitManager] starting tcp tunnel for client
[05:00:55] [Thread-13/INFO]: [gg.playit.minecraft.PlayitTcpTunnel] start connection to /209.25.142.2:43783 to claim client
[05:00:55] [nioEventLoopGroup-2-1/INFO]: [gg.playit.minecraft.PlayitTcpTunnel] connected to tunnel server, sending claim token
[05:00:55] [nioEventLoopGroup-2-1/INFO]: [gg.playit.minecraft.PlayitTcpTunnel] claim token sent
[05:00:55] [nioEventLoopGroup-2-1/INFO]: [gg.playit.minecraft.PlayitTcpTunnel] connection to tunnel server has been established
[05:00:55] [nioEventLoopGroup-2-1/INFO]: [gg.playit.minecraft.PlayitTcpTunnel] Reflect: ReflectionHelper{ServerConnection=class net.minecraft.server.network.ServerConnection, LegacyPingHandler=class net.minecraft.server.network.LegacyPingHandler, MinecraftServer=class net.minecraft.server.MinecraftServer, PacketSplitter=class net.minecraft.network.PacketSplitter, PacketDecoder=class net.minecraft.network.PacketDecoder, EnumProtocolDirection=class net.minecraft.network.protocol.EnumProtocolDirection, PacketPrepender=class net.minecraft.network.PacketPrepender, PacketEncoder=class net.minecraft.network.PacketEncoder, NetworkManagerServer=class net.minecraft.network.NetworkManagerServer, NetworkManager=class net.minecraft.network.NetworkManager, HandshakeListener=class net.minecraft.server.network.HandshakeListener, PacketListener=interface net.minecraft.network.PacketListener, CraftServer=null}
[05:00:55] [nioEventLoopGroup-2-1/INFO]: [gg.playit.minecraft.PlayitTcpTunnel] failed to get Minecraft server from Bukkit.getServer()
[05:00:55] [nioEventLoopGroup-2-1/INFO]: [gg.playit.minecraft.PlayitTcpTunnel] connecting to minecraft server at localhost/127.0.0.1:25565
[05:00:55] [nioEventLoopGroup-2-2/INFO]: [gg.playit.minecraft.PlayitTcpTunnel] connected to local minecraft server
[05:01:05] [Server thread/INFO]: [TheosisEconomy] Deposited 1 to axolotlstk's (b1616f7d-20ba-3499-aea3-59ab27d4941c) balance.
[05:01:05] [Server thread/ERROR]: Could not pass event EntityDeathEvent to MMOCore v1.12.1-SNAPSHOT
java.lang.IncompatibleClassChangeError: Method 'io.lumine.mythic.lib.hologram.Hologram io.lumine.mythic.lib.hologram.Hologram.create(org.bukkit.Location, java.util.List)' must be Methodref constant
	at net.Indyuce.mmocore.api.util.MMOCoreUtils.displayIndicator(MMOCoreUtils.java:115) ~[MMOCore-1.12.1-SNAPSHOT.jar:?]
	at net.Indyuce.mmocore.api.player.PlayerData.giveExperience(PlayerData.java:950) ~[MMOCore-1.12.1-SNAPSHOT.jar:?]
	at net.Indyuce.mmocore.api.player.profess.PlayerClass.giveExperience(PlayerClass.java:367) ~[MMOCore-1.12.1-SNAPSHOT.jar:?]
	at net.Indyuce.mmocore.experience.source.type.SpecificExperienceSource.giveExperience(SpecificExperienceSource.java:57) ~[MMOCore-1.12.1-SNAPSHOT.jar:?]
	at net.Indyuce.mmocore.experience.source.KillMobExperienceSource$Manager.giveExp(KillMobExperienceSource.java:81) ~[MMOCore-1.12.1-SNAPSHOT.jar:?]
	at com.destroystokyo.paper.event.executor.MethodHandleEventExecutor.execute(MethodHandleEventExecutor.java:37) ~[paper-api-1.18.2-R0.1-SNAPSHOT.jar:?]
	at co.aikar.timings.TimedEventExecutor.execute(TimedEventExecutor.java:80) ~[paper-api-1.18.2-R0.1-SNAPSHOT.jar:git-Paper-388]
	at org.bukkit.plugin.RegisteredListener.callEvent(RegisteredListener.java:70) ~[paper-api-1.18.2-R0.1-SNAPSHOT.jar:?]
	at org.bukkit.plugin.SimplePluginManager.callEvent(SimplePluginManager.java:669) ~[paper-api-1.18.2-R0.1-SNAPSHOT.jar:?]
	at org.bukkit.craftbukkit.v1_18_R2.event.CraftEventFactory.callEntityDeathEvent(CraftEventFactory.java:876) ~[paper-1.18.2.jar:git-Paper-388]
	at net.minecraft.world.entity.LivingEntity.dropAllDeathLoot(LivingEntity.java:1726) ~[?:?]
	at net.minecraft.world.entity.LivingEntity.die(LivingEntity.java:1624) ~[?:?]
	at net.minecraft.world.entity.LivingEntity.hurt(LivingEntity.java:1452) ~[?:?]
	at net.minecraft.world.entity.monster.Zombie.hurt(Zombie.java:317) ~[?:?]
	at org.bukkit.craftbukkit.v1_18_R2.entity.CraftLivingEntity.damage(CraftLivingEntity.java:363) ~[paper-1.18.2.jar:git-Paper-388]
	at studio.magemonkey.fabled.api.skills.Skill.damage(Skill.java:845) ~[fabled-1.0.4-R0.1-20241114.071356-1 (1).jar:?]
	at studio.magemonkey.fabled.dynamic.mechanic.DamageMechanic.execute(DamageMechanic.java:82) ~[fabled-1.0.4-R0.1-20241114.071356-1 (1).jar:?]
	at studio.magemonkey.fabled.dynamic.EffectComponent.executeChildren(EffectComponent.java:233) ~[fabled-1.0.4-R0.1-20241114.071356-1 (1).jar:?]
	at studio.magemonkey.fabled.dynamic.target.TargetComponent.execute(TargetComponent.java:57) ~[fabled-1.0.4-R0.1-20241114.071356-1 (1).jar:?]
	at studio.magemonkey.fabled.dynamic.EffectComponent.executeChildren(EffectComponent.java:233) ~[fabled-1.0.4-R0.1-20241114.071356-1 (1).jar:?]
	at studio.magemonkey.fabled.dynamic.target.TargetComponent.execute(TargetComponent.java:57) ~[fabled-1.0.4-R0.1-20241114.071356-1 (1).jar:?]
	at studio.magemonkey.fabled.dynamic.EffectComponent.executeChildren(EffectComponent.java:233) ~[fabled-1.0.4-R0.1-20241114.071356-1 (1).jar:?]
	at studio.magemonkey.fabled.dynamic.mechanic.RepeatMechanic.execute(RepeatMechanic.java:95) ~[fabled-1.0.4-R0.1-20241114.071356-1 (1).jar:?]
	at studio.magemonkey.fabled.dynamic.mechanic.RepeatMechanic$RepeatTask.run(RepeatMechanic.java:156) ~[fabled-1.0.4-R0.1-20241114.071356-1 (1).jar:?]
	at org.bukkit.craftbukkit.v1_18_R2.scheduler.CraftTask.run(CraftTask.java:101) ~[paper-1.18.2.jar:git-Paper-388]
	at org.bukkit.craftbukkit.v1_18_R2.scheduler.CraftScheduler.mainThreadHeartbeat(CraftScheduler.java:483) ~[paper-1.18.2.jar:git-Paper-388]
	at net.minecraft.server.MinecraftServer.tickChildren(MinecraftServer.java:1532) ~[paper-1.18.2.jar:git-Paper-388]
	at net.minecraft.server.dedicated.DedicatedServer.tickChildren(DedicatedServer.java:483) ~[paper-1.18.2.jar:git-Paper-388]
	at net.minecraft.server.MinecraftServer.tickServer(MinecraftServer.java:1456) ~[paper-1.18.2.jar:git-Paper-388]
	at net.minecraft.server.MinecraftServer.runServer(MinecraftServer.java:1226) ~[paper-1.18.2.jar:git-Paper-388]
	at net.minecraft.server.MinecraftServer.lambda$spin$0(MinecraftServer.java:316) ~[paper-1.18.2.jar:git-Paper-388]
	at java.lang.Thread.run(Thread.java:1583) ~[?:?]
[05:01:05] [Server thread/INFO]: Named entity EntityZombie['[2] [2.36] Xác Sống'/908, uuid='467eef12-e3c1-49fa-8f0d-e356e43c8cfc', l='ServerLevel[Spawn]', x=-1336.87, y=70.00, z=-405.91, cpos=[-84, -26], tl=280, v=true] died: [2] [2.36] Xác Sống was slain by axolotlstk using [Đao Quái Thú]
[05:01:05] [Server thread/INFO]: [TheosisEconomy] Deposited 1 to axolotlstk's (b1616f7d-20ba-3499-aea3-59ab27d4941c) balance.
[05:01:05] [Server thread/INFO]: Named entity EntityPig['[1] [1.3] Lợn Điên'/914, uuid='6381d9f3-f76c-4833-8577-21501459b1a3', l='ServerLevel[Spawn]', x=-1336.21, y=70.50, z=-404.03, cpos=[-84, -26], tl=240, v=true] died: [1] [1.3] Lợn Điên was slain by axolotlstk using [Đao Quái Thú]
[05:01:05] [Server thread/INFO]: [TheosisEconomy] Deposited 1 to axolotlstk's (b1616f7d-20ba-3499-aea3-59ab27d4941c) balance.
[05:01:05] [Server thread/INFO]: Named entity EntityPig['[1] [7.61] Lợn Điên'/912, uuid='0f0dc204-9c7b-4c91-a210-6869929e6310', l='ServerLevel[Spawn]', x=-1335.57, y=70.50, z=-405.17, cpos=[-84, -26], tl=281, v=true] died: [1] [7.61] Lợn Điên was slain by axolotlstk using [Đao Quái Thú]
[05:01:05] [Server thread/INFO]: [TheosisEconomy] Deposited 1 to axolotlstk's (b1616f7d-20ba-3499-aea3-59ab27d4941c) balance.
[05:01:05] [Server thread/INFO]: Named entity EntityPig['[1] [1.8] Lợn Điên'/911, uuid='1be6b933-61c5-4d3e-985b-993decb54e82', l='ServerLevel[Spawn]', x=-1336.46, y=70.00, z=-404.98, cpos=[-84, -26], tl=282, v=true] died: [1] [1.8] Lợn Điên was slain by axolotlstk using [Đao Quái Thú]
[05:01:06] [Server thread/INFO]: Reloading MMOCore 1.12.1-SNAPSHOT...
[05:01:06] [Server thread/WARN]: [MMOCore] Could not find damage cause called 'SONIC_BOOM'
[05:01:06] [Server thread/WARN]: [MMOCore] Could not load subclass 'ARCANE_MAGE' from class 'MAGE': Could not find class with ID 'ARCANE_MAGE'
[05:01:06] [Server thread/WARN]: [MMOCore] Could not load loot chest region 'sample-region' from file 'default_loot_chests.yml': Could not find world 'world_name_here'
[05:01:06] [Server thread/WARN]: [MMOCore] Could not load loot chest region 'sample-region' from file 'loot-chests.yml': Could not find world 'world_name_here'
[05:01:06] [Server thread/WARN]: [MMOCore] Could not load waypoint 'spawn' from file 'waypoints.yml': There is already a waypoint with ID 'spawn'
[05:01:06] [Server thread/WARN]: [MMOCore] Could not load waypoint 'spawn1' from file 'waypoints.yml': There is already a waypoint with ID 'spawn1'
[05:01:06] [Server thread/WARN]: [MMOCore] Could not load waypoint 'spawn2' from file 'waypoints.yml': There is already a waypoint with ID 'spawn2'
[05:01:06] [Server thread/WARN]: [MMOCore] Could not load item 'arcane-mage' from inventory 'subclass-select': Could not find class with ID 'ARCANE_MAGE'
[05:01:06] [Server thread/INFO]: MMOCore 1.12.1-SNAPSHOT successfully reloaded.
[05:01:06] [Server thread/INFO]: Time Taken: 132ms (2.64 ticks)
[05:01:08] [Server thread/INFO]: [TheosisEconomy] Deposited 1 to axolotlstk's (b1616f7d-20ba-3499-aea3-59ab27d4941c) balance.
[05:01:08] [Server thread/INFO]: Named entity EntityPig['[1] [1.3] Lợn Điên'/910, uuid='711f9dee-37b6-4a8c-b282-b6fefe1d18e0', l='ServerLevel[Spawn]', x=-1337.50, y=69.00, z=-414.83, cpos=[-84, -26], tl=340, v=true] died: [1] [1.3] Lợn Điên was slain by axolotlstk using [Đao Quái Thú]
[05:01:08] [Server thread/INFO]: [TheosisEconomy] Deposited 1 to axolotlstk's (b1616f7d-20ba-3499-aea3-59ab27d4941c) balance.
[05:01:08] [Server thread/ERROR]: Could not pass event EntityDeathEvent to MMOCore v1.12.1-SNAPSHOT
java.lang.IncompatibleClassChangeError: Method 'io.lumine.mythic.lib.hologram.Hologram io.lumine.mythic.lib.hologram.Hologram.create(org.bukkit.Location, java.util.List)' must be Methodref constant
	at net.Indyuce.mmocore.api.util.MMOCoreUtils.displayIndicator(MMOCoreUtils.java:115) ~[MMOCore-1.12.1-SNAPSHOT.jar:?]
	at net.Indyuce.mmocore.api.player.PlayerData.giveExperience(PlayerData.java:950) ~[MMOCore-1.12.1-SNAPSHOT.jar:?]
	at net.Indyuce.mmocore.api.player.profess.PlayerClass.giveExperience(PlayerClass.java:367) ~[MMOCore-1.12.1-SNAPSHOT.jar:?]
	at net.Indyuce.mmocore.experience.source.type.SpecificExperienceSource.giveExperience(SpecificExperienceSource.java:57) ~[MMOCore-1.12.1-SNAPSHOT.jar:?]
	at net.Indyuce.mmocore.experience.source.KillMobExperienceSource$Manager.giveExp(KillMobExperienceSource.java:81) ~[MMOCore-1.12.1-SNAPSHOT.jar:?]
	at com.destroystokyo.paper.event.executor.MethodHandleEventExecutor.execute(MethodHandleEventExecutor.java:37) ~[paper-api-1.18.2-R0.1-SNAPSHOT.jar:?]
	at co.aikar.timings.TimedEventExecutor.execute(TimedEventExecutor.java:80) ~[paper-api-1.18.2-R0.1-SNAPSHOT.jar:git-Paper-388]
	at org.bukkit.plugin.RegisteredListener.callEvent(RegisteredListener.java:70) ~[paper-api-1.18.2-R0.1-SNAPSHOT.jar:?]
	at org.bukkit.plugin.SimplePluginManager.callEvent(SimplePluginManager.java:669) ~[paper-api-1.18.2-R0.1-SNAPSHOT.jar:?]
	at org.bukkit.craftbukkit.v1_18_R2.event.CraftEventFactory.callEntityDeathEvent(CraftEventFactory.java:876) ~[paper-1.18.2.jar:git-Paper-388]
	at net.minecraft.world.entity.LivingEntity.dropAllDeathLoot(LivingEntity.java:1726) ~[?:?]
	at net.minecraft.world.entity.LivingEntity.die(LivingEntity.java:1624) ~[?:?]
	at net.minecraft.world.entity.LivingEntity.hurt(LivingEntity.java:1452) ~[?:?]
	at net.minecraft.world.entity.monster.Zombie.hurt(Zombie.java:317) ~[?:?]
	at org.bukkit.craftbukkit.v1_18_R2.entity.CraftLivingEntity.damage(CraftLivingEntity.java:363) ~[paper-1.18.2.jar:git-Paper-388]
	at studio.magemonkey.fabled.api.skills.Skill.damage(Skill.java:841) ~[fabled-1.0.4-R0.1-20241114.071356-1 (1).jar:?]
	at studio.magemonkey.fabled.dynamic.mechanic.DamageMechanic.execute(DamageMechanic.java:82) ~[fabled-1.0.4-R0.1-20241114.071356-1 (1).jar:?]
	at studio.magemonkey.fabled.dynamic.EffectComponent.executeChildren(EffectComponent.java:233) ~[fabled-1.0.4-R0.1-20241114.071356-1 (1).jar:?]
	at studio.magemonkey.fabled.dynamic.mechanic.RepeatMechanic.execute(RepeatMechanic.java:95) ~[fabled-1.0.4-R0.1-20241114.071356-1 (1).jar:?]
	at studio.magemonkey.fabled.dynamic.mechanic.RepeatMechanic$RepeatTask.run(RepeatMechanic.java:156) ~[fabled-1.0.4-R0.1-20241114.071356-1 (1).jar:?]
	at org.bukkit.craftbukkit.v1_18_R2.scheduler.CraftTask.run(CraftTask.java:101) ~[paper-1.18.2.jar:git-Paper-388]
	at org.bukkit.craftbukkit.v1_18_R2.scheduler.CraftScheduler.mainThreadHeartbeat(CraftScheduler.java:483) ~[paper-1.18.2.jar:git-Paper-388]
	at net.minecraft.server.MinecraftServer.tickChildren(MinecraftServer.java:1532) ~[paper-1.18.2.jar:git-Paper-388]
	at net.minecraft.server.dedicated.DedicatedServer.tickChildren(DedicatedServer.java:483) ~[paper-1.18.2.jar:git-Paper-388]
	at net.minecraft.server.MinecraftServer.tickServer(MinecraftServer.java:1456) ~[paper-1.18.2.jar:git-Paper-388]
	at net.minecraft.server.MinecraftServer.runServer(MinecraftServer.java:1226) ~[paper-1.18.2.jar:git-Paper-388]
	at net.minecraft.server.MinecraftServer.lambda$spin$0(MinecraftServer.java:316) ~[paper-1.18.2.jar:git-Paper-388]
	at java.lang.Thread.run(Thread.java:1583) ~[?:?]
[05:01:08] [Server thread/INFO]: Named entity EntityZombie['[2] [0.4] Xác Sống'/913, uuid='f48004e7-da62-4122-8784-f276887eacd7', l='ServerLevel[Spawn]', x=-1337.50, y=69.00, z=-412.68, cpos=[-84, -26], tl=300, v=true] died: [2] [0.4] Xác Sống was slain by axolotlstk using [Đao Quái Thú]
[05:01:14] [Server thread/INFO]: [TheosisEconomy] Deposited 1 to axolotlstk's (b1616f7d-20ba-3499-aea3-59ab27d4941c) balance.
[05:01:14] [Server thread/INFO]: Named entity EntityPig['[1] [2.0] Lợn Điên'/909, uuid='6fd68d8e-2fbb-40bd-8a53-cb9e05f495ae', l='ServerLevel[Spawn]', x=-1324.54, y=68.00, z=-424.68, cpos=[-83, -27], tl=459, v=true] died: [1] [2.0] Lợn Điên was slain by axolotlstk using [Đao Quái Thú]
[05:01:15] [Server thread/INFO]: [TheosisEconomy] Deposited 1 to axolotlstk's (b1616f7d-20ba-3499-aea3-59ab27d4941c) balance.
[05:01:15] [Server thread/INFO]: Named entity EntityPig['[1] [2.0] Lợn Điên'/965, uuid='8d684714-3156-4df3-972e-80ea2f53ac1d', l='ServerLevel[Spawn]', x=-1320.52, y=68.00, z=-422.75, cpos=[-83, -27], tl=66, v=true] died: [1] [2.0] Lợn Điên was slain by axolotlstk using [Đao Quái Thú]
[05:01:20] [Server thread/INFO]: [TheosisEconomy] Deposited 1 to axolotlstk's (b1616f7d-20ba-3499-aea3-59ab27d4941c) balance.
[05:01:20] [Server thread/INFO]: Named entity EntityPig['[1] [2.0] Lợn Điên'/964, uuid='328df12a-207d-47d8-9c99-832f0ec423fb', l='ServerLevel[Spawn]', x=-1312.17, y=67.00, z=-432.93, cpos=[-83, -28], tl=169, v=true] died: [1] [2.0] Lợn Điên was slain by axolotlstk using [Đao Quái Thú]
[05:01:23] [Server thread/INFO]: [TheosisEconomy] Deposited 1 to axolotlstk's (b1616f7d-20ba-3499-aea3-59ab27d4941c) balance.
[05:01:23] [Server thread/INFO]: Named entity EntityPig['[1] [5.0] Lợn Điên'/985, uuid='53e729bc-ac36-4454-b8d7-9abd5ba3f6a7', l='ServerLevel[Spawn]', x=-1309.64, y=67.00, z=-425.66, cpos=[-82, -27], tl=104, v=true] died: [1] [5.0] Lợn Điên was slain by axolotlstk using [Đao Quái Thú]
[05:01:26] [Server thread/INFO]: No entity was found
[05:01:33] [Server thread/INFO]: [TheosisEconomy] Deposited 1 to axolotlstk's (b1616f7d-20ba-3499-aea3-59ab27d4941c) balance.
[05:01:33] [Server thread/INFO]: Named entity EntityPig['[1] [3.5] Lợn Điên'/986, uuid='f022c60b-e45d-4430-8bba-7ee62c45e10a', l='ServerLevel[Spawn]', x=-1325.69, y=68.00, z=-426.66, cpos=[-83, -27], tl=317, v=true] died: [1] [3.5] Lợn Điên was slain by axolotlstk using [Dao Găm Độc Tố]
[05:01:33] [Server thread/INFO]: [TheosisEconomy] Deposited 1 to axolotlstk's (b1616f7d-20ba-3499-aea3-59ab27d4941c) balance.
[05:01:33] [Server thread/INFO]: Named entity EntityPig['[1] [3.0] Lợn Điên'/1008, uuid='f95749c0-f49d-477d-9f73-d6f7a09aafba', l='ServerLevel[Spawn]', x=-1329.10, y=68.00, z=-427.63, cpos=[-84, -27], tl=82, v=true] died: [1] [3.0] Lợn Điên was slain by axolotlstk using [Dao Găm Độc Tố]
[05:01:38] [Server thread/INFO]: [TheosisEconomy] Deposited 1 to axolotlstk's (b1616f7d-20ba-3499-aea3-59ab27d4941c) balance.
[05:01:38] [Server thread/INFO]: Named entity EntityPig['[1] [5.0] Lợn Điên'/1007, uuid='7f5301e0-ff1d-43de-a392-12c4e2c906a3', l='ServerLevel[Spawn]', x=-1335.50, y=68.00, z=-424.55, cpos=[-84, -27], tl=171, v=true] died: [1] [5.0] Lợn Điên was slain by axolotlstk using [Dao Găm Độc Tố]
[05:01:42] [Server thread/INFO]: [TheosisEconomy] Deposited 1 to axolotlstk's (b1616f7d-20ba-3499-aea3-59ab27d4941c) balance.
[05:01:42] [Server thread/INFO]: Named entity EntityPig['[1] [8.0] Lợn Điên'/1024, uuid='d348e365-4601-4fed-b344-b79bf3ec5602', l='ServerLevel[Spawn]', x=-1333.93, y=68.30, z=-431.66, cpos=[-84, -27], tl=129, v=true] died: [1] [8.0] Lợn Điên was slain by axolotlstk using [Dao Găm Độc Tố]
[05:01:43] [Server thread/INFO]: [TheosisEconomy] Deposited 1 to axolotlstk's (b1616f7d-20ba-3499-aea3-59ab27d4941c) balance.
[05:01:43] [Server thread/INFO]: Named entity EntityPig['[1] [4.0] Lợn Điên'/1023, uuid='d02b91f9-0430-4b74-a3d9-a4229dda7f7b', l='ServerLevel[Spawn]', x=-1338.11, y=67.36, z=-435.45, cpos=[-84, -28], tl=161, v=true] died: [1] [4.0] Lợn Điên was slain by axolotlstk using [Dao Găm Độc Tố]
[05:01:47] [Server thread/INFO]: [TheosisEconomy] Deposited 1 to axolotlstk's (b1616f7d-20ba-3499-aea3-59ab27d4941c) balance.
[05:01:47] [Server thread/INFO]: Named entity EntityPig['[1] [3.0] Lợn Điên'/1040, uuid='e0e69eab-94d2-4392-bba7-9e62e2be4f69', l='ServerLevel[Spawn]', x=-1342.43, y=67.00, z=-442.08, cpos=[-84, -28], tl=117, v=true] died: [1] [3.0] Lợn Điên was slain by axolotlstk using [Dao Găm Độc Tố]
[05:01:53] [Server thread/INFO]: [TheosisEconomy] Deposited 1 to axolotlstk's (b1616f7d-20ba-3499-aea3-59ab27d4941c) balance.
[05:01:53] [Server thread/INFO]: Named entity EntityPig['[1] [1.0] Lợn Điên'/1039, uuid='145ffaff-49a0-4b40-8c99-42ab33efd774', l='ServerLevel[Spawn]', x=-1330.20, y=68.00, z=-423.13, cpos=[-84, -27], tl=240, v=true] died: [1] [1.0] Lợn Điên was slain by axolotlstk using [Dao Găm Độc Tố]
[05:01:54] [Server thread/INFO]: [TheosisEconomy] Deposited 1 to axolotlstk's (b1616f7d-20ba-3499-aea3-59ab27d4941c) balance.
[05:01:54] [Server thread/INFO]: Named entity EntityPig['[1] [5.0] Lợn Điên'/1071, uuid='20675e75-e658-4bcf-9f40-01294bf48f2d', l='ServerLevel[Spawn]', x=-1330.77, y=68.36, z=-421.91, cpos=[-84, -27], tl=61, v=true] died: [1] [5.0] Lợn Điên was slain by axolotlstk using [Dao Găm Độc Tố]
[05:02:00] [Server thread/INFO]: [TheosisEconomy] Deposited 1 to axolotlstk's (b1616f7d-20ba-3499-aea3-59ab27d4941c) balance.
[05:02:00] [Server thread/INFO]: Named entity EntityPig['[1] [5.0] Lợn Điên'/1070, uuid='386731dc-a0de-4cb2-b6d0-6619293c53ea', l='ServerLevel[Spawn]', x=-1324.55, y=68.00, z=-421.46, cpos=[-83, -27], tl=177, v=true] died: [1] [5.0] Lợn Điên was slain by axolotlstk using [Dao Găm Độc Tố]
[05:02:05] [Server thread/INFO]: [TheosisEconomy] Deposited 1 to axolotlstk's (b1616f7d-20ba-3499-aea3-59ab27d4941c) balance.
[05:02:05] [Server thread/INFO]: Named entity EntityPig['[1] [1.0] Lợn Điên'/1085, uuid='6a758760-2625-45b4-be2f-9670a618ee33', l='ServerLevel[Spawn]', x=-1322.77, y=68.00, z=-423.51, cpos=[-83, -27], tl=146, v=true] died: [1] [1.0] Lợn Điên was slain by axolotlstk using [Dao Găm Độc Tố]
[05:02:09] [Server thread/INFO]: [TheosisEconomy] Deposited 1 to axolotlstk's (b1616f7d-20ba-3499-aea3-59ab27d4941c) balance.
[05:02:09] [Server thread/INFO]: Named entity EntityPig['[1] [2.0] Lợn Điên'/1086, uuid='ea42801f-d6bd-4c17-8f77-269498b6d227', l='ServerLevel[Spawn]', x=-1340.32, y=68.00, z=-434.46, cpos=[-84, -28], tl=241, v=true] died: [1] [2.0] Lợn Điên was slain by axolotlstk using [Dao Găm Độc Tố]
[05:02:12] [Server thread/INFO]: Reloading MMOCore 1.12.1-SNAPSHOT...
[05:02:12] [Server thread/WARN]: [MMOCore] Could not find damage cause called 'SONIC_BOOM'
[05:02:12] [Server thread/WARN]: [MMOCore] Could not load subclass 'ARCANE_MAGE' from class 'MAGE': Could not find class with ID 'ARCANE_MAGE'
[05:02:12] [Server thread/WARN]: [MMOCore] Could not load loot chest region 'sample-region' from file 'default_loot_chests.yml': Could not find world 'world_name_here'
[05:02:12] [Server thread/WARN]: [MMOCore] Could not load loot chest region 'sample-region' from file 'loot-chests.yml': Could not find world 'world_name_here'
[05:02:12] [Server thread/WARN]: [MMOCore] Could not load waypoint 'spawn' from file 'waypoints.yml': There is already a waypoint with ID 'spawn'
[05:02:12] [Server thread/WARN]: [MMOCore] Could not load waypoint 'spawn1' from file 'waypoints.yml': There is already a waypoint with ID 'spawn1'
[05:02:12] [Server thread/WARN]: [MMOCore] Could not load waypoint 'spawn2' from file 'waypoints.yml': There is already a waypoint with ID 'spawn2'
[05:02:12] [Server thread/WARN]: [MMOCore] Could not load item 'arcane-mage' from inventory 'subclass-select': Could not find class with ID 'ARCANE_MAGE'
[05:02:12] [Server thread/INFO]: MMOCore 1.12.1-SNAPSHOT successfully reloaded.
[05:02:12] [Server thread/INFO]: Time Taken: 88ms (1.76 ticks)
[05:02:15] [Server thread/INFO]: [TheosisEconomy] Deposited 1 to axolotlstk's (b1616f7d-20ba-3499-aea3-59ab27d4941c) balance.
[05:02:15] [Server thread/INFO]: Named entity EntityPig['[1] [2.0] Lợn Điên'/1094, uuid='d080a2d1-32e5-4e81-86b0-779a90a3e7cd', l='ServerLevel[Spawn]', x=-1333.24, y=68.00, z=-426.24, cpos=[-84, -27], tl=227, v=true] died: [1] [2.0] Lợn Điên was slain by axolotlstk using [Dao Găm Độc Tố]
[05:02:17] [Server thread/INFO]: [TheosisEconomy] Deposited 1 to axolotlstk's (b1616f7d-20ba-3499-aea3-59ab27d4941c) balance.
[05:02:17] [Server thread/INFO]: Named entity EntityPig['[1] [4.0] Lợn Điên'/1093, uuid='55ae4843-2807-41e8-ab51-d238fd258c91', l='ServerLevel[Spawn]', x=-1330.17, y=68.00, z=-424.60, cpos=[-84, -27], tl=277, v=true] died: [1] [4.0] Lợn Điên was slain by axolotlstk using [Dao Găm Độc Tố]
[05:02:17] [Server thread/INFO]: [TheosisEconomy] Deposited 1 to axolotlstk's (b1616f7d-20ba-3499-aea3-59ab27d4941c) balance.
[05:02:17] [Server thread/INFO]: Named entity EntityPig['[1] [2.0] Lợn Điên'/1109, uuid='eb7faaaf-1e6b-4046-af2c-f97edba39455', l='ServerLevel[Spawn]', x=-1329.59, y=68.00, z=-424.79, cpos=[-84, -27], tl=162, v=true] died: [1] [2.0] Lợn Điên was slain by axolotlstk using [Dao Găm Độc Tố]
[05:02:18] [Server thread/INFO]: [TheosisEconomy] Deposited 1 to axolotlstk's (b1616f7d-20ba-3499-aea3-59ab27d4941c) balance.
[05:02:18] [Server thread/INFO]: Named entity EntityPig['[1] [1.0] Lợn Điên'/1108, uuid='1c997e64-ae72-471a-989d-cd8bb6d6e04b', l='ServerLevel[Spawn]', x=-1333.24, y=68.00, z=-423.93, cpos=[-84, -27], tl=164, v=true] died: [1] [1.0] Lợn Điên was slain by axolotlstk using [Dao Găm Độc Tố]
[05:02:22] [Server thread/INFO]: [TheosisEconomy] Deposited 1 to axolotlstk's (b1616f7d-20ba-3499-aea3-59ab27d4941c) balance.
[05:02:22] [Server thread/INFO]: Named entity EntityPig['[1] [3.0] Lợn Điên'/1123, uuid='8f847c1d-5053-492d-9e83-c0c0619e6a6e', l='ServerLevel[Spawn]', x=-1335.53, y=68.00, z=-427.95, cpos=[-84, -27], tl=142, v=true] died: [1] [3.0] Lợn Điên was slain by axolotlstk using [Dao Găm Độc Tố]
[05:02:27] [Server thread/INFO]: [TheosisEconomy] Deposited 1 to axolotlstk's (b1616f7d-20ba-3499-aea3-59ab27d4941c) balance.
[05:02:27] [Server thread/INFO]: Named entity EntityPig['[1] [3.0] Lợn Điên'/1146, uuid='6179ad16-7e70-46d9-99dc-6681231d193f', l='ServerLevel[Spawn]', x=-1330.79, y=68.00, z=-415.34, cpos=[-84, -26], tl=107, v=true] died: [1] [3.0] Lợn Điên was slain by axolotlstk using [Dao Găm Độc Tố]
[05:02:27] [Server thread/INFO]: [TheosisEconomy] Deposited 25 to axolotlstk's (b1616f7d-20ba-3499-aea3-59ab27d4941c) balance.
[05:02:37] [Server thread/INFO]: No entity was found
[05:03:14] [Server thread/INFO]: [TheosisEconomy] Deposited 1 to axolotlstk's (b1616f7d-20ba-3499-aea3-59ab27d4941c) balance.
[05:03:14] [Server thread/ERROR]: Could not pass event EntityDeathEvent to MMOCore v1.12.1-SNAPSHOT
java.lang.IncompatibleClassChangeError: Method 'io.lumine.mythic.lib.hologram.Hologram io.lumine.mythic.lib.hologram.Hologram.create(org.bukkit.Location, java.util.List)' must be Methodref constant
	at net.Indyuce.mmocore.api.util.MMOCoreUtils.displayIndicator(MMOCoreUtils.java:115) ~[MMOCore-1.12.1-SNAPSHOT.jar:?]
	at net.Indyuce.mmocore.api.player.PlayerData.giveExperience(PlayerData.java:950) ~[MMOCore-1.12.1-SNAPSHOT.jar:?]
	at net.Indyuce.mmocore.api.player.profess.PlayerClass.giveExperience(PlayerClass.java:367) ~[MMOCore-1.12.1-SNAPSHOT.jar:?]
	at net.Indyuce.mmocore.experience.source.type.SpecificExperienceSource.giveExperience(SpecificExperienceSource.java:57) ~[MMOCore-1.12.1-SNAPSHOT.jar:?]
	at net.Indyuce.mmocore.experience.source.KillMobExperienceSource$Manager.giveExp(KillMobExperienceSource.java:81) ~[MMOCore-1.12.1-SNAPSHOT.jar:?]
	at com.destroystokyo.paper.event.executor.MethodHandleEventExecutor.execute(MethodHandleEventExecutor.java:37) ~[paper-api-1.18.2-R0.1-SNAPSHOT.jar:?]
	at co.aikar.timings.TimedEventExecutor.execute(TimedEventExecutor.java:80) ~[paper-api-1.18.2-R0.1-SNAPSHOT.jar:git-Paper-388]
	at org.bukkit.plugin.RegisteredListener.callEvent(RegisteredListener.java:70) ~[paper-api-1.18.2-R0.1-SNAPSHOT.jar:?]
	at org.bukkit.plugin.SimplePluginManager.callEvent(SimplePluginManager.java:669) ~[paper-api-1.18.2-R0.1-SNAPSHOT.jar:?]
	at org.bukkit.craftbukkit.v1_18_R2.event.CraftEventFactory.callEntityDeathEvent(CraftEventFactory.java:876) ~[paper-1.18.2.jar:git-Paper-388]
	at net.minecraft.world.entity.LivingEntity.dropAllDeathLoot(LivingEntity.java:1726) ~[?:?]
	at net.minecraft.world.entity.LivingEntity.die(LivingEntity.java:1624) ~[?:?]
	at net.minecraft.world.entity.LivingEntity.hurt(LivingEntity.java:1452) ~[?:?]
	at net.minecraft.world.entity.monster.Zombie.hurt(Zombie.java:317) ~[?:?]
	at org.bukkit.craftbukkit.v1_18_R2.entity.CraftLivingEntity.damage(CraftLivingEntity.java:363) ~[paper-1.18.2.jar:git-Paper-388]
	at studio.magemonkey.fabled.api.skills.Skill.damage(Skill.java:845) ~[fabled-1.0.4-R0.1-20241114.071356-1 (1).jar:?]
	at studio.magemonkey.fabled.dynamic.mechanic.DamageMechanic.execute(DamageMechanic.java:82) ~[fabled-1.0.4-R0.1-20241114.071356-1 (1).jar:?]
	at studio.magemonkey.fabled.dynamic.EffectComponent.executeChildren(EffectComponent.java:233) ~[fabled-1.0.4-R0.1-20241114.071356-1 (1).jar:?]
	at studio.magemonkey.fabled.dynamic.target.TargetComponent.execute(TargetComponent.java:57) ~[fabled-1.0.4-R0.1-20241114.071356-1 (1).jar:?]
	at studio.magemonkey.fabled.dynamic.EffectComponent.executeChildren(EffectComponent.java:233) ~[fabled-1.0.4-R0.1-20241114.071356-1 (1).jar:?]
	at studio.magemonkey.fabled.dynamic.target.TargetComponent.execute(TargetComponent.java:57) ~[fabled-1.0.4-R0.1-20241114.071356-1 (1).jar:?]
	at studio.magemonkey.fabled.dynamic.EffectComponent.executeChildren(EffectComponent.java:233) ~[fabled-1.0.4-R0.1-20241114.071356-1 (1).jar:?]
	at studio.magemonkey.fabled.dynamic.mechanic.RepeatMechanic.execute(RepeatMechanic.java:95) ~[fabled-1.0.4-R0.1-20241114.071356-1 (1).jar:?]
	at studio.magemonkey.fabled.dynamic.mechanic.RepeatMechanic$RepeatTask.run(RepeatMechanic.java:156) ~[fabled-1.0.4-R0.1-20241114.071356-1 (1).jar:?]
	at org.bukkit.craftbukkit.v1_18_R2.scheduler.CraftTask.run(CraftTask.java:101) ~[paper-1.18.2.jar:git-Paper-388]
	at org.bukkit.craftbukkit.v1_18_R2.scheduler.CraftScheduler.mainThreadHeartbeat(CraftScheduler.java:483) ~[paper-1.18.2.jar:git-Paper-388]
	at net.minecraft.server.MinecraftServer.tickChildren(MinecraftServer.java:1532) ~[paper-1.18.2.jar:git-Paper-388]
	at net.minecraft.server.dedicated.DedicatedServer.tickChildren(DedicatedServer.java:483) ~[paper-1.18.2.jar:git-Paper-388]
	at net.minecraft.server.MinecraftServer.tickServer(MinecraftServer.java:1456) ~[paper-1.18.2.jar:git-Paper-388]
	at net.minecraft.server.MinecraftServer.runServer(MinecraftServer.java:1226) ~[paper-1.18.2.jar:git-Paper-388]
	at net.minecraft.server.MinecraftServer.lambda$spin$0(MinecraftServer.java:316) ~[paper-1.18.2.jar:git-Paper-388]
	at java.lang.Thread.run(Thread.java:1583) ~[?:?]
[05:03:14] [Server thread/INFO]: Named entity EntityZombie['[2] [7.22] Xác Sống'/906, uuid='9204485e-2ba2-430d-a6bf-c989bcc5c605', l='ServerLevel[Spawn]', x=-1337.07, y=70.75, z=-402.31, cpos=[-84, -26], tl=2848, v=true] died: [2] [7.22] Xác Sống was slain by axolotlstk using [Dao Găm Độc Tố]
[05:03:14] [Server thread/ERROR]: [MMOItems] Couldn't read the subtable item CONSUMABLE.ROCK
[05:03:14] [Server thread/INFO]: [TheosisEconomy] Deposited 1 to axolotlstk's (b1616f7d-20ba-3499-aea3-59ab27d4941c) balance.
[05:03:14] [Server thread/ERROR]: Could not pass event EntityDeathEvent to MMOCore v1.12.1-SNAPSHOT
java.lang.IncompatibleClassChangeError: Method 'io.lumine.mythic.lib.hologram.Hologram io.lumine.mythic.lib.hologram.Hologram.create(org.bukkit.Location, java.util.List)' must be Methodref constant
	at net.Indyuce.mmocore.api.util.MMOCoreUtils.displayIndicator(MMOCoreUtils.java:115) ~[MMOCore-1.12.1-SNAPSHOT.jar:?]
	at net.Indyuce.mmocore.api.player.PlayerData.giveExperience(PlayerData.java:950) ~[MMOCore-1.12.1-SNAPSHOT.jar:?]
	at net.Indyuce.mmocore.api.player.profess.PlayerClass.giveExperience(PlayerClass.java:367) ~[MMOCore-1.12.1-SNAPSHOT.jar:?]
	at net.Indyuce.mmocore.experience.source.type.SpecificExperienceSource.giveExperience(SpecificExperienceSource.java:57) ~[MMOCore-1.12.1-SNAPSHOT.jar:?]
	at net.Indyuce.mmocore.experience.source.KillMobExperienceSource$Manager.giveExp(KillMobExperienceSource.java:81) ~[MMOCore-1.12.1-SNAPSHOT.jar:?]
	at com.destroystokyo.paper.event.executor.MethodHandleEventExecutor.execute(MethodHandleEventExecutor.java:37) ~[paper-api-1.18.2-R0.1-SNAPSHOT.jar:?]
	at co.aikar.timings.TimedEventExecutor.execute(TimedEventExecutor.java:80) ~[paper-api-1.18.2-R0.1-SNAPSHOT.jar:git-Paper-388]
	at org.bukkit.plugin.RegisteredListener.callEvent(RegisteredListener.java:70) ~[paper-api-1.18.2-R0.1-SNAPSHOT.jar:?]
	at org.bukkit.plugin.SimplePluginManager.callEvent(SimplePluginManager.java:669) ~[paper-api-1.18.2-R0.1-SNAPSHOT.jar:?]
	at org.bukkit.craftbukkit.v1_18_R2.event.CraftEventFactory.callEntityDeathEvent(CraftEventFactory.java:876) ~[paper-1.18.2.jar:git-Paper-388]
	at net.minecraft.world.entity.LivingEntity.dropAllDeathLoot(LivingEntity.java:1726) ~[?:?]
	at net.minecraft.world.entity.LivingEntity.die(LivingEntity.java:1624) ~[?:?]
	at net.minecraft.world.entity.LivingEntity.hurt(LivingEntity.java:1452) ~[?:?]
	at net.minecraft.world.entity.monster.Zombie.hurt(Zombie.java:317) ~[?:?]
	at org.bukkit.craftbukkit.v1_18_R2.entity.CraftLivingEntity.damage(CraftLivingEntity.java:363) ~[paper-1.18.2.jar:git-Paper-388]
	at studio.magemonkey.fabled.api.skills.Skill.damage(Skill.java:845) ~[fabled-1.0.4-R0.1-20241114.071356-1 (1).jar:?]
	at studio.magemonkey.fabled.dynamic.mechanic.DamageMechanic.execute(DamageMechanic.java:82) ~[fabled-1.0.4-R0.1-20241114.071356-1 (1).jar:?]
	at studio.magemonkey.fabled.dynamic.EffectComponent.executeChildren(EffectComponent.java:233) ~[fabled-1.0.4-R0.1-20241114.071356-1 (1).jar:?]
	at studio.magemonkey.fabled.dynamic.target.TargetComponent.execute(TargetComponent.java:57) ~[fabled-1.0.4-R0.1-20241114.071356-1 (1).jar:?]
	at studio.magemonkey.fabled.dynamic.EffectComponent.executeChildren(EffectComponent.java:233) ~[fabled-1.0.4-R0.1-20241114.071356-1 (1).jar:?]
	at studio.magemonkey.fabled.dynamic.target.TargetComponent.execute(TargetComponent.java:57) ~[fabled-1.0.4-R0.1-20241114.071356-1 (1).jar:?]
	at studio.magemonkey.fabled.dynamic.EffectComponent.executeChildren(EffectComponent.java:233) ~[fabled-1.0.4-R0.1-20241114.071356-1 (1).jar:?]
	at studio.magemonkey.fabled.dynamic.mechanic.RepeatMechanic.execute(RepeatMechanic.java:95) ~[fabled-1.0.4-R0.1-20241114.071356-1 (1).jar:?]
	at studio.magemonkey.fabled.dynamic.mechanic.RepeatMechanic$RepeatTask.run(RepeatMechanic.java:156) ~[fabled-1.0.4-R0.1-20241114.071356-1 (1).jar:?]
	at org.bukkit.craftbukkit.v1_18_R2.scheduler.CraftTask.run(CraftTask.java:101) ~[paper-1.18.2.jar:git-Paper-388]
	at org.bukkit.craftbukkit.v1_18_R2.scheduler.CraftScheduler.mainThreadHeartbeat(CraftScheduler.java:483) ~[paper-1.18.2.jar:git-Paper-388]
	at net.minecraft.server.MinecraftServer.tickChildren(MinecraftServer.java:1532) ~[paper-1.18.2.jar:git-Paper-388]
	at net.minecraft.server.dedicated.DedicatedServer.tickChildren(DedicatedServer.java:483) ~[paper-1.18.2.jar:git-Paper-388]
	at net.minecraft.server.MinecraftServer.tickServer(MinecraftServer.java:1456) ~[paper-1.18.2.jar:git-Paper-388]
	at net.minecraft.server.MinecraftServer.runServer(MinecraftServer.java:1226) ~[paper-1.18.2.jar:git-Paper-388]
	at net.minecraft.server.MinecraftServer.lambda$spin$0(MinecraftServer.java:316) ~[paper-1.18.2.jar:git-Paper-388]
	at java.lang.Thread.run(Thread.java:1583) ~[?:?]
[05:03:14] [Server thread/INFO]: Named entity EntityZombie['[2] [2.35] Xác Sống'/960, uuid='5c4dc5be-81b4-451f-9ec4-43cd4e1b1bb0', l='ServerLevel[Spawn]', x=-1337.23, y=70.00, z=-403.51, cpos=[-84, -26], tl=2530, v=true] died: [2] [2.35] Xác Sống was slain by axolotlstk using [Dao Găm Độc Tố]
[05:03:14] [Server thread/INFO]: [TheosisEconomy] Deposited 1 to axolotlstk's (b1616f7d-20ba-3499-aea3-59ab27d4941c) balance.
[05:03:14] [Server thread/ERROR]: Could not pass event EntityDeathEvent to MMOCore v1.12.1-SNAPSHOT
java.lang.IncompatibleClassChangeError: Method 'io.lumine.mythic.lib.hologram.Hologram io.lumine.mythic.lib.hologram.Hologram.create(org.bukkit.Location, java.util.List)' must be Methodref constant
	at net.Indyuce.mmocore.api.util.MMOCoreUtils.displayIndicator(MMOCoreUtils.java:115) ~[MMOCore-1.12.1-SNAPSHOT.jar:?]
	at net.Indyuce.mmocore.api.player.PlayerData.giveExperience(PlayerData.java:950) ~[MMOCore-1.12.1-SNAPSHOT.jar:?]
	at net.Indyuce.mmocore.api.player.profess.PlayerClass.giveExperience(PlayerClass.java:367) ~[MMOCore-1.12.1-SNAPSHOT.jar:?]
	at net.Indyuce.mmocore.experience.source.type.SpecificExperienceSource.giveExperience(SpecificExperienceSource.java:57) ~[MMOCore-1.12.1-SNAPSHOT.jar:?]
	at net.Indyuce.mmocore.experience.source.KillMobExperienceSource$Manager.giveExp(KillMobExperienceSource.java:81) ~[MMOCore-1.12.1-SNAPSHOT.jar:?]
	at com.destroystokyo.paper.event.executor.MethodHandleEventExecutor.execute(MethodHandleEventExecutor.java:37) ~[paper-api-1.18.2-R0.1-SNAPSHOT.jar:?]
	at co.aikar.timings.TimedEventExecutor.execute(TimedEventExecutor.java:80) ~[paper-api-1.18.2-R0.1-SNAPSHOT.jar:git-Paper-388]
	at org.bukkit.plugin.RegisteredListener.callEvent(RegisteredListener.java:70) ~[paper-api-1.18.2-R0.1-SNAPSHOT.jar:?]
	at org.bukkit.plugin.SimplePluginManager.callEvent(SimplePluginManager.java:669) ~[paper-api-1.18.2-R0.1-SNAPSHOT.jar:?]
	at org.bukkit.craftbukkit.v1_18_R2.event.CraftEventFactory.callEntityDeathEvent(CraftEventFactory.java:876) ~[paper-1.18.2.jar:git-Paper-388]
	at net.minecraft.world.entity.LivingEntity.dropAllDeathLoot(LivingEntity.java:1726) ~[?:?]
	at net.minecraft.world.entity.LivingEntity.die(LivingEntity.java:1624) ~[?:?]
	at net.minecraft.world.entity.LivingEntity.hurt(LivingEntity.java:1452) ~[?:?]
	at net.minecraft.world.entity.monster.Zombie.hurt(Zombie.java:317) ~[?:?]
	at org.bukkit.craftbukkit.v1_18_R2.entity.CraftLivingEntity.damage(CraftLivingEntity.java:363) ~[paper-1.18.2.jar:git-Paper-388]
	at studio.magemonkey.fabled.api.skills.Skill.damage(Skill.java:845) ~[fabled-1.0.4-R0.1-20241114.071356-1 (1).jar:?]
	at studio.magemonkey.fabled.dynamic.mechanic.DamageMechanic.execute(DamageMechanic.java:82) ~[fabled-1.0.4-R0.1-20241114.071356-1 (1).jar:?]
	at studio.magemonkey.fabled.dynamic.EffectComponent.executeChildren(EffectComponent.java:233) ~[fabled-1.0.4-R0.1-20241114.071356-1 (1).jar:?]
	at studio.magemonkey.fabled.dynamic.target.TargetComponent.execute(TargetComponent.java:57) ~[fabled-1.0.4-R0.1-20241114.071356-1 (1).jar:?]
	at studio.magemonkey.fabled.dynamic.EffectComponent.executeChildren(EffectComponent.java:233) ~[fabled-1.0.4-R0.1-20241114.071356-1 (1).jar:?]
	at studio.magemonkey.fabled.dynamic.target.TargetComponent.execute(TargetComponent.java:57) ~[fabled-1.0.4-R0.1-20241114.071356-1 (1).jar:?]
	at studio.magemonkey.fabled.dynamic.EffectComponent.executeChildren(EffectComponent.java:233) ~[fabled-1.0.4-R0.1-20241114.071356-1 (1).jar:?]
	at studio.magemonkey.fabled.dynamic.mechanic.RepeatMechanic.execute(RepeatMechanic.java:95) ~[fabled-1.0.4-R0.1-20241114.071356-1 (1).jar:?]
	at studio.magemonkey.fabled.dynamic.mechanic.RepeatMechanic$RepeatTask.run(RepeatMechanic.java:156) ~[fabled-1.0.4-R0.1-20241114.071356-1 (1).jar:?]
	at org.bukkit.craftbukkit.v1_18_R2.scheduler.CraftTask.run(CraftTask.java:101) ~[paper-1.18.2.jar:git-Paper-388]
	at org.bukkit.craftbukkit.v1_18_R2.scheduler.CraftScheduler.mainThreadHeartbeat(CraftScheduler.java:483) ~[paper-1.18.2.jar:git-Paper-388]
	at net.minecraft.server.MinecraftServer.tickChildren(MinecraftServer.java:1532) ~[paper-1.18.2.jar:git-Paper-388]
	at net.minecraft.server.dedicated.DedicatedServer.tickChildren(DedicatedServer.java:483) ~[paper-1.18.2.jar:git-Paper-388]
	at net.minecraft.server.MinecraftServer.tickServer(MinecraftServer.java:1456) ~[paper-1.18.2.jar:git-Paper-388]
	at net.minecraft.server.MinecraftServer.runServer(MinecraftServer.java:1226) ~[paper-1.18.2.jar:git-Paper-388]
	at net.minecraft.server.MinecraftServer.lambda$spin$0(MinecraftServer.java:316) ~[paper-1.18.2.jar:git-Paper-388]
	at java.lang.Thread.run(Thread.java:1583) ~[?:?]
[05:03:14] [Server thread/INFO]: Named entity EntityZombie['[2] [0.42] Xác Sống'/1019, uuid='379c8900-600d-48b1-bef9-1c4decfdcd20', l='ServerLevel[Spawn]', x=-1337.52, y=70.00, z=-401.70, cpos=[-84, -26], tl=2014, v=true] died: [2] [0.42] Xác Sống was slain by axolotlstk using [Dao Găm Độc Tố]
[05:03:18] [Server thread/INFO]: Reloading MMOCore 1.12.1-SNAPSHOT...
[05:03:18] [Server thread/WARN]: [MMOCore] Could not find damage cause called 'SONIC_BOOM'
[05:03:18] [Server thread/WARN]: [MMOCore] Could not load subclass 'ARCANE_MAGE' from class 'MAGE': Could not find class with ID 'ARCANE_MAGE'
[05:03:18] [Server thread/WARN]: [MMOCore] Could not load loot chest region 'sample-region' from file 'default_loot_chests.yml': Could not find world 'world_name_here'
[05:03:18] [Server thread/WARN]: [MMOCore] Could not load loot chest region 'sample-region' from file 'loot-chests.yml': Could not find world 'world_name_here'
[05:03:18] [Server thread/WARN]: [MMOCore] Could not load waypoint 'spawn' from file 'waypoints.yml': There is already a waypoint with ID 'spawn'
[05:03:18] [Server thread/WARN]: [MMOCore] Could not load waypoint 'spawn1' from file 'waypoints.yml': There is already a waypoint with ID 'spawn1'
[05:03:18] [Server thread/WARN]: [MMOCore] Could not load waypoint 'spawn2' from file 'waypoints.yml': There is already a waypoint with ID 'spawn2'
[05:03:18] [Server thread/WARN]: [MMOCore] Could not load item 'arcane-mage' from inventory 'subclass-select': Could not find class with ID 'ARCANE_MAGE'
[05:03:18] [Server thread/INFO]: MMOCore 1.12.1-SNAPSHOT successfully reloaded.
[05:03:18] [Server thread/INFO]: Time Taken: 91ms (1.82 ticks)
[05:03:19] [Server thread/INFO]: [TheosisEconomy] Deposited 1 to axolotlstk's (b1616f7d-20ba-3499-aea3-59ab27d4941c) balance.
[05:03:19] [Server thread/INFO]: Named entity EntityPig['[1] [5.0] Lợn Điên'/1162, uuid='a28d9e18-8518-4df0-ac52-cd0607c80f9e', l='ServerLevel[Spawn]', x=-1336.21, y=70.00, z=-395.67, cpos=[-84, -25], tl=1027, v=true] died: [1] [5.0] Lợn Điên was slain by axolotlstk using [Dao Găm Độc Tố]
[05:03:19] [Server thread/ERROR]: [MMOItems] Couldn't read the subtable item CONSUMABLE.ROCK
[05:03:19] [Server thread/INFO]: [TheosisEconomy] Deposited 1 to axolotlstk's (b1616f7d-20ba-3499-aea3-59ab27d4941c) balance.
[05:03:19] [Server thread/ERROR]: Could not pass event EntityDeathEvent to MMOCore v1.12.1-SNAPSHOT
java.lang.IncompatibleClassChangeError: Method 'io.lumine.mythic.lib.hologram.Hologram io.lumine.mythic.lib.hologram.Hologram.create(org.bukkit.Location, java.util.List)' must be Methodref constant
	at net.Indyuce.mmocore.api.util.MMOCoreUtils.displayIndicator(MMOCoreUtils.java:115) ~[MMOCore-1.12.1-SNAPSHOT.jar:?]
	at net.Indyuce.mmocore.api.player.PlayerData.giveExperience(PlayerData.java:950) ~[MMOCore-1.12.1-SNAPSHOT.jar:?]
	at net.Indyuce.mmocore.api.player.profess.PlayerClass.giveExperience(PlayerClass.java:367) ~[MMOCore-1.12.1-SNAPSHOT.jar:?]
	at net.Indyuce.mmocore.experience.source.type.SpecificExperienceSource.giveExperience(SpecificExperienceSource.java:57) ~[MMOCore-1.12.1-SNAPSHOT.jar:?]
	at net.Indyuce.mmocore.experience.source.KillMobExperienceSource$Manager.giveExp(KillMobExperienceSource.java:81) ~[MMOCore-1.12.1-SNAPSHOT.jar:?]
	at com.destroystokyo.paper.event.executor.MethodHandleEventExecutor.execute(MethodHandleEventExecutor.java:37) ~[paper-api-1.18.2-R0.1-SNAPSHOT.jar:?]
	at co.aikar.timings.TimedEventExecutor.execute(TimedEventExecutor.java:80) ~[paper-api-1.18.2-R0.1-SNAPSHOT.jar:git-Paper-388]
	at org.bukkit.plugin.RegisteredListener.callEvent(RegisteredListener.java:70) ~[paper-api-1.18.2-R0.1-SNAPSHOT.jar:?]
	at org.bukkit.plugin.SimplePluginManager.callEvent(SimplePluginManager.java:669) ~[paper-api-1.18.2-R0.1-SNAPSHOT.jar:?]
	at org.bukkit.craftbukkit.v1_18_R2.event.CraftEventFactory.callEntityDeathEvent(CraftEventFactory.java:876) ~[paper-1.18.2.jar:git-Paper-388]
	at net.minecraft.world.entity.LivingEntity.dropAllDeathLoot(LivingEntity.java:1726) ~[?:?]
	at net.minecraft.world.entity.LivingEntity.die(LivingEntity.java:1624) ~[?:?]
	at net.minecraft.world.entity.LivingEntity.hurt(LivingEntity.java:1452) ~[?:?]
	at net.minecraft.world.entity.monster.Zombie.hurt(Zombie.java:317) ~[?:?]
	at org.bukkit.craftbukkit.v1_18_R2.entity.CraftLivingEntity.damage(CraftLivingEntity.java:363) ~[paper-1.18.2.jar:git-Paper-388]
	at studio.magemonkey.fabled.api.skills.Skill.damage(Skill.java:845) ~[fabled-1.0.4-R0.1-20241114.071356-1 (1).jar:?]
	at studio.magemonkey.fabled.dynamic.mechanic.DamageMechanic.execute(DamageMechanic.java:82) ~[fabled-1.0.4-R0.1-20241114.071356-1 (1).jar:?]
	at studio.magemonkey.fabled.dynamic.EffectComponent.executeChildren(EffectComponent.java:233) ~[fabled-1.0.4-R0.1-20241114.071356-1 (1).jar:?]
	at studio.magemonkey.fabled.dynamic.target.TargetComponent.execute(TargetComponent.java:57) ~[fabled-1.0.4-R0.1-20241114.071356-1 (1).jar:?]
	at studio.magemonkey.fabled.dynamic.EffectComponent.executeChildren(EffectComponent.java:233) ~[fabled-1.0.4-R0.1-20241114.071356-1 (1).jar:?]
	at studio.magemonkey.fabled.dynamic.target.TargetComponent.execute(TargetComponent.java:57) ~[fabled-1.0.4-R0.1-20241114.071356-1 (1).jar:?]
	at studio.magemonkey.fabled.dynamic.EffectComponent.executeChildren(EffectComponent.java:233) ~[fabled-1.0.4-R0.1-20241114.071356-1 (1).jar:?]
	at studio.magemonkey.fabled.dynamic.mechanic.RepeatMechanic.execute(RepeatMechanic.java:95) ~[fabled-1.0.4-R0.1-20241114.071356-1 (1).jar:?]
	at studio.magemonkey.fabled.dynamic.mechanic.RepeatMechanic$RepeatTask.run(RepeatMechanic.java:156) ~[fabled-1.0.4-R0.1-20241114.071356-1 (1).jar:?]
	at org.bukkit.craftbukkit.v1_18_R2.scheduler.CraftTask.run(CraftTask.java:101) ~[paper-1.18.2.jar:git-Paper-388]
	at org.bukkit.craftbukkit.v1_18_R2.scheduler.CraftScheduler.mainThreadHeartbeat(CraftScheduler.java:483) ~[paper-1.18.2.jar:git-Paper-388]
	at net.minecraft.server.MinecraftServer.tickChildren(MinecraftServer.java:1532) ~[paper-1.18.2.jar:git-Paper-388]
	at net.minecraft.server.dedicated.DedicatedServer.tickChildren(DedicatedServer.java:483) ~[paper-1.18.2.jar:git-Paper-388]
	at net.minecraft.server.MinecraftServer.tickServer(MinecraftServer.java:1456) ~[paper-1.18.2.jar:git-Paper-388]
	at net.minecraft.server.MinecraftServer.runServer(MinecraftServer.java:1226) ~[paper-1.18.2.jar:git-Paper-388]
	at net.minecraft.server.MinecraftServer.lambda$spin$0(MinecraftServer.java:316) ~[paper-1.18.2.jar:git-Paper-388]
	at java.lang.Thread.run(Thread.java:1583) ~[?:?]
[05:03:19] [Server thread/INFO]: Named entity EntityZombie['[2] [1.56] Xác Sống'/1167, uuid='a44a3aca-8cbc-461c-af0f-0f38394a260a', l='ServerLevel[Spawn]', x=-1336.66, y=70.00, z=-398.82, cpos=[-84, -25], tl=227, v=true] died: [2] [1.56] Xác Sống was slain by axolotlstk using [Dao Găm Độc Tố]
[05:03:21] [Server thread/INFO]: [TheosisEconomy] Deposited 1 to axolotlstk's (b1616f7d-20ba-3499-aea3-59ab27d4941c) balance.
[05:03:21] [Server thread/ERROR]: Could not pass event EntityDeathEvent to MMOCore v1.12.1-SNAPSHOT
java.lang.IncompatibleClassChangeError: Method 'io.lumine.mythic.lib.hologram.Hologram io.lumine.mythic.lib.hologram.Hologram.create(org.bukkit.Location, java.util.List)' must be Methodref constant
	at net.Indyuce.mmocore.api.util.MMOCoreUtils.displayIndicator(MMOCoreUtils.java:115) ~[MMOCore-1.12.1-SNAPSHOT.jar:?]
	at net.Indyuce.mmocore.api.player.PlayerData.giveExperience(PlayerData.java:950) ~[MMOCore-1.12.1-SNAPSHOT.jar:?]
	at net.Indyuce.mmocore.api.player.profess.PlayerClass.giveExperience(PlayerClass.java:367) ~[MMOCore-1.12.1-SNAPSHOT.jar:?]
	at net.Indyuce.mmocore.experience.source.type.SpecificExperienceSource.giveExperience(SpecificExperienceSource.java:57) ~[MMOCore-1.12.1-SNAPSHOT.jar:?]
	at net.Indyuce.mmocore.experience.source.KillMobExperienceSource$Manager.giveExp(KillMobExperienceSource.java:81) ~[MMOCore-1.12.1-SNAPSHOT.jar:?]
	at com.destroystokyo.paper.event.executor.MethodHandleEventExecutor.execute(MethodHandleEventExecutor.java:37) ~[paper-api-1.18.2-R0.1-SNAPSHOT.jar:?]
	at co.aikar.timings.TimedEventExecutor.execute(TimedEventExecutor.java:80) ~[paper-api-1.18.2-R0.1-SNAPSHOT.jar:git-Paper-388]
	at org.bukkit.plugin.RegisteredListener.callEvent(RegisteredListener.java:70) ~[paper-api-1.18.2-R0.1-SNAPSHOT.jar:?]
	at org.bukkit.plugin.SimplePluginManager.callEvent(SimplePluginManager.java:669) ~[paper-api-1.18.2-R0.1-SNAPSHOT.jar:?]
	at org.bukkit.craftbukkit.v1_18_R2.event.CraftEventFactory.callEntityDeathEvent(CraftEventFactory.java:876) ~[paper-1.18.2.jar:git-Paper-388]
	at net.minecraft.world.entity.LivingEntity.dropAllDeathLoot(LivingEntity.java:1726) ~[?:?]
	at net.minecraft.world.entity.LivingEntity.die(LivingEntity.java:1624) ~[?:?]
	at net.minecraft.world.entity.LivingEntity.hurt(LivingEntity.java:1452) ~[?:?]
	at net.minecraft.world.entity.monster.Zombie.hurt(Zombie.java:317) ~[?:?]
	at org.bukkit.craftbukkit.v1_18_R2.entity.CraftLivingEntity.damage(CraftLivingEntity.java:363) ~[paper-1.18.2.jar:git-Paper-388]
	at io.lumine.mythic.lib.manager.DamageManager.applyDamage(DamageManager.java:153) ~[MythicLib-1.7 (1).jar:?]
	at io.lumine.mythic.lib.manager.DamageManager.registerAttack(DamageManager.java:112) ~[MythicLib-1.7 (1).jar:?]
	at io.lumine.mythic.lib.script.mechanic.offense.DamageMechanic.cast(DamageMechanic.java:74) ~[MythicLib-1.7 (1).jar:?]
	at io.lumine.mythic.lib.script.mechanic.type.TargetMechanic.cast(TargetMechanic.java:30) ~[MythicLib-1.7 (1).jar:?]
	at io.lumine.mythic.lib.script.MechanicQueue.next(MechanicQueue.java:67) ~[MythicLib-1.7 (1).jar:?]
	at io.lumine.mythic.lib.script.Script.cast(Script.java:133) ~[MythicLib-1.7 (1).jar:?]
	at io.lumine.mythic.lib.script.mechanic.misc.ScriptMechanic.castWithNewMeta(ScriptMechanic.java:102) ~[MythicLib-1.7 (1).jar:?]
	at io.lumine.mythic.lib.script.mechanic.misc.ScriptMechanic.cast(ScriptMechanic.java:66) ~[MythicLib-1.7 (1).jar:?]
	at io.lumine.mythic.lib.script.MechanicQueue.next(MechanicQueue.java:67) ~[MythicLib-1.7 (1).jar:?]
	at io.lumine.mythic.lib.skill.handler.MythicLibSkillHandler.whenCast(MythicLibSkillHandler.java:34) ~[MythicLib-1.7 (1).jar:?]
	at io.lumine.mythic.lib.skill.handler.MythicLibSkillHandler.whenCast(MythicLibSkillHandler.java:12) ~[MythicLib-1.7 (1).jar:?]
	at io.lumine.mythic.lib.skill.Skill.castInstantly(Skill.java:90) ~[MythicLib-1.7 (1).jar:?]
	at io.lumine.mythic.lib.skill.Skill.cast(Skill.java:70) ~[MythicLib-1.7 (1).jar:?]
	at io.lumine.mythic.lib.skill.Skill.cast(Skill.java:49) ~[MythicLib-1.7 (1).jar:?]
	at net.Indyuce.mmoitems.api.interaction.weapon.Weapon.handleTargetedAttack(Weapon.java:135) ~[MMOItems-6.10 (1).jar:?]
	at net.Indyuce.mmoitems.listener.ItemUse.meleeAttacks(ItemUse.java:127) ~[MMOItems-6.10 (1).jar:?]
	at com.destroystokyo.paper.event.executor.asm.generated.GeneratedEventExecutor756.execute(Unknown Source) ~[?:?]
	at org.bukkit.plugin.EventExecutor.lambda$create$1(EventExecutor.java:75) ~[paper-api-1.18.2-R0.1-SNAPSHOT.jar:?]
	at co.aikar.timings.TimedEventExecutor.execute(TimedEventExecutor.java:80) ~[paper-api-1.18.2-R0.1-SNAPSHOT.jar:git-Paper-388]
	at org.bukkit.plugin.RegisteredListener.callEvent(RegisteredListener.java:70) ~[paper-api-1.18.2-R0.1-SNAPSHOT.jar:?]
	at org.bukkit.plugin.SimplePluginManager.callEvent(SimplePluginManager.java:669) ~[paper-api-1.18.2-R0.1-SNAPSHOT.jar:?]
	at io.lumine.mythic.lib.listener.event.AttackEventListener.registerEvents(AttackEventListener.java:59) ~[MythicLib-1.7 (1).jar:?]
	at com.destroystokyo.paper.event.executor.asm.generated.GeneratedEventExecutor618.execute(Unknown Source) ~[?:?]
	at org.bukkit.plugin.EventExecutor.lambda$create$1(EventExecutor.java:75) ~[paper-api-1.18.2-R0.1-SNAPSHOT.jar:?]
	at co.aikar.timings.TimedEventExecutor.execute(TimedEventExecutor.java:80) ~[paper-api-1.18.2-R0.1-SNAPSHOT.jar:git-Paper-388]
	at org.bukkit.plugin.RegisteredListener.callEvent(RegisteredListener.java:70) ~[paper-api-1.18.2-R0.1-SNAPSHOT.jar:?]
	at org.bukkit.plugin.SimplePluginManager.callEvent(SimplePluginManager.java:669) ~[paper-api-1.18.2-R0.1-SNAPSHOT.jar:?]
	at org.bukkit.craftbukkit.v1_18_R2.event.CraftEventFactory.callEvent(CraftEventFactory.java:248) ~[paper-1.18.2.jar:git-Paper-388]
	at org.bukkit.craftbukkit.v1_18_R2.event.CraftEventFactory.callEntityDamageEvent(CraftEventFactory.java:1149) ~[paper-1.18.2.jar:git-Paper-388]
	at org.bukkit.craftbukkit.v1_18_R2.event.CraftEventFactory.handleEntityDamageEvent(CraftEventFactory.java:1008) ~[paper-1.18.2.jar:git-Paper-388]
	at org.bukkit.craftbukkit.v1_18_R2.event.CraftEventFactory.handleEntityDamageEvent(CraftEventFactory.java:962) ~[paper-1.18.2.jar:git-Paper-388]
	at org.bukkit.craftbukkit.v1_18_R2.event.CraftEventFactory.handleLivingEntityDamageEvent(CraftEventFactory.java:1183) ~[paper-1.18.2.jar:git-Paper-388]
	at net.minecraft.world.entity.LivingEntity.damageEntity0(LivingEntity.java:2065) ~[?:?]
	at net.minecraft.world.entity.LivingEntity.hurt(LivingEntity.java:1346) ~[?:?]
	at net.minecraft.world.entity.monster.Zombie.hurt(Zombie.java:317) ~[?:?]
	at net.minecraft.world.entity.player.Player.attack(Player.java:1278) ~[?:?]
	at net.minecraft.server.level.ServerPlayer.attack(ServerPlayer.java:2040) ~[?:?]
	at net.minecraft.server.network.ServerGamePacketListenerImpl$5.a(ServerGamePacketListenerImpl.java:2541) ~[?:?]
	at net.minecraft.network.protocol.game.ServerboundInteractPacket$1.dispatch(ServerboundInteractPacket.java:24) ~[?:?]
	at net.minecraft.network.protocol.game.ServerboundInteractPacket.dispatch(ServerboundInteractPacket.java:80) ~[?:?]
	at net.minecraft.server.network.ServerGamePacketListenerImpl.handleInteract(ServerGamePacketListenerImpl.java:2468) ~[?:?]
	at net.minecraft.network.protocol.game.ServerboundInteractPacket.handle(ServerboundInteractPacket.java:67) ~[?:?]
	at net.minecraft.network.protocol.game.ServerboundInteractPacket.handle(ServerboundInteractPacket.java:12) ~[?:?]
	at net.minecraft.network.protocol.PacketUtils.lambda$ensureRunningOnSameThread$1(PacketUtils.java:51) ~[?:?]
	at net.minecraft.server.TickTask.run(TickTask.java:18) ~[paper-1.18.2.jar:git-Paper-388]
	at net.minecraft.util.thread.BlockableEventLoop.doRunTask(BlockableEventLoop.java:153) ~[?:?]
	at net.minecraft.util.thread.ReentrantBlockableEventLoop.doRunTask(ReentrantBlockableEventLoop.java:24) ~[?:?]
	at net.minecraft.server.MinecraftServer.doRunTask(MinecraftServer.java:1400) ~[paper-1.18.2.jar:git-Paper-388]
	at net.minecraft.server.MinecraftServer.d(MinecraftServer.java:188) ~[paper-1.18.2.jar:git-Paper-388]
	at net.minecraft.util.thread.BlockableEventLoop.pollTask(BlockableEventLoop.java:126) ~[?:?]
	at net.minecraft.server.MinecraftServer.pollTaskInternal(MinecraftServer.java:1377) ~[paper-1.18.2.jar:git-Paper-388]
	at net.minecraft.server.MinecraftServer.pollTask(MinecraftServer.java:1370) ~[paper-1.18.2.jar:git-Paper-388]
	at net.minecraft.util.thread.BlockableEventLoop.managedBlock(BlockableEventLoop.java:136) ~[?:?]
	at net.minecraft.server.MinecraftServer.waitUntilNextTick(MinecraftServer.java:1348) ~[paper-1.18.2.jar:git-Paper-388]
	at net.minecraft.server.MinecraftServer.runServer(MinecraftServer.java:1230) ~[paper-1.18.2.jar:git-Paper-388]
	at net.minecraft.server.MinecraftServer.lambda$spin$0(MinecraftServer.java:316) ~[paper-1.18.2.jar:git-Paper-388]
	at java.lang.Thread.run(Thread.java:1583) ~[?:?]
[05:03:21] [Server thread/INFO]: Named entity EntityZombie['[2] [0.42] Xác Sống'/1205, uuid='9207d549-ab47-4bc3-8111-f156ddf2dc84', l='ServerLevel[Spawn]', x=-1337.50, y=71.25, z=-402.67, cpos=[-84, -26], tl=83, v=true] died: [2] [0.42] Xác Sống was slain by axolotlstk using [Dao Găm Độc Tố]
[05:03:22] [Server thread/ERROR]: [MMOItems] Couldn't read the subtable item CONSUMABLE.ROCK
[05:03:22] [Server thread/INFO]: [TheosisEconomy] Deposited 1 to axolotlstk's (b1616f7d-20ba-3499-aea3-59ab27d4941c) balance.
[05:03:22] [Server thread/ERROR]: Could not pass event EntityDeathEvent to MMOCore v1.12.1-SNAPSHOT
java.lang.IncompatibleClassChangeError: Method 'io.lumine.mythic.lib.hologram.Hologram io.lumine.mythic.lib.hologram.Hologram.create(org.bukkit.Location, java.util.List)' must be Methodref constant
	at net.Indyuce.mmocore.api.util.MMOCoreUtils.displayIndicator(MMOCoreUtils.java:115) ~[MMOCore-1.12.1-SNAPSHOT.jar:?]
	at net.Indyuce.mmocore.api.player.PlayerData.giveExperience(PlayerData.java:950) ~[MMOCore-1.12.1-SNAPSHOT.jar:?]
	at net.Indyuce.mmocore.api.player.profess.PlayerClass.giveExperience(PlayerClass.java:367) ~[MMOCore-1.12.1-SNAPSHOT.jar:?]
	at net.Indyuce.mmocore.experience.source.type.SpecificExperienceSource.giveExperience(SpecificExperienceSource.java:57) ~[MMOCore-1.12.1-SNAPSHOT.jar:?]
	at net.Indyuce.mmocore.experience.source.KillMobExperienceSource$Manager.giveExp(KillMobExperienceSource.java:81) ~[MMOCore-1.12.1-SNAPSHOT.jar:?]
	at com.destroystokyo.paper.event.executor.MethodHandleEventExecutor.execute(MethodHandleEventExecutor.java:37) ~[paper-api-1.18.2-R0.1-SNAPSHOT.jar:?]
	at co.aikar.timings.TimedEventExecutor.execute(TimedEventExecutor.java:80) ~[paper-api-1.18.2-R0.1-SNAPSHOT.jar:git-Paper-388]
	at org.bukkit.plugin.RegisteredListener.callEvent(RegisteredListener.java:70) ~[paper-api-1.18.2-R0.1-SNAPSHOT.jar:?]
	at org.bukkit.plugin.SimplePluginManager.callEvent(SimplePluginManager.java:669) ~[paper-api-1.18.2-R0.1-SNAPSHOT.jar:?]
	at org.bukkit.craftbukkit.v1_18_R2.event.CraftEventFactory.callEntityDeathEvent(CraftEventFactory.java:876) ~[paper-1.18.2.jar:git-Paper-388]
	at net.minecraft.world.entity.LivingEntity.dropAllDeathLoot(LivingEntity.java:1726) ~[?:?]
	at net.minecraft.world.entity.LivingEntity.die(LivingEntity.java:1624) ~[?:?]
	at net.minecraft.world.entity.LivingEntity.hurt(LivingEntity.java:1452) ~[?:?]
	at net.minecraft.world.entity.monster.Zombie.hurt(Zombie.java:317) ~[?:?]
	at net.minecraft.world.entity.player.Player.attack(Player.java:1278) ~[?:?]
	at net.minecraft.server.level.ServerPlayer.attack(ServerPlayer.java:2040) ~[?:?]
	at net.minecraft.server.network.ServerGamePacketListenerImpl$5.a(ServerGamePacketListenerImpl.java:2541) ~[?:?]
	at net.minecraft.network.protocol.game.ServerboundInteractPacket$1.dispatch(ServerboundInteractPacket.java:24) ~[?:?]
	at net.minecraft.network.protocol.game.ServerboundInteractPacket.dispatch(ServerboundInteractPacket.java:80) ~[?:?]
	at net.minecraft.server.network.ServerGamePacketListenerImpl.handleInteract(ServerGamePacketListenerImpl.java:2468) ~[?:?]
	at net.minecraft.network.protocol.game.ServerboundInteractPacket.handle(ServerboundInteractPacket.java:67) ~[?:?]
	at net.minecraft.network.protocol.game.ServerboundInteractPacket.handle(ServerboundInteractPacket.java:12) ~[?:?]
	at net.minecraft.network.protocol.PacketUtils.lambda$ensureRunningOnSameThread$1(PacketUtils.java:51) ~[?:?]
	at net.minecraft.server.TickTask.run(TickTask.java:18) ~[paper-1.18.2.jar:git-Paper-388]
	at net.minecraft.util.thread.BlockableEventLoop.doRunTask(BlockableEventLoop.java:153) ~[?:?]
	at net.minecraft.util.thread.ReentrantBlockableEventLoop.doRunTask(ReentrantBlockableEventLoop.java:24) ~[?:?]
	at net.minecraft.server.MinecraftServer.doRunTask(MinecraftServer.java:1400) ~[paper-1.18.2.jar:git-Paper-388]
	at net.minecraft.server.MinecraftServer.d(MinecraftServer.java:188) ~[paper-1.18.2.jar:git-Paper-388]
	at net.minecraft.util.thread.BlockableEventLoop.pollTask(BlockableEventLoop.java:126) ~[?:?]
	at net.minecraft.server.MinecraftServer.pollTaskInternal(MinecraftServer.java:1377) ~[paper-1.18.2.jar:git-Paper-388]
	at net.minecraft.server.MinecraftServer.pollTask(MinecraftServer.java:1370) ~[paper-1.18.2.jar:git-Paper-388]
	at net.minecraft.util.thread.BlockableEventLoop.managedBlock(BlockableEventLoop.java:136) ~[?:?]
	at net.minecraft.server.MinecraftServer.waitUntilNextTick(MinecraftServer.java:1348) ~[paper-1.18.2.jar:git-Paper-388]
	at net.minecraft.server.MinecraftServer.runServer(MinecraftServer.java:1230) ~[paper-1.18.2.jar:git-Paper-388]
	at net.minecraft.server.MinecraftServer.lambda$spin$0(MinecraftServer.java:316) ~[paper-1.18.2.jar:git-Paper-388]
	at java.lang.Thread.run(Thread.java:1583) ~[?:?]
[05:03:22] [Server thread/INFO]: Named entity EntityZombie['[2] [2.35] Xác Sống'/1206, uuid='68a4aa11-99cb-4798-bfaf-d3b352a44266', l='ServerLevel[Spawn]', x=-1336.91, y=71.25, z=-402.78, cpos=[-84, -26], tl=101, v=true] died: [2] [2.35] Xác Sống was slain by axolotlstk using [Dao Găm Độc Tố]
[05:03:26] [Server thread/INFO]: [TheosisEconomy] Deposited 1 to axolotlstk's (b1616f7d-20ba-3499-aea3-59ab27d4941c) balance.
[05:03:26] [Server thread/ERROR]: Could not pass event EntityDeathEvent to MMOCore v1.12.1-SNAPSHOT
java.lang.IncompatibleClassChangeError: Method 'io.lumine.mythic.lib.hologram.Hologram io.lumine.mythic.lib.hologram.Hologram.create(org.bukkit.Location, java.util.List)' must be Methodref constant
	at net.Indyuce.mmocore.api.util.MMOCoreUtils.displayIndicator(MMOCoreUtils.java:115) ~[MMOCore-1.12.1-SNAPSHOT.jar:?]
	at net.Indyuce.mmocore.api.player.PlayerData.giveExperience(PlayerData.java:950) ~[MMOCore-1.12.1-SNAPSHOT.jar:?]
	at net.Indyuce.mmocore.api.player.profess.PlayerClass.giveExperience(PlayerClass.java:367) ~[MMOCore-1.12.1-SNAPSHOT.jar:?]
	at net.Indyuce.mmocore.experience.source.type.SpecificExperienceSource.giveExperience(SpecificExperienceSource.java:57) ~[MMOCore-1.12.1-SNAPSHOT.jar:?]
	at net.Indyuce.mmocore.experience.source.KillMobExperienceSource$Manager.giveExp(KillMobExperienceSource.java:81) ~[MMOCore-1.12.1-SNAPSHOT.jar:?]
	at com.destroystokyo.paper.event.executor.MethodHandleEventExecutor.execute(MethodHandleEventExecutor.java:37) ~[paper-api-1.18.2-R0.1-SNAPSHOT.jar:?]
	at co.aikar.timings.TimedEventExecutor.execute(TimedEventExecutor.java:80) ~[paper-api-1.18.2-R0.1-SNAPSHOT.jar:git-Paper-388]
	at org.bukkit.plugin.RegisteredListener.callEvent(RegisteredListener.java:70) ~[paper-api-1.18.2-R0.1-SNAPSHOT.jar:?]
	at org.bukkit.plugin.SimplePluginManager.callEvent(SimplePluginManager.java:669) ~[paper-api-1.18.2-R0.1-SNAPSHOT.jar:?]
	at org.bukkit.craftbukkit.v1_18_R2.event.CraftEventFactory.callEntityDeathEvent(CraftEventFactory.java:876) ~[paper-1.18.2.jar:git-Paper-388]
	at net.minecraft.world.entity.LivingEntity.dropAllDeathLoot(LivingEntity.java:1726) ~[?:?]
	at net.minecraft.world.entity.LivingEntity.die(LivingEntity.java:1624) ~[?:?]
	at net.minecraft.world.entity.LivingEntity.hurt(LivingEntity.java:1452) ~[?:?]
	at net.minecraft.world.entity.monster.Zombie.hurt(Zombie.java:317) ~[?:?]
	at net.minecraft.world.entity.player.Player.attack(Player.java:1278) ~[?:?]
	at net.minecraft.server.level.ServerPlayer.attack(ServerPlayer.java:2040) ~[?:?]
	at net.minecraft.server.network.ServerGamePacketListenerImpl$5.a(ServerGamePacketListenerImpl.java:2541) ~[?:?]
	at net.minecraft.network.protocol.game.ServerboundInteractPacket$1.dispatch(ServerboundInteractPacket.java:24) ~[?:?]
	at net.minecraft.network.protocol.game.ServerboundInteractPacket.dispatch(ServerboundInteractPacket.java:80) ~[?:?]
	at net.minecraft.server.network.ServerGamePacketListenerImpl.handleInteract(ServerGamePacketListenerImpl.java:2468) ~[?:?]
	at net.minecraft.network.protocol.game.ServerboundInteractPacket.handle(ServerboundInteractPacket.java:67) ~[?:?]
	at net.minecraft.network.protocol.game.ServerboundInteractPacket.handle(ServerboundInteractPacket.java:12) ~[?:?]
	at net.minecraft.network.protocol.PacketUtils.lambda$ensureRunningOnSameThread$1(PacketUtils.java:51) ~[?:?]
	at net.minecraft.server.TickTask.run(TickTask.java:18) ~[paper-1.18.2.jar:git-Paper-388]
	at net.minecraft.util.thread.BlockableEventLoop.doRunTask(BlockableEventLoop.java:153) ~[?:?]
	at net.minecraft.util.thread.ReentrantBlockableEventLoop.doRunTask(ReentrantBlockableEventLoop.java:24) ~[?:?]
	at net.minecraft.server.MinecraftServer.doRunTask(MinecraftServer.java:1400) ~[paper-1.18.2.jar:git-Paper-388]
	at net.minecraft.server.MinecraftServer.d(MinecraftServer.java:188) ~[paper-1.18.2.jar:git-Paper-388]
	at net.minecraft.util.thread.BlockableEventLoop.pollTask(BlockableEventLoop.java:126) ~[?:?]
	at net.minecraft.server.MinecraftServer.pollTaskInternal(MinecraftServer.java:1377) ~[paper-1.18.2.jar:git-Paper-388]
	at net.minecraft.server.MinecraftServer.pollTask(MinecraftServer.java:1370) ~[paper-1.18.2.jar:git-Paper-388]
	at net.minecraft.util.thread.BlockableEventLoop.managedBlock(BlockableEventLoop.java:136) ~[?:?]
	at net.minecraft.server.MinecraftServer.waitUntilNextTick(MinecraftServer.java:1348) ~[paper-1.18.2.jar:git-Paper-388]
	at net.minecraft.server.MinecraftServer.runServer(MinecraftServer.java:1230) ~[paper-1.18.2.jar:git-Paper-388]
	at net.minecraft.server.MinecraftServer.lambda$spin$0(MinecraftServer.java:316) ~[paper-1.18.2.jar:git-Paper-388]
	at java.lang.Thread.run(Thread.java:1583) ~[?:?]
[05:03:26] [Server thread/INFO]: Named entity EntityZombie['[2] [3.78] Xác Sống'/1207, uuid='a0c015b9-6695-4094-b10c-33d1fc624d55', l='ServerLevel[Spawn]', x=-1336.27, y=70.00, z=-403.52, cpos=[-84, -26], tl=181, v=true] died: [2] [3.78] Xác Sống was slain by axolotlstk using [Dao Găm Độc Tố]
[05:03:32] [Server thread/INFO]: [TheosisEconomy] Deposited 1 to axolotlstk's (b1616f7d-20ba-3499-aea3-59ab27d4941c) balance.
[05:03:32] [Server thread/ERROR]: Could not pass event EntityDeathEvent to MMOCore v1.12.1-SNAPSHOT
java.lang.IncompatibleClassChangeError: Method 'io.lumine.mythic.lib.hologram.Hologram io.lumine.mythic.lib.hologram.Hologram.create(org.bukkit.Location, java.util.List)' must be Methodref constant
	at net.Indyuce.mmocore.api.util.MMOCoreUtils.displayIndicator(MMOCoreUtils.java:115) ~[MMOCore-1.12.1-SNAPSHOT.jar:?]
	at net.Indyuce.mmocore.api.player.PlayerData.giveExperience(PlayerData.java:950) ~[MMOCore-1.12.1-SNAPSHOT.jar:?]
	at net.Indyuce.mmocore.api.player.profess.PlayerClass.giveExperience(PlayerClass.java:367) ~[MMOCore-1.12.1-SNAPSHOT.jar:?]
	at net.Indyuce.mmocore.experience.source.type.SpecificExperienceSource.giveExperience(SpecificExperienceSource.java:57) ~[MMOCore-1.12.1-SNAPSHOT.jar:?]
	at net.Indyuce.mmocore.experience.source.KillMobExperienceSource$Manager.giveExp(KillMobExperienceSource.java:81) ~[MMOCore-1.12.1-SNAPSHOT.jar:?]
	at com.destroystokyo.paper.event.executor.MethodHandleEventExecutor.execute(MethodHandleEventExecutor.java:37) ~[paper-api-1.18.2-R0.1-SNAPSHOT.jar:?]
	at co.aikar.timings.TimedEventExecutor.execute(TimedEventExecutor.java:80) ~[paper-api-1.18.2-R0.1-SNAPSHOT.jar:git-Paper-388]
	at org.bukkit.plugin.RegisteredListener.callEvent(RegisteredListener.java:70) ~[paper-api-1.18.2-R0.1-SNAPSHOT.jar:?]
	at org.bukkit.plugin.SimplePluginManager.callEvent(SimplePluginManager.java:669) ~[paper-api-1.18.2-R0.1-SNAPSHOT.jar:?]
	at org.bukkit.craftbukkit.v1_18_R2.event.CraftEventFactory.callEntityDeathEvent(CraftEventFactory.java:876) ~[paper-1.18.2.jar:git-Paper-388]
	at net.minecraft.world.entity.LivingEntity.dropAllDeathLoot(LivingEntity.java:1726) ~[?:?]
	at net.minecraft.world.entity.LivingEntity.die(LivingEntity.java:1624) ~[?:?]
	at net.minecraft.world.entity.LivingEntity.hurt(LivingEntity.java:1452) ~[?:?]
	at net.minecraft.world.entity.monster.Zombie.hurt(Zombie.java:317) ~[?:?]
	at org.bukkit.craftbukkit.v1_18_R2.entity.CraftLivingEntity.damage(CraftLivingEntity.java:363) ~[paper-1.18.2.jar:git-Paper-388]
	at studio.magemonkey.fabled.api.skills.Skill.damage(Skill.java:845) ~[fabled-1.0.4-R0.1-20241114.071356-1 (1).jar:?]
	at studio.magemonkey.fabled.dynamic.mechanic.DamageMechanic.execute(DamageMechanic.java:82) ~[fabled-1.0.4-R0.1-20241114.071356-1 (1).jar:?]
	at studio.magemonkey.fabled.dynamic.EffectComponent.executeChildren(EffectComponent.java:233) ~[fabled-1.0.4-R0.1-20241114.071356-1 (1).jar:?]
	at studio.magemonkey.fabled.dynamic.target.TargetComponent.execute(TargetComponent.java:57) ~[fabled-1.0.4-R0.1-20241114.071356-1 (1).jar:?]
	at studio.magemonkey.fabled.dynamic.EffectComponent.executeChildren(EffectComponent.java:233) ~[fabled-1.0.4-R0.1-20241114.071356-1 (1).jar:?]
	at studio.magemonkey.fabled.dynamic.target.TargetComponent.execute(TargetComponent.java:57) ~[fabled-1.0.4-R0.1-20241114.071356-1 (1).jar:?]
	at studio.magemonkey.fabled.dynamic.EffectComponent.executeChildren(EffectComponent.java:233) ~[fabled-1.0.4-R0.1-20241114.071356-1 (1).jar:?]
	at studio.magemonkey.fabled.dynamic.mechanic.RepeatMechanic.execute(RepeatMechanic.java:95) ~[fabled-1.0.4-R0.1-20241114.071356-1 (1).jar:?]
	at studio.magemonkey.fabled.dynamic.mechanic.RepeatMechanic$RepeatTask.run(RepeatMechanic.java:156) ~[fabled-1.0.4-R0.1-20241114.071356-1 (1).jar:?]
	at org.bukkit.craftbukkit.v1_18_R2.scheduler.CraftTask.run(CraftTask.java:101) ~[paper-1.18.2.jar:git-Paper-388]
	at org.bukkit.craftbukkit.v1_18_R2.scheduler.CraftScheduler.mainThreadHeartbeat(CraftScheduler.java:483) ~[paper-1.18.2.jar:git-Paper-388]
	at net.minecraft.server.MinecraftServer.tickChildren(MinecraftServer.java:1532) ~[paper-1.18.2.jar:git-Paper-388]
	at net.minecraft.server.dedicated.DedicatedServer.tickChildren(DedicatedServer.java:483) ~[paper-1.18.2.jar:git-Paper-388]
	at net.minecraft.server.MinecraftServer.tickServer(MinecraftServer.java:1456) ~[paper-1.18.2.jar:git-Paper-388]
	at net.minecraft.server.MinecraftServer.runServer(MinecraftServer.java:1226) ~[paper-1.18.2.jar:git-Paper-388]
	at net.minecraft.server.MinecraftServer.lambda$spin$0(MinecraftServer.java:316) ~[paper-1.18.2.jar:git-Paper-388]
	at java.lang.Thread.run(Thread.java:1583) ~[?:?]
[05:03:32] [Server thread/INFO]: Named entity EntityZombie['[2] [0.34] Xác Sống'/1230, uuid='9c4c2d17-d436-4e89-881d-170772485ed1', l='ServerLevel[Spawn]', x=-1335.58, y=70.00, z=-395.66, cpos=[-84, -25], tl=98, v=true] died: [2] [0.34] Xác Sống was slain by axolotlstk using [Dao Găm Độc Tố]
[05:03:33] [Server thread/ERROR]: [MMOItems] Couldn't read the subtable item CONSUMABLE.ROCK
[05:03:33] [Server thread/INFO]: [TheosisEconomy] Deposited 1 to axolotlstk's (b1616f7d-20ba-3499-aea3-59ab27d4941c) balance.
[05:03:33] [Server thread/ERROR]: Could not pass event EntityDeathEvent to MMOCore v1.12.1-SNAPSHOT
java.lang.IncompatibleClassChangeError: Method 'io.lumine.mythic.lib.hologram.Hologram io.lumine.mythic.lib.hologram.Hologram.create(org.bukkit.Location, java.util.List)' must be Methodref constant
	at net.Indyuce.mmocore.api.util.MMOCoreUtils.displayIndicator(MMOCoreUtils.java:115) ~[MMOCore-1.12.1-SNAPSHOT.jar:?]
	at net.Indyuce.mmocore.api.player.PlayerData.giveExperience(PlayerData.java:950) ~[MMOCore-1.12.1-SNAPSHOT.jar:?]
	at net.Indyuce.mmocore.api.player.profess.PlayerClass.giveExperience(PlayerClass.java:367) ~[MMOCore-1.12.1-SNAPSHOT.jar:?]
	at net.Indyuce.mmocore.experience.source.type.SpecificExperienceSource.giveExperience(SpecificExperienceSource.java:57) ~[MMOCore-1.12.1-SNAPSHOT.jar:?]
	at net.Indyuce.mmocore.experience.source.KillMobExperienceSource$Manager.giveExp(KillMobExperienceSource.java:81) ~[MMOCore-1.12.1-SNAPSHOT.jar:?]
	at com.destroystokyo.paper.event.executor.MethodHandleEventExecutor.execute(MethodHandleEventExecutor.java:37) ~[paper-api-1.18.2-R0.1-SNAPSHOT.jar:?]
	at co.aikar.timings.TimedEventExecutor.execute(TimedEventExecutor.java:80) ~[paper-api-1.18.2-R0.1-SNAPSHOT.jar:git-Paper-388]
	at org.bukkit.plugin.RegisteredListener.callEvent(RegisteredListener.java:70) ~[paper-api-1.18.2-R0.1-SNAPSHOT.jar:?]
	at org.bukkit.plugin.SimplePluginManager.callEvent(SimplePluginManager.java:669) ~[paper-api-1.18.2-R0.1-SNAPSHOT.jar:?]
	at org.bukkit.craftbukkit.v1_18_R2.event.CraftEventFactory.callEntityDeathEvent(CraftEventFactory.java:876) ~[paper-1.18.2.jar:git-Paper-388]
	at net.minecraft.world.entity.LivingEntity.dropAllDeathLoot(LivingEntity.java:1726) ~[?:?]
	at net.minecraft.world.entity.LivingEntity.die(LivingEntity.java:1624) ~[?:?]
	at net.minecraft.world.entity.LivingEntity.hurt(LivingEntity.java:1452) ~[?:?]
	at net.minecraft.world.entity.monster.Zombie.hurt(Zombie.java:317) ~[?:?]
	at org.bukkit.craftbukkit.v1_18_R2.entity.CraftLivingEntity.damage(CraftLivingEntity.java:363) ~[paper-1.18.2.jar:git-Paper-388]
	at studio.magemonkey.fabled.api.skills.Skill.damage(Skill.java:845) ~[fabled-1.0.4-R0.1-20241114.071356-1 (1).jar:?]
	at studio.magemonkey.fabled.dynamic.mechanic.DamageMechanic.execute(DamageMechanic.java:82) ~[fabled-1.0.4-R0.1-20241114.071356-1 (1).jar:?]
	at studio.magemonkey.fabled.dynamic.EffectComponent.executeChildren(EffectComponent.java:233) ~[fabled-1.0.4-R0.1-20241114.071356-1 (1).jar:?]
	at studio.magemonkey.fabled.dynamic.target.TargetComponent.execute(TargetComponent.java:57) ~[fabled-1.0.4-R0.1-20241114.071356-1 (1).jar:?]
	at studio.magemonkey.fabled.dynamic.EffectComponent.executeChildren(EffectComponent.java:233) ~[fabled-1.0.4-R0.1-20241114.071356-1 (1).jar:?]
	at studio.magemonkey.fabled.dynamic.target.TargetComponent.execute(TargetComponent.java:57) ~[fabled-1.0.4-R0.1-20241114.071356-1 (1).jar:?]
	at studio.magemonkey.fabled.dynamic.EffectComponent.executeChildren(EffectComponent.java:233) ~[fabled-1.0.4-R0.1-20241114.071356-1 (1).jar:?]
	at studio.magemonkey.fabled.dynamic.mechanic.RepeatMechanic.execute(RepeatMechanic.java:95) ~[fabled-1.0.4-R0.1-20241114.071356-1 (1).jar:?]
	at studio.magemonkey.fabled.dynamic.mechanic.RepeatMechanic$RepeatTask.run(RepeatMechanic.java:156) ~[fabled-1.0.4-R0.1-20241114.071356-1 (1).jar:?]
	at org.bukkit.craftbukkit.v1_18_R2.scheduler.CraftTask.run(CraftTask.java:101) ~[paper-1.18.2.jar:git-Paper-388]
	at org.bukkit.craftbukkit.v1_18_R2.scheduler.CraftScheduler.mainThreadHeartbeat(CraftScheduler.java:483) ~[paper-1.18.2.jar:git-Paper-388]
	at net.minecraft.server.MinecraftServer.tickChildren(MinecraftServer.java:1532) ~[paper-1.18.2.jar:git-Paper-388]
	at net.minecraft.server.dedicated.DedicatedServer.tickChildren(DedicatedServer.java:483) ~[paper-1.18.2.jar:git-Paper-388]
	at net.minecraft.server.MinecraftServer.tickServer(MinecraftServer.java:1456) ~[paper-1.18.2.jar:git-Paper-388]
	at net.minecraft.server.MinecraftServer.runServer(MinecraftServer.java:1226) ~[paper-1.18.2.jar:git-Paper-388]
	at net.minecraft.server.MinecraftServer.lambda$spin$0(MinecraftServer.java:316) ~[paper-1.18.2.jar:git-Paper-388]
	at java.lang.Thread.run(Thread.java:1583) ~[?:?]
[05:03:33] [Server thread/INFO]: Named entity EntityZombie['[2] [2.35] Xác Sống'/1229, uuid='ea6a4495-c5b2-471c-9199-9ac4447d0c8d', l='ServerLevel[Spawn]', x=-1336.55, y=70.00, z=-396.92, cpos=[-84, -25], tl=105, v=true] died: [2] [2.35] Xác Sống was slain by axolotlstk using [Dao Găm Độc Tố]
[05:03:33] [Server thread/INFO]: [TheosisEconomy] Deposited 1 to axolotlstk's (b1616f7d-20ba-3499-aea3-59ab27d4941c) balance.
[05:03:33] [Server thread/ERROR]: Could not pass event EntityDeathEvent to MMOCore v1.12.1-SNAPSHOT
java.lang.IncompatibleClassChangeError: Method 'io.lumine.mythic.lib.hologram.Hologram io.lumine.mythic.lib.hologram.Hologram.create(org.bukkit.Location, java.util.List)' must be Methodref constant
	at net.Indyuce.mmocore.api.util.MMOCoreUtils.displayIndicator(MMOCoreUtils.java:115) ~[MMOCore-1.12.1-SNAPSHOT.jar:?]
	at net.Indyuce.mmocore.api.player.PlayerData.giveExperience(PlayerData.java:950) ~[MMOCore-1.12.1-SNAPSHOT.jar:?]
	at net.Indyuce.mmocore.api.player.profess.PlayerClass.giveExperience(PlayerClass.java:367) ~[MMOCore-1.12.1-SNAPSHOT.jar:?]
	at net.Indyuce.mmocore.experience.source.type.SpecificExperienceSource.giveExperience(SpecificExperienceSource.java:57) ~[MMOCore-1.12.1-SNAPSHOT.jar:?]
	at net.Indyuce.mmocore.experience.source.KillMobExperienceSource$Manager.giveExp(KillMobExperienceSource.java:81) ~[MMOCore-1.12.1-SNAPSHOT.jar:?]
	at com.destroystokyo.paper.event.executor.MethodHandleEventExecutor.execute(MethodHandleEventExecutor.java:37) ~[paper-api-1.18.2-R0.1-SNAPSHOT.jar:?]
	at co.aikar.timings.TimedEventExecutor.execute(TimedEventExecutor.java:80) ~[paper-api-1.18.2-R0.1-SNAPSHOT.jar:git-Paper-388]
	at org.bukkit.plugin.RegisteredListener.callEvent(RegisteredListener.java:70) ~[paper-api-1.18.2-R0.1-SNAPSHOT.jar:?]
	at org.bukkit.plugin.SimplePluginManager.callEvent(SimplePluginManager.java:669) ~[paper-api-1.18.2-R0.1-SNAPSHOT.jar:?]
	at org.bukkit.craftbukkit.v1_18_R2.event.CraftEventFactory.callEntityDeathEvent(CraftEventFactory.java:876) ~[paper-1.18.2.jar:git-Paper-388]
	at net.minecraft.world.entity.LivingEntity.dropAllDeathLoot(LivingEntity.java:1726) ~[?:?]
	at net.minecraft.world.entity.LivingEntity.die(LivingEntity.java:1624) ~[?:?]
	at net.minecraft.world.entity.LivingEntity.hurt(LivingEntity.java:1452) ~[?:?]
	at net.minecraft.world.entity.monster.Zombie.hurt(Zombie.java:317) ~[?:?]
	at org.bukkit.craftbukkit.v1_18_R2.entity.CraftLivingEntity.damage(CraftLivingEntity.java:363) ~[paper-1.18.2.jar:git-Paper-388]
	at studio.magemonkey.fabled.api.skills.Skill.damage(Skill.java:845) ~[fabled-1.0.4-R0.1-20241114.071356-1 (1).jar:?]
	at studio.magemonkey.fabled.dynamic.mechanic.DamageMechanic.execute(DamageMechanic.java:82) ~[fabled-1.0.4-R0.1-20241114.071356-1 (1).jar:?]
	at studio.magemonkey.fabled.dynamic.EffectComponent.executeChildren(EffectComponent.java:233) ~[fabled-1.0.4-R0.1-20241114.071356-1 (1).jar:?]
	at studio.magemonkey.fabled.dynamic.target.TargetComponent.execute(TargetComponent.java:57) ~[fabled-1.0.4-R0.1-20241114.071356-1 (1).jar:?]
	at studio.magemonkey.fabled.dynamic.EffectComponent.executeChildren(EffectComponent.java:233) ~[fabled-1.0.4-R0.1-20241114.071356-1 (1).jar:?]
	at studio.magemonkey.fabled.dynamic.target.TargetComponent.execute(TargetComponent.java:57) ~[fabled-1.0.4-R0.1-20241114.071356-1 (1).jar:?]
	at studio.magemonkey.fabled.dynamic.EffectComponent.executeChildren(EffectComponent.java:233) ~[fabled-1.0.4-R0.1-20241114.071356-1 (1).jar:?]
	at studio.magemonkey.fabled.dynamic.mechanic.RepeatMechanic.execute(RepeatMechanic.java:95) ~[fabled-1.0.4-R0.1-20241114.071356-1 (1).jar:?]
	at studio.magemonkey.fabled.dynamic.mechanic.RepeatMechanic$RepeatTask.run(RepeatMechanic.java:156) ~[fabled-1.0.4-R0.1-20241114.071356-1 (1).jar:?]
	at org.bukkit.craftbukkit.v1_18_R2.scheduler.CraftTask.run(CraftTask.java:101) ~[paper-1.18.2.jar:git-Paper-388]
	at org.bukkit.craftbukkit.v1_18_R2.scheduler.CraftScheduler.mainThreadHeartbeat(CraftScheduler.java:483) ~[paper-1.18.2.jar:git-Paper-388]
	at net.minecraft.server.MinecraftServer.tickChildren(MinecraftServer.java:1532) ~[paper-1.18.2.jar:git-Paper-388]
	at net.minecraft.server.dedicated.DedicatedServer.tickChildren(DedicatedServer.java:483) ~[paper-1.18.2.jar:git-Paper-388]
	at net.minecraft.server.MinecraftServer.tickServer(MinecraftServer.java:1456) ~[paper-1.18.2.jar:git-Paper-388]
	at net.minecraft.server.MinecraftServer.runServer(MinecraftServer.java:1226) ~[paper-1.18.2.jar:git-Paper-388]
	at net.minecraft.server.MinecraftServer.lambda$spin$0(MinecraftServer.java:316) ~[paper-1.18.2.jar:git-Paper-388]
	at java.lang.Thread.run(Thread.java:1583) ~[?:?]
[05:03:33] [Server thread/INFO]: Named entity EntityZombie['[2] [0.42] Xác Sống'/1231, uuid='b85981db-86bc-437e-b11f-9cc68a6ba889', l='ServerLevel[Spawn]', x=-1336.32, y=70.00, z=-396.00, cpos=[-84, -25], tl=107, v=true] died: [2] [0.42] Xác Sống was slain by axolotlstk using [Dao Găm Độc Tố]
[05:03:37] [Server thread/INFO]: [TheosisEconomy] Deposited 1 to axolotlstk's (b1616f7d-20ba-3499-aea3-59ab27d4941c) balance.
[05:03:37] [Server thread/ERROR]: Could not pass event EntityDeathEvent to MMOCore v1.12.1-SNAPSHOT
java.lang.IncompatibleClassChangeError: Method 'io.lumine.mythic.lib.hologram.Hologram io.lumine.mythic.lib.hologram.Hologram.create(org.bukkit.Location, java.util.List)' must be Methodref constant
	at net.Indyuce.mmocore.api.util.MMOCoreUtils.displayIndicator(MMOCoreUtils.java:115) ~[MMOCore-1.12.1-SNAPSHOT.jar:?]
	at net.Indyuce.mmocore.api.player.PlayerData.giveExperience(PlayerData.java:950) ~[MMOCore-1.12.1-SNAPSHOT.jar:?]
	at net.Indyuce.mmocore.api.player.profess.PlayerClass.giveExperience(PlayerClass.java:367) ~[MMOCore-1.12.1-SNAPSHOT.jar:?]
	at net.Indyuce.mmocore.experience.source.type.SpecificExperienceSource.giveExperience(SpecificExperienceSource.java:57) ~[MMOCore-1.12.1-SNAPSHOT.jar:?]
	at net.Indyuce.mmocore.experience.source.KillMobExperienceSource$Manager.giveExp(KillMobExperienceSource.java:81) ~[MMOCore-1.12.1-SNAPSHOT.jar:?]
	at com.destroystokyo.paper.event.executor.MethodHandleEventExecutor.execute(MethodHandleEventExecutor.java:37) ~[paper-api-1.18.2-R0.1-SNAPSHOT.jar:?]
	at co.aikar.timings.TimedEventExecutor.execute(TimedEventExecutor.java:80) ~[paper-api-1.18.2-R0.1-SNAPSHOT.jar:git-Paper-388]
	at org.bukkit.plugin.RegisteredListener.callEvent(RegisteredListener.java:70) ~[paper-api-1.18.2-R0.1-SNAPSHOT.jar:?]
	at org.bukkit.plugin.SimplePluginManager.callEvent(SimplePluginManager.java:669) ~[paper-api-1.18.2-R0.1-SNAPSHOT.jar:?]
	at org.bukkit.craftbukkit.v1_18_R2.event.CraftEventFactory.callEntityDeathEvent(CraftEventFactory.java:876) ~[paper-1.18.2.jar:git-Paper-388]
	at net.minecraft.world.entity.LivingEntity.dropAllDeathLoot(LivingEntity.java:1726) ~[?:?]
	at net.minecraft.world.entity.LivingEntity.die(LivingEntity.java:1624) ~[?:?]
	at net.minecraft.world.entity.LivingEntity.hurt(LivingEntity.java:1452) ~[?:?]
	at net.minecraft.world.entity.monster.Zombie.hurt(Zombie.java:317) ~[?:?]
	at net.minecraft.world.entity.player.Player.attack(Player.java:1278) ~[?:?]
	at net.minecraft.server.level.ServerPlayer.attack(ServerPlayer.java:2040) ~[?:?]
	at net.minecraft.server.network.ServerGamePacketListenerImpl$5.a(ServerGamePacketListenerImpl.java:2541) ~[?:?]
	at net.minecraft.network.protocol.game.ServerboundInteractPacket$1.dispatch(ServerboundInteractPacket.java:24) ~[?:?]
	at net.minecraft.network.protocol.game.ServerboundInteractPacket.dispatch(ServerboundInteractPacket.java:80) ~[?:?]
	at net.minecraft.server.network.ServerGamePacketListenerImpl.handleInteract(ServerGamePacketListenerImpl.java:2468) ~[?:?]
	at net.minecraft.network.protocol.game.ServerboundInteractPacket.handle(ServerboundInteractPacket.java:67) ~[?:?]
	at net.minecraft.network.protocol.game.ServerboundInteractPacket.handle(ServerboundInteractPacket.java:12) ~[?:?]
	at net.minecraft.network.protocol.PacketUtils.lambda$ensureRunningOnSameThread$1(PacketUtils.java:51) ~[?:?]
	at net.minecraft.server.TickTask.run(TickTask.java:18) ~[paper-1.18.2.jar:git-Paper-388]
	at net.minecraft.util.thread.BlockableEventLoop.doRunTask(BlockableEventLoop.java:153) ~[?:?]
	at net.minecraft.util.thread.ReentrantBlockableEventLoop.doRunTask(ReentrantBlockableEventLoop.java:24) ~[?:?]
	at net.minecraft.server.MinecraftServer.doRunTask(MinecraftServer.java:1400) ~[paper-1.18.2.jar:git-Paper-388]
	at net.minecraft.server.MinecraftServer.d(MinecraftServer.java:188) ~[paper-1.18.2.jar:git-Paper-388]
	at net.minecraft.util.thread.BlockableEventLoop.pollTask(BlockableEventLoop.java:126) ~[?:?]
	at net.minecraft.server.MinecraftServer.pollTaskInternal(MinecraftServer.java:1377) ~[paper-1.18.2.jar:git-Paper-388]
	at net.minecraft.server.MinecraftServer.pollTask(MinecraftServer.java:1370) ~[paper-1.18.2.jar:git-Paper-388]
	at net.minecraft.util.thread.BlockableEventLoop.managedBlock(BlockableEventLoop.java:136) ~[?:?]
	at net.minecraft.server.MinecraftServer.waitUntilNextTick(MinecraftServer.java:1348) ~[paper-1.18.2.jar:git-Paper-388]
	at net.minecraft.server.MinecraftServer.runServer(MinecraftServer.java:1230) ~[paper-1.18.2.jar:git-Paper-388]
	at net.minecraft.server.MinecraftServer.lambda$spin$0(MinecraftServer.java:316) ~[paper-1.18.2.jar:git-Paper-388]
	at java.lang.Thread.run(Thread.java:1583) ~[?:?]
[05:03:37] [Server thread/INFO]: Named entity EntityZombie['[2] [3.78] Xác Sống'/1232, uuid='3e708cdf-227a-425c-bd69-30a9781514cb', l='ServerLevel[Spawn]', x=-1336.97, y=70.00, z=-401.46, cpos=[-84, -26], tl=194, v=true] died: [2] [3.78] Xác Sống was slain by axolotlstk using [Dao Găm Độc Tố]
[05:03:40] [Server thread/ERROR]: [MMOItems] Couldn't read the subtable item CONSUMABLE.ROCK
[05:03:40] [Server thread/INFO]: [TheosisEconomy] Deposited 1 to axolotlstk's (b1616f7d-20ba-3499-aea3-59ab27d4941c) balance.
[05:03:40] [Server thread/ERROR]: Could not pass event EntityDeathEvent to MMOCore v1.12.1-SNAPSHOT
java.lang.IncompatibleClassChangeError: Method 'io.lumine.mythic.lib.hologram.Hologram io.lumine.mythic.lib.hologram.Hologram.create(org.bukkit.Location, java.util.List)' must be Methodref constant
	at net.Indyuce.mmocore.api.util.MMOCoreUtils.displayIndicator(MMOCoreUtils.java:115) ~[MMOCore-1.12.1-SNAPSHOT.jar:?]
	at net.Indyuce.mmocore.api.player.PlayerData.giveExperience(PlayerData.java:950) ~[MMOCore-1.12.1-SNAPSHOT.jar:?]
	at net.Indyuce.mmocore.api.player.profess.PlayerClass.giveExperience(PlayerClass.java:367) ~[MMOCore-1.12.1-SNAPSHOT.jar:?]
	at net.Indyuce.mmocore.experience.source.type.SpecificExperienceSource.giveExperience(SpecificExperienceSource.java:57) ~[MMOCore-1.12.1-SNAPSHOT.jar:?]
	at net.Indyuce.mmocore.experience.source.KillMobExperienceSource$Manager.giveExp(KillMobExperienceSource.java:81) ~[MMOCore-1.12.1-SNAPSHOT.jar:?]
	at com.destroystokyo.paper.event.executor.MethodHandleEventExecutor.execute(MethodHandleEventExecutor.java:37) ~[paper-api-1.18.2-R0.1-SNAPSHOT.jar:?]
	at co.aikar.timings.TimedEventExecutor.execute(TimedEventExecutor.java:80) ~[paper-api-1.18.2-R0.1-SNAPSHOT.jar:git-Paper-388]
	at org.bukkit.plugin.RegisteredListener.callEvent(RegisteredListener.java:70) ~[paper-api-1.18.2-R0.1-SNAPSHOT.jar:?]
	at org.bukkit.plugin.SimplePluginManager.callEvent(SimplePluginManager.java:669) ~[paper-api-1.18.2-R0.1-SNAPSHOT.jar:?]
	at org.bukkit.craftbukkit.v1_18_R2.event.CraftEventFactory.callEntityDeathEvent(CraftEventFactory.java:876) ~[paper-1.18.2.jar:git-Paper-388]
	at net.minecraft.world.entity.LivingEntity.dropAllDeathLoot(LivingEntity.java:1726) ~[?:?]
	at net.minecraft.world.entity.LivingEntity.die(LivingEntity.java:1624) ~[?:?]
	at net.minecraft.world.entity.LivingEntity.hurt(LivingEntity.java:1452) ~[?:?]
	at net.minecraft.world.entity.monster.Zombie.hurt(Zombie.java:317) ~[?:?]
	at org.bukkit.craftbukkit.v1_18_R2.entity.CraftLivingEntity.damage(CraftLivingEntity.java:363) ~[paper-1.18.2.jar:git-Paper-388]
	at studio.magemonkey.fabled.api.skills.Skill.damage(Skill.java:845) ~[fabled-1.0.4-R0.1-20241114.071356-1 (1).jar:?]
	at studio.magemonkey.fabled.dynamic.mechanic.DamageMechanic.execute(DamageMechanic.java:82) ~[fabled-1.0.4-R0.1-20241114.071356-1 (1).jar:?]
	at studio.magemonkey.fabled.dynamic.EffectComponent.executeChildren(EffectComponent.java:233) ~[fabled-1.0.4-R0.1-20241114.071356-1 (1).jar:?]
	at studio.magemonkey.fabled.dynamic.target.TargetComponent.execute(TargetComponent.java:57) ~[fabled-1.0.4-R0.1-20241114.071356-1 (1).jar:?]
	at studio.magemonkey.fabled.dynamic.EffectComponent.executeChildren(EffectComponent.java:233) ~[fabled-1.0.4-R0.1-20241114.071356-1 (1).jar:?]
	at studio.magemonkey.fabled.dynamic.target.TargetComponent.execute(TargetComponent.java:57) ~[fabled-1.0.4-R0.1-20241114.071356-1 (1).jar:?]
	at studio.magemonkey.fabled.dynamic.EffectComponent.executeChildren(EffectComponent.java:233) ~[fabled-1.0.4-R0.1-20241114.071356-1 (1).jar:?]
	at studio.magemonkey.fabled.dynamic.mechanic.RepeatMechanic.execute(RepeatMechanic.java:95) ~[fabled-1.0.4-R0.1-20241114.071356-1 (1).jar:?]
	at studio.magemonkey.fabled.dynamic.mechanic.RepeatMechanic$RepeatTask.run(RepeatMechanic.java:156) ~[fabled-1.0.4-R0.1-20241114.071356-1 (1).jar:?]
	at org.bukkit.craftbukkit.v1_18_R2.scheduler.CraftTask.run(CraftTask.java:101) ~[paper-1.18.2.jar:git-Paper-388]
	at org.bukkit.craftbukkit.v1_18_R2.scheduler.CraftScheduler.mainThreadHeartbeat(CraftScheduler.java:483) ~[paper-1.18.2.jar:git-Paper-388]
	at net.minecraft.server.MinecraftServer.tickChildren(MinecraftServer.java:1532) ~[paper-1.18.2.jar:git-Paper-388]
	at net.minecraft.server.dedicated.DedicatedServer.tickChildren(DedicatedServer.java:483) ~[paper-1.18.2.jar:git-Paper-388]
	at net.minecraft.server.MinecraftServer.tickServer(MinecraftServer.java:1456) ~[paper-1.18.2.jar:git-Paper-388]
	at net.minecraft.server.MinecraftServer.runServer(MinecraftServer.java:1226) ~[paper-1.18.2.jar:git-Paper-388]
	at net.minecraft.server.MinecraftServer.lambda$spin$0(MinecraftServer.java:316) ~[paper-1.18.2.jar:git-Paper-388]
	at java.lang.Thread.run(Thread.java:1583) ~[?:?]
[05:03:40] [Server thread/INFO]: Named entity EntityZombie['[2] [2.35] Xác Sống'/1253, uuid='61a5cc3a-1bb0-4faa-a8dd-8e37387f6438', l='ServerLevel[Spawn]', x=-1335.84, y=70.00, z=-402.27, cpos=[-84, -26], tl=55, v=true] died: [2] [2.35] Xác Sống was slain by axolotlstk using [Dao Găm Độc Tố]
[05:03:40] [Server thread/INFO]: [TheosisEconomy] Deposited 1 to axolotlstk's (b1616f7d-20ba-3499-aea3-59ab27d4941c) balance.
[05:03:40] [Server thread/ERROR]: Could not pass event EntityDeathEvent to MMOCore v1.12.1-SNAPSHOT
java.lang.IncompatibleClassChangeError: Method 'io.lumine.mythic.lib.hologram.Hologram io.lumine.mythic.lib.hologram.Hologram.create(org.bukkit.Location, java.util.List)' must be Methodref constant
	at net.Indyuce.mmocore.api.util.MMOCoreUtils.displayIndicator(MMOCoreUtils.java:115) ~[MMOCore-1.12.1-SNAPSHOT.jar:?]
	at net.Indyuce.mmocore.api.player.PlayerData.giveExperience(PlayerData.java:950) ~[MMOCore-1.12.1-SNAPSHOT.jar:?]
	at net.Indyuce.mmocore.api.player.profess.PlayerClass.giveExperience(PlayerClass.java:367) ~[MMOCore-1.12.1-SNAPSHOT.jar:?]
	at net.Indyuce.mmocore.experience.source.type.SpecificExperienceSource.giveExperience(SpecificExperienceSource.java:57) ~[MMOCore-1.12.1-SNAPSHOT.jar:?]
	at net.Indyuce.mmocore.experience.source.KillMobExperienceSource$Manager.giveExp(KillMobExperienceSource.java:81) ~[MMOCore-1.12.1-SNAPSHOT.jar:?]
	at com.destroystokyo.paper.event.executor.MethodHandleEventExecutor.execute(MethodHandleEventExecutor.java:37) ~[paper-api-1.18.2-R0.1-SNAPSHOT.jar:?]
	at co.aikar.timings.TimedEventExecutor.execute(TimedEventExecutor.java:80) ~[paper-api-1.18.2-R0.1-SNAPSHOT.jar:git-Paper-388]
	at org.bukkit.plugin.RegisteredListener.callEvent(RegisteredListener.java:70) ~[paper-api-1.18.2-R0.1-SNAPSHOT.jar:?]
	at org.bukkit.plugin.SimplePluginManager.callEvent(SimplePluginManager.java:669) ~[paper-api-1.18.2-R0.1-SNAPSHOT.jar:?]
	at org.bukkit.craftbukkit.v1_18_R2.event.CraftEventFactory.callEntityDeathEvent(CraftEventFactory.java:876) ~[paper-1.18.2.jar:git-Paper-388]
	at net.minecraft.world.entity.LivingEntity.dropAllDeathLoot(LivingEntity.java:1726) ~[?:?]
	at net.minecraft.world.entity.LivingEntity.die(LivingEntity.java:1624) ~[?:?]
	at net.minecraft.world.entity.LivingEntity.hurt(LivingEntity.java:1452) ~[?:?]
	at net.minecraft.world.entity.monster.Zombie.hurt(Zombie.java:317) ~[?:?]
	at org.bukkit.craftbukkit.v1_18_R2.entity.CraftLivingEntity.damage(CraftLivingEntity.java:363) ~[paper-1.18.2.jar:git-Paper-388]
	at studio.magemonkey.fabled.api.skills.Skill.damage(Skill.java:845) ~[fabled-1.0.4-R0.1-20241114.071356-1 (1).jar:?]
	at studio.magemonkey.fabled.dynamic.mechanic.DamageMechanic.execute(DamageMechanic.java:82) ~[fabled-1.0.4-R0.1-20241114.071356-1 (1).jar:?]
	at studio.magemonkey.fabled.dynamic.EffectComponent.executeChildren(EffectComponent.java:233) ~[fabled-1.0.4-R0.1-20241114.071356-1 (1).jar:?]
	at studio.magemonkey.fabled.dynamic.target.TargetComponent.execute(TargetComponent.java:57) ~[fabled-1.0.4-R0.1-20241114.071356-1 (1).jar:?]
	at studio.magemonkey.fabled.dynamic.EffectComponent.executeChildren(EffectComponent.java:233) ~[fabled-1.0.4-R0.1-20241114.071356-1 (1).jar:?]
	at studio.magemonkey.fabled.dynamic.target.TargetComponent.execute(TargetComponent.java:57) ~[fabled-1.0.4-R0.1-20241114.071356-1 (1).jar:?]
	at studio.magemonkey.fabled.dynamic.EffectComponent.executeChildren(EffectComponent.java:233) ~[fabled-1.0.4-R0.1-20241114.071356-1 (1).jar:?]
	at studio.magemonkey.fabled.dynamic.mechanic.RepeatMechanic.execute(RepeatMechanic.java:95) ~[fabled-1.0.4-R0.1-20241114.071356-1 (1).jar:?]
	at studio.magemonkey.fabled.dynamic.mechanic.RepeatMechanic$RepeatTask.run(RepeatMechanic.java:156) ~[fabled-1.0.4-R0.1-20241114.071356-1 (1).jar:?]
	at org.bukkit.craftbukkit.v1_18_R2.scheduler.CraftTask.run(CraftTask.java:101) ~[paper-1.18.2.jar:git-Paper-388]
	at org.bukkit.craftbukkit.v1_18_R2.scheduler.CraftScheduler.mainThreadHeartbeat(CraftScheduler.java:483) ~[paper-1.18.2.jar:git-Paper-388]
	at net.minecraft.server.MinecraftServer.tickChildren(MinecraftServer.java:1532) ~[paper-1.18.2.jar:git-Paper-388]
	at net.minecraft.server.dedicated.DedicatedServer.tickChildren(DedicatedServer.java:483) ~[paper-1.18.2.jar:git-Paper-388]
	at net.minecraft.server.MinecraftServer.tickServer(MinecraftServer.java:1456) ~[paper-1.18.2.jar:git-Paper-388]
	at net.minecraft.server.MinecraftServer.runServer(MinecraftServer.java:1226) ~[paper-1.18.2.jar:git-Paper-388]
	at net.minecraft.server.MinecraftServer.lambda$spin$0(MinecraftServer.java:316) ~[paper-1.18.2.jar:git-Paper-388]
	at java.lang.Thread.run(Thread.java:1583) ~[?:?]
[05:03:40] [Server thread/INFO]: Named entity EntityZombie['[2] [0.42] Xác Sống'/1256, uuid='8cc19165-b185-40ae-918b-67474fdae5fb', l='ServerLevel[Spawn]', x=-1335.39, y=70.00, z=-400.94, cpos=[-84, -26], tl=58, v=true] died: [2] [0.42] Xác Sống was slain by axolotlstk using [Dao Găm Độc Tố]
[05:03:43] [Server thread/ERROR]: [MMOItems] Couldn't read the subtable item CONSUMABLE.ROCK
[05:03:43] [Server thread/INFO]: [TheosisEconomy] Deposited 1 to axolotlstk's (b1616f7d-20ba-3499-aea3-59ab27d4941c) balance.
[05:03:43] [Server thread/ERROR]: Could not pass event EntityDeathEvent to MMOCore v1.12.1-SNAPSHOT
java.lang.IncompatibleClassChangeError: Method 'io.lumine.mythic.lib.hologram.Hologram io.lumine.mythic.lib.hologram.Hologram.create(org.bukkit.Location, java.util.List)' must be Methodref constant
	at net.Indyuce.mmocore.api.util.MMOCoreUtils.displayIndicator(MMOCoreUtils.java:115) ~[MMOCore-1.12.1-SNAPSHOT.jar:?]
	at net.Indyuce.mmocore.api.player.PlayerData.giveExperience(PlayerData.java:950) ~[MMOCore-1.12.1-SNAPSHOT.jar:?]
	at net.Indyuce.mmocore.api.player.profess.PlayerClass.giveExperience(PlayerClass.java:367) ~[MMOCore-1.12.1-SNAPSHOT.jar:?]
	at net.Indyuce.mmocore.experience.source.type.SpecificExperienceSource.giveExperience(SpecificExperienceSource.java:57) ~[MMOCore-1.12.1-SNAPSHOT.jar:?]
	at net.Indyuce.mmocore.experience.source.KillMobExperienceSource$Manager.giveExp(KillMobExperienceSource.java:81) ~[MMOCore-1.12.1-SNAPSHOT.jar:?]
	at com.destroystokyo.paper.event.executor.MethodHandleEventExecutor.execute(MethodHandleEventExecutor.java:37) ~[paper-api-1.18.2-R0.1-SNAPSHOT.jar:?]
	at co.aikar.timings.TimedEventExecutor.execute(TimedEventExecutor.java:80) ~[paper-api-1.18.2-R0.1-SNAPSHOT.jar:git-Paper-388]
	at org.bukkit.plugin.RegisteredListener.callEvent(RegisteredListener.java:70) ~[paper-api-1.18.2-R0.1-SNAPSHOT.jar:?]
	at org.bukkit.plugin.SimplePluginManager.callEvent(SimplePluginManager.java:669) ~[paper-api-1.18.2-R0.1-SNAPSHOT.jar:?]
	at org.bukkit.craftbukkit.v1_18_R2.event.CraftEventFactory.callEntityDeathEvent(CraftEventFactory.java:876) ~[paper-1.18.2.jar:git-Paper-388]
	at net.minecraft.world.entity.LivingEntity.dropAllDeathLoot(LivingEntity.java:1726) ~[?:?]
	at net.minecraft.world.entity.LivingEntity.die(LivingEntity.java:1624) ~[?:?]
	at net.minecraft.world.entity.LivingEntity.hurt(LivingEntity.java:1452) ~[?:?]
	at net.minecraft.world.entity.monster.Zombie.hurt(Zombie.java:317) ~[?:?]
	at org.bukkit.craftbukkit.v1_18_R2.entity.CraftLivingEntity.damage(CraftLivingEntity.java:363) ~[paper-1.18.2.jar:git-Paper-388]
	at studio.magemonkey.fabled.api.skills.Skill.damage(Skill.java:841) ~[fabled-1.0.4-R0.1-20241114.071356-1 (1).jar:?]
	at studio.magemonkey.fabled.dynamic.mechanic.DamageMechanic.execute(DamageMechanic.java:82) ~[fabled-1.0.4-R0.1-20241114.071356-1 (1).jar:?]
	at studio.magemonkey.fabled.dynamic.EffectComponent.executeChildren(EffectComponent.java:233) ~[fabled-1.0.4-R0.1-20241114.071356-1 (1).jar:?]
	at studio.magemonkey.fabled.dynamic.mechanic.RepeatMechanic.execute(RepeatMechanic.java:95) ~[fabled-1.0.4-R0.1-20241114.071356-1 (1).jar:?]
	at studio.magemonkey.fabled.dynamic.mechanic.RepeatMechanic$RepeatTask.run(RepeatMechanic.java:156) ~[fabled-1.0.4-R0.1-20241114.071356-1 (1).jar:?]
	at org.bukkit.craftbukkit.v1_18_R2.scheduler.CraftTask.run(CraftTask.java:101) ~[paper-1.18.2.jar:git-Paper-388]
	at org.bukkit.craftbukkit.v1_18_R2.scheduler.CraftScheduler.mainThreadHeartbeat(CraftScheduler.java:483) ~[paper-1.18.2.jar:git-Paper-388]
	at net.minecraft.server.MinecraftServer.tickChildren(MinecraftServer.java:1532) ~[paper-1.18.2.jar:git-Paper-388]
	at net.minecraft.server.dedicated.DedicatedServer.tickChildren(DedicatedServer.java:483) ~[paper-1.18.2.jar:git-Paper-388]
	at net.minecraft.server.MinecraftServer.tickServer(MinecraftServer.java:1456) ~[paper-1.18.2.jar:git-Paper-388]
	at net.minecraft.server.MinecraftServer.runServer(MinecraftServer.java:1226) ~[paper-1.18.2.jar:git-Paper-388]
	at net.minecraft.server.MinecraftServer.lambda$spin$0(MinecraftServer.java:316) ~[paper-1.18.2.jar:git-Paper-388]
	at java.lang.Thread.run(Thread.java:1583) ~[?:?]
[05:03:43] [Server thread/INFO]: Named entity EntityZombie['[2] [3.36] Xác Sống'/1254, uuid='6466e47b-6783-44b4-8dd6-71a0e10c5f62', l='ServerLevel[Spawn]', x=-1336.57, y=70.35, z=-395.41, cpos=[-84, -25], tl=107, v=true] died: [2] [3.36] Xác Sống was slain by axolotlstk using [Dao Găm Độc Tố]
[05:03:48] [Server thread/INFO]: Killed 2 entities
[05:03:48] [Server thread/INFO]: [TheosisEconomy] Deposited 1 to axolotlstk's (b1616f7d-20ba-3499-aea3-59ab27d4941c) balance.
[05:03:48] [Server thread/ERROR]: Could not pass event EntityDeathEvent to MMOCore v1.12.1-SNAPSHOT
java.lang.IncompatibleClassChangeError: Method 'io.lumine.mythic.lib.hologram.Hologram io.lumine.mythic.lib.hologram.Hologram.create(org.bukkit.Location, java.util.List)' must be Methodref constant
	at net.Indyuce.mmocore.api.util.MMOCoreUtils.displayIndicator(MMOCoreUtils.java:115) ~[MMOCore-1.12.1-SNAPSHOT.jar:?]
	at net.Indyuce.mmocore.api.player.PlayerData.giveExperience(PlayerData.java:950) ~[MMOCore-1.12.1-SNAPSHOT.jar:?]
	at net.Indyuce.mmocore.api.player.profess.PlayerClass.giveExperience(PlayerClass.java:367) ~[MMOCore-1.12.1-SNAPSHOT.jar:?]
	at net.Indyuce.mmocore.experience.source.type.SpecificExperienceSource.giveExperience(SpecificExperienceSource.java:57) ~[MMOCore-1.12.1-SNAPSHOT.jar:?]
	at net.Indyuce.mmocore.experience.source.KillMobExperienceSource$Manager.giveExp(KillMobExperienceSource.java:81) ~[MMOCore-1.12.1-SNAPSHOT.jar:?]
	at com.destroystokyo.paper.event.executor.MethodHandleEventExecutor.execute(MethodHandleEventExecutor.java:37) ~[paper-api-1.18.2-R0.1-SNAPSHOT.jar:?]
	at co.aikar.timings.TimedEventExecutor.execute(TimedEventExecutor.java:80) ~[paper-api-1.18.2-R0.1-SNAPSHOT.jar:git-Paper-388]
	at org.bukkit.plugin.RegisteredListener.callEvent(RegisteredListener.java:70) ~[paper-api-1.18.2-R0.1-SNAPSHOT.jar:?]
	at org.bukkit.plugin.SimplePluginManager.callEvent(SimplePluginManager.java:669) ~[paper-api-1.18.2-R0.1-SNAPSHOT.jar:?]
	at org.bukkit.craftbukkit.v1_18_R2.event.CraftEventFactory.callEntityDeathEvent(CraftEventFactory.java:876) ~[paper-1.18.2.jar:git-Paper-388]
	at net.minecraft.world.entity.LivingEntity.dropAllDeathLoot(LivingEntity.java:1726) ~[?:?]
	at net.minecraft.world.entity.LivingEntity.die(LivingEntity.java:1624) ~[?:?]
	at net.minecraft.world.entity.LivingEntity.hurt(LivingEntity.java:1452) ~[?:?]
	at net.minecraft.world.entity.monster.Zombie.hurt(Zombie.java:317) ~[?:?]
	at net.minecraft.world.entity.player.Player.attack(Player.java:1278) ~[?:?]
	at net.minecraft.server.level.ServerPlayer.attack(ServerPlayer.java:2040) ~[?:?]
	at net.minecraft.server.network.ServerGamePacketListenerImpl$5.a(ServerGamePacketListenerImpl.java:2541) ~[?:?]
	at net.minecraft.network.protocol.game.ServerboundInteractPacket$1.dispatch(ServerboundInteractPacket.java:24) ~[?:?]
	at net.minecraft.network.protocol.game.ServerboundInteractPacket.dispatch(ServerboundInteractPacket.java:80) ~[?:?]
	at net.minecraft.server.network.ServerGamePacketListenerImpl.handleInteract(ServerGamePacketListenerImpl.java:2468) ~[?:?]
	at net.minecraft.network.protocol.game.ServerboundInteractPacket.handle(ServerboundInteractPacket.java:67) ~[?:?]
	at net.minecraft.network.protocol.game.ServerboundInteractPacket.handle(ServerboundInteractPacket.java:12) ~[?:?]
	at net.minecraft.network.protocol.PacketUtils.lambda$ensureRunningOnSameThread$1(PacketUtils.java:51) ~[?:?]
	at net.minecraft.server.TickTask.run(TickTask.java:18) ~[paper-1.18.2.jar:git-Paper-388]
	at net.minecraft.util.thread.BlockableEventLoop.doRunTask(BlockableEventLoop.java:153) ~[?:?]
	at net.minecraft.util.thread.ReentrantBlockableEventLoop.doRunTask(ReentrantBlockableEventLoop.java:24) ~[?:?]
	at net.minecraft.server.MinecraftServer.doRunTask(MinecraftServer.java:1400) ~[paper-1.18.2.jar:git-Paper-388]
	at net.minecraft.server.MinecraftServer.d(MinecraftServer.java:188) ~[paper-1.18.2.jar:git-Paper-388]
	at net.minecraft.util.thread.BlockableEventLoop.pollTask(BlockableEventLoop.java:126) ~[?:?]
	at net.minecraft.server.MinecraftServer.pollTaskInternal(MinecraftServer.java:1377) ~[paper-1.18.2.jar:git-Paper-388]
	at net.minecraft.server.MinecraftServer.pollTask(MinecraftServer.java:1370) ~[paper-1.18.2.jar:git-Paper-388]
	at net.minecraft.util.thread.BlockableEventLoop.managedBlock(BlockableEventLoop.java:136) ~[?:?]
	at net.minecraft.server.MinecraftServer.waitUntilNextTick(MinecraftServer.java:1348) ~[paper-1.18.2.jar:git-Paper-388]
	at net.minecraft.server.MinecraftServer.runServer(MinecraftServer.java:1230) ~[paper-1.18.2.jar:git-Paper-388]
	at net.minecraft.server.MinecraftServer.lambda$spin$0(MinecraftServer.java:316) ~[paper-1.18.2.jar:git-Paper-388]
	at java.lang.Thread.run(Thread.java:1583) ~[?:?]
[05:03:48] [Server thread/INFO]: Named entity EntityZombie['[2] [3.78] Xác Sống'/1255, uuid='636c178a-84ec-45c3-b438-9c148a660fae', l='ServerLevel[Spawn]', x=-1336.88, y=70.00, z=-394.19, cpos=[-84, -25], tl=215, v=true] died: [2] [3.78] Xác Sống was slain by axolotlstk using [Dao Găm Độc Tố]
[05:04:01] [Server thread/ERROR]: [MMOItems] Couldn't read the subtable item CONSUMABLE.ROCK
[05:04:01] [Server thread/INFO]: [TheosisEconomy] Deposited 1 to axolotlstk's (b1616f7d-20ba-3499-aea3-59ab27d4941c) balance.
[05:04:01] [Server thread/ERROR]: Could not pass event EntityDeathEvent to MMOCore v1.12.1-SNAPSHOT
java.lang.IncompatibleClassChangeError: Method 'io.lumine.mythic.lib.hologram.Hologram io.lumine.mythic.lib.hologram.Hologram.create(org.bukkit.Location, java.util.List)' must be Methodref constant
	at net.Indyuce.mmocore.api.util.MMOCoreUtils.displayIndicator(MMOCoreUtils.java:115) ~[MMOCore-1.12.1-SNAPSHOT.jar:?]
	at net.Indyuce.mmocore.api.player.PlayerData.giveExperience(PlayerData.java:950) ~[MMOCore-1.12.1-SNAPSHOT.jar:?]
	at net.Indyuce.mmocore.api.player.profess.PlayerClass.giveExperience(PlayerClass.java:367) ~[MMOCore-1.12.1-SNAPSHOT.jar:?]
	at net.Indyuce.mmocore.experience.source.type.SpecificExperienceSource.giveExperience(SpecificExperienceSource.java:57) ~[MMOCore-1.12.1-SNAPSHOT.jar:?]
	at net.Indyuce.mmocore.experience.source.KillMobExperienceSource$Manager.giveExp(KillMobExperienceSource.java:81) ~[MMOCore-1.12.1-SNAPSHOT.jar:?]
	at com.destroystokyo.paper.event.executor.MethodHandleEventExecutor.execute(MethodHandleEventExecutor.java:37) ~[paper-api-1.18.2-R0.1-SNAPSHOT.jar:?]
	at co.aikar.timings.TimedEventExecutor.execute(TimedEventExecutor.java:80) ~[paper-api-1.18.2-R0.1-SNAPSHOT.jar:git-Paper-388]
	at org.bukkit.plugin.RegisteredListener.callEvent(RegisteredListener.java:70) ~[paper-api-1.18.2-R0.1-SNAPSHOT.jar:?]
	at org.bukkit.plugin.SimplePluginManager.callEvent(SimplePluginManager.java:669) ~[paper-api-1.18.2-R0.1-SNAPSHOT.jar:?]
	at org.bukkit.craftbukkit.v1_18_R2.event.CraftEventFactory.callEntityDeathEvent(CraftEventFactory.java:876) ~[paper-1.18.2.jar:git-Paper-388]
	at net.minecraft.world.entity.LivingEntity.dropAllDeathLoot(LivingEntity.java:1726) ~[?:?]
	at net.minecraft.world.entity.LivingEntity.die(LivingEntity.java:1624) ~[?:?]
	at net.minecraft.world.entity.LivingEntity.hurt(LivingEntity.java:1452) ~[?:?]
	at net.minecraft.world.entity.monster.Zombie.hurt(Zombie.java:317) ~[?:?]
	at org.bukkit.craftbukkit.v1_18_R2.entity.CraftLivingEntity.damage(CraftLivingEntity.java:363) ~[paper-1.18.2.jar:git-Paper-388]
	at studio.magemonkey.fabled.api.skills.Skill.damage(Skill.java:845) ~[fabled-1.0.4-R0.1-20241114.071356-1 (1).jar:?]
	at studio.magemonkey.fabled.dynamic.mechanic.DamageMechanic.execute(DamageMechanic.java:82) ~[fabled-1.0.4-R0.1-20241114.071356-1 (1).jar:?]
	at studio.magemonkey.fabled.dynamic.EffectComponent.executeChildren(EffectComponent.java:233) ~[fabled-1.0.4-R0.1-20241114.071356-1 (1).jar:?]
	at studio.magemonkey.fabled.dynamic.target.TargetComponent.execute(TargetComponent.java:57) ~[fabled-1.0.4-R0.1-20241114.071356-1 (1).jar:?]
	at studio.magemonkey.fabled.dynamic.EffectComponent.executeChildren(EffectComponent.java:233) ~[fabled-1.0.4-R0.1-20241114.071356-1 (1).jar:?]
	at studio.magemonkey.fabled.dynamic.target.TargetComponent.execute(TargetComponent.java:57) ~[fabled-1.0.4-R0.1-20241114.071356-1 (1).jar:?]
	at studio.magemonkey.fabled.dynamic.EffectComponent.executeChildren(EffectComponent.java:233) ~[fabled-1.0.4-R0.1-20241114.071356-1 (1).jar:?]
	at studio.magemonkey.fabled.dynamic.mechanic.RepeatMechanic.execute(RepeatMechanic.java:95) ~[fabled-1.0.4-R0.1-20241114.071356-1 (1).jar:?]
	at studio.magemonkey.fabled.dynamic.mechanic.RepeatMechanic$RepeatTask.run(RepeatMechanic.java:156) ~[fabled-1.0.4-R0.1-20241114.071356-1 (1).jar:?]
	at org.bukkit.craftbukkit.v1_18_R2.scheduler.CraftTask.run(CraftTask.java:101) ~[paper-1.18.2.jar:git-Paper-388]
	at org.bukkit.craftbukkit.v1_18_R2.scheduler.CraftScheduler.mainThreadHeartbeat(CraftScheduler.java:483) ~[paper-1.18.2.jar:git-Paper-388]
	at net.minecraft.server.MinecraftServer.tickChildren(MinecraftServer.java:1532) ~[paper-1.18.2.jar:git-Paper-388]
	at net.minecraft.server.dedicated.DedicatedServer.tickChildren(DedicatedServer.java:483) ~[paper-1.18.2.jar:git-Paper-388]
	at net.minecraft.server.MinecraftServer.tickServer(MinecraftServer.java:1456) ~[paper-1.18.2.jar:git-Paper-388]
	at net.minecraft.server.MinecraftServer.runServer(MinecraftServer.java:1226) ~[paper-1.18.2.jar:git-Paper-388]
	at net.minecraft.server.MinecraftServer.lambda$spin$0(MinecraftServer.java:316) ~[paper-1.18.2.jar:git-Paper-388]
	at java.lang.Thread.run(Thread.java:1583) ~[?:?]
[05:04:01] [Server thread/INFO]: Named entity EntityZombie['[2] [2.93] Xác Sống'/1283, uuid='56fac300-14af-44cf-9c8d-256dc429ded9', l='ServerLevel[Spawn]', x=-1337.46, y=70.00, z=-401.50, cpos=[-84, -26], tl=270, v=true] died: [2] [2.93] Xác Sống was slain by axolotlstk using [Dao Găm Độc Tố]
[05:04:01] [Server thread/INFO]: [TheosisEconomy] Deposited 1 to axolotlstk's (b1616f7d-20ba-3499-aea3-59ab27d4941c) balance.
[05:04:01] [Server thread/ERROR]: Could not pass event EntityDeathEvent to MMOCore v1.12.1-SNAPSHOT
java.lang.IncompatibleClassChangeError: Method 'io.lumine.mythic.lib.hologram.Hologram io.lumine.mythic.lib.hologram.Hologram.create(org.bukkit.Location, java.util.List)' must be Methodref constant
	at net.Indyuce.mmocore.api.util.MMOCoreUtils.displayIndicator(MMOCoreUtils.java:115) ~[MMOCore-1.12.1-SNAPSHOT.jar:?]
	at net.Indyuce.mmocore.api.player.PlayerData.giveExperience(PlayerData.java:950) ~[MMOCore-1.12.1-SNAPSHOT.jar:?]
	at net.Indyuce.mmocore.api.player.profess.PlayerClass.giveExperience(PlayerClass.java:367) ~[MMOCore-1.12.1-SNAPSHOT.jar:?]
	at net.Indyuce.mmocore.experience.source.type.SpecificExperienceSource.giveExperience(SpecificExperienceSource.java:57) ~[MMOCore-1.12.1-SNAPSHOT.jar:?]
	at net.Indyuce.mmocore.experience.source.KillMobExperienceSource$Manager.giveExp(KillMobExperienceSource.java:81) ~[MMOCore-1.12.1-SNAPSHOT.jar:?]
	at com.destroystokyo.paper.event.executor.MethodHandleEventExecutor.execute(MethodHandleEventExecutor.java:37) ~[paper-api-1.18.2-R0.1-SNAPSHOT.jar:?]
	at co.aikar.timings.TimedEventExecutor.execute(TimedEventExecutor.java:80) ~[paper-api-1.18.2-R0.1-SNAPSHOT.jar:git-Paper-388]
	at org.bukkit.plugin.RegisteredListener.callEvent(RegisteredListener.java:70) ~[paper-api-1.18.2-R0.1-SNAPSHOT.jar:?]
	at org.bukkit.plugin.SimplePluginManager.callEvent(SimplePluginManager.java:669) ~[paper-api-1.18.2-R0.1-SNAPSHOT.jar:?]
	at org.bukkit.craftbukkit.v1_18_R2.event.CraftEventFactory.callEntityDeathEvent(CraftEventFactory.java:876) ~[paper-1.18.2.jar:git-Paper-388]
	at net.minecraft.world.entity.LivingEntity.dropAllDeathLoot(LivingEntity.java:1726) ~[?:?]
	at net.minecraft.world.entity.LivingEntity.die(LivingEntity.java:1624) ~[?:?]
	at net.minecraft.world.entity.LivingEntity.hurt(LivingEntity.java:1452) ~[?:?]
	at net.minecraft.world.entity.monster.Zombie.hurt(Zombie.java:317) ~[?:?]
	at org.bukkit.craftbukkit.v1_18_R2.entity.CraftLivingEntity.damage(CraftLivingEntity.java:363) ~[paper-1.18.2.jar:git-Paper-388]
	at studio.magemonkey.fabled.api.skills.Skill.damage(Skill.java:845) ~[fabled-1.0.4-R0.1-20241114.071356-1 (1).jar:?]
	at studio.magemonkey.fabled.dynamic.mechanic.DamageMechanic.execute(DamageMechanic.java:82) ~[fabled-1.0.4-R0.1-20241114.071356-1 (1).jar:?]
	at studio.magemonkey.fabled.dynamic.EffectComponent.executeChildren(EffectComponent.java:233) ~[fabled-1.0.4-R0.1-20241114.071356-1 (1).jar:?]
	at studio.magemonkey.fabled.dynamic.target.TargetComponent.execute(TargetComponent.java:57) ~[fabled-1.0.4-R0.1-20241114.071356-1 (1).jar:?]
	at studio.magemonkey.fabled.dynamic.EffectComponent.executeChildren(EffectComponent.java:233) ~[fabled-1.0.4-R0.1-20241114.071356-1 (1).jar:?]
	at studio.magemonkey.fabled.dynamic.target.TargetComponent.execute(TargetComponent.java:57) ~[fabled-1.0.4-R0.1-20241114.071356-1 (1).jar:?]
	at studio.magemonkey.fabled.dynamic.EffectComponent.executeChildren(EffectComponent.java:233) ~[fabled-1.0.4-R0.1-20241114.071356-1 (1).jar:?]
	at studio.magemonkey.fabled.dynamic.mechanic.RepeatMechanic.execute(RepeatMechanic.java:95) ~[fabled-1.0.4-R0.1-20241114.071356-1 (1).jar:?]
	at studio.magemonkey.fabled.dynamic.mechanic.RepeatMechanic$RepeatTask.run(RepeatMechanic.java:156) ~[fabled-1.0.4-R0.1-20241114.071356-1 (1).jar:?]
	at org.bukkit.craftbukkit.v1_18_R2.scheduler.CraftTask.run(CraftTask.java:101) ~[paper-1.18.2.jar:git-Paper-388]
	at org.bukkit.craftbukkit.v1_18_R2.scheduler.CraftScheduler.mainThreadHeartbeat(CraftScheduler.java:483) ~[paper-1.18.2.jar:git-Paper-388]
	at net.minecraft.server.MinecraftServer.tickChildren(MinecraftServer.java:1532) ~[paper-1.18.2.jar:git-Paper-388]
	at net.minecraft.server.dedicated.DedicatedServer.tickChildren(DedicatedServer.java:483) ~[paper-1.18.2.jar:git-Paper-388]
	at net.minecraft.server.MinecraftServer.tickServer(MinecraftServer.java:1456) ~[paper-1.18.2.jar:git-Paper-388]
	at net.minecraft.server.MinecraftServer.runServer(MinecraftServer.java:1226) ~[paper-1.18.2.jar:git-Paper-388]
	at net.minecraft.server.MinecraftServer.lambda$spin$0(MinecraftServer.java:316) ~[paper-1.18.2.jar:git-Paper-388]
	at java.lang.Thread.run(Thread.java:1583) ~[?:?]
[05:04:01] [Server thread/INFO]: Named entity EntityZombie['[2] [2.35] Xác Sống'/1282, uuid='311af3aa-ec42-4c36-aeb4-53a670bb12e1', l='ServerLevel[Spawn]', x=-1338.12, y=70.04, z=-401.67, cpos=[-84, -26], tl=272, v=true] died: [2] [2.35] Xác Sống was slain by axolotlstk using [Dao Găm Độc Tố]
[05:04:01] [Server thread/ERROR]: [MMOItems] Couldn't read the subtable item CONSUMABLE.ROCK
[05:04:01] [Server thread/INFO]: [TheosisEconomy] Deposited 1 to axolotlstk's (b1616f7d-20ba-3499-aea3-59ab27d4941c) balance.
[05:04:01] [Server thread/ERROR]: Could not pass event EntityDeathEvent to MMOCore v1.12.1-SNAPSHOT
java.lang.IncompatibleClassChangeError: Method 'io.lumine.mythic.lib.hologram.Hologram io.lumine.mythic.lib.hologram.Hologram.create(org.bukkit.Location, java.util.List)' must be Methodref constant
	at net.Indyuce.mmocore.api.util.MMOCoreUtils.displayIndicator(MMOCoreUtils.java:115) ~[MMOCore-1.12.1-SNAPSHOT.jar:?]
	at net.Indyuce.mmocore.api.player.PlayerData.giveExperience(PlayerData.java:950) ~[MMOCore-1.12.1-SNAPSHOT.jar:?]
	at net.Indyuce.mmocore.api.player.profess.PlayerClass.giveExperience(PlayerClass.java:367) ~[MMOCore-1.12.1-SNAPSHOT.jar:?]
	at net.Indyuce.mmocore.experience.source.type.SpecificExperienceSource.giveExperience(SpecificExperienceSource.java:57) ~[MMOCore-1.12.1-SNAPSHOT.jar:?]
	at net.Indyuce.mmocore.experience.source.KillMobExperienceSource$Manager.giveExp(KillMobExperienceSource.java:81) ~[MMOCore-1.12.1-SNAPSHOT.jar:?]
	at com.destroystokyo.paper.event.executor.MethodHandleEventExecutor.execute(MethodHandleEventExecutor.java:37) ~[paper-api-1.18.2-R0.1-SNAPSHOT.jar:?]
	at co.aikar.timings.TimedEventExecutor.execute(TimedEventExecutor.java:80) ~[paper-api-1.18.2-R0.1-SNAPSHOT.jar:git-Paper-388]
	at org.bukkit.plugin.RegisteredListener.callEvent(RegisteredListener.java:70) ~[paper-api-1.18.2-R0.1-SNAPSHOT.jar:?]
	at org.bukkit.plugin.SimplePluginManager.callEvent(SimplePluginManager.java:669) ~[paper-api-1.18.2-R0.1-SNAPSHOT.jar:?]
	at org.bukkit.craftbukkit.v1_18_R2.event.CraftEventFactory.callEntityDeathEvent(CraftEventFactory.java:876) ~[paper-1.18.2.jar:git-Paper-388]
	at net.minecraft.world.entity.LivingEntity.dropAllDeathLoot(LivingEntity.java:1726) ~[?:?]
	at net.minecraft.world.entity.LivingEntity.die(LivingEntity.java:1624) ~[?:?]
	at net.minecraft.world.entity.LivingEntity.hurt(LivingEntity.java:1452) ~[?:?]
	at net.minecraft.world.entity.monster.Zombie.hurt(Zombie.java:317) ~[?:?]
	at org.bukkit.craftbukkit.v1_18_R2.entity.CraftLivingEntity.damage(CraftLivingEntity.java:363) ~[paper-1.18.2.jar:git-Paper-388]
	at studio.magemonkey.fabled.api.skills.Skill.damage(Skill.java:845) ~[fabled-1.0.4-R0.1-20241114.071356-1 (1).jar:?]
	at studio.magemonkey.fabled.dynamic.mechanic.DamageMechanic.execute(DamageMechanic.java:82) ~[fabled-1.0.4-R0.1-20241114.071356-1 (1).jar:?]
	at studio.magemonkey.fabled.dynamic.EffectComponent.executeChildren(EffectComponent.java:233) ~[fabled-1.0.4-R0.1-20241114.071356-1 (1).jar:?]
	at studio.magemonkey.fabled.dynamic.target.TargetComponent.execute(TargetComponent.java:57) ~[fabled-1.0.4-R0.1-20241114.071356-1 (1).jar:?]
	at studio.magemonkey.fabled.dynamic.EffectComponent.executeChildren(EffectComponent.java:233) ~[fabled-1.0.4-R0.1-20241114.071356-1 (1).jar:?]
	at studio.magemonkey.fabled.dynamic.target.TargetComponent.execute(TargetComponent.java:57) ~[fabled-1.0.4-R0.1-20241114.071356-1 (1).jar:?]
	at studio.magemonkey.fabled.dynamic.EffectComponent.executeChildren(EffectComponent.java:233) ~[fabled-1.0.4-R0.1-20241114.071356-1 (1).jar:?]
	at studio.magemonkey.fabled.dynamic.mechanic.RepeatMechanic.execute(RepeatMechanic.java:95) ~[fabled-1.0.4-R0.1-20241114.071356-1 (1).jar:?]
	at studio.magemonkey.fabled.dynamic.mechanic.RepeatMechanic$RepeatTask.run(RepeatMechanic.java:156) ~[fabled-1.0.4-R0.1-20241114.071356-1 (1).jar:?]
	at org.bukkit.craftbukkit.v1_18_R2.scheduler.CraftTask.run(CraftTask.java:101) ~[paper-1.18.2.jar:git-Paper-388]
	at org.bukkit.craftbukkit.v1_18_R2.scheduler.CraftScheduler.mainThreadHeartbeat(CraftScheduler.java:483) ~[paper-1.18.2.jar:git-Paper-388]
	at net.minecraft.server.MinecraftServer.tickChildren(MinecraftServer.java:1532) ~[paper-1.18.2.jar:git-Paper-388]
	at net.minecraft.server.dedicated.DedicatedServer.tickChildren(DedicatedServer.java:483) ~[paper-1.18.2.jar:git-Paper-388]
	at net.minecraft.server.MinecraftServer.tickServer(MinecraftServer.java:1456) ~[paper-1.18.2.jar:git-Paper-388]
	at net.minecraft.server.MinecraftServer.runServer(MinecraftServer.java:1226) ~[paper-1.18.2.jar:git-Paper-388]
	at net.minecraft.server.MinecraftServer.lambda$spin$0(MinecraftServer.java:316) ~[paper-1.18.2.jar:git-Paper-388]
	at java.lang.Thread.run(Thread.java:1583) ~[?:?]
[05:04:01] [Server thread/INFO]: Named entity EntityZombie['[2] [0.42] Xác Sống'/1287, uuid='b7477334-602c-466d-b756-3f4f5e94a3ca', l='ServerLevel[Spawn]', x=-1336.46, y=70.00, z=-402.29, cpos=[-84, -26], tl=74, v=true] died: [2] [0.42] Xác Sống was slain by axolotlstk using [Dao Găm Độc Tố]
[05:04:04] [Server thread/ERROR]: [MMOItems] Couldn't read the subtable item CONSUMABLE.ROCK
[05:04:04] [Server thread/INFO]: [TheosisEconomy] Deposited 1 to axolotlstk's (b1616f7d-20ba-3499-aea3-59ab27d4941c) balance.
[05:04:04] [Server thread/ERROR]: Could not pass event EntityDeathEvent to MMOCore v1.12.1-SNAPSHOT
java.lang.IncompatibleClassChangeError: Method 'io.lumine.mythic.lib.hologram.Hologram io.lumine.mythic.lib.hologram.Hologram.create(org.bukkit.Location, java.util.List)' must be Methodref constant
	at net.Indyuce.mmocore.api.util.MMOCoreUtils.displayIndicator(MMOCoreUtils.java:115) ~[MMOCore-1.12.1-SNAPSHOT.jar:?]
	at net.Indyuce.mmocore.api.player.PlayerData.giveExperience(PlayerData.java:950) ~[MMOCore-1.12.1-SNAPSHOT.jar:?]
	at net.Indyuce.mmocore.api.player.profess.PlayerClass.giveExperience(PlayerClass.java:367) ~[MMOCore-1.12.1-SNAPSHOT.jar:?]
	at net.Indyuce.mmocore.experience.source.type.SpecificExperienceSource.giveExperience(SpecificExperienceSource.java:57) ~[MMOCore-1.12.1-SNAPSHOT.jar:?]
	at net.Indyuce.mmocore.experience.source.KillMobExperienceSource$Manager.giveExp(KillMobExperienceSource.java:81) ~[MMOCore-1.12.1-SNAPSHOT.jar:?]
	at com.destroystokyo.paper.event.executor.MethodHandleEventExecutor.execute(MethodHandleEventExecutor.java:37) ~[paper-api-1.18.2-R0.1-SNAPSHOT.jar:?]
	at co.aikar.timings.TimedEventExecutor.execute(TimedEventExecutor.java:80) ~[paper-api-1.18.2-R0.1-SNAPSHOT.jar:git-Paper-388]
	at org.bukkit.plugin.RegisteredListener.callEvent(RegisteredListener.java:70) ~[paper-api-1.18.2-R0.1-SNAPSHOT.jar:?]
	at org.bukkit.plugin.SimplePluginManager.callEvent(SimplePluginManager.java:669) ~[paper-api-1.18.2-R0.1-SNAPSHOT.jar:?]
	at org.bukkit.craftbukkit.v1_18_R2.event.CraftEventFactory.callEntityDeathEvent(CraftEventFactory.java:876) ~[paper-1.18.2.jar:git-Paper-388]
	at net.minecraft.world.entity.LivingEntity.dropAllDeathLoot(LivingEntity.java:1726) ~[?:?]
	at net.minecraft.world.entity.LivingEntity.die(LivingEntity.java:1624) ~[?:?]
	at net.minecraft.world.entity.LivingEntity.hurt(LivingEntity.java:1452) ~[?:?]
	at net.minecraft.world.entity.monster.Zombie.hurt(Zombie.java:317) ~[?:?]
	at org.bukkit.craftbukkit.v1_18_R2.entity.CraftLivingEntity.damage(CraftLivingEntity.java:363) ~[paper-1.18.2.jar:git-Paper-388]
	at studio.magemonkey.fabled.api.skills.Skill.damage(Skill.java:841) ~[fabled-1.0.4-R0.1-20241114.071356-1 (1).jar:?]
	at studio.magemonkey.fabled.dynamic.mechanic.DamageMechanic.execute(DamageMechanic.java:82) ~[fabled-1.0.4-R0.1-20241114.071356-1 (1).jar:?]
	at studio.magemonkey.fabled.dynamic.EffectComponent.executeChildren(EffectComponent.java:233) ~[fabled-1.0.4-R0.1-20241114.071356-1 (1).jar:?]
	at studio.magemonkey.fabled.dynamic.mechanic.RepeatMechanic.execute(RepeatMechanic.java:95) ~[fabled-1.0.4-R0.1-20241114.071356-1 (1).jar:?]
	at studio.magemonkey.fabled.dynamic.mechanic.RepeatMechanic$RepeatTask.run(RepeatMechanic.java:156) ~[fabled-1.0.4-R0.1-20241114.071356-1 (1).jar:?]
	at org.bukkit.craftbukkit.v1_18_R2.scheduler.CraftTask.run(CraftTask.java:101) ~[paper-1.18.2.jar:git-Paper-388]
	at org.bukkit.craftbukkit.v1_18_R2.scheduler.CraftScheduler.mainThreadHeartbeat(CraftScheduler.java:483) ~[paper-1.18.2.jar:git-Paper-388]
	at net.minecraft.server.MinecraftServer.tickChildren(MinecraftServer.java:1532) ~[paper-1.18.2.jar:git-Paper-388]
	at net.minecraft.server.dedicated.DedicatedServer.tickChildren(DedicatedServer.java:483) ~[paper-1.18.2.jar:git-Paper-388]
	at net.minecraft.server.MinecraftServer.tickServer(MinecraftServer.java:1456) ~[paper-1.18.2.jar:git-Paper-388]
	at net.minecraft.server.MinecraftServer.runServer(MinecraftServer.java:1226) ~[paper-1.18.2.jar:git-Paper-388]
	at net.minecraft.server.MinecraftServer.lambda$spin$0(MinecraftServer.java:316) ~[paper-1.18.2.jar:git-Paper-388]
	at java.lang.Thread.run(Thread.java:1583) ~[?:?]
[05:04:04] [Server thread/INFO]: Named entity EntityZombie['[2] [3.36] Xác Sống'/1284, uuid='3f84d6d2-7502-4a7b-9749-f236289eaf1e', l='ServerLevel[Spawn]', x=-1337.53, y=70.35, z=-396.74, cpos=[-84, -25], tl=326, v=true] died: [2] [3.36] Xác Sống was slain by axolotlstk using [Dao Găm Độc Tố]
[05:04:15] [Server thread/INFO]: [TheosisEconomy] Deposited 1 to axolotlstk's (b1616f7d-20ba-3499-aea3-59ab27d4941c) balance.
[05:04:15] [Server thread/ERROR]: Could not pass event EntityDeathEvent to MMOCore v1.12.1-SNAPSHOT
java.lang.IncompatibleClassChangeError: Method 'io.lumine.mythic.lib.hologram.Hologram io.lumine.mythic.lib.hologram.Hologram.create(org.bukkit.Location, java.util.List)' must be Methodref constant
	at net.Indyuce.mmocore.api.util.MMOCoreUtils.displayIndicator(MMOCoreUtils.java:115) ~[MMOCore-1.12.1-SNAPSHOT.jar:?]
	at net.Indyuce.mmocore.api.player.PlayerData.giveExperience(PlayerData.java:950) ~[MMOCore-1.12.1-SNAPSHOT.jar:?]
	at net.Indyuce.mmocore.api.player.profess.PlayerClass.giveExperience(PlayerClass.java:367) ~[MMOCore-1.12.1-SNAPSHOT.jar:?]
	at net.Indyuce.mmocore.experience.source.type.SpecificExperienceSource.giveExperience(SpecificExperienceSource.java:57) ~[MMOCore-1.12.1-SNAPSHOT.jar:?]
	at net.Indyuce.mmocore.experience.source.KillMobExperienceSource$Manager.giveExp(KillMobExperienceSource.java:81) ~[MMOCore-1.12.1-SNAPSHOT.jar:?]
	at com.destroystokyo.paper.event.executor.MethodHandleEventExecutor.execute(MethodHandleEventExecutor.java:37) ~[paper-api-1.18.2-R0.1-SNAPSHOT.jar:?]
	at co.aikar.timings.TimedEventExecutor.execute(TimedEventExecutor.java:80) ~[paper-api-1.18.2-R0.1-SNAPSHOT.jar:git-Paper-388]
	at org.bukkit.plugin.RegisteredListener.callEvent(RegisteredListener.java:70) ~[paper-api-1.18.2-R0.1-SNAPSHOT.jar:?]
	at org.bukkit.plugin.SimplePluginManager.callEvent(SimplePluginManager.java:669) ~[paper-api-1.18.2-R0.1-SNAPSHOT.jar:?]
	at org.bukkit.craftbukkit.v1_18_R2.event.CraftEventFactory.callEntityDeathEvent(CraftEventFactory.java:876) ~[paper-1.18.2.jar:git-Paper-388]
	at net.minecraft.world.entity.LivingEntity.dropAllDeathLoot(LivingEntity.java:1726) ~[?:?]
	at net.minecraft.world.entity.LivingEntity.die(LivingEntity.java:1624) ~[?:?]
	at net.minecraft.world.entity.LivingEntity.hurt(LivingEntity.java:1452) ~[?:?]
	at net.minecraft.world.entity.monster.Zombie.hurt(Zombie.java:317) ~[?:?]
	at org.bukkit.craftbukkit.v1_18_R2.entity.CraftLivingEntity.damage(CraftLivingEntity.java:363) ~[paper-1.18.2.jar:git-Paper-388]
	at io.lumine.mythic.lib.manager.DamageManager.applyDamage(DamageManager.java:153) ~[MythicLib-1.7 (1).jar:?]
	at io.lumine.mythic.lib.manager.DamageManager.registerAttack(DamageManager.java:112) ~[MythicLib-1.7 (1).jar:?]
	at io.lumine.mythic.lib.script.mechanic.offense.DamageMechanic.cast(DamageMechanic.java:74) ~[MythicLib-1.7 (1).jar:?]
	at io.lumine.mythic.lib.script.mechanic.type.TargetMechanic.cast(TargetMechanic.java:30) ~[MythicLib-1.7 (1).jar:?]
	at io.lumine.mythic.lib.script.MechanicQueue.next(MechanicQueue.java:67) ~[MythicLib-1.7 (1).jar:?]
	at io.lumine.mythic.lib.script.Script.cast(Script.java:133) ~[MythicLib-1.7 (1).jar:?]
	at io.lumine.mythic.lib.script.mechanic.misc.ScriptMechanic.castWithNewMeta(ScriptMechanic.java:102) ~[MythicLib-1.7 (1).jar:?]
	at io.lumine.mythic.lib.script.mechanic.misc.ScriptMechanic.cast(ScriptMechanic.java:66) ~[MythicLib-1.7 (1).jar:?]
	at io.lumine.mythic.lib.script.MechanicQueue.next(MechanicQueue.java:67) ~[MythicLib-1.7 (1).jar:?]
	at io.lumine.mythic.lib.skill.handler.MythicLibSkillHandler.whenCast(MythicLibSkillHandler.java:34) ~[MythicLib-1.7 (1).jar:?]
	at io.lumine.mythic.lib.skill.handler.MythicLibSkillHandler.whenCast(MythicLibSkillHandler.java:12) ~[MythicLib-1.7 (1).jar:?]
	at io.lumine.mythic.lib.skill.Skill.castInstantly(Skill.java:90) ~[MythicLib-1.7 (1).jar:?]
	at io.lumine.mythic.lib.skill.Skill.cast(Skill.java:70) ~[MythicLib-1.7 (1).jar:?]
	at io.lumine.mythic.lib.skill.Skill.cast(Skill.java:49) ~[MythicLib-1.7 (1).jar:?]
	at net.Indyuce.mmoitems.api.interaction.weapon.Weapon.handleTargetedAttack(Weapon.java:135) ~[MMOItems-6.10 (1).jar:?]
	at net.Indyuce.mmoitems.listener.ItemUse.meleeAttacks(ItemUse.java:127) ~[MMOItems-6.10 (1).jar:?]
	at com.destroystokyo.paper.event.executor.asm.generated.GeneratedEventExecutor756.execute(Unknown Source) ~[?:?]
	at org.bukkit.plugin.EventExecutor.lambda$create$1(EventExecutor.java:75) ~[paper-api-1.18.2-R0.1-SNAPSHOT.jar:?]
	at co.aikar.timings.TimedEventExecutor.execute(TimedEventExecutor.java:80) ~[paper-api-1.18.2-R0.1-SNAPSHOT.jar:git-Paper-388]
	at org.bukkit.plugin.RegisteredListener.callEvent(RegisteredListener.java:70) ~[paper-api-1.18.2-R0.1-SNAPSHOT.jar:?]
	at org.bukkit.plugin.SimplePluginManager.callEvent(SimplePluginManager.java:669) ~[paper-api-1.18.2-R0.1-SNAPSHOT.jar:?]
	at io.lumine.mythic.lib.listener.event.AttackEventListener.registerEvents(AttackEventListener.java:59) ~[MythicLib-1.7 (1).jar:?]
	at com.destroystokyo.paper.event.executor.asm.generated.GeneratedEventExecutor618.execute(Unknown Source) ~[?:?]
	at org.bukkit.plugin.EventExecutor.lambda$create$1(EventExecutor.java:75) ~[paper-api-1.18.2-R0.1-SNAPSHOT.jar:?]
	at co.aikar.timings.TimedEventExecutor.execute(TimedEventExecutor.java:80) ~[paper-api-1.18.2-R0.1-SNAPSHOT.jar:git-Paper-388]
	at org.bukkit.plugin.RegisteredListener.callEvent(RegisteredListener.java:70) ~[paper-api-1.18.2-R0.1-SNAPSHOT.jar:?]
	at org.bukkit.plugin.SimplePluginManager.callEvent(SimplePluginManager.java:669) ~[paper-api-1.18.2-R0.1-SNAPSHOT.jar:?]
	at org.bukkit.craftbukkit.v1_18_R2.event.CraftEventFactory.callEvent(CraftEventFactory.java:248) ~[paper-1.18.2.jar:git-Paper-388]
	at org.bukkit.craftbukkit.v1_18_R2.event.CraftEventFactory.callEntityDamageEvent(CraftEventFactory.java:1149) ~[paper-1.18.2.jar:git-Paper-388]
	at org.bukkit.craftbukkit.v1_18_R2.event.CraftEventFactory.handleEntityDamageEvent(CraftEventFactory.java:1008) ~[paper-1.18.2.jar:git-Paper-388]
	at org.bukkit.craftbukkit.v1_18_R2.event.CraftEventFactory.handleEntityDamageEvent(CraftEventFactory.java:962) ~[paper-1.18.2.jar:git-Paper-388]
	at org.bukkit.craftbukkit.v1_18_R2.event.CraftEventFactory.handleLivingEntityDamageEvent(CraftEventFactory.java:1183) ~[paper-1.18.2.jar:git-Paper-388]
	at net.minecraft.world.entity.LivingEntity.damageEntity0(LivingEntity.java:2065) ~[?:?]
	at net.minecraft.world.entity.LivingEntity.hurt(LivingEntity.java:1346) ~[?:?]
	at net.minecraft.world.entity.monster.Zombie.hurt(Zombie.java:317) ~[?:?]
	at net.minecraft.world.entity.player.Player.attack(Player.java:1278) ~[?:?]
	at net.minecraft.server.level.ServerPlayer.attack(ServerPlayer.java:2040) ~[?:?]
	at net.minecraft.server.network.ServerGamePacketListenerImpl$5.a(ServerGamePacketListenerImpl.java:2541) ~[?:?]
	at net.minecraft.network.protocol.game.ServerboundInteractPacket$1.dispatch(ServerboundInteractPacket.java:24) ~[?:?]
	at net.minecraft.network.protocol.game.ServerboundInteractPacket.dispatch(ServerboundInteractPacket.java:80) ~[?:?]
	at net.minecraft.server.network.ServerGamePacketListenerImpl.handleInteract(ServerGamePacketListenerImpl.java:2468) ~[?:?]
	at net.minecraft.network.protocol.game.ServerboundInteractPacket.handle(ServerboundInteractPacket.java:67) ~[?:?]
	at net.minecraft.network.protocol.game.ServerboundInteractPacket.handle(ServerboundInteractPacket.java:12) ~[?:?]
	at net.minecraft.network.protocol.PacketUtils.lambda$ensureRunningOnSameThread$1(PacketUtils.java:51) ~[?:?]
	at net.minecraft.server.TickTask.run(TickTask.java:18) ~[paper-1.18.2.jar:git-Paper-388]
	at net.minecraft.util.thread.BlockableEventLoop.doRunTask(BlockableEventLoop.java:153) ~[?:?]
	at net.minecraft.util.thread.ReentrantBlockableEventLoop.doRunTask(ReentrantBlockableEventLoop.java:24) ~[?:?]
	at net.minecraft.server.MinecraftServer.doRunTask(MinecraftServer.java:1400) ~[paper-1.18.2.jar:git-Paper-388]
	at net.minecraft.server.MinecraftServer.d(MinecraftServer.java:188) ~[paper-1.18.2.jar:git-Paper-388]
	at net.minecraft.util.thread.BlockableEventLoop.pollTask(BlockableEventLoop.java:126) ~[?:?]
	at net.minecraft.server.MinecraftServer.pollTaskInternal(MinecraftServer.java:1377) ~[paper-1.18.2.jar:git-Paper-388]
	at net.minecraft.server.MinecraftServer.pollTask(MinecraftServer.java:1370) ~[paper-1.18.2.jar:git-Paper-388]
	at net.minecraft.util.thread.BlockableEventLoop.managedBlock(BlockableEventLoop.java:136) ~[?:?]
	at net.minecraft.server.MinecraftServer.waitUntilNextTick(MinecraftServer.java:1348) ~[paper-1.18.2.jar:git-Paper-388]
	at net.minecraft.server.MinecraftServer.runServer(MinecraftServer.java:1230) ~[paper-1.18.2.jar:git-Paper-388]
	at net.minecraft.server.MinecraftServer.lambda$spin$0(MinecraftServer.java:316) ~[paper-1.18.2.jar:git-Paper-388]
	at java.lang.Thread.run(Thread.java:1583) ~[?:?]
[05:04:15] [Server thread/INFO]: Named entity EntityZombie['[2] [3.09] Xác Sống'/1319, uuid='165ed38a-44ed-40fe-a3f0-ab960c361450', l='ServerLevel[Spawn]', x=-1336.32, y=70.00, z=-400.34, cpos=[-84, -26], tl=161, v=true] died: [2] [3.09] Xác Sống was slain by axolotlstk using [Dao Găm Độc Tố]
[05:04:15] [Server thread/INFO]: [TheosisEconomy] Deposited 25 to axolotlstk's (b1616f7d-20ba-3499-aea3-59ab27d4941c) balance.
[05:04:19] [Server thread/ERROR]: [MMOItems] Couldn't read the subtable item CONSUMABLE.ROCK
[05:04:19] [Server thread/INFO]: [TheosisEconomy] Deposited 1 to axolotlstk's (b1616f7d-20ba-3499-aea3-59ab27d4941c) balance.
[05:04:19] [Server thread/ERROR]: Could not pass event EntityDeathEvent to MMOCore v1.12.1-SNAPSHOT
java.lang.IncompatibleClassChangeError: Method 'io.lumine.mythic.lib.hologram.Hologram io.lumine.mythic.lib.hologram.Hologram.create(org.bukkit.Location, java.util.List)' must be Methodref constant
	at net.Indyuce.mmocore.api.util.MMOCoreUtils.displayIndicator(MMOCoreUtils.java:115) ~[MMOCore-1.12.1-SNAPSHOT.jar:?]
	at net.Indyuce.mmocore.api.player.PlayerData.giveExperience(PlayerData.java:950) ~[MMOCore-1.12.1-SNAPSHOT.jar:?]
	at net.Indyuce.mmocore.api.player.profess.PlayerClass.giveExperience(PlayerClass.java:367) ~[MMOCore-1.12.1-SNAPSHOT.jar:?]
	at net.Indyuce.mmocore.experience.source.type.SpecificExperienceSource.giveExperience(SpecificExperienceSource.java:57) ~[MMOCore-1.12.1-SNAPSHOT.jar:?]
	at net.Indyuce.mmocore.experience.source.KillMobExperienceSource$Manager.giveExp(KillMobExperienceSource.java:81) ~[MMOCore-1.12.1-SNAPSHOT.jar:?]
	at com.destroystokyo.paper.event.executor.MethodHandleEventExecutor.execute(MethodHandleEventExecutor.java:37) ~[paper-api-1.18.2-R0.1-SNAPSHOT.jar:?]
	at co.aikar.timings.TimedEventExecutor.execute(TimedEventExecutor.java:80) ~[paper-api-1.18.2-R0.1-SNAPSHOT.jar:git-Paper-388]
	at org.bukkit.plugin.RegisteredListener.callEvent(RegisteredListener.java:70) ~[paper-api-1.18.2-R0.1-SNAPSHOT.jar:?]
	at org.bukkit.plugin.SimplePluginManager.callEvent(SimplePluginManager.java:669) ~[paper-api-1.18.2-R0.1-SNAPSHOT.jar:?]
	at org.bukkit.craftbukkit.v1_18_R2.event.CraftEventFactory.callEntityDeathEvent(CraftEventFactory.java:876) ~[paper-1.18.2.jar:git-Paper-388]
	at net.minecraft.world.entity.LivingEntity.dropAllDeathLoot(LivingEntity.java:1726) ~[?:?]
	at net.minecraft.world.entity.LivingEntity.die(LivingEntity.java:1624) ~[?:?]
	at net.minecraft.world.entity.LivingEntity.hurt(LivingEntity.java:1452) ~[?:?]
	at net.minecraft.world.entity.monster.Zombie.hurt(Zombie.java:317) ~[?:?]
	at org.bukkit.craftbukkit.v1_18_R2.entity.CraftLivingEntity.damage(CraftLivingEntity.java:363) ~[paper-1.18.2.jar:git-Paper-388]
	at studio.magemonkey.fabled.api.skills.Skill.damage(Skill.java:845) ~[fabled-1.0.4-R0.1-20241114.071356-1 (1).jar:?]
	at studio.magemonkey.fabled.dynamic.mechanic.DamageMechanic.execute(DamageMechanic.java:82) ~[fabled-1.0.4-R0.1-20241114.071356-1 (1).jar:?]
	at studio.magemonkey.fabled.dynamic.EffectComponent.executeChildren(EffectComponent.java:233) ~[fabled-1.0.4-R0.1-20241114.071356-1 (1).jar:?]
	at studio.magemonkey.fabled.dynamic.target.TargetComponent.execute(TargetComponent.java:57) ~[fabled-1.0.4-R0.1-20241114.071356-1 (1).jar:?]
	at studio.magemonkey.fabled.dynamic.EffectComponent.executeChildren(EffectComponent.java:233) ~[fabled-1.0.4-R0.1-20241114.071356-1 (1).jar:?]
	at studio.magemonkey.fabled.dynamic.target.TargetComponent.execute(TargetComponent.java:57) ~[fabled-1.0.4-R0.1-20241114.071356-1 (1).jar:?]
	at studio.magemonkey.fabled.dynamic.EffectComponent.executeChildren(EffectComponent.java:233) ~[fabled-1.0.4-R0.1-20241114.071356-1 (1).jar:?]
	at studio.magemonkey.fabled.dynamic.mechanic.RepeatMechanic.execute(RepeatMechanic.java:95) ~[fabled-1.0.4-R0.1-20241114.071356-1 (1).jar:?]
	at studio.magemonkey.fabled.dynamic.mechanic.RepeatMechanic$RepeatTask.run(RepeatMechanic.java:156) ~[fabled-1.0.4-R0.1-20241114.071356-1 (1).jar:?]
	at org.bukkit.craftbukkit.v1_18_R2.scheduler.CraftTask.run(CraftTask.java:101) ~[paper-1.18.2.jar:git-Paper-388]
	at org.bukkit.craftbukkit.v1_18_R2.scheduler.CraftScheduler.mainThreadHeartbeat(CraftScheduler.java:483) ~[paper-1.18.2.jar:git-Paper-388]
	at net.minecraft.server.MinecraftServer.tickChildren(MinecraftServer.java:1532) ~[paper-1.18.2.jar:git-Paper-388]
	at net.minecraft.server.dedicated.DedicatedServer.tickChildren(DedicatedServer.java:483) ~[paper-1.18.2.jar:git-Paper-388]
	at net.minecraft.server.MinecraftServer.tickServer(MinecraftServer.java:1456) ~[paper-1.18.2.jar:git-Paper-388]
	at net.minecraft.server.MinecraftServer.runServer(MinecraftServer.java:1226) ~[paper-1.18.2.jar:git-Paper-388]
	at net.minecraft.server.MinecraftServer.lambda$spin$0(MinecraftServer.java:316) ~[paper-1.18.2.jar:git-Paper-388]
	at java.lang.Thread.run(Thread.java:1583) ~[?:?]
[05:04:19] [Server thread/INFO]: Named entity EntityZombie['[2] [7.22] Xác Sống'/1320, uuid='0a27d118-2af7-4418-a14a-093a278a15cc', l='ServerLevel[Spawn]', x=-1336.49, y=70.00, z=-397.42, cpos=[-84, -25], tl=225, v=true] died: [2] [7.22] Xác Sống was slain by axolotlstk using [Dao Găm Độc Tố]
[05:04:19] [Server thread/INFO]: [TheosisEconomy] Deposited 1 to axolotlstk's (b1616f7d-20ba-3499-aea3-59ab27d4941c) balance.
[05:04:19] [Server thread/ERROR]: Could not pass event EntityDeathEvent to MMOCore v1.12.1-SNAPSHOT
java.lang.IncompatibleClassChangeError: Method 'io.lumine.mythic.lib.hologram.Hologram io.lumine.mythic.lib.hologram.Hologram.create(org.bukkit.Location, java.util.List)' must be Methodref constant
	at net.Indyuce.mmocore.api.util.MMOCoreUtils.displayIndicator(MMOCoreUtils.java:115) ~[MMOCore-1.12.1-SNAPSHOT.jar:?]
	at net.Indyuce.mmocore.api.player.PlayerData.giveExperience(PlayerData.java:950) ~[MMOCore-1.12.1-SNAPSHOT.jar:?]
	at net.Indyuce.mmocore.api.player.profess.PlayerClass.giveExperience(PlayerClass.java:367) ~[MMOCore-1.12.1-SNAPSHOT.jar:?]
	at net.Indyuce.mmocore.experience.source.type.SpecificExperienceSource.giveExperience(SpecificExperienceSource.java:57) ~[MMOCore-1.12.1-SNAPSHOT.jar:?]
	at net.Indyuce.mmocore.experience.source.KillMobExperienceSource$Manager.giveExp(KillMobExperienceSource.java:81) ~[MMOCore-1.12.1-SNAPSHOT.jar:?]
	at com.destroystokyo.paper.event.executor.MethodHandleEventExecutor.execute(MethodHandleEventExecutor.java:37) ~[paper-api-1.18.2-R0.1-SNAPSHOT.jar:?]
	at co.aikar.timings.TimedEventExecutor.execute(TimedEventExecutor.java:80) ~[paper-api-1.18.2-R0.1-SNAPSHOT.jar:git-Paper-388]
	at org.bukkit.plugin.RegisteredListener.callEvent(RegisteredListener.java:70) ~[paper-api-1.18.2-R0.1-SNAPSHOT.jar:?]
	at org.bukkit.plugin.SimplePluginManager.callEvent(SimplePluginManager.java:669) ~[paper-api-1.18.2-R0.1-SNAPSHOT.jar:?]
	at org.bukkit.craftbukkit.v1_18_R2.event.CraftEventFactory.callEntityDeathEvent(CraftEventFactory.java:876) ~[paper-1.18.2.jar:git-Paper-388]
	at net.minecraft.world.entity.LivingEntity.dropAllDeathLoot(LivingEntity.java:1726) ~[?:?]
	at net.minecraft.world.entity.LivingEntity.die(LivingEntity.java:1624) ~[?:?]
	at net.minecraft.world.entity.LivingEntity.hurt(LivingEntity.java:1452) ~[?:?]
	at net.minecraft.world.entity.monster.Zombie.hurt(Zombie.java:317) ~[?:?]
	at org.bukkit.craftbukkit.v1_18_R2.entity.CraftLivingEntity.damage(CraftLivingEntity.java:363) ~[paper-1.18.2.jar:git-Paper-388]
	at studio.magemonkey.fabled.api.skills.Skill.damage(Skill.java:845) ~[fabled-1.0.4-R0.1-20241114.071356-1 (1).jar:?]
	at studio.magemonkey.fabled.dynamic.mechanic.DamageMechanic.execute(DamageMechanic.java:82) ~[fabled-1.0.4-R0.1-20241114.071356-1 (1).jar:?]
	at studio.magemonkey.fabled.dynamic.EffectComponent.executeChildren(EffectComponent.java:233) ~[fabled-1.0.4-R0.1-20241114.071356-1 (1).jar:?]
	at studio.magemonkey.fabled.dynamic.target.TargetComponent.execute(TargetComponent.java:57) ~[fabled-1.0.4-R0.1-20241114.071356-1 (1).jar:?]
	at studio.magemonkey.fabled.dynamic.EffectComponent.executeChildren(EffectComponent.java:233) ~[fabled-1.0.4-R0.1-20241114.071356-1 (1).jar:?]
	at studio.magemonkey.fabled.dynamic.target.TargetComponent.execute(TargetComponent.java:57) ~[fabled-1.0.4-R0.1-20241114.071356-1 (1).jar:?]
	at studio.magemonkey.fabled.dynamic.EffectComponent.executeChildren(EffectComponent.java:233) ~[fabled-1.0.4-R0.1-20241114.071356-1 (1).jar:?]
	at studio.magemonkey.fabled.dynamic.mechanic.RepeatMechanic.execute(RepeatMechanic.java:95) ~[fabled-1.0.4-R0.1-20241114.071356-1 (1).jar:?]
	at studio.magemonkey.fabled.dynamic.mechanic.RepeatMechanic$RepeatTask.run(RepeatMechanic.java:156) ~[fabled-1.0.4-R0.1-20241114.071356-1 (1).jar:?]
	at org.bukkit.craftbukkit.v1_18_R2.scheduler.CraftTask.run(CraftTask.java:101) ~[paper-1.18.2.jar:git-Paper-388]
	at org.bukkit.craftbukkit.v1_18_R2.scheduler.CraftScheduler.mainThreadHeartbeat(CraftScheduler.java:483) ~[paper-1.18.2.jar:git-Paper-388]
	at net.minecraft.server.MinecraftServer.tickChildren(MinecraftServer.java:1532) ~[paper-1.18.2.jar:git-Paper-388]
	at net.minecraft.server.dedicated.DedicatedServer.tickChildren(DedicatedServer.java:483) ~[paper-1.18.2.jar:git-Paper-388]
	at net.minecraft.server.MinecraftServer.tickServer(MinecraftServer.java:1456) ~[paper-1.18.2.jar:git-Paper-388]
	at net.minecraft.server.MinecraftServer.runServer(MinecraftServer.java:1226) ~[paper-1.18.2.jar:git-Paper-388]
	at net.minecraft.server.MinecraftServer.lambda$spin$0(MinecraftServer.java:316) ~[paper-1.18.2.jar:git-Paper-388]
	at java.lang.Thread.run(Thread.java:1583) ~[?:?]
[05:04:19] [Server thread/INFO]: Named entity EntityZombie['[2] [1.16] Xác Sống'/1317, uuid='f53fae9f-b211-4ecf-a21e-5a78d3b142f4', l='ServerLevel[Spawn]', x=-1337.50, y=70.00, z=-396.58, cpos=[-84, -25], tl=225, v=true] died: [2] [1.16] Xác Sống was slain by axolotlstk using [Dao Găm Độc Tố]
[05:04:19] [Server thread/INFO]: [TheosisEconomy] Deposited 1 to axolotlstk's (b1616f7d-20ba-3499-aea3-59ab27d4941c) balance.
[05:04:19] [Server thread/ERROR]: Could not pass event EntityDeathEvent to MMOCore v1.12.1-SNAPSHOT
java.lang.IncompatibleClassChangeError: Method 'io.lumine.mythic.lib.hologram.Hologram io.lumine.mythic.lib.hologram.Hologram.create(org.bukkit.Location, java.util.List)' must be Methodref constant
	at net.Indyuce.mmocore.api.util.MMOCoreUtils.displayIndicator(MMOCoreUtils.java:115) ~[MMOCore-1.12.1-SNAPSHOT.jar:?]
	at net.Indyuce.mmocore.api.player.PlayerData.giveExperience(PlayerData.java:950) ~[MMOCore-1.12.1-SNAPSHOT.jar:?]
	at net.Indyuce.mmocore.api.player.profess.PlayerClass.giveExperience(PlayerClass.java:367) ~[MMOCore-1.12.1-SNAPSHOT.jar:?]
	at net.Indyuce.mmocore.experience.source.type.SpecificExperienceSource.giveExperience(SpecificExperienceSource.java:57) ~[MMOCore-1.12.1-SNAPSHOT.jar:?]
	at net.Indyuce.mmocore.experience.source.KillMobExperienceSource$Manager.giveExp(KillMobExperienceSource.java:81) ~[MMOCore-1.12.1-SNAPSHOT.jar:?]
	at com.destroystokyo.paper.event.executor.MethodHandleEventExecutor.execute(MethodHandleEventExecutor.java:37) ~[paper-api-1.18.2-R0.1-SNAPSHOT.jar:?]
	at co.aikar.timings.TimedEventExecutor.execute(TimedEventExecutor.java:80) ~[paper-api-1.18.2-R0.1-SNAPSHOT.jar:git-Paper-388]
	at org.bukkit.plugin.RegisteredListener.callEvent(RegisteredListener.java:70) ~[paper-api-1.18.2-R0.1-SNAPSHOT.jar:?]
	at org.bukkit.plugin.SimplePluginManager.callEvent(SimplePluginManager.java:669) ~[paper-api-1.18.2-R0.1-SNAPSHOT.jar:?]
	at org.bukkit.craftbukkit.v1_18_R2.event.CraftEventFactory.callEntityDeathEvent(CraftEventFactory.java:876) ~[paper-1.18.2.jar:git-Paper-388]
	at net.minecraft.world.entity.LivingEntity.dropAllDeathLoot(LivingEntity.java:1726) ~[?:?]
	at net.minecraft.world.entity.LivingEntity.die(LivingEntity.java:1624) ~[?:?]
	at net.minecraft.world.entity.LivingEntity.hurt(LivingEntity.java:1452) ~[?:?]
	at net.minecraft.world.entity.monster.Zombie.hurt(Zombie.java:317) ~[?:?]
	at org.bukkit.craftbukkit.v1_18_R2.entity.CraftLivingEntity.damage(CraftLivingEntity.java:363) ~[paper-1.18.2.jar:git-Paper-388]
	at studio.magemonkey.fabled.api.skills.Skill.damage(Skill.java:845) ~[fabled-1.0.4-R0.1-20241114.071356-1 (1).jar:?]
	at studio.magemonkey.fabled.dynamic.mechanic.DamageMechanic.execute(DamageMechanic.java:82) ~[fabled-1.0.4-R0.1-20241114.071356-1 (1).jar:?]
	at studio.magemonkey.fabled.dynamic.EffectComponent.executeChildren(EffectComponent.java:233) ~[fabled-1.0.4-R0.1-20241114.071356-1 (1).jar:?]
	at studio.magemonkey.fabled.dynamic.target.TargetComponent.execute(TargetComponent.java:57) ~[fabled-1.0.4-R0.1-20241114.071356-1 (1).jar:?]
	at studio.magemonkey.fabled.dynamic.EffectComponent.executeChildren(EffectComponent.java:233) ~[fabled-1.0.4-R0.1-20241114.071356-1 (1).jar:?]
	at studio.magemonkey.fabled.dynamic.target.TargetComponent.execute(TargetComponent.java:57) ~[fabled-1.0.4-R0.1-20241114.071356-1 (1).jar:?]
	at studio.magemonkey.fabled.dynamic.EffectComponent.executeChildren(EffectComponent.java:233) ~[fabled-1.0.4-R0.1-20241114.071356-1 (1).jar:?]
	at studio.magemonkey.fabled.dynamic.mechanic.RepeatMechanic.execute(RepeatMechanic.java:95) ~[fabled-1.0.4-R0.1-20241114.071356-1 (1).jar:?]
	at studio.magemonkey.fabled.dynamic.mechanic.RepeatMechanic$RepeatTask.run(RepeatMechanic.java:156) ~[fabled-1.0.4-R0.1-20241114.071356-1 (1).jar:?]
	at org.bukkit.craftbukkit.v1_18_R2.scheduler.CraftTask.run(CraftTask.java:101) ~[paper-1.18.2.jar:git-Paper-388]
	at org.bukkit.craftbukkit.v1_18_R2.scheduler.CraftScheduler.mainThreadHeartbeat(CraftScheduler.java:483) ~[paper-1.18.2.jar:git-Paper-388]
	at net.minecraft.server.MinecraftServer.tickChildren(MinecraftServer.java:1532) ~[paper-1.18.2.jar:git-Paper-388]
	at net.minecraft.server.dedicated.DedicatedServer.tickChildren(DedicatedServer.java:483) ~[paper-1.18.2.jar:git-Paper-388]
	at net.minecraft.server.MinecraftServer.tickServer(MinecraftServer.java:1456) ~[paper-1.18.2.jar:git-Paper-388]
	at net.minecraft.server.MinecraftServer.runServer(MinecraftServer.java:1226) ~[paper-1.18.2.jar:git-Paper-388]
	at net.minecraft.server.MinecraftServer.lambda$spin$0(MinecraftServer.java:316) ~[paper-1.18.2.jar:git-Paper-388]
	at java.lang.Thread.run(Thread.java:1583) ~[?:?]
[05:04:19] [Server thread/INFO]: Named entity EntityZombie['[2] [0.34] Xác Sống'/1318, uuid='8fdd8988-24b0-47b0-8954-473b2b01640f', l='ServerLevel[Spawn]', x=-1335.41, y=70.00, z=-399.12, cpos=[-84, -25], tl=225, v=true] died: [2] [0.34] Xác Sống was slain by axolotlstk using [Dao Găm Độc Tố]
[05:04:24] [Server thread/INFO]: Reloading MMOCore 1.12.1-SNAPSHOT...
[05:04:24] [Server thread/WARN]: [MMOCore] Could not find damage cause called 'SONIC_BOOM'
[05:04:24] [Server thread/WARN]: [MMOCore] Could not load subclass 'ARCANE_MAGE' from class 'MAGE': Could not find class with ID 'ARCANE_MAGE'
[05:04:24] [Server thread/WARN]: [MMOCore] Could not load loot chest region 'sample-region' from file 'default_loot_chests.yml': Could not find world 'world_name_here'
[05:04:24] [Server thread/WARN]: [MMOCore] Could not load loot chest region 'sample-region' from file 'loot-chests.yml': Could not find world 'world_name_here'
[05:04:24] [Server thread/WARN]: [MMOCore] Could not load waypoint 'spawn' from file 'waypoints.yml': There is already a waypoint with ID 'spawn'
[05:04:24] [Server thread/WARN]: [MMOCore] Could not load waypoint 'spawn1' from file 'waypoints.yml': There is already a waypoint with ID 'spawn1'
[05:04:24] [Server thread/WARN]: [MMOCore] Could not load waypoint 'spawn2' from file 'waypoints.yml': There is already a waypoint with ID 'spawn2'
[05:04:24] [Server thread/WARN]: [MMOCore] Could not load item 'arcane-mage' from inventory 'subclass-select': Could not find class with ID 'ARCANE_MAGE'
[05:04:24] [Server thread/INFO]: MMOCore 1.12.1-SNAPSHOT successfully reloaded.
[05:04:24] [Server thread/INFO]: Time Taken: 77ms (1.54 ticks)
[05:04:28] [Thread-13/INFO]: [gg.playit.control.ChannelSetup] send keep alive
[05:04:30] [Server thread/INFO]: [TheosisEconomy] Deposited 1 to axolotlstk's (b1616f7d-20ba-3499-aea3-59ab27d4941c) balance.
[05:04:30] [Server thread/INFO]: Named entity EntityPig['[1] [5.0] Lợn Điên'/1163, uuid='9841337f-8b80-48b3-957d-ffb1b13dece6', l='ServerLevel[Spawn]', x=-1336.32, y=68.00, z=-422.02, cpos=[-84, -27], tl=2337, v=true] died: [1] [5.0] Lợn Điên was slain by axolotlstk using [Dao Găm Độc Tố]
[05:04:33] [Server thread/INFO]: [TheosisEconomy] Deposited 1 to axolotlstk's (b1616f7d-20ba-3499-aea3-59ab27d4941c) balance.
[05:04:33] [Server thread/INFO]: Named entity EntityPig['[1] [5.0] Lợn Điên'/1161, uuid='5f9ffc3c-c8ac-49f7-a92e-f8e2ea5834d7', l='ServerLevel[Spawn]', x=-1335.52, y=68.00, z=-423.44, cpos=[-84, -27], tl=2520, v=true] died: [1] [5.0] Lợn Điên was slain by axolotlstk using [Dao Găm Độc Tố]
[05:04:37] [Server thread/INFO]: [TheosisEconomy] Deposited 1 to axolotlstk's (b1616f7d-20ba-3499-aea3-59ab27d4941c) balance.
[05:04:37] [Server thread/INFO]: Named entity EntityPig['[1] [5.0] Lợn Điên'/1147, uuid='d0dd4690-a96e-4234-8fc2-b1dafd1cdab3', l='ServerLevel[Spawn]', x=-1331.79, y=68.00, z=-424.71, cpos=[-84, -27], tl=2707, v=true] died: [1] [5.0] Lợn Điên was slain by axolotlstk using [Dao Găm Độc Tố]
[05:04:40] [Thread-13/INFO]: [gg.playit.control.ChannelSetup] send keep alive
[05:04:41] [Server thread/INFO]: [TheosisEconomy] Deposited 1 to axolotlstk's (b1616f7d-20ba-3499-aea3-59ab27d4941c) balance.
[05:04:41] [Server thread/INFO]: Named entity EntityPig['[1] [3.0] Lợn Điên'/1356, uuid='3e0bd4a8-5f78-41f0-a45c-437c56f20b0e', l='ServerLevel[Spawn]', x=-1332.67, y=68.00, z=-424.67, cpos=[-84, -27], tl=106, v=true] died: [1] [3.0] Lợn Điên was slain by axolotlstk using [Dao Găm Độc Tố]
[05:04:46] [Server thread/INFO]: [TheosisEconomy] Deposited 1 to axolotlstk's (b1616f7d-20ba-3499-aea3-59ab27d4941c) balance.
[05:04:46] [Server thread/INFO]: Named entity EntityPig['[1] [5.0] Lợn Điên'/1368, uuid='6a055712-f768-4464-a20e-cc6f3b174aed', l='ServerLevel[Spawn]', x=-1329.89, y=67.00, z=-428.89, cpos=[-84, -27], tl=93, v=true] died: [1] [5.0] Lợn Điên was slain by axolotlstk using [Dao Găm Độc Tố]
[05:04:51] [Server thread/INFO]: [TheosisEconomy] Deposited 1 to axolotlstk's (b1616f7d-20ba-3499-aea3-59ab27d4941c) balance.
[05:04:51] [Server thread/INFO]: Named entity EntityPig['[1] [1.0] Lợn Điên'/1347, uuid='4a0ecf53-22fd-4e45-bbbc-bb5cf0d7daa4', l='ServerLevel[Spawn]', x=-1329.96, y=68.00, z=-424.51, cpos=[-84, -27], tl=438, v=true] died: [1] [1.0] Lợn Điên was slain by axolotlstk using [Dao Găm Độc Tố]
[05:04:53] [Server thread/INFO]: [TheosisEconomy] Deposited 1 to axolotlstk's (b1616f7d-20ba-3499-aea3-59ab27d4941c) balance.
[05:04:53] [Server thread/INFO]: Named entity EntityPig['[1] [7.0] Lợn Điên'/1355, uuid='2b6b3fb8-8f98-401d-812d-b1254c482c4f', l='ServerLevel[Spawn]', x=-1330.77, y=68.00, z=-423.72, cpos=[-84, -27], tl=363, v=true] died: [1] [7.0] Lợn Điên was slain by axolotlstk using [Dao Găm Độc Tố]
[05:04:54] [Server thread/INFO]: [TheosisEconomy] Deposited 1 to axolotlstk's (b1616f7d-20ba-3499-aea3-59ab27d4941c) balance.
[05:04:54] [Server thread/INFO]: Named entity EntityPig['[1] [4.0] Lợn Điên'/1376, uuid='d379ee22-0a47-4100-bdbd-416c217fc778', l='ServerLevel[Spawn]', x=-1330.37, y=68.00, z=-423.57, cpos=[-84, -27], tl=140, v=true] died: [1] [4.0] Lợn Điên was slain by axolotlstk using [Dao Găm Độc Tố]
[05:04:59] [Server thread/INFO]: No entity was found
[05:05:02] [Server thread/INFO]: [TheosisEconomy] Deposited 1 to axolotlstk's (b1616f7d-20ba-3499-aea3-59ab27d4941c) balance.
[05:05:02] [Server thread/INFO]: Named entity EntityPig['[1] [0.5] Lợn Điên'/1394, uuid='901f1e39-8b37-4bc8-b669-9cf357372074', l='ServerLevel[Spawn]', x=-1326.18, y=67.00, z=-430.23, cpos=[-83, -27], tl=180, v=true] died: [1] [0.5] Lợn Điên was slain by axolotlstk using [Dao Găm Độc Tố]
[05:05:06] [Server thread/INFO]: [TheosisEconomy] Deposited 1 to axolotlstk's (b1616f7d-20ba-3499-aea3-59ab27d4941c) balance.
[05:05:06] [Server thread/INFO]: Named entity EntityPig['[1] [4.0] Lợn Điên'/1400, uuid='a1df1ebc-8929-460c-87ce-b719bba0391d', l='ServerLevel[Spawn]', x=-1327.85, y=67.00, z=-429.84, cpos=[-83, -27], tl=127, v=true] died: [1] [4.0] Lợn Điên was slain by axolotlstk using [Dao Găm Độc Tố]
[05:05:07] [Server thread/INFO]: [TheosisEconomy] Deposited 1 to axolotlstk's (b1616f7d-20ba-3499-aea3-59ab27d4941c) balance.
[05:05:07] [Server thread/INFO]: Named entity EntityPig['[1] [4.8] Lợn Điên'/1401, uuid='2b168abd-403b-4656-98d1-53edf06c3a6c', l='ServerLevel[Spawn]', x=-1326.74, y=67.00, z=-430.39, cpos=[-83, -27], tl=156, v=true] died: [1] [4.8] Lợn Điên was slain by axolotlstk using [Dao Găm Độc Tố]
[05:05:10] [Server thread/INFO]: [TheosisEconomy] Deposited 1 to axolotlstk's (b1616f7d-20ba-3499-aea3-59ab27d4941c) balance.
[05:05:10] [Server thread/INFO]: Named entity EntityPig['[1] [4.0] Lợn Điên'/1122, uuid='fd66e0ca-9b99-4b6b-abec-25d7537d939b', l='ServerLevel[Spawn]', x=-1329.35, y=67.00, z=-429.63, cpos=[-84, -27], tl=3494, v=true] died: [1] [4.0] Lợn Điên was slain by axolotlstk using [Dao Găm Độc Tố]
[05:05:30] [Server thread/INFO]: Reloading MMOCore 1.12.1-SNAPSHOT...
[05:05:30] [Server thread/WARN]: [MMOCore] Could not find damage cause called 'SONIC_BOOM'
[05:05:30] [Server thread/WARN]: [MMOCore] Could not load subclass 'ARCANE_MAGE' from class 'MAGE': Could not find class with ID 'ARCANE_MAGE'
[05:05:30] [Server thread/WARN]: [MMOCore] Could not load loot chest region 'sample-region' from file 'default_loot_chests.yml': Could not find world 'world_name_here'
[05:05:30] [Server thread/WARN]: [MMOCore] Could not load loot chest region 'sample-region' from file 'loot-chests.yml': Could not find world 'world_name_here'
[05:05:30] [Server thread/WARN]: [MMOCore] Could not load waypoint 'spawn' from file 'waypoints.yml': There is already a waypoint with ID 'spawn'
[05:05:30] [Server thread/WARN]: [MMOCore] Could not load waypoint 'spawn1' from file 'waypoints.yml': There is already a waypoint with ID 'spawn1'
[05:05:30] [Server thread/WARN]: [MMOCore] Could not load waypoint 'spawn2' from file 'waypoints.yml': There is already a waypoint with ID 'spawn2'
[05:05:30] [Server thread/WARN]: [MMOCore] Could not load item 'arcane-mage' from inventory 'subclass-select': Could not find class with ID 'ARCANE_MAGE'
[05:05:30] [Server thread/INFO]: MMOCore 1.12.1-SNAPSHOT successfully reloaded.
[05:05:30] [Server thread/INFO]: Time Taken: 76ms (1.52 ticks)
[05:05:51] [Thread-13/INFO]: [gg.playit.minecraft.PlayitManager] got new client: NewClient{connectAddr=198.22.205.194:36655, peerAddr=185.165.44.22:51468, claimAddress=209.25.142.2:43783, claimToken=[44, 0, 68, -58, 22, -51, -62, -113, 47, -71, -91, 44, 22, -55, 12, 112, 39, 60, -81, -85, 7, 104, -116, 75, 47, 0, 0, 0, 0, 0, 14, -69, 124, 0, 0, 0, 0, 0, 60, 78, -79, 0, 0, 0, 0, 0, 16, 18, -103, -55, -81, -85, 7, 0, 0, 0, 0, 46, 0, 0, 0, 0, 0, 0, 0, 1, 0, 2, 81, 9, 96, 92, -93, 82, 1, 3, 18, -58, -80, 117, -64, 81, -71, 97], tunnelServerId=1, dataCenterId=46}
[05:05:51] [Thread-13/INFO]: [gg.playit.minecraft.PlayitManager] starting tcp tunnel for client
[05:05:51] [Thread-13/INFO]: [gg.playit.minecraft.PlayitTcpTunnel] start connection to /209.25.142.2:43783 to claim client
[05:05:51] [nioEventLoopGroup-2-3/INFO]: [gg.playit.minecraft.PlayitTcpTunnel] connected to tunnel server, sending claim token
[05:05:51] [nioEventLoopGroup-2-3/INFO]: [gg.playit.minecraft.PlayitTcpTunnel] claim token sent
[05:05:51] [nioEventLoopGroup-2-3/INFO]: [gg.playit.minecraft.PlayitTcpTunnel] connection to tunnel server has been established
[05:05:51] [nioEventLoopGroup-2-3/INFO]: [gg.playit.minecraft.PlayitTcpTunnel] Reflect: ReflectionHelper{ServerConnection=class net.minecraft.server.network.ServerConnection, LegacyPingHandler=class net.minecraft.server.network.LegacyPingHandler, MinecraftServer=class net.minecraft.server.MinecraftServer, PacketSplitter=class net.minecraft.network.PacketSplitter, PacketDecoder=class net.minecraft.network.PacketDecoder, EnumProtocolDirection=class net.minecraft.network.protocol.EnumProtocolDirection, PacketPrepender=class net.minecraft.network.PacketPrepender, PacketEncoder=class net.minecraft.network.PacketEncoder, NetworkManagerServer=class net.minecraft.network.NetworkManagerServer, NetworkManager=class net.minecraft.network.NetworkManager, HandshakeListener=class net.minecraft.server.network.HandshakeListener, PacketListener=interface net.minecraft.network.PacketListener, CraftServer=null}
[05:05:51] [nioEventLoopGroup-2-3/INFO]: [gg.playit.minecraft.PlayitTcpTunnel] failed to get Minecraft server from Bukkit.getServer()
[05:05:51] [nioEventLoopGroup-2-3/INFO]: [gg.playit.minecraft.PlayitTcpTunnel] connecting to minecraft server at localhost/127.0.0.1:25565
[05:05:51] [nioEventLoopGroup-2-4/INFO]: [gg.playit.minecraft.PlayitTcpTunnel] connected to local minecraft server
[05:06:10] [Server thread/INFO]: No entity was found
[05:06:29] [Server thread/WARN]: [LiteFish] Loaded class com.sk89q.worldguard.WorldGuard from WorldGuard v7.0.7+216b061 which is not a depend or softdepend of this plugin.
[05:06:29] [Server thread/WARN]: [LiteFish] Loaded class com.sk89q.worldedit.bukkit.BukkitAdapter from WorldEdit v7.2.10+1742f98 which is not a depend or softdepend of this plugin.
[05:06:29] [Server thread/ERROR]: Could not pass event PlayerFishEvent to MMOCore v1.12.1-SNAPSHOT
java.lang.IncompatibleClassChangeError: Method 'io.lumine.mythic.lib.hologram.Hologram io.lumine.mythic.lib.hologram.Hologram.create(org.bukkit.Location, java.util.List)' must be Methodref constant
	at net.Indyuce.mmocore.api.util.MMOCoreUtils.displayIndicator(MMOCoreUtils.java:115) ~[MMOCore-1.12.1-SNAPSHOT.jar:?]
	at net.Indyuce.mmocore.listener.profession.FishingListener.a(FishingListener.java:55) ~[MMOCore-1.12.1-SNAPSHOT.jar:?]
	at com.destroystokyo.paper.event.executor.asm.generated.GeneratedEventExecutor714.execute(Unknown Source) ~[?:?]
	at org.bukkit.plugin.EventExecutor.lambda$create$1(EventExecutor.java:75) ~[paper-api-1.18.2-R0.1-SNAPSHOT.jar:?]
	at co.aikar.timings.TimedEventExecutor.execute(TimedEventExecutor.java:80) ~[paper-api-1.18.2-R0.1-SNAPSHOT.jar:git-Paper-388]
	at org.bukkit.plugin.RegisteredListener.callEvent(RegisteredListener.java:70) ~[paper-api-1.18.2-R0.1-SNAPSHOT.jar:?]
	at org.bukkit.plugin.SimplePluginManager.callEvent(SimplePluginManager.java:669) ~[paper-api-1.18.2-R0.1-SNAPSHOT.jar:?]
	at net.minecraft.world.entity.projectile.FishingHook.catchingFish(FishingHook.java:364) ~[?:?]
	at net.minecraft.world.entity.projectile.FishingHook.tick(FishingHook.java:236) ~[?:?]
	at net.minecraft.server.level.ServerLevel.tickNonPassenger(ServerLevel.java:1135) ~[?:?]
	at net.minecraft.world.level.Level.guardEntityTick(Level.java:936) ~[?:?]
	at net.minecraft.server.level.ServerLevel.lambda$tick$5(ServerLevel.java:674) ~[?:?]
	at net.minecraft.world.level.entity.EntityTickList.forEach(EntityTickList.java:42) ~[paper-1.18.2.jar:git-Paper-388]
	at net.minecraft.server.level.ServerLevel.tick(ServerLevel.java:654) ~[?:?]
	at net.minecraft.server.MinecraftServer.tickChildren(MinecraftServer.java:1593) ~[paper-1.18.2.jar:git-Paper-388]
	at net.minecraft.server.dedicated.DedicatedServer.tickChildren(DedicatedServer.java:483) ~[paper-1.18.2.jar:git-Paper-388]
	at net.minecraft.server.MinecraftServer.tickServer(MinecraftServer.java:1456) ~[paper-1.18.2.jar:git-Paper-388]
	at net.minecraft.server.MinecraftServer.runServer(MinecraftServer.java:1226) ~[paper-1.18.2.jar:git-Paper-388]
	at net.minecraft.server.MinecraftServer.lambda$spin$0(MinecraftServer.java:316) ~[paper-1.18.2.jar:git-Paper-388]
	at java.lang.Thread.run(Thread.java:1583) ~[?:?]
[05:06:36] [Server thread/INFO]: Reloading MMOCore 1.12.1-SNAPSHOT...
[05:06:36] [Server thread/WARN]: [MMOCore] Could not find damage cause called 'SONIC_BOOM'
[05:06:36] [Server thread/WARN]: [MMOCore] Could not load subclass 'ARCANE_MAGE' from class 'MAGE': Could not find class with ID 'ARCANE_MAGE'
[05:06:36] [Server thread/WARN]: [MMOCore] Could not load loot chest region 'sample-region' from file 'default_loot_chests.yml': Could not find world 'world_name_here'
[05:06:36] [Server thread/WARN]: [MMOCore] Could not load loot chest region 'sample-region' from file 'loot-chests.yml': Could not find world 'world_name_here'
[05:06:36] [Server thread/WARN]: [MMOCore] Could not load waypoint 'spawn' from file 'waypoints.yml': There is already a waypoint with ID 'spawn'
[05:06:36] [Server thread/WARN]: [MMOCore] Could not load waypoint 'spawn1' from file 'waypoints.yml': There is already a waypoint with ID 'spawn1'
[05:06:36] [Server thread/WARN]: [MMOCore] Could not load waypoint 'spawn2' from file 'waypoints.yml': There is already a waypoint with ID 'spawn2'
[05:06:36] [Server thread/WARN]: [MMOCore] Could not load item 'arcane-mage' from inventory 'subclass-select': Could not find class with ID 'ARCANE_MAGE'
[05:06:36] [Server thread/INFO]: MMOCore 1.12.1-SNAPSHOT successfully reloaded.
[05:06:36] [Server thread/INFO]: Time Taken: 96ms (1.92 ticks)
[05:07:21] [Server thread/INFO]: No entity was found
[05:07:42] [Server thread/INFO]: Reloading MMOCore 1.12.1-SNAPSHOT...
[05:07:42] [Server thread/WARN]: [MMOCore] Could not find damage cause called 'SONIC_BOOM'
[05:07:42] [Server thread/WARN]: [MMOCore] Could not load subclass 'ARCANE_MAGE' from class 'MAGE': Could not find class with ID 'ARCANE_MAGE'
[05:07:42] [Server thread/WARN]: [MMOCore] Could not load loot chest region 'sample-region' from file 'default_loot_chests.yml': Could not find world 'world_name_here'
[05:07:42] [Server thread/WARN]: [MMOCore] Could not load loot chest region 'sample-region' from file 'loot-chests.yml': Could not find world 'world_name_here'
[05:07:42] [Server thread/WARN]: [MMOCore] Could not load waypoint 'spawn' from file 'waypoints.yml': There is already a waypoint with ID 'spawn'
[05:07:42] [Server thread/WARN]: [MMOCore] Could not load waypoint 'spawn1' from file 'waypoints.yml': There is already a waypoint with ID 'spawn1'
[05:07:42] [Server thread/WARN]: [MMOCore] Could not load waypoint 'spawn2' from file 'waypoints.yml': There is already a waypoint with ID 'spawn2'
[05:07:42] [Server thread/WARN]: [MMOCore] Could not load item 'arcane-mage' from inventory 'subclass-select': Could not find class with ID 'ARCANE_MAGE'
[05:07:42] [Server thread/INFO]: MMOCore 1.12.1-SNAPSHOT successfully reloaded.
[05:07:42] [Server thread/INFO]: Time Taken: 76ms (1.52 ticks)
[05:08:30] [Thread-13/INFO]: [gg.playit.control.ChannelSetup] send keep alive
[05:08:32] [Server thread/INFO]: No entity was found
[05:08:42] [Thread-13/INFO]: [gg.playit.control.ChannelSetup] send keep alive
[05:08:48] [Server thread/INFO]: Reloading MMOCore 1.12.1-SNAPSHOT...
[05:08:48] [Server thread/WARN]: [MMOCore] Could not find damage cause called 'SONIC_BOOM'
[05:08:48] [Server thread/WARN]: [MMOCore] Could not load subclass 'ARCANE_MAGE' from class 'MAGE': Could not find class with ID 'ARCANE_MAGE'
[05:08:48] [Server thread/WARN]: [MMOCore] Could not load loot chest region 'sample-region' from file 'default_loot_chests.yml': Could not find world 'world_name_here'
[05:08:48] [Server thread/WARN]: [MMOCore] Could not load loot chest region 'sample-region' from file 'loot-chests.yml': Could not find world 'world_name_here'
[05:08:48] [Server thread/WARN]: [MMOCore] Could not load waypoint 'spawn' from file 'waypoints.yml': There is already a waypoint with ID 'spawn'
[05:08:48] [Server thread/WARN]: [MMOCore] Could not load waypoint 'spawn1' from file 'waypoints.yml': There is already a waypoint with ID 'spawn1'
[05:08:48] [Server thread/WARN]: [MMOCore] Could not load waypoint 'spawn2' from file 'waypoints.yml': There is already a waypoint with ID 'spawn2'
[05:08:48] [Server thread/WARN]: [MMOCore] Could not load item 'arcane-mage' from inventory 'subclass-select': Could not find class with ID 'ARCANE_MAGE'
[05:08:48] [Server thread/INFO]: MMOCore 1.12.1-SNAPSHOT successfully reloaded.
[05:08:48] [Server thread/INFO]: Time Taken: 79ms (1.58 ticks)
[05:09:43] [Server thread/INFO]: Killed 11 entities
[05:09:54] [Server thread/INFO]: Reloading MMOCore 1.12.1-SNAPSHOT...
[05:09:54] [Server thread/WARN]: [MMOCore] Could not find damage cause called 'SONIC_BOOM'
[05:09:54] [Server thread/WARN]: [MMOCore] Could not load subclass 'ARCANE_MAGE' from class 'MAGE': Could not find class with ID 'ARCANE_MAGE'
[05:09:54] [Server thread/WARN]: [MMOCore] Could not load loot chest region 'sample-region' from file 'default_loot_chests.yml': Could not find world 'world_name_here'
[05:09:54] [Server thread/WARN]: [MMOCore] Could not load loot chest region 'sample-region' from file 'loot-chests.yml': Could not find world 'world_name_here'
[05:09:54] [Server thread/WARN]: [MMOCore] Could not load waypoint 'spawn' from file 'waypoints.yml': There is already a waypoint with ID 'spawn'
[05:09:54] [Server thread/WARN]: [MMOCore] Could not load waypoint 'spawn1' from file 'waypoints.yml': There is already a waypoint with ID 'spawn1'
[05:09:54] [Server thread/WARN]: [MMOCore] Could not load waypoint 'spawn2' from file 'waypoints.yml': There is already a waypoint with ID 'spawn2'
[05:09:54] [Server thread/WARN]: [MMOCore] Could not load item 'arcane-mage' from inventory 'subclass-select': Could not find class with ID 'ARCANE_MAGE'
[05:09:54] [Server thread/INFO]: MMOCore 1.12.1-SNAPSHOT successfully reloaded.
[05:09:54] [Server thread/INFO]: Time Taken: 87ms (1.74 ticks)
[05:10:04] [Server thread/INFO]: Named entity EntityIronGolem['[BOSS] [1.0] Kẻ Gác Cổng'/1442, uuid='2029751e-696b-41df-8e1e-044b08c67b47', l='ServerLevel[Spawn]', x=-1202.63, y=70.00, z=-292.79, cpos=[-76, -19], tl=1302, v=true] died: [BOSS] [1.0] Kẻ Gác Cổng was slain by axolotlstk using [Dao Găm Độc Tố]
[05:10:54] [Server thread/INFO]: No entity was found
[05:11:00] [Server thread/INFO]: Reloading MMOCore 1.12.1-SNAPSHOT...
[05:11:00] [Server thread/WARN]: [MMOCore] Could not find damage cause called 'SONIC_BOOM'
[05:11:00] [Server thread/WARN]: [MMOCore] Could not load subclass 'ARCANE_MAGE' from class 'MAGE': Could not find class with ID 'ARCANE_MAGE'
[05:11:00] [Server thread/WARN]: [MMOCore] Could not load loot chest region 'sample-region' from file 'default_loot_chests.yml': Could not find world 'world_name_here'
[05:11:00] [Server thread/WARN]: [MMOCore] Could not load loot chest region 'sample-region' from file 'loot-chests.yml': Could not find world 'world_name_here'
[05:11:00] [Server thread/WARN]: [MMOCore] Could not load waypoint 'spawn' from file 'waypoints.yml': There is already a waypoint with ID 'spawn'
[05:11:00] [Server thread/WARN]: [MMOCore] Could not load waypoint 'spawn1' from file 'waypoints.yml': There is already a waypoint with ID 'spawn1'
[05:11:00] [Server thread/WARN]: [MMOCore] Could not load waypoint 'spawn2' from file 'waypoints.yml': There is already a waypoint with ID 'spawn2'
[05:11:00] [Server thread/WARN]: [MMOCore] Could not load item 'arcane-mage' from inventory 'subclass-select': Could not find class with ID 'ARCANE_MAGE'
[05:11:00] [Server thread/INFO]: MMOCore 1.12.1-SNAPSHOT successfully reloaded.
[05:11:00] [Server thread/INFO]: Time Taken: 75ms (1.5 ticks)
[05:11:39] [Craft Scheduler Thread - 19 - BeautyQuests/INFO]: [BeautyQuests] Datas saved ~ periodic save
[05:12:05] [Server thread/INFO]: No entity was found
[05:12:06] [Server thread/INFO]: Reloading MMOCore 1.12.1-SNAPSHOT...
[05:12:06] [Server thread/WARN]: [MMOCore] Could not find damage cause called 'SONIC_BOOM'
[05:12:06] [Server thread/WARN]: [MMOCore] Could not load subclass 'ARCANE_MAGE' from class 'MAGE': Could not find class with ID 'ARCANE_MAGE'
[05:12:06] [Server thread/WARN]: [MMOCore] Could not load loot chest region 'sample-region' from file 'default_loot_chests.yml': Could not find world 'world_name_here'
[05:12:06] [Server thread/WARN]: [MMOCore] Could not load loot chest region 'sample-region' from file 'loot-chests.yml': Could not find world 'world_name_here'
[05:12:06] [Server thread/WARN]: [MMOCore] Could not load waypoint 'spawn' from file 'waypoints.yml': There is already a waypoint with ID 'spawn'
[05:12:06] [Server thread/WARN]: [MMOCore] Could not load waypoint 'spawn1' from file 'waypoints.yml': There is already a waypoint with ID 'spawn1'
[05:12:06] [Server thread/WARN]: [MMOCore] Could not load waypoint 'spawn2' from file 'waypoints.yml': There is already a waypoint with ID 'spawn2'
[05:12:06] [Server thread/WARN]: [MMOCore] Could not load item 'arcane-mage' from inventory 'subclass-select': Could not find class with ID 'ARCANE_MAGE'
[05:12:06] [Server thread/INFO]: MMOCore 1.12.1-SNAPSHOT successfully reloaded.
[05:12:06] [Server thread/INFO]: Time Taken: 92ms (1.84 ticks)
[05:12:31] [Thread-13/INFO]: [gg.playit.control.ChannelSetup] send keep alive
[05:12:43] [Thread-13/INFO]: [gg.playit.control.ChannelSetup] send keep alive
[05:13:12] [Server thread/INFO]: Reloading MMOCore 1.12.1-SNAPSHOT...
[05:13:12] [Server thread/WARN]: [MMOCore] Could not find damage cause called 'SONIC_BOOM'
[05:13:12] [Server thread/WARN]: [MMOCore] Could not load subclass 'ARCANE_MAGE' from class 'MAGE': Could not find class with ID 'ARCANE_MAGE'
[05:13:12] [Server thread/WARN]: [MMOCore] Could not load loot chest region 'sample-region' from file 'default_loot_chests.yml': Could not find world 'world_name_here'
[05:13:12] [Server thread/WARN]: [MMOCore] Could not load loot chest region 'sample-region' from file 'loot-chests.yml': Could not find world 'world_name_here'
[05:13:12] [Server thread/WARN]: [MMOCore] Could not load waypoint 'spawn' from file 'waypoints.yml': There is already a waypoint with ID 'spawn'
[05:13:12] [Server thread/WARN]: [MMOCore] Could not load waypoint 'spawn1' from file 'waypoints.yml': There is already a waypoint with ID 'spawn1'
[05:13:12] [Server thread/WARN]: [MMOCore] Could not load waypoint 'spawn2' from file 'waypoints.yml': There is already a waypoint with ID 'spawn2'
[05:13:12] [Server thread/WARN]: [MMOCore] Could not load item 'arcane-mage' from inventory 'subclass-select': Could not find class with ID 'ARCANE_MAGE'
[05:13:12] [Server thread/INFO]: MMOCore 1.12.1-SNAPSHOT successfully reloaded.
[05:13:12] [Server thread/INFO]: Time Taken: 84ms (1.68 ticks)
[05:13:16] [Server thread/INFO]: No entity was found
[05:13:58] [nioEventLoopGroup-2-1/WARN]: [gg.playit.minecraft.PlayitTcpTunnel] failed to send data to tunnel
[05:13:58] [Server thread/INFO]: axolotlstk lost connection: Disconnected
[05:13:58] [Server thread/INFO]: axolotlstk left the game
[05:13:59] [Thread-13/INFO]: [gg.playit.minecraft.PlayitManager] got new client: NewClient{connectAddr=147.185.221.194:36655, peerAddr=14.177.8.247:54065, claimAddress=209.25.142.2:43784, claimToken=[44, 0, 68, -109, -71, -35, -62, -113, 47, 14, -79, 8, -9, -45, 49, -60, -103, -88, 48, -85, 8, 104, -116, 77, 23, 0, 0, 0, 0, 0, 14, -69, 124, 0, 0, 0, 0, 0, 60, 78, -79, 0, 0, 0, 0, 0, 16, 18, -103, -103, 48, -85, 8, 0, 0, 0, 0, 18, 0, 0, 0, 0, 0, 0, 0, 1, 0, 1, -75, 20, 98, 99, 66, 15, -68, -47, -108, -58, 2, 87, -128, -3, -82, -103], tunnelServerId=1, dataCenterId=18}
[05:13:59] [Thread-13/INFO]: [gg.playit.minecraft.PlayitManager] starting tcp tunnel for client
[05:13:59] [Thread-13/INFO]: [gg.playit.minecraft.PlayitTcpTunnel] start connection to /209.25.142.2:43784 to claim client
[05:13:59] [nioEventLoopGroup-2-1/INFO]: [gg.playit.minecraft.PlayitTcpTunnel] connected to tunnel server, sending claim token
[05:13:59] [nioEventLoopGroup-2-1/INFO]: [gg.playit.minecraft.PlayitTcpTunnel] claim token sent
[05:13:59] [nioEventLoopGroup-2-1/INFO]: [gg.playit.minecraft.PlayitTcpTunnel] connection to tunnel server has been established
[05:13:59] [nioEventLoopGroup-2-1/INFO]: [gg.playit.minecraft.PlayitTcpTunnel] Reflect: ReflectionHelper{ServerConnection=class net.minecraft.server.network.ServerConnection, LegacyPingHandler=class net.minecraft.server.network.LegacyPingHandler, MinecraftServer=class net.minecraft.server.MinecraftServer, PacketSplitter=class net.minecraft.network.PacketSplitter, PacketDecoder=class net.minecraft.network.PacketDecoder, EnumProtocolDirection=class net.minecraft.network.protocol.EnumProtocolDirection, PacketPrepender=class net.minecraft.network.PacketPrepender, PacketEncoder=class net.minecraft.network.PacketEncoder, NetworkManagerServer=class net.minecraft.network.NetworkManagerServer, NetworkManager=class net.minecraft.network.NetworkManager, HandshakeListener=class net.minecraft.server.network.HandshakeListener, PacketListener=interface net.minecraft.network.PacketListener, CraftServer=null}
[05:13:59] [nioEventLoopGroup-2-1/INFO]: [gg.playit.minecraft.PlayitTcpTunnel] failed to get Minecraft server from Bukkit.getServer()
[05:13:59] [nioEventLoopGroup-2-1/INFO]: [gg.playit.minecraft.PlayitTcpTunnel] connecting to minecraft server at localhost/127.0.0.1:25565
[05:13:59] [nioEventLoopGroup-2-2/INFO]: [gg.playit.minecraft.PlayitTcpTunnel] connected to local minecraft server
[05:14:18] [Server thread/INFO]: Reloading MMOCore 1.12.1-SNAPSHOT...
[05:14:18] [Server thread/WARN]: [MMOCore] Could not find damage cause called 'SONIC_BOOM'
[05:14:18] [Server thread/WARN]: [MMOCore] Could not load subclass 'ARCANE_MAGE' from class 'MAGE': Could not find class with ID 'ARCANE_MAGE'
[05:14:18] [Server thread/WARN]: [MMOCore] Could not load loot chest region 'sample-region' from file 'default_loot_chests.yml': Could not find world 'world_name_here'
[05:14:18] [Server thread/WARN]: [MMOCore] Could not load loot chest region 'sample-region' from file 'loot-chests.yml': Could not find world 'world_name_here'
[05:14:18] [Server thread/WARN]: [MMOCore] Could not load waypoint 'spawn' from file 'waypoints.yml': There is already a waypoint with ID 'spawn'
[05:14:18] [Server thread/WARN]: [MMOCore] Could not load waypoint 'spawn1' from file 'waypoints.yml': There is already a waypoint with ID 'spawn1'
[05:14:18] [Server thread/WARN]: [MMOCore] Could not load waypoint 'spawn2' from file 'waypoints.yml': There is already a waypoint with ID 'spawn2'
[05:14:18] [Server thread/WARN]: [MMOCore] Could not load item 'arcane-mage' from inventory 'subclass-select': Could not find class with ID 'ARCANE_MAGE'
[05:14:18] [Server thread/INFO]: MMOCore 1.12.1-SNAPSHOT successfully reloaded.
[05:14:18] [Server thread/INFO]: Time Taken: 78ms (1.56 ticks)
[05:14:27] [Server thread/INFO]: No entity was found
[05:15:24] [Server thread/INFO]: Reloading MMOCore 1.12.1-SNAPSHOT...
[05:15:24] [Server thread/WARN]: [MMOCore] Could not find damage cause called 'SONIC_BOOM'
[05:15:24] [Server thread/WARN]: [MMOCore] Could not load subclass 'ARCANE_MAGE' from class 'MAGE': Could not find class with ID 'ARCANE_MAGE'
[05:15:24] [Server thread/WARN]: [MMOCore] Could not load loot chest region 'sample-region' from file 'default_loot_chests.yml': Could not find world 'world_name_here'
[05:15:24] [Server thread/WARN]: [MMOCore] Could not load loot chest region 'sample-region' from file 'loot-chests.yml': Could not find world 'world_name_here'
[05:15:24] [Server thread/WARN]: [MMOCore] Could not load waypoint 'spawn' from file 'waypoints.yml': There is already a waypoint with ID 'spawn'
[05:15:24] [Server thread/WARN]: [MMOCore] Could not load waypoint 'spawn1' from file 'waypoints.yml': There is already a waypoint with ID 'spawn1'
[05:15:24] [Server thread/WARN]: [MMOCore] Could not load waypoint 'spawn2' from file 'waypoints.yml': There is already a waypoint with ID 'spawn2'
[05:15:24] [Server thread/WARN]: [MMOCore] Could not load item 'arcane-mage' from inventory 'subclass-select': Could not find class with ID 'ARCANE_MAGE'
[05:15:24] [Server thread/INFO]: MMOCore 1.12.1-SNAPSHOT successfully reloaded.
[05:15:24] [Server thread/INFO]: Time Taken: 80ms (1.6 ticks)
[05:15:38] [Server thread/INFO]: No entity was found
[05:16:30] [Server thread/INFO]: Reloading MMOCore 1.12.1-SNAPSHOT...
[05:16:30] [Server thread/WARN]: [MMOCore] Could not find damage cause called 'SONIC_BOOM'
[05:16:30] [Server thread/WARN]: [MMOCore] Could not load subclass 'ARCANE_MAGE' from class 'MAGE': Could not find class with ID 'ARCANE_MAGE'
[05:16:30] [Server thread/WARN]: [MMOCore] Could not load loot chest region 'sample-region' from file 'default_loot_chests.yml': Could not find world 'world_name_here'
[05:16:30] [Server thread/WARN]: [MMOCore] Could not load loot chest region 'sample-region' from file 'loot-chests.yml': Could not find world 'world_name_here'
[05:16:30] [Server thread/WARN]: [MMOCore] Could not load waypoint 'spawn' from file 'waypoints.yml': There is already a waypoint with ID 'spawn'
[05:16:30] [Server thread/WARN]: [MMOCore] Could not load waypoint 'spawn1' from file 'waypoints.yml': There is already a waypoint with ID 'spawn1'
[05:16:30] [Server thread/WARN]: [MMOCore] Could not load waypoint 'spawn2' from file 'waypoints.yml': There is already a waypoint with ID 'spawn2'
[05:16:30] [Server thread/WARN]: [MMOCore] Could not load item 'arcane-mage' from inventory 'subclass-select': Could not find class with ID 'ARCANE_MAGE'
[05:16:30] [Server thread/INFO]: MMOCore 1.12.1-SNAPSHOT successfully reloaded.
[05:16:30] [Server thread/INFO]: Time Taken: 71ms (1.42 ticks)
[05:16:32] [Thread-13/INFO]: [gg.playit.control.ChannelSetup] send keep alive
[05:16:44] [Thread-13/INFO]: [gg.playit.control.ChannelSetup] send keep alive
[05:16:49] [Server thread/INFO]: No entity was found
[05:17:13] [Thread-13/INFO]: [gg.playit.minecraft.PlayitManager] got new client: NewClient{connectAddr=198.22.204.194:36655, peerAddr=95.111.227.12:36584, claimAddress=209.25.142.2:43783, claimToken=[44, 0, 68, -58, 22, -52, -62, -113, 47, 95, 111, -29, 12, -114, -24, 102, 66, -77, -90, -85, 7, 104, -116, 77, -39, 0, 0, 0, 0, 0, 14, -69, 124, 0, 0, 0, 0, 0, 60, 78, -79, 0, 0, 0, 0, 0, 16, 18, -103, -97, -90, -85, 7, 0, 0, 0, 0, 20, 0, 0, 0, 0, 0, 0, 0, 3, 0, 0, 46, 90, -98, 113, -97, -117, -12, 48, 11, -65, -37, -128, 50, 81, 107, 62], tunnelServerId=3, dataCenterId=20}
[05:17:13] [Thread-13/INFO]: [gg.playit.minecraft.PlayitManager] starting tcp tunnel for client
[05:17:13] [Thread-13/INFO]: [gg.playit.minecraft.PlayitTcpTunnel] start connection to /209.25.142.2:43783 to claim client
[05:17:13] [nioEventLoopGroup-2-3/INFO]: [gg.playit.minecraft.PlayitTcpTunnel] connected to tunnel server, sending claim token
[05:17:13] [nioEventLoopGroup-2-3/INFO]: [gg.playit.minecraft.PlayitTcpTunnel] claim token sent
[05:17:13] [nioEventLoopGroup-2-3/INFO]: [gg.playit.minecraft.PlayitTcpTunnel] connection to tunnel server has been established
[05:17:13] [nioEventLoopGroup-2-3/INFO]: [gg.playit.minecraft.PlayitTcpTunnel] Reflect: ReflectionHelper{ServerConnection=class net.minecraft.server.network.ServerConnection, LegacyPingHandler=class net.minecraft.server.network.LegacyPingHandler, MinecraftServer=class net.minecraft.server.MinecraftServer, PacketSplitter=class net.minecraft.network.PacketSplitter, PacketDecoder=class net.minecraft.network.PacketDecoder, EnumProtocolDirection=class net.minecraft.network.protocol.EnumProtocolDirection, PacketPrepender=class net.minecraft.network.PacketPrepender, PacketEncoder=class net.minecraft.network.PacketEncoder, NetworkManagerServer=class net.minecraft.network.NetworkManagerServer, NetworkManager=class net.minecraft.network.NetworkManager, HandshakeListener=class net.minecraft.server.network.HandshakeListener, PacketListener=interface net.minecraft.network.PacketListener, CraftServer=null}
[05:17:13] [nioEventLoopGroup-2-3/INFO]: [gg.playit.minecraft.PlayitTcpTunnel] failed to get Minecraft server from Bukkit.getServer()
[05:17:13] [nioEventLoopGroup-2-3/INFO]: [gg.playit.minecraft.PlayitTcpTunnel] connecting to minecraft server at localhost/127.0.0.1:25565
[05:17:13] [nioEventLoopGroup-2-4/INFO]: [gg.playit.minecraft.PlayitTcpTunnel] connected to local minecraft server
[05:17:21] [Thread-13/INFO]: [gg.playit.minecraft.PlayitManager] got new client: NewClient{connectAddr=209.25.142.194:36655, peerAddr=185.165.44.22:33388, claimAddress=209.25.142.2:43783, claimToken=[44, 0, 68, -47, 25, -114, -62, -113, 47, -71, -91, 44, 22, -126, 108, 48, -34, 102, -5, -85, 7, 104, -116, 77, -31, 0, 0, 0, 0, 0, 14, -69, 124, 0, 0, 0, 0, 0, 60, 78, -79, 0, 0, 0, 0, 0, 16, 18, -103, -60, -5, -85, 7, 0, 0, 0, 0, 16, 0, 0, 0, 0, 0, 0, 0, 1, 0, 0, -68, 4, 59, -65, 33, -89, -117, 22, -35, -33, 29, -110, 105, -11, -122, 113], tunnelServerId=1, dataCenterId=16}
[05:17:21] [Thread-13/INFO]: [gg.playit.minecraft.PlayitManager] starting tcp tunnel for client
[05:17:21] [Thread-13/INFO]: [gg.playit.minecraft.PlayitTcpTunnel] start connection to /209.25.142.2:43783 to claim client
[05:17:21] [nioEventLoopGroup-2-1/INFO]: [gg.playit.minecraft.PlayitTcpTunnel] connected to tunnel server, sending claim token
[05:17:21] [nioEventLoopGroup-2-1/INFO]: [gg.playit.minecraft.PlayitTcpTunnel] claim token sent
[05:17:21] [nioEventLoopGroup-2-1/INFO]: [gg.playit.minecraft.PlayitTcpTunnel] connection to tunnel server has been established
[05:17:21] [nioEventLoopGroup-2-1/INFO]: [gg.playit.minecraft.PlayitTcpTunnel] Reflect: ReflectionHelper{ServerConnection=class net.minecraft.server.network.ServerConnection, LegacyPingHandler=class net.minecraft.server.network.LegacyPingHandler, MinecraftServer=class net.minecraft.server.MinecraftServer, PacketSplitter=class net.minecraft.network.PacketSplitter, PacketDecoder=class net.minecraft.network.PacketDecoder, EnumProtocolDirection=class net.minecraft.network.protocol.EnumProtocolDirection, PacketPrepender=class net.minecraft.network.PacketPrepender, PacketEncoder=class net.minecraft.network.PacketEncoder, NetworkManagerServer=class net.minecraft.network.NetworkManagerServer, NetworkManager=class net.minecraft.network.NetworkManager, HandshakeListener=class net.minecraft.server.network.HandshakeListener, PacketListener=interface net.minecraft.network.PacketListener, CraftServer=null}
[05:17:21] [nioEventLoopGroup-2-1/INFO]: [gg.playit.minecraft.PlayitTcpTunnel] failed to get Minecraft server from Bukkit.getServer()
[05:17:21] [nioEventLoopGroup-2-1/INFO]: [gg.playit.minecraft.PlayitTcpTunnel] connecting to minecraft server at localhost/127.0.0.1:25565
[05:17:21] [nioEventLoopGroup-2-2/INFO]: [gg.playit.minecraft.PlayitTcpTunnel] connected to local minecraft server
[05:17:36] [Server thread/INFO]: Reloading MMOCore 1.12.1-SNAPSHOT...
[05:17:36] [Server thread/WARN]: [MMOCore] Could not find damage cause called 'SONIC_BOOM'
[05:17:36] [Server thread/WARN]: [MMOCore] Could not load subclass 'ARCANE_MAGE' from class 'MAGE': Could not find class with ID 'ARCANE_MAGE'
[05:17:36] [Server thread/WARN]: [MMOCore] Could not load loot chest region 'sample-region' from file 'default_loot_chests.yml': Could not find world 'world_name_here'
[05:17:36] [Server thread/WARN]: [MMOCore] Could not load loot chest region 'sample-region' from file 'loot-chests.yml': Could not find world 'world_name_here'
[05:17:36] [Server thread/WARN]: [MMOCore] Could not load waypoint 'spawn' from file 'waypoints.yml': There is already a waypoint with ID 'spawn'
[05:17:36] [Server thread/WARN]: [MMOCore] Could not load waypoint 'spawn1' from file 'waypoints.yml': There is already a waypoint with ID 'spawn1'
[05:17:36] [Server thread/WARN]: [MMOCore] Could not load waypoint 'spawn2' from file 'waypoints.yml': There is already a waypoint with ID 'spawn2'
[05:17:36] [Server thread/WARN]: [MMOCore] Could not load item 'arcane-mage' from inventory 'subclass-select': Could not find class with ID 'ARCANE_MAGE'
[05:17:36] [Server thread/INFO]: MMOCore 1.12.1-SNAPSHOT successfully reloaded.
[05:17:36] [Server thread/INFO]: Time Taken: 77ms (1.54 ticks)
[05:18:00] [Server thread/INFO]: No entity was found
[05:18:42] [Server thread/INFO]: Reloading MMOCore 1.12.1-SNAPSHOT...
[05:18:42] [Server thread/WARN]: [MMOCore] Could not find damage cause called 'SONIC_BOOM'
[05:18:42] [Server thread/WARN]: [MMOCore] Could not load subclass 'ARCANE_MAGE' from class 'MAGE': Could not find class with ID 'ARCANE_MAGE'
[05:18:42] [Server thread/WARN]: [MMOCore] Could not load loot chest region 'sample-region' from file 'default_loot_chests.yml': Could not find world 'world_name_here'
[05:18:42] [Server thread/WARN]: [MMOCore] Could not load loot chest region 'sample-region' from file 'loot-chests.yml': Could not find world 'world_name_here'
[05:18:42] [Server thread/WARN]: [MMOCore] Could not load waypoint 'spawn' from file 'waypoints.yml': There is already a waypoint with ID 'spawn'
[05:18:42] [Server thread/WARN]: [MMOCore] Could not load waypoint 'spawn1' from file 'waypoints.yml': There is already a waypoint with ID 'spawn1'
[05:18:42] [Server thread/WARN]: [MMOCore] Could not load waypoint 'spawn2' from file 'waypoints.yml': There is already a waypoint with ID 'spawn2'
[05:18:42] [Server thread/WARN]: [MMOCore] Could not load item 'arcane-mage' from inventory 'subclass-select': Could not find class with ID 'ARCANE_MAGE'
[05:18:42] [Server thread/INFO]: MMOCore 1.12.1-SNAPSHOT successfully reloaded.
[05:18:42] [Server thread/INFO]: Time Taken: 69ms (1.38 ticks)
[05:19:11] [Server thread/INFO]: No entity was found
[05:19:48] [Server thread/INFO]: Reloading MMOCore 1.12.1-SNAPSHOT...
[05:19:48] [Server thread/WARN]: [MMOCore] Could not find damage cause called 'SONIC_BOOM'
[05:19:48] [Server thread/WARN]: [MMOCore] Could not load subclass 'ARCANE_MAGE' from class 'MAGE': Could not find class with ID 'ARCANE_MAGE'
[05:19:48] [Server thread/WARN]: [MMOCore] Could not load loot chest region 'sample-region' from file 'default_loot_chests.yml': Could not find world 'world_name_here'
[05:19:48] [Server thread/WARN]: [MMOCore] Could not load loot chest region 'sample-region' from file 'loot-chests.yml': Could not find world 'world_name_here'
[05:19:48] [Server thread/WARN]: [MMOCore] Could not load waypoint 'spawn' from file 'waypoints.yml': There is already a waypoint with ID 'spawn'
[05:19:48] [Server thread/WARN]: [MMOCore] Could not load waypoint 'spawn1' from file 'waypoints.yml': There is already a waypoint with ID 'spawn1'
[05:19:48] [Server thread/WARN]: [MMOCore] Could not load waypoint 'spawn2' from file 'waypoints.yml': There is already a waypoint with ID 'spawn2'
[05:19:48] [Server thread/WARN]: [MMOCore] Could not load item 'arcane-mage' from inventory 'subclass-select': Could not find class with ID 'ARCANE_MAGE'
[05:19:48] [Server thread/INFO]: MMOCore 1.12.1-SNAPSHOT successfully reloaded.
[05:19:48] [Server thread/INFO]: Time Taken: 68ms (1.36 ticks)
[05:20:22] [Server thread/INFO]: No entity was found
[05:20:33] [Thread-13/INFO]: [gg.playit.control.ChannelSetup] send keep alive
[05:20:45] [Thread-13/INFO]: [gg.playit.control.ChannelSetup] send keep alive
[05:20:54] [Server thread/INFO]: Reloading MMOCore 1.12.1-SNAPSHOT...
[05:20:54] [Server thread/WARN]: [MMOCore] Could not find damage cause called 'SONIC_BOOM'
[05:20:54] [Server thread/WARN]: [MMOCore] Could not load subclass 'ARCANE_MAGE' from class 'MAGE': Could not find class with ID 'ARCANE_MAGE'
[05:20:54] [Server thread/WARN]: [MMOCore] Could not load loot chest region 'sample-region' from file 'default_loot_chests.yml': Could not find world 'world_name_here'
[05:20:54] [Server thread/WARN]: [MMOCore] Could not load loot chest region 'sample-region' from file 'loot-chests.yml': Could not find world 'world_name_here'
[05:20:54] [Server thread/WARN]: [MMOCore] Could not load waypoint 'spawn' from file 'waypoints.yml': There is already a waypoint with ID 'spawn'
[05:20:54] [Server thread/WARN]: [MMOCore] Could not load waypoint 'spawn1' from file 'waypoints.yml': There is already a waypoint with ID 'spawn1'
[05:20:54] [Server thread/WARN]: [MMOCore] Could not load waypoint 'spawn2' from file 'waypoints.yml': There is already a waypoint with ID 'spawn2'
[05:20:54] [Server thread/WARN]: [MMOCore] Could not load item 'arcane-mage' from inventory 'subclass-select': Could not find class with ID 'ARCANE_MAGE'
[05:20:54] [Server thread/INFO]: MMOCore 1.12.1-SNAPSHOT successfully reloaded.
[05:20:54] [Server thread/INFO]: Time Taken: 68ms (1.36 ticks)
[05:21:33] [Server thread/INFO]: No entity was found
[05:22:00] [Server thread/INFO]: Reloading MMOCore 1.12.1-SNAPSHOT...
[05:22:00] [Server thread/WARN]: [MMOCore] Could not find damage cause called 'SONIC_BOOM'
[05:22:00] [Server thread/WARN]: [MMOCore] Could not load subclass 'ARCANE_MAGE' from class 'MAGE': Could not find class with ID 'ARCANE_MAGE'
[05:22:00] [Server thread/WARN]: [MMOCore] Could not load loot chest region 'sample-region' from file 'default_loot_chests.yml': Could not find world 'world_name_here'
[05:22:00] [Server thread/WARN]: [MMOCore] Could not load loot chest region 'sample-region' from file 'loot-chests.yml': Could not find world 'world_name_here'
[05:22:00] [Server thread/WARN]: [MMOCore] Could not load waypoint 'spawn' from file 'waypoints.yml': There is already a waypoint with ID 'spawn'
[05:22:00] [Server thread/WARN]: [MMOCore] Could not load waypoint 'spawn1' from file 'waypoints.yml': There is already a waypoint with ID 'spawn1'
[05:22:00] [Server thread/WARN]: [MMOCore] Could not load waypoint 'spawn2' from file 'waypoints.yml': There is already a waypoint with ID 'spawn2'
[05:22:00] [Server thread/WARN]: [MMOCore] Could not load item 'arcane-mage' from inventory 'subclass-select': Could not find class with ID 'ARCANE_MAGE'
[05:22:00] [Server thread/INFO]: MMOCore 1.12.1-SNAPSHOT successfully reloaded.
[05:22:00] [Server thread/INFO]: Time Taken: 75ms (1.5 ticks)
[05:22:44] [Server thread/INFO]: No entity was found
[05:23:06] [Server thread/INFO]: Reloading MMOCore 1.12.1-SNAPSHOT...
[05:23:06] [Server thread/WARN]: [MMOCore] Could not find damage cause called 'SONIC_BOOM'
[05:23:06] [Server thread/WARN]: [MMOCore] Could not load subclass 'ARCANE_MAGE' from class 'MAGE': Could not find class with ID 'ARCANE_MAGE'
[05:23:06] [Server thread/WARN]: [MMOCore] Could not load loot chest region 'sample-region' from file 'default_loot_chests.yml': Could not find world 'world_name_here'
[05:23:06] [Server thread/WARN]: [MMOCore] Could not load loot chest region 'sample-region' from file 'loot-chests.yml': Could not find world 'world_name_here'
[05:23:06] [Server thread/WARN]: [MMOCore] Could not load waypoint 'spawn' from file 'waypoints.yml': There is already a waypoint with ID 'spawn'
[05:23:06] [Server thread/WARN]: [MMOCore] Could not load waypoint 'spawn1' from file 'waypoints.yml': There is already a waypoint with ID 'spawn1'
[05:23:06] [Server thread/WARN]: [MMOCore] Could not load waypoint 'spawn2' from file 'waypoints.yml': There is already a waypoint with ID 'spawn2'
[05:23:06] [Server thread/WARN]: [MMOCore] Could not load item 'arcane-mage' from inventory 'subclass-select': Could not find class with ID 'ARCANE_MAGE'
[05:23:06] [Server thread/INFO]: MMOCore 1.12.1-SNAPSHOT successfully reloaded.
[05:23:06] [Server thread/INFO]: Time Taken: 85ms (1.7 ticks)
[05:23:55] [Server thread/INFO]: No entity was found
[05:24:12] [Server thread/INFO]: Reloading MMOCore 1.12.1-SNAPSHOT...
[05:24:12] [Server thread/WARN]: [MMOCore] Could not find damage cause called 'SONIC_BOOM'
[05:24:12] [Server thread/WARN]: [MMOCore] Could not load subclass 'ARCANE_MAGE' from class 'MAGE': Could not find class with ID 'ARCANE_MAGE'
[05:24:12] [Server thread/WARN]: [MMOCore] Could not load loot chest region 'sample-region' from file 'default_loot_chests.yml': Could not find world 'world_name_here'
[05:24:12] [Server thread/WARN]: [MMOCore] Could not load loot chest region 'sample-region' from file 'loot-chests.yml': Could not find world 'world_name_here'
[05:24:12] [Server thread/WARN]: [MMOCore] Could not load waypoint 'spawn' from file 'waypoints.yml': There is already a waypoint with ID 'spawn'
[05:24:12] [Server thread/WARN]: [MMOCore] Could not load waypoint 'spawn1' from file 'waypoints.yml': There is already a waypoint with ID 'spawn1'
[05:24:12] [Server thread/WARN]: [MMOCore] Could not load waypoint 'spawn2' from file 'waypoints.yml': There is already a waypoint with ID 'spawn2'
[05:24:12] [Server thread/WARN]: [MMOCore] Could not load item 'arcane-mage' from inventory 'subclass-select': Could not find class with ID 'ARCANE_MAGE'
[05:24:12] [Server thread/INFO]: MMOCore 1.12.1-SNAPSHOT successfully reloaded.
[05:24:12] [Server thread/INFO]: Time Taken: 63ms (1.26 ticks)
[05:24:33] [Thread-13/INFO]: [gg.playit.control.ChannelSetup] send keep alive
[05:24:37] [Thread-13/INFO]: [gg.playit.minecraft.PlayitManager] got new client: NewClient{connectAddr=209.25.142.194:36655, peerAddr=185.165.44.22:39530, claimAddress=209.25.142.2:43783, claimToken=[44, 0, 68, -47, 25, -114, -62, -113, 47, -71, -91, 44, 22, -102, 106, 37, -9, 7, -25, -85, 7, 104, -116, 79, -107, 0, 0, 0, 0, 0, 14, -69, 124, 0, 0, 0, 0, 0, 60, 78, -79, 0, 0, 0, 0, 0, 16, 18, -103, -82, -25, -85, 7, 0, 0, 0, 0, 16, 0, 0, 0, 0, 0, 0, 0, 1, 0, 3, -119, 106, 93, 63, -114, -49, 35, 66, 97, -123, 55, 118, -44, -49, 7, 42], tunnelServerId=1, dataCenterId=16}
[05:24:37] [Thread-13/INFO]: [gg.playit.minecraft.PlayitManager] starting tcp tunnel for client
[05:24:37] [Thread-13/INFO]: [gg.playit.minecraft.PlayitTcpTunnel] start connection to /209.25.142.2:43783 to claim client
[05:24:37] [nioEventLoopGroup-2-3/INFO]: [gg.playit.minecraft.PlayitTcpTunnel] connected to tunnel server, sending claim token
[05:24:37] [nioEventLoopGroup-2-3/INFO]: [gg.playit.minecraft.PlayitTcpTunnel] claim token sent
[05:24:37] [nioEventLoopGroup-2-3/INFO]: [gg.playit.minecraft.PlayitTcpTunnel] connection to tunnel server has been established
[05:24:37] [nioEventLoopGroup-2-3/INFO]: [gg.playit.minecraft.PlayitTcpTunnel] Reflect: ReflectionHelper{ServerConnection=class net.minecraft.server.network.ServerConnection, LegacyPingHandler=class net.minecraft.server.network.LegacyPingHandler, MinecraftServer=class net.minecraft.server.MinecraftServer, PacketSplitter=class net.minecraft.network.PacketSplitter, PacketDecoder=class net.minecraft.network.PacketDecoder, EnumProtocolDirection=class net.minecraft.network.protocol.EnumProtocolDirection, PacketPrepender=class net.minecraft.network.PacketPrepender, PacketEncoder=class net.minecraft.network.PacketEncoder, NetworkManagerServer=class net.minecraft.network.NetworkManagerServer, NetworkManager=class net.minecraft.network.NetworkManager, HandshakeListener=class net.minecraft.server.network.HandshakeListener, PacketListener=interface net.minecraft.network.PacketListener, CraftServer=null}
[05:24:37] [nioEventLoopGroup-2-3/INFO]: [gg.playit.minecraft.PlayitTcpTunnel] failed to get Minecraft server from Bukkit.getServer()
[05:24:37] [nioEventLoopGroup-2-3/INFO]: [gg.playit.minecraft.PlayitTcpTunnel] connecting to minecraft server at localhost/127.0.0.1:25565
[05:24:37] [nioEventLoopGroup-2-4/INFO]: [gg.playit.minecraft.PlayitTcpTunnel] connected to local minecraft server
[05:24:46] [Thread-13/INFO]: [gg.playit.control.ChannelSetup] send keep alive
[05:25:06] [Server thread/INFO]: No entity was found
[05:25:18] [Server thread/INFO]: Reloading MMOCore 1.12.1-SNAPSHOT...
[05:25:18] [Server thread/WARN]: [MMOCore] Could not find damage cause called 'SONIC_BOOM'
[05:25:18] [Server thread/WARN]: [MMOCore] Could not load subclass 'ARCANE_MAGE' from class 'MAGE': Could not find class with ID 'ARCANE_MAGE'
[05:25:18] [Server thread/WARN]: [MMOCore] Could not load loot chest region 'sample-region' from file 'default_loot_chests.yml': Could not find world 'world_name_here'
[05:25:18] [Server thread/WARN]: [MMOCore] Could not load loot chest region 'sample-region' from file 'loot-chests.yml': Could not find world 'world_name_here'
[05:25:18] [Server thread/WARN]: [MMOCore] Could not load waypoint 'spawn' from file 'waypoints.yml': There is already a waypoint with ID 'spawn'
[05:25:18] [Server thread/WARN]: [MMOCore] Could not load waypoint 'spawn1' from file 'waypoints.yml': There is already a waypoint with ID 'spawn1'
[05:25:18] [Server thread/WARN]: [MMOCore] Could not load waypoint 'spawn2' from file 'waypoints.yml': There is already a waypoint with ID 'spawn2'
[05:25:18] [Server thread/WARN]: [MMOCore] Could not load item 'arcane-mage' from inventory 'subclass-select': Could not find class with ID 'ARCANE_MAGE'
[05:25:18] [Server thread/INFO]: MMOCore 1.12.1-SNAPSHOT successfully reloaded.
[05:25:18] [Server thread/INFO]: Time Taken: 82ms (1.64 ticks)
[05:25:50] [Thread-13/INFO]: [gg.playit.minecraft.PlayitManager] got new client: NewClient{connectAddr=198.22.204.194:36655, peerAddr=146.70.189.149:42504, claimAddress=209.25.142.2:43783, claimToken=[44, 0, 68, -58, 22, -52, -62, -113, 47, -110, 70, -67, -107, -90, 8, -126, -47, 29, 53, -85, 7, 104, -116, 79, -34, 0, 0, 0, 0, 0, 14, -69, 124, 0, 0, 0, 0, 0, 60, 78, -79, 0, 0, 0, 0, 0, 16, 18, -103, 82, 53, -85, 7, 0, 0, 0, 0, 20, 0, 0, 0, 0, 0, 0, 0, 4, 0, 0, 62, -107, -22, 125, -46, 75, -97, 99, -71, 57, -35, -86, -97, 12, 127, 4], tunnelServerId=4, dataCenterId=20}
[05:25:50] [Thread-13/INFO]: [gg.playit.minecraft.PlayitManager] starting tcp tunnel for client
[05:25:50] [Thread-13/INFO]: [gg.playit.minecraft.PlayitTcpTunnel] start connection to /209.25.142.2:43783 to claim client
[05:25:50] [nioEventLoopGroup-2-1/INFO]: [gg.playit.minecraft.PlayitTcpTunnel] connected to tunnel server, sending claim token
[05:25:50] [nioEventLoopGroup-2-1/INFO]: [gg.playit.minecraft.PlayitTcpTunnel] claim token sent
[05:25:50] [nioEventLoopGroup-2-1/INFO]: [gg.playit.minecraft.PlayitTcpTunnel] connection to tunnel server has been established
[05:25:50] [nioEventLoopGroup-2-1/INFO]: [gg.playit.minecraft.PlayitTcpTunnel] Reflect: ReflectionHelper{ServerConnection=class net.minecraft.server.network.ServerConnection, LegacyPingHandler=class net.minecraft.server.network.LegacyPingHandler, MinecraftServer=class net.minecraft.server.MinecraftServer, PacketSplitter=class net.minecraft.network.PacketSplitter, PacketDecoder=class net.minecraft.network.PacketDecoder, EnumProtocolDirection=class net.minecraft.network.protocol.EnumProtocolDirection, PacketPrepender=class net.minecraft.network.PacketPrepender, PacketEncoder=class net.minecraft.network.PacketEncoder, NetworkManagerServer=class net.minecraft.network.NetworkManagerServer, NetworkManager=class net.minecraft.network.NetworkManager, HandshakeListener=class net.minecraft.server.network.HandshakeListener, PacketListener=interface net.minecraft.network.PacketListener, CraftServer=null}
[05:25:50] [nioEventLoopGroup-2-1/INFO]: [gg.playit.minecraft.PlayitTcpTunnel] failed to get Minecraft server from Bukkit.getServer()
[05:25:50] [nioEventLoopGroup-2-1/INFO]: [gg.playit.minecraft.PlayitTcpTunnel] connecting to minecraft server at localhost/127.0.0.1:25565
[05:25:50] [nioEventLoopGroup-2-2/INFO]: [gg.playit.minecraft.PlayitTcpTunnel] connected to local minecraft server
[05:26:17] [Server thread/INFO]: No entity was found
[05:26:24] [Server thread/INFO]: Reloading MMOCore 1.12.1-SNAPSHOT...
[05:26:24] [Server thread/WARN]: [MMOCore] Could not find damage cause called 'SONIC_BOOM'
[05:26:24] [Server thread/WARN]: [MMOCore] Could not load subclass 'ARCANE_MAGE' from class 'MAGE': Could not find class with ID 'ARCANE_MAGE'
[05:26:24] [Server thread/WARN]: [MMOCore] Could not load loot chest region 'sample-region' from file 'default_loot_chests.yml': Could not find world 'world_name_here'
[05:26:24] [Server thread/WARN]: [MMOCore] Could not load loot chest region 'sample-region' from file 'loot-chests.yml': Could not find world 'world_name_here'
[05:26:24] [Server thread/WARN]: [MMOCore] Could not load waypoint 'spawn' from file 'waypoints.yml': There is already a waypoint with ID 'spawn'
[05:26:24] [Server thread/WARN]: [MMOCore] Could not load waypoint 'spawn1' from file 'waypoints.yml': There is already a waypoint with ID 'spawn1'
[05:26:24] [Server thread/WARN]: [MMOCore] Could not load waypoint 'spawn2' from file 'waypoints.yml': There is already a waypoint with ID 'spawn2'
[05:26:24] [Server thread/WARN]: [MMOCore] Could not load item 'arcane-mage' from inventory 'subclass-select': Could not find class with ID 'ARCANE_MAGE'
[05:26:24] [Server thread/INFO]: MMOCore 1.12.1-SNAPSHOT successfully reloaded.
[05:26:24] [Server thread/INFO]: Time Taken: 73ms (1.46 ticks)
[05:26:39] [Server thread/INFO]: [MMOCore] Autosaving player data, might take a while...
[05:26:39] [Craft Scheduler Thread - 36 - BeautyQuests/INFO]: [BeautyQuests] Datas saved ~ periodic save
[05:27:28] [Server thread/INFO]: No entity was found
[05:27:30] [Server thread/INFO]: Reloading MMOCore 1.12.1-SNAPSHOT...
[05:27:30] [Server thread/WARN]: [MMOCore] Could not find damage cause called 'SONIC_BOOM'
[05:27:30] [Server thread/WARN]: [MMOCore] Could not load subclass 'ARCANE_MAGE' from class 'MAGE': Could not find class with ID 'ARCANE_MAGE'
[05:27:30] [Server thread/WARN]: [MMOCore] Could not load loot chest region 'sample-region' from file 'default_loot_chests.yml': Could not find world 'world_name_here'
[05:27:30] [Server thread/WARN]: [MMOCore] Could not load loot chest region 'sample-region' from file 'loot-chests.yml': Could not find world 'world_name_here'
[05:27:30] [Server thread/WARN]: [MMOCore] Could not load waypoint 'spawn' from file 'waypoints.yml': There is already a waypoint with ID 'spawn'
[05:27:30] [Server thread/WARN]: [MMOCore] Could not load waypoint 'spawn1' from file 'waypoints.yml': There is already a waypoint with ID 'spawn1'
[05:27:30] [Server thread/WARN]: [MMOCore] Could not load waypoint 'spawn2' from file 'waypoints.yml': There is already a waypoint with ID 'spawn2'
[05:27:30] [Server thread/WARN]: [MMOCore] Could not load item 'arcane-mage' from inventory 'subclass-select': Could not find class with ID 'ARCANE_MAGE'
[05:27:30] [Server thread/INFO]: MMOCore 1.12.1-SNAPSHOT successfully reloaded.
[05:27:30] [Server thread/INFO]: Time Taken: 66ms (1.32 ticks)
[05:28:35] [Thread-13/INFO]: [gg.playit.control.ChannelSetup] send keep alive
[05:28:36] [Server thread/INFO]: Reloading MMOCore 1.12.1-SNAPSHOT...
[05:28:36] [Server thread/WARN]: [MMOCore] Could not find damage cause called 'SONIC_BOOM'
[05:28:36] [Server thread/WARN]: [MMOCore] Could not load subclass 'ARCANE_MAGE' from class 'MAGE': Could not find class with ID 'ARCANE_MAGE'
[05:28:36] [Server thread/WARN]: [MMOCore] Could not load loot chest region 'sample-region' from file 'default_loot_chests.yml': Could not find world 'world_name_here'
[05:28:36] [Server thread/WARN]: [MMOCore] Could not load loot chest region 'sample-region' from file 'loot-chests.yml': Could not find world 'world_name_here'
[05:28:36] [Server thread/WARN]: [MMOCore] Could not load waypoint 'spawn' from file 'waypoints.yml': There is already a waypoint with ID 'spawn'
[05:28:36] [Server thread/WARN]: [MMOCore] Could not load waypoint 'spawn1' from file 'waypoints.yml': There is already a waypoint with ID 'spawn1'
[05:28:36] [Server thread/WARN]: [MMOCore] Could not load waypoint 'spawn2' from file 'waypoints.yml': There is already a waypoint with ID 'spawn2'
[05:28:36] [Server thread/WARN]: [MMOCore] Could not load item 'arcane-mage' from inventory 'subclass-select': Could not find class with ID 'ARCANE_MAGE'
[05:28:36] [Server thread/INFO]: MMOCore 1.12.1-SNAPSHOT successfully reloaded.
[05:28:36] [Server thread/INFO]: Time Taken: 66ms (1.32 ticks)
[05:28:39] [Server thread/INFO]: No entity was found
[05:28:47] [Thread-13/INFO]: [gg.playit.control.ChannelSetup] send keep alive
[05:29:42] [Server thread/INFO]: Reloading MMOCore 1.12.1-SNAPSHOT...
[05:29:42] [Server thread/WARN]: [MMOCore] Could not find damage cause called 'SONIC_BOOM'
[05:29:42] [Server thread/WARN]: [MMOCore] Could not load subclass 'ARCANE_MAGE' from class 'MAGE': Could not find class with ID 'ARCANE_MAGE'
[05:29:42] [Server thread/WARN]: [MMOCore] Could not load loot chest region 'sample-region' from file 'default_loot_chests.yml': Could not find world 'world_name_here'
[05:29:42] [Server thread/WARN]: [MMOCore] Could not load loot chest region 'sample-region' from file 'loot-chests.yml': Could not find world 'world_name_here'
[05:29:42] [Server thread/WARN]: [MMOCore] Could not load waypoint 'spawn' from file 'waypoints.yml': There is already a waypoint with ID 'spawn'
[05:29:42] [Server thread/WARN]: [MMOCore] Could not load waypoint 'spawn1' from file 'waypoints.yml': There is already a waypoint with ID 'spawn1'
[05:29:42] [Server thread/WARN]: [MMOCore] Could not load waypoint 'spawn2' from file 'waypoints.yml': There is already a waypoint with ID 'spawn2'
[05:29:42] [Server thread/WARN]: [MMOCore] Could not load item 'arcane-mage' from inventory 'subclass-select': Could not find class with ID 'ARCANE_MAGE'
[05:29:42] [Server thread/INFO]: MMOCore 1.12.1-SNAPSHOT successfully reloaded.
[05:29:42] [Server thread/INFO]: Time Taken: 65ms (1.3 ticks)
[05:29:50] [Server thread/INFO]: No entity was found
[05:30:48] [Server thread/INFO]: Reloading MMOCore 1.12.1-SNAPSHOT...
[05:30:48] [Server thread/WARN]: [MMOCore] Could not find damage cause called 'SONIC_BOOM'
[05:30:48] [Server thread/WARN]: [MMOCore] Could not load subclass 'ARCANE_MAGE' from class 'MAGE': Could not find class with ID 'ARCANE_MAGE'
[05:30:48] [Server thread/WARN]: [MMOCore] Could not load loot chest region 'sample-region' from file 'default_loot_chests.yml': Could not find world 'world_name_here'
[05:30:48] [Server thread/WARN]: [MMOCore] Could not load loot chest region 'sample-region' from file 'loot-chests.yml': Could not find world 'world_name_here'
[05:30:48] [Server thread/WARN]: [MMOCore] Could not load waypoint 'spawn' from file 'waypoints.yml': There is already a waypoint with ID 'spawn'
[05:30:48] [Server thread/WARN]: [MMOCore] Could not load waypoint 'spawn1' from file 'waypoints.yml': There is already a waypoint with ID 'spawn1'
[05:30:48] [Server thread/WARN]: [MMOCore] Could not load waypoint 'spawn2' from file 'waypoints.yml': There is already a waypoint with ID 'spawn2'
[05:30:48] [Server thread/WARN]: [MMOCore] Could not load item 'arcane-mage' from inventory 'subclass-select': Could not find class with ID 'ARCANE_MAGE'
[05:30:48] [Server thread/INFO]: MMOCore 1.12.1-SNAPSHOT successfully reloaded.
[05:30:48] [Server thread/INFO]: Time Taken: 73ms (1.46 ticks)
[05:31:01] [Server thread/INFO]: No entity was found
[05:31:54] [Server thread/INFO]: Reloading MMOCore 1.12.1-SNAPSHOT...
[05:31:54] [Server thread/WARN]: [MMOCore] Could not find damage cause called 'SONIC_BOOM'
[05:31:54] [Server thread/WARN]: [MMOCore] Could not load subclass 'ARCANE_MAGE' from class 'MAGE': Could not find class with ID 'ARCANE_MAGE'
[05:31:54] [Server thread/WARN]: [MMOCore] Could not load loot chest region 'sample-region' from file 'default_loot_chests.yml': Could not find world 'world_name_here'
[05:31:54] [Server thread/WARN]: [MMOCore] Could not load loot chest region 'sample-region' from file 'loot-chests.yml': Could not find world 'world_name_here'
[05:31:54] [Server thread/WARN]: [MMOCore] Could not load waypoint 'spawn' from file 'waypoints.yml': There is already a waypoint with ID 'spawn'
[05:31:54] [Server thread/WARN]: [MMOCore] Could not load waypoint 'spawn1' from file 'waypoints.yml': There is already a waypoint with ID 'spawn1'
[05:31:54] [Server thread/WARN]: [MMOCore] Could not load waypoint 'spawn2' from file 'waypoints.yml': There is already a waypoint with ID 'spawn2'
[05:31:54] [Server thread/WARN]: [MMOCore] Could not load item 'arcane-mage' from inventory 'subclass-select': Could not find class with ID 'ARCANE_MAGE'
[05:31:54] [Server thread/INFO]: MMOCore 1.12.1-SNAPSHOT successfully reloaded.
[05:31:54] [Server thread/INFO]: Time Taken: 66ms (1.32 ticks)
[05:32:12] [Server thread/INFO]: No entity was found
[05:32:36] [Thread-13/INFO]: [gg.playit.control.ChannelSetup] send keep alive
[05:32:48] [Thread-13/INFO]: [gg.playit.control.ChannelSetup] send keep alive
[05:33:00] [Server thread/INFO]: Reloading MMOCore 1.12.1-SNAPSHOT...
[05:33:00] [Server thread/WARN]: [MMOCore] Could not find damage cause called 'SONIC_BOOM'
[05:33:00] [Server thread/WARN]: [MMOCore] Could not load subclass 'ARCANE_MAGE' from class 'MAGE': Could not find class with ID 'ARCANE_MAGE'
[05:33:00] [Server thread/WARN]: [MMOCore] Could not load loot chest region 'sample-region' from file 'default_loot_chests.yml': Could not find world 'world_name_here'
[05:33:00] [Server thread/WARN]: [MMOCore] Could not load loot chest region 'sample-region' from file 'loot-chests.yml': Could not find world 'world_name_here'
[05:33:00] [Server thread/WARN]: [MMOCore] Could not load waypoint 'spawn' from file 'waypoints.yml': There is already a waypoint with ID 'spawn'
[05:33:00] [Server thread/WARN]: [MMOCore] Could not load waypoint 'spawn1' from file 'waypoints.yml': There is already a waypoint with ID 'spawn1'
[05:33:00] [Server thread/WARN]: [MMOCore] Could not load waypoint 'spawn2' from file 'waypoints.yml': There is already a waypoint with ID 'spawn2'
[05:33:00] [Server thread/WARN]: [MMOCore] Could not load item 'arcane-mage' from inventory 'subclass-select': Could not find class with ID 'ARCANE_MAGE'
[05:33:00] [Server thread/INFO]: MMOCore 1.12.1-SNAPSHOT successfully reloaded.
[05:33:00] [Server thread/INFO]: Time Taken: 66ms (1.32 ticks)
[05:33:23] [Server thread/INFO]: No entity was found
[05:34:06] [Server thread/INFO]: Reloading MMOCore 1.12.1-SNAPSHOT...
[05:34:06] [Server thread/WARN]: [MMOCore] Could not find damage cause called 'SONIC_BOOM'
[05:34:06] [Server thread/WARN]: [MMOCore] Could not load subclass 'ARCANE_MAGE' from class 'MAGE': Could not find class with ID 'ARCANE_MAGE'
[05:34:06] [Server thread/WARN]: [MMOCore] Could not load loot chest region 'sample-region' from file 'default_loot_chests.yml': Could not find world 'world_name_here'
[05:34:06] [Server thread/WARN]: [MMOCore] Could not load loot chest region 'sample-region' from file 'loot-chests.yml': Could not find world 'world_name_here'
[05:34:06] [Server thread/WARN]: [MMOCore] Could not load waypoint 'spawn' from file 'waypoints.yml': There is already a waypoint with ID 'spawn'
[05:34:06] [Server thread/WARN]: [MMOCore] Could not load waypoint 'spawn1' from file 'waypoints.yml': There is already a waypoint with ID 'spawn1'
[05:34:06] [Server thread/WARN]: [MMOCore] Could not load waypoint 'spawn2' from file 'waypoints.yml': There is already a waypoint with ID 'spawn2'
[05:34:06] [Server thread/WARN]: [MMOCore] Could not load item 'arcane-mage' from inventory 'subclass-select': Could not find class with ID 'ARCANE_MAGE'
[05:34:06] [Server thread/INFO]: MMOCore 1.12.1-SNAPSHOT successfully reloaded.
[05:34:06] [Server thread/INFO]: Time Taken: 67ms (1.34 ticks)
[05:34:34] [Server thread/INFO]: No entity was found
[05:35:12] [Server thread/INFO]: Reloading MMOCore 1.12.1-SNAPSHOT...
[05:35:12] [Server thread/WARN]: [MMOCore] Could not find damage cause called 'SONIC_BOOM'
[05:35:12] [Server thread/WARN]: [MMOCore] Could not load subclass 'ARCANE_MAGE' from class 'MAGE': Could not find class with ID 'ARCANE_MAGE'
[05:35:12] [Server thread/WARN]: [MMOCore] Could not load loot chest region 'sample-region' from file 'default_loot_chests.yml': Could not find world 'world_name_here'
[05:35:12] [Server thread/WARN]: [MMOCore] Could not load loot chest region 'sample-region' from file 'loot-chests.yml': Could not find world 'world_name_here'
[05:35:12] [Server thread/WARN]: [MMOCore] Could not load waypoint 'spawn' from file 'waypoints.yml': There is already a waypoint with ID 'spawn'
[05:35:12] [Server thread/WARN]: [MMOCore] Could not load waypoint 'spawn1' from file 'waypoints.yml': There is already a waypoint with ID 'spawn1'
[05:35:12] [Server thread/WARN]: [MMOCore] Could not load waypoint 'spawn2' from file 'waypoints.yml': There is already a waypoint with ID 'spawn2'
[05:35:12] [Server thread/WARN]: [MMOCore] Could not load item 'arcane-mage' from inventory 'subclass-select': Could not find class with ID 'ARCANE_MAGE'
[05:35:12] [Server thread/INFO]: MMOCore 1.12.1-SNAPSHOT successfully reloaded.
[05:35:12] [Server thread/INFO]: Time Taken: 69ms (1.38 ticks)
[05:35:45] [Server thread/INFO]: No entity was found
[05:36:18] [Server thread/INFO]: Reloading MMOCore 1.12.1-SNAPSHOT...
[05:36:18] [Server thread/WARN]: [MMOCore] Could not find damage cause called 'SONIC_BOOM'
[05:36:18] [Server thread/WARN]: [MMOCore] Could not load subclass 'ARCANE_MAGE' from class 'MAGE': Could not find class with ID 'ARCANE_MAGE'
[05:36:18] [Server thread/WARN]: [MMOCore] Could not load loot chest region 'sample-region' from file 'default_loot_chests.yml': Could not find world 'world_name_here'
[05:36:18] [Server thread/WARN]: [MMOCore] Could not load loot chest region 'sample-region' from file 'loot-chests.yml': Could not find world 'world_name_here'
[05:36:18] [Server thread/WARN]: [MMOCore] Could not load waypoint 'spawn' from file 'waypoints.yml': There is already a waypoint with ID 'spawn'
[05:36:18] [Server thread/WARN]: [MMOCore] Could not load waypoint 'spawn1' from file 'waypoints.yml': There is already a waypoint with ID 'spawn1'
[05:36:18] [Server thread/WARN]: [MMOCore] Could not load waypoint 'spawn2' from file 'waypoints.yml': There is already a waypoint with ID 'spawn2'
[05:36:18] [Server thread/WARN]: [MMOCore] Could not load item 'arcane-mage' from inventory 'subclass-select': Could not find class with ID 'ARCANE_MAGE'
[05:36:18] [Server thread/INFO]: MMOCore 1.12.1-SNAPSHOT successfully reloaded.
[05:36:18] [Server thread/INFO]: Time Taken: 66ms (1.32 ticks)
[05:36:36] [Thread-13/INFO]: [gg.playit.control.ChannelSetup] send keep alive
[05:36:48] [Thread-13/INFO]: [gg.playit.control.ChannelSetup] send keep alive
[05:36:56] [Server thread/INFO]: No entity was found
[05:37:24] [Server thread/INFO]: Reloading MMOCore 1.12.1-SNAPSHOT...
[05:37:24] [Server thread/WARN]: [MMOCore] Could not find damage cause called 'SONIC_BOOM'
[05:37:24] [Server thread/WARN]: [MMOCore] Could not load subclass 'ARCANE_MAGE' from class 'MAGE': Could not find class with ID 'ARCANE_MAGE'
[05:37:24] [Server thread/WARN]: [MMOCore] Could not load loot chest region 'sample-region' from file 'default_loot_chests.yml': Could not find world 'world_name_here'
[05:37:24] [Server thread/WARN]: [MMOCore] Could not load loot chest region 'sample-region' from file 'loot-chests.yml': Could not find world 'world_name_here'
[05:37:24] [Server thread/WARN]: [MMOCore] Could not load waypoint 'spawn' from file 'waypoints.yml': There is already a waypoint with ID 'spawn'
[05:37:24] [Server thread/WARN]: [MMOCore] Could not load waypoint 'spawn1' from file 'waypoints.yml': There is already a waypoint with ID 'spawn1'
[05:37:24] [Server thread/WARN]: [MMOCore] Could not load waypoint 'spawn2' from file 'waypoints.yml': There is already a waypoint with ID 'spawn2'
[05:37:24] [Server thread/WARN]: [MMOCore] Could not load item 'arcane-mage' from inventory 'subclass-select': Could not find class with ID 'ARCANE_MAGE'
[05:37:24] [Server thread/INFO]: MMOCore 1.12.1-SNAPSHOT successfully reloaded.
[05:37:24] [Server thread/INFO]: Time Taken: 65ms (1.3 ticks)
[05:38:07] [Server thread/INFO]: No entity was found
[05:38:30] [Server thread/INFO]: Reloading MMOCore 1.12.1-SNAPSHOT...
[05:38:30] [Server thread/WARN]: [MMOCore] Could not find damage cause called 'SONIC_BOOM'
[05:38:30] [Server thread/WARN]: [MMOCore] Could not load subclass 'ARCANE_MAGE' from class 'MAGE': Could not find class with ID 'ARCANE_MAGE'
[05:38:30] [Server thread/WARN]: [MMOCore] Could not load loot chest region 'sample-region' from file 'default_loot_chests.yml': Could not find world 'world_name_here'
[05:38:30] [Server thread/WARN]: [MMOCore] Could not load loot chest region 'sample-region' from file 'loot-chests.yml': Could not find world 'world_name_here'
[05:38:30] [Server thread/WARN]: [MMOCore] Could not load waypoint 'spawn' from file 'waypoints.yml': There is already a waypoint with ID 'spawn'
[05:38:30] [Server thread/WARN]: [MMOCore] Could not load waypoint 'spawn1' from file 'waypoints.yml': There is already a waypoint with ID 'spawn1'
[05:38:30] [Server thread/WARN]: [MMOCore] Could not load waypoint 'spawn2' from file 'waypoints.yml': There is already a waypoint with ID 'spawn2'
[05:38:30] [Server thread/WARN]: [MMOCore] Could not load item 'arcane-mage' from inventory 'subclass-select': Could not find class with ID 'ARCANE_MAGE'
[05:38:30] [Server thread/INFO]: MMOCore 1.12.1-SNAPSHOT successfully reloaded.
[05:38:30] [Server thread/INFO]: Time Taken: 68ms (1.36 ticks)
[05:39:18] [Server thread/INFO]: No entity was found
[05:39:36] [Server thread/INFO]: Reloading MMOCore 1.12.1-SNAPSHOT...
[05:39:36] [Server thread/WARN]: [MMOCore] Could not find damage cause called 'SONIC_BOOM'
[05:39:36] [Server thread/WARN]: [MMOCore] Could not load subclass 'ARCANE_MAGE' from class 'MAGE': Could not find class with ID 'ARCANE_MAGE'
[05:39:36] [Server thread/WARN]: [MMOCore] Could not load loot chest region 'sample-region' from file 'default_loot_chests.yml': Could not find world 'world_name_here'
[05:39:36] [Server thread/WARN]: [MMOCore] Could not load loot chest region 'sample-region' from file 'loot-chests.yml': Could not find world 'world_name_here'
[05:39:36] [Server thread/WARN]: [MMOCore] Could not load waypoint 'spawn' from file 'waypoints.yml': There is already a waypoint with ID 'spawn'
[05:39:36] [Server thread/WARN]: [MMOCore] Could not load waypoint 'spawn1' from file 'waypoints.yml': There is already a waypoint with ID 'spawn1'
[05:39:36] [Server thread/WARN]: [MMOCore] Could not load waypoint 'spawn2' from file 'waypoints.yml': There is already a waypoint with ID 'spawn2'
[05:39:36] [Server thread/WARN]: [MMOCore] Could not load item 'arcane-mage' from inventory 'subclass-select': Could not find class with ID 'ARCANE_MAGE'
[05:39:36] [Server thread/INFO]: MMOCore 1.12.1-SNAPSHOT successfully reloaded.
[05:39:36] [Server thread/INFO]: Time Taken: 63ms (1.26 ticks)
[05:40:29] [Server thread/INFO]: No entity was found
[05:40:36] [Thread-13/INFO]: [gg.playit.control.ChannelSetup] send keep alive
[05:40:42] [Server thread/INFO]: Reloading MMOCore 1.12.1-SNAPSHOT...
[05:40:42] [Server thread/WARN]: [MMOCore] Could not find damage cause called 'SONIC_BOOM'
[05:40:42] [Server thread/WARN]: [MMOCore] Could not load subclass 'ARCANE_MAGE' from class 'MAGE': Could not find class with ID 'ARCANE_MAGE'
[05:40:42] [Server thread/WARN]: [MMOCore] Could not load loot chest region 'sample-region' from file 'default_loot_chests.yml': Could not find world 'world_name_here'
[05:40:42] [Server thread/WARN]: [MMOCore] Could not load loot chest region 'sample-region' from file 'loot-chests.yml': Could not find world 'world_name_here'
[05:40:42] [Server thread/WARN]: [MMOCore] Could not load waypoint 'spawn' from file 'waypoints.yml': There is already a waypoint with ID 'spawn'
[05:40:42] [Server thread/WARN]: [MMOCore] Could not load waypoint 'spawn1' from file 'waypoints.yml': There is already a waypoint with ID 'spawn1'
[05:40:42] [Server thread/WARN]: [MMOCore] Could not load waypoint 'spawn2' from file 'waypoints.yml': There is already a waypoint with ID 'spawn2'
[05:40:42] [Server thread/WARN]: [MMOCore] Could not load item 'arcane-mage' from inventory 'subclass-select': Could not find class with ID 'ARCANE_MAGE'
[05:40:42] [Server thread/INFO]: MMOCore 1.12.1-SNAPSHOT successfully reloaded.
[05:40:42] [Server thread/INFO]: Time Taken: 66ms (1.32 ticks)
[05:40:48] [Thread-13/INFO]: [gg.playit.control.ChannelSetup] send keep alive
[05:41:39] [Craft Scheduler Thread - 66 - BeautyQuests/INFO]: [BeautyQuests] Datas saved ~ periodic save
[05:41:40] [Server thread/INFO]: No entity was found
[05:41:48] [Server thread/INFO]: Reloading MMOCore 1.12.1-SNAPSHOT...
[05:41:48] [Server thread/WARN]: [MMOCore] Could not find damage cause called 'SONIC_BOOM'
[05:41:48] [Server thread/WARN]: [MMOCore] Could not load subclass 'ARCANE_MAGE' from class 'MAGE': Could not find class with ID 'ARCANE_MAGE'
[05:41:48] [Server thread/WARN]: [MMOCore] Could not load loot chest region 'sample-region' from file 'default_loot_chests.yml': Could not find world 'world_name_here'
[05:41:48] [Server thread/WARN]: [MMOCore] Could not load loot chest region 'sample-region' from file 'loot-chests.yml': Could not find world 'world_name_here'
[05:41:48] [Server thread/WARN]: [MMOCore] Could not load waypoint 'spawn' from file 'waypoints.yml': There is already a waypoint with ID 'spawn'
[05:41:48] [Server thread/WARN]: [MMOCore] Could not load waypoint 'spawn1' from file 'waypoints.yml': There is already a waypoint with ID 'spawn1'
[05:41:48] [Server thread/WARN]: [MMOCore] Could not load waypoint 'spawn2' from file 'waypoints.yml': There is already a waypoint with ID 'spawn2'
[05:41:48] [Server thread/WARN]: [MMOCore] Could not load item 'arcane-mage' from inventory 'subclass-select': Could not find class with ID 'ARCANE_MAGE'
[05:41:48] [Server thread/INFO]: MMOCore 1.12.1-SNAPSHOT successfully reloaded.
[05:41:48] [Server thread/INFO]: Time Taken: 72ms (1.44 ticks)
[05:42:51] [Server thread/INFO]: No entity was found
[05:42:54] [Server thread/INFO]: Reloading MMOCore 1.12.1-SNAPSHOT...
[05:42:54] [Server thread/WARN]: [MMOCore] Could not find damage cause called 'SONIC_BOOM'
[05:42:54] [Server thread/WARN]: [MMOCore] Could not load subclass 'ARCANE_MAGE' from class 'MAGE': Could not find class with ID 'ARCANE_MAGE'
[05:42:54] [Server thread/WARN]: [MMOCore] Could not load loot chest region 'sample-region' from file 'default_loot_chests.yml': Could not find world 'world_name_here'
[05:42:54] [Server thread/WARN]: [MMOCore] Could not load loot chest region 'sample-region' from file 'loot-chests.yml': Could not find world 'world_name_here'
[05:42:54] [Server thread/WARN]: [MMOCore] Could not load waypoint 'spawn' from file 'waypoints.yml': There is already a waypoint with ID 'spawn'
[05:42:54] [Server thread/WARN]: [MMOCore] Could not load waypoint 'spawn1' from file 'waypoints.yml': There is already a waypoint with ID 'spawn1'
[05:42:54] [Server thread/WARN]: [MMOCore] Could not load waypoint 'spawn2' from file 'waypoints.yml': There is already a waypoint with ID 'spawn2'
[05:42:54] [Server thread/WARN]: [MMOCore] Could not load item 'arcane-mage' from inventory 'subclass-select': Could not find class with ID 'ARCANE_MAGE'
[05:42:54] [Server thread/INFO]: MMOCore 1.12.1-SNAPSHOT successfully reloaded.
[05:42:54] [Server thread/INFO]: Time Taken: 71ms (1.42 ticks)
