{"elements":[{"from":[4.285714,2.884131,-9.470898],"to":[11.714286,9.741274,-3.7566118],"rotation":{"angle":-22.5,"axis":"x","origin":[7.714286,4.9412737,-5.4708977]},"faces":{"east":{"uv":[7.625,1.125,7.9375,1.5],"rotation":0,"texture":"#0","tintindex":0},"south":{"uv":[7.34375,4.5625,7.75,4.9375],"rotation":0,"texture":"#0","tintindex":0},"north":{"uv":[5.59375,6.4375,6.0,6.8125],"rotation":0,"texture":"#0","tintindex":0},"west":{"uv":[7.625,7.09375,7.9375,7.46875],"rotation":0,"texture":"#0","tintindex":0},"up":{"uv":[6.03125,7.84375,5.625,7.53125],"rotation":0,"texture":"#0","tintindex":0},"down":{"uv":[7.9375,6.25,7.53125,6.5625],"rotation":0,"texture":"#0","tintindex":0}}},{"from":[8.0,9.741274,-9.470898],"to":[8.0,15.455561,-3.7566118],"rotation":{"angle":-22.5,"axis":"x","origin":[11.428572,4.9412737,-5.4708977]},"faces":{"east":{"uv":[8.0625,3.75,8.375,4.0625],"rotation":0,"texture":"#0","tintindex":0},"south":{"uv":[0.0,0.0,0.0,0.3125],"rotation":0,"texture":"#0","tintindex":0},"north":{"uv":[0.0,0.0,0.0,0.3125],"rotation":0,"texture":"#0","tintindex":0},"west":{"uv":[6.59375,8.0625,6.90625,8.375],"rotation":0,"texture":"#0","tintindex":0},"up":{"uv":[0.0,0.3125,0.0,0.0],"rotation":0,"texture":"#0","tintindex":0},"down":{"uv":[0.0,0.0,0.0,0.3125],"rotation":0,"texture":"#0","tintindex":0}}},{"from":[2.2857141,1.7412739,-5.4708977],"to":[13.714286,10.884131,5.3862453],"rotation":{"angle":-22.5,"axis":"x","origin":[10.285714,4.9412737,-5.4708977]},"faces":{"east":{"uv":[2.3125,6.375,2.90625,6.875],"rotation":0,"texture":"#0","tintindex":0},"south":{"uv":[0.625,6.375,1.25,6.875],"rotation":0,"texture":"#0","tintindex":0},"north":{"uv":[0.0,6.375,0.625,6.875],"rotation":0,"texture":"#0","tintindex":0},"west":{"uv":[3.5,6.4375,4.09375,6.9375],"rotation":0,"texture":"#0","tintindex":0},"up":{"uv":[6.75,0.59375,6.125,0.0],"rotation":0,"texture":"#0","tintindex":0},"down":{"uv":[6.75,0.59375,6.125,1.1875],"rotation":0,"texture":"#0","tintindex":0}}},{"from":[8.0,10.884131,-3.7566118],"to":[8.0,17.741276,7.67196],"rotation":{"angle":-22.5,"axis":"x","origin":[13.714286,4.9412737,-5.4708977]},"faces":{"east":{"uv":[6.75,1.375,7.375,1.75],"rotation":0,"texture":"#0","tintindex":0},"south":{"uv":[0.0,0.0,0.0,0.375],"rotation":0,"texture":"#0","tintindex":0},"north":{"uv":[0.0,0.0,0.0,0.375],"rotation":0,"texture":"#0","tintindex":0},"west":{"uv":[6.75,1.75,7.375,2.125],"rotation":0,"texture":"#0","tintindex":0},"up":{"uv":[0.0,0.625,0.0,0.0],"rotation":0,"texture":"#0","tintindex":0},"down":{"uv":[0.0,0.0,0.0,0.625],"rotation":0,"texture":"#0","tintindex":0}}},{"from":[1.9999995,11.884131,8.600531],"to":[14.0,21.026989,17.74339],"rotation":{"angle":22.5,"axis":"x","origin":[10.571428,4.9127026,-4.8851833]},"faces":{"east":{"uv":[6.65625,2.9375,7.15625,3.4375],"rotation":0,"texture":"#0","tintindex":0},"south":{"uv":[6.125,4.0625,6.78125,4.5625],"rotation":0,"texture":"#0","tintindex":0},"north":{"uv":[6.125,3.5625,6.78125,4.0625],"rotation":0,"texture":"#0","tintindex":0},"west":{"uv":[6.65625,6.125,7.15625,6.625],"rotation":0,"texture":"#0","tintindex":0},"up":{"uv":[6.78125,5.0625,6.125,4.5625],"rotation":0,"texture":"#0","tintindex":0},"down":{"uv":[6.65625,6.3125,6.0,6.8125],"rotation":0,"texture":"#0","tintindex":0}}},{"from":[4.342857,12.512703,12.657675],"to":[11.657143,18.684132,21.686245],"rotation":{"angle":22.5,"axis":"x","origin":[10.571428,4.9127026,-4.8851833]},"faces":{"east":{"uv":[7.15625,6.75,7.65625,7.09375],"rotation":0,"texture":"#0","tintindex":0},"south":{"uv":[7.53125,1.84375,7.9375,2.1875],"rotation":0,"texture":"#0","tintindex":0},"north":{"uv":[4.875,7.5,5.28125,7.84375],"rotation":0,"texture":"#0","tintindex":0},"west":{"uv":[7.25,0.0,7.75,0.34375],"rotation":0,"texture":"#0","tintindex":0},"up":{"uv":[3.28125,7.375,2.875,6.875],"rotation":0,"texture":"#0","tintindex":0},"down":{"uv":[4.5,6.875,4.09375,7.375],"rotation":0,"texture":"#0","tintindex":0}}},{"from":[8.0,21.026989,7.457674],"to":[8.0,27.884132,17.74339],"rotation":{"angle":22.5,"axis":"x","origin":[13.714286,4.9127026,-4.8851833]},"faces":{"east":{"uv":[6.78125,4.6875,7.34375,5.0625],"rotation":0,"texture":"#0","tintindex":0},"south":{"uv":[0.0,0.0,0.0,0.375],"rotation":0,"texture":"#0","tintindex":0},"north":{"uv":[0.0,0.0,0.0,0.375],"rotation":0,"texture":"#0","tintindex":0},"west":{"uv":[2.3125,6.875,2.875,7.25],"rotation":0,"texture":"#0","tintindex":0},"up":{"uv":[0.0,0.5625,0.0,0.0],"rotation":0,"texture":"#0","tintindex":0},"down":{"uv":[0.0,0.0,0.0,0.5625],"rotation":0,"texture":"#0","tintindex":0}}}],"textures":{"0":"modelengine:entity/nocsy_dragon_saddled_version"},"display":{"head":{"translation":[0.0,-6.4,0.0],"scale":[4.0,4.0,4.0]}}}