{"elements":[{"from":[6.3893366,7.9416695,5.4564447],"to":[9.360765,9.770241,10.713588],"rotation":{"angle":0.0,"axis":"y","origin":[13.464871,1.8789434,24.390947]},"faces":{"east":{"uv":[9.0625,7.28125,9.375,7.40625],"rotation":0,"texture":"#0","tintindex":0},"south":{"uv":[0.71875,9.40625,0.90625,9.53125],"rotation":0,"texture":"#0","tintindex":0},"north":{"uv":[9.40625,0.6875,9.59375,0.8125],"rotation":0,"texture":"#0","tintindex":0},"west":{"uv":[9.0625,7.40625,9.375,7.53125],"rotation":0,"texture":"#0","tintindex":0},"up":{"uv":[7.53125,9.125,7.34375,8.8125],"rotation":0,"texture":"#0","tintindex":0},"down":{"uv":[6.125,8.84375,5.9375,9.15625],"rotation":0,"texture":"#0","tintindex":0}}},{"from":[9.419323,7.1570234,5.227873],"to":[9.419323,10.585595,10.942159],"rotation":{"angle":22.5,"axis":"z","origin":[13.464871,1.8789434,24.390947]},"faces":{"east":{"uv":[8.84375,0.3125,9.15625,0.5],"rotation":0,"texture":"#0","tintindex":0},"south":{"uv":[0.0,0.0,0.0,0.1875],"rotation":0,"texture":"#0","tintindex":0},"north":{"uv":[0.0,0.0,0.0,0.1875],"rotation":0,"texture":"#0","tintindex":0},"west":{"uv":[8.84375,4.96875,9.15625,5.15625],"rotation":0,"texture":"#0","tintindex":0},"up":{"uv":[0.0,0.3125,0.0,0.0],"rotation":0,"texture":"#0","tintindex":0},"down":{"uv":[0.0,0.0,0.0,0.3125],"rotation":0,"texture":"#0","tintindex":0}}}],"textures":{"0":"modelengine:entity/nocsy_dragon_saddled_version"},"display":{"head":{"translation":[0.0,-6.4,0.0],"scale":[4.0,4.0,4.0]}}}