{"elements":[{"from":[6.639235,7.9416695,5.4564447],"to":[9.610663,9.770241,10.713588],"rotation":{"angle":0.0,"axis":"y","origin":[2.5351286,1.8789434,24.390947]},"faces":{"east":{"uv":[9.0625,7.53125,9.375,7.65625],"rotation":0,"texture":"#0","tintindex":0},"south":{"uv":[9.40625,1.1875,9.59375,1.3125],"rotation":0,"texture":"#0","tintindex":0},"north":{"uv":[9.40625,1.0625,9.59375,1.1875],"rotation":0,"texture":"#0","tintindex":0},"west":{"uv":[8.15625,9.0625,8.46875,9.1875],"rotation":0,"texture":"#0","tintindex":0},"up":{"uv":[7.28125,9.1875,7.09375,8.875],"rotation":0,"texture":"#0","tintindex":0},"down":{"uv":[8.15625,8.875,7.96875,9.1875],"rotation":0,"texture":"#0","tintindex":0}}},{"from":[6.5806775,7.1570234,5.227873],"to":[6.5806775,10.585595,10.942159],"rotation":{"angle":-22.5,"axis":"z","origin":[2.5351286,1.8789434,24.390947]},"faces":{"east":{"uv":[8.15625,8.875,8.46875,9.0625],"rotation":0,"texture":"#0","tintindex":0},"south":{"uv":[0.0,0.0,0.0,0.1875],"rotation":0,"texture":"#0","tintindex":0},"north":{"uv":[0.0,0.0,0.0,0.1875],"rotation":0,"texture":"#0","tintindex":0},"west":{"uv":[8.46875,8.875,8.78125,9.0625],"rotation":0,"texture":"#0","tintindex":0},"up":{"uv":[0.0,0.3125,0.0,0.0],"rotation":0,"texture":"#0","tintindex":0},"down":{"uv":[0.0,0.0,0.0,0.3125],"rotation":0,"texture":"#0","tintindex":0}}}],"textures":{"0":"modelengine:entity/nocsy_dragon_saddled_version"},"display":{"head":{"translation":[0.0,-6.4,0.0],"scale":[4.0,4.0,4.0]}}}