{"elements":[{"from":[12.982838,4.2095737,7.278461],"to":[15.497124,6.7238593,14.364176],"rotation":{"angle":45.0,"axis":"z","origin":[7.9148617,-0.85840225,25.833767]},"faces":{"east":{"uv":[8.9375,5.6875,9.3125,5.8125],"rotation":0,"texture":"#0","tintindex":0},"south":{"uv":[9.6875,7.875,9.8125,8.0],"rotation":0,"texture":"#0","tintindex":0},"north":{"uv":[7.8125,9.6875,7.9375,9.8125],"rotation":0,"texture":"#0","tintindex":0},"west":{"uv":[6.71875,8.9375,7.09375,9.0625],"rotation":0,"texture":"#0","tintindex":0},"up":{"uv":[3.21875,9.3125,3.09375,8.9375],"rotation":0,"texture":"#0","tintindex":0},"down":{"uv":[9.0625,7.28125,8.9375,7.65625],"rotation":0,"texture":"#0","tintindex":0}}}],"textures":{"0":"modelengine:entity/nocsy_dragon_saddled_version"},"display":{"head":{"translation":[0.0,-6.4,0.0],"scale":[4.0,4.0,4.0]}}}