{"elements":[{"from":[5.7688313,4.028571,-0.54285717],"to":[5.7688313,7.457143,5.1714287],"rotation":{"angle":0.0,"axis":"y","origin":[9.797402,9.485714,-3.2000008]},"faces":{"east":{"uv":[6.75,2.125,7.0625,2.3125],"rotation":0,"texture":"#0","tintindex":0},"south":{"uv":[0.0,0.0,0.0,0.1875],"rotation":0,"texture":"#0","tintindex":0},"north":{"uv":[0.0,0.0,0.0,0.1875],"rotation":0,"texture":"#0","tintindex":0},"west":{"uv":[8.65625,6.0625,8.96875,6.25],"rotation":0,"texture":"#0","tintindex":0},"up":{"uv":[0.0,0.3125,0.0,0.0],"rotation":0,"texture":"#0","tintindex":0},"down":{"uv":[0.0,0.0,0.0,0.3125],"rotation":0,"texture":"#0","tintindex":0}}},{"from":[5.3688307,4.028571,-2.1428576],"to":[5.3688307,7.457143,0.1428566],"rotation":{"angle":-22.5,"axis":"y","origin":[7.397403,8.6,0.7142854]},"faces":{"east":{"uv":[0.15625,9.375,0.28125,9.5625],"rotation":0,"texture":"#0","tintindex":0},"south":{"uv":[0.0,0.0,0.0,0.1875],"rotation":0,"texture":"#0","tintindex":0},"north":{"uv":[0.0,0.0,0.0,0.1875],"rotation":0,"texture":"#0","tintindex":0},"west":{"uv":[0.28125,9.375,0.40625,9.5625],"rotation":0,"texture":"#0","tintindex":0},"up":{"uv":[0.0,0.125,0.0,0.0],"rotation":0,"texture":"#0","tintindex":0},"down":{"uv":[0.0,0.0,0.0,0.125],"rotation":0,"texture":"#0","tintindex":0}}},{"from":[10.631169,4.028571,-2.1428576],"to":[10.631169,7.457143,0.1428566],"rotation":{"angle":22.5,"axis":"y","origin":[8.602597,8.6,0.7142854]},"faces":{"east":{"uv":[1.40625,9.375,1.53125,9.5625],"rotation":0,"texture":"#0","tintindex":0},"south":{"uv":[0.0,0.0,0.0,0.1875],"rotation":0,"texture":"#0","tintindex":0},"north":{"uv":[0.0,0.0,0.0,0.1875],"rotation":0,"texture":"#0","tintindex":0},"west":{"uv":[2.5,9.375,2.625,9.5625],"rotation":0,"texture":"#0","tintindex":0},"up":{"uv":[0.0,0.125,0.0,0.0],"rotation":0,"texture":"#0","tintindex":0},"down":{"uv":[0.0,0.0,0.0,0.125],"rotation":0,"texture":"#0","tintindex":0}}},{"from":[10.231169,4.028571,-0.54285717],"to":[10.231169,7.457143,5.1714287],"rotation":{"angle":0.0,"axis":"y","origin":[6.202597,9.485714,-3.2000008]},"faces":{"east":{"uv":[8.6875,4.78125,9.0,4.96875],"rotation":0,"texture":"#0","tintindex":0},"south":{"uv":[0.0,0.0,0.0,0.1875],"rotation":0,"texture":"#0","tintindex":0},"north":{"uv":[0.0,0.0,0.0,0.1875],"rotation":0,"texture":"#0","tintindex":0},"west":{"uv":[8.71875,2.96875,9.03125,3.15625],"rotation":0,"texture":"#0","tintindex":0},"up":{"uv":[0.0,0.3125,0.0,0.0],"rotation":0,"texture":"#0","tintindex":0},"down":{"uv":[0.0,0.0,0.0,0.3125],"rotation":0,"texture":"#0","tintindex":0}}},{"from":[6.285714,4.0,-2.6000004],"to":[9.714286,7.714286,-2.6000004],"rotation":{"angle":0.0,"axis":"y","origin":[6.857143,8.885715,-2.0]},"faces":{"east":{"uv":[0.0,0.0,0.0,0.21875],"rotation":0,"texture":"#0","tintindex":0},"south":{"uv":[9.0,4.71875,9.1875,4.9375],"rotation":0,"texture":"#0","tintindex":0},"north":{"uv":[9.0,3.84375,9.1875,4.0625],"rotation":0,"texture":"#0","tintindex":0},"west":{"uv":[0.0,0.0,0.0,0.21875],"rotation":0,"texture":"#0","tintindex":0},"up":{"uv":[0.1875,0.0,0.0,0.0],"rotation":0,"texture":"#0","tintindex":0},"down":{"uv":[0.1875,0.0,0.0,0.0],"rotation":0,"texture":"#0","tintindex":0}}},{"from":[7.374026,7.457143,0.5999999],"to":[8.516883,8.6,4.028571],"rotation":{"angle":22.5,"axis":"y","origin":[5.631169,9.485714,-2.0571432]},"faces":{"east":{"uv":[6.75,5.4375,6.9375,5.5],"rotation":0,"texture":"#0","tintindex":0},"south":{"uv":[7.5625,9.59375,7.625,9.65625],"rotation":0,"texture":"#0","tintindex":0},"north":{"uv":[7.96875,9.5625,8.03125,9.625],"rotation":0,"texture":"#0","tintindex":0},"west":{"uv":[7.90625,0.5625,8.09375,0.625],"rotation":0,"texture":"#0","tintindex":0},"up":{"uv":[4.46875,9.40625,4.40625,9.21875],"rotation":0,"texture":"#0","tintindex":0},"down":{"uv":[7.9375,9.21875,7.875,9.40625],"rotation":0,"texture":"#0","tintindex":0}}},{"from":[7.3711705,9.742857,2.885714],"to":[10.799742,10.885715,5.1714287],"rotation":{"angle":0.0,"axis":"y","origin":[6.7711706,9.485714,-3.2000008]},"faces":{"east":{"uv":[9.9375,8.53125,10.0625,8.59375],"rotation":0,"texture":"#0","tintindex":0},"south":{"uv":[8.40625,3.3125,8.59375,3.375],"rotation":0,"texture":"#0","tintindex":0},"north":{"uv":[7.9375,7.78125,8.125,7.84375],"rotation":0,"texture":"#0","tintindex":0},"west":{"uv":[9.96875,0.1875,10.09375,0.25],"rotation":0,"texture":"#0","tintindex":0},"up":{"uv":[1.71875,9.53125,1.53125,9.40625],"rotation":0,"texture":"#0","tintindex":0},"down":{"uv":[9.59375,1.6875,9.40625,1.8125],"rotation":0,"texture":"#0","tintindex":0}}},{"from":[9.488312,7.457143,-2.1428576],"to":[10.631169,9.742857,0.1428566],"rotation":{"angle":22.5,"axis":"y","origin":[8.602597,8.6,0.7142854]},"faces":{"east":{"uv":[0.0,9.71875,0.125,9.84375],"rotation":0,"texture":"#0","tintindex":0},"south":{"uv":[0.65625,9.59375,0.71875,9.71875],"rotation":0,"texture":"#0","tintindex":0},"north":{"uv":[3.71875,9.5,3.78125,9.625],"rotation":0,"texture":"#0","tintindex":0},"west":{"uv":[0.5,9.71875,0.625,9.84375],"rotation":0,"texture":"#0","tintindex":0},"up":{"uv":[4.34375,10.0,4.28125,9.875],"rotation":0,"texture":"#0","tintindex":0},"down":{"uv":[0.375,9.90625,0.3125,10.03125],"rotation":0,"texture":"#0","tintindex":0}}},{"from":[7.374026,7.457143,0.5999999],"to":[8.516883,8.6,4.028571],"rotation":{"angle":22.5,"axis":"y","origin":[5.631169,9.485714,-2.0571432]},"faces":{"east":{"uv":[8.78125,6.0,8.96875,6.0625],"rotation":0,"texture":"#0","tintindex":0},"south":{"uv":[7.375,9.625,7.4375,9.6875],"rotation":0,"texture":"#0","tintindex":0},"north":{"uv":[6.40625,9.625,6.46875,9.6875],"rotation":0,"texture":"#0","tintindex":0},"west":{"uv":[9.5625,0.125,9.75,0.1875],"rotation":0,"texture":"#0","tintindex":0},"up":{"uv":[6.125,10.0,6.0625,9.8125],"rotation":0,"texture":"#0","tintindex":0},"down":{"uv":[7.9375,9.8125,7.875,10.0],"rotation":0,"texture":"#0","tintindex":0}}},{"from":[7.9453974,7.4570856,-0.5429144],"to":[10.231226,9.742914,5.171486],"rotation":{"angle":0.0,"axis":"y","origin":[6.202597,9.485714,-3.2000008]},"faces":{"east":{"uv":[8.46875,9.0625,8.78125,9.1875],"rotation":0,"texture":"#0","tintindex":0},"south":{"uv":[9.71875,0.6875,9.84375,0.8125],"rotation":0,"texture":"#0","tintindex":0},"north":{"uv":[0.625,9.71875,0.75,9.84375],"rotation":0,"texture":"#0","tintindex":0},"west":{"uv":[8.78125,9.0625,9.09375,9.1875],"rotation":0,"texture":"#0","tintindex":0},"up":{"uv":[6.96875,9.375,6.84375,9.0625],"rotation":0,"texture":"#0","tintindex":0},"down":{"uv":[7.09375,9.0625,6.96875,9.375],"rotation":0,"texture":"#0","tintindex":0}}},{"from":[9.488312,7.457143,2.4285712],"to":[10.631169,8.6,3.5714283],"rotation":{"angle":0.0,"axis":"y","origin":[7.745455,9.485714,-2.514286]},"faces":{"east":{"uv":[9.625,9.34375,9.6875,9.40625],"rotation":0,"texture":"#0","tintindex":0},"south":{"uv":[9.65625,1.0,9.71875,1.0625],"rotation":0,"texture":"#0","tintindex":0},"north":{"uv":[9.625,7.5,9.6875,7.5625],"rotation":0,"texture":"#0","tintindex":0},"west":{"uv":[9.65625,1.625,9.71875,1.6875],"rotation":0,"texture":"#0","tintindex":0},"up":{"uv":[9.71875,2.59375,9.65625,2.53125],"rotation":0,"texture":"#0","tintindex":0},"down":{"uv":[9.75,3.78125,9.6875,3.84375],"rotation":0,"texture":"#0","tintindex":0}}},{"from":[6.285714,9.742857,2.885714],"to":[9.714286,10.885715,7.457143],"rotation":{"angle":0.0,"axis":"y","origin":[9.142858,9.485714,-3.2000008]},"faces":{"east":{"uv":[3.75,5.4375,4.0,5.5],"rotation":0,"texture":"#0","tintindex":0},"south":{"uv":[9.875,3.84375,10.0625,3.90625],"rotation":0,"texture":"#0","tintindex":0},"north":{"uv":[9.875,1.9375,10.0625,2.0],"rotation":0,"texture":"#0","tintindex":0},"west":{"uv":[3.5,6.375,3.75,6.4375],"rotation":0,"texture":"#0","tintindex":0},"up":{"uv":[9.15625,2.6875,8.96875,2.4375],"rotation":0,"texture":"#0","tintindex":0},"down":{"uv":[9.15625,2.6875,8.96875,2.9375],"rotation":0,"texture":"#0","tintindex":0}}},{"from":[5.3688307,7.457143,-2.1428576],"to":[6.511688,9.742857,0.1428566],