{"elements":[{"from":[6.3058558,7.42134,6.191149],"to":[9.162999,10.278483,9.048292],"rotation":{"angle":0.0,"axis":"y","origin":[15.134325,12.2753725,14.043396]},"faces":{"east":{"uv":[9.25,1.0625,9.40625,1.21875],"rotation":0,"texture":"#0","tintindex":0},"south":{"uv":[9.25,1.21875,9.40625,1.375],"rotation":0,"texture":"#0","tintindex":0},"north":{"uv":[0.78125,9.25,0.9375,9.40625],"rotation":0,"texture":"#0","tintindex":0},"west":{"uv":[9.25,2.4375,9.40625,2.59375],"rotation":0,"texture":"#0","tintindex":0},"up":{"uv":[9.40625,2.75,9.25,2.59375],"rotation":0,"texture":"#0","tintindex":0},"down":{"uv":[9.40625,4.125,9.25,4.28125],"rotation":0,"texture":"#0","tintindex":0}}},{"from":[6.4201417,9.821341,6.9911494],"to":[9.048713,12.449912,9.61972],"rotation":{"angle":22.5,"axis":"x","origin":[7.7344275,11.364198,7.619721]},"faces":{"east":{"uv":[9.25,4.5625,9.40625,4.71875],"rotation":0,"texture":"#0","tintindex":0},"south":{"uv":[9.25,5.125,9.40625,5.28125],"rotation":0,"texture":"#0","tintindex":0},"north":{"uv":[9.25,4.40625,9.40625,4.5625],"rotation":0,"texture":"#0","tintindex":0},"west":{"uv":[9.25,5.28125,9.40625,5.4375],"rotation":0,"texture":"#0","tintindex":0},"up":{"uv":[7.65625,9.40625,7.5,9.25],"rotation":0,"texture":"#0","tintindex":0},"down":{"uv":[1.09375,9.28125,0.9375,9.4375],"rotation":0,"texture":"#0","tintindex":0}}},{"from":[6.59157,12.107055,6.8768635],"to":[8.877285,14.392769,9.162579],"rotation":{"angle":45.0,"axis":"x","origin":[7.7344275,11.364198,7.619721]},"faces":{"east":{"uv":[1.25,9.28125,1.40625,9.4375],"rotation":0,"texture":"#0","tintindex":0},"south":{"uv":[2.0625,9.28125,2.21875,9.4375],"rotation":0,"texture":"#0","tintindex":0},"north":{"uv":[1.09375,9.28125,1.25,9.4375],"rotation":0,"texture":"#0","tintindex":0},"west":{"uv":[2.21875,9.28125,2.375,9.4375],"rotation":0,"texture":"#0","tintindex":0},"up":{"uv":[3.9375,9.4375,3.78125,9.28125],"rotation":0,"texture":"#0","tintindex":0},"down":{"uv":[4.09375,9.28125,3.9375,9.4375],"rotation":0,"texture":"#0","tintindex":0}}},{"from":[6.648713,12.392769,8.99115],"to":[8.934427,15.249912,10.705435],"rotation":{"angle":0.0,"axis":"y","origin":[7.505856,11.364198,7.619721]},"faces":{"east":{"uv":[9.8125,7.65625,9.90625,7.8125],"rotation":0,"texture":"#0","tintindex":0},"south":{"uv":[9.46875,2.875,9.59375,3.03125],"rotation":0,"texture":"#0","tintindex":0},"north":{"uv":[2.34375,9.46875,2.46875,9.625],"rotation":0,"texture":"#0","tintindex":0},"west":{"uv":[7.6875,9.8125,7.78125,9.96875],"rotation":0,"texture":"#0","tintindex":0},"up":{"uv":[8.71875,1.8125,8.59375,1.71875],"rotation":0,"texture":"#0","tintindex":0},"down":{"uv":[8.78125,0.78125,8.65625,0.875],"rotation":0,"texture":"#0","tintindex":0}}},{"from":[6.705856,14.278483,9.334006],"to":[8.877285,17.02134,10.934007],"rotation":{"angle":-22.5,"axis":"x","origin":[7.505856,13.821341,9.848292]},"faces":{"east":{"uv":[7.78125,9.8125,7.875,9.96875],"rotation":0,"texture":"#0","tintindex":0},"south":{"uv":[3.21875,9.46875,3.34375,9.625],"rotation":0,"texture":"#0","tintindex":0},"north":{"uv":[3.09375,9.46875,3.21875,9.625],"rotation":0,"texture":"#0","tintindex":0},"west":{"uv":[9.8125,7.8125,9.90625,7.96875],"rotation":0,"texture":"#0","tintindex":0},"up":{"uv":[9.75,5.5,9.625,5.40625],"rotation":0,"texture":"#0","tintindex":0},"down":{"uv":[9.75,8.9375,9.625,9.03125],"rotation":0,"texture":"#0","tintindex":0}}},{"from":[6.7629986,16.134344,9.012494],"to":[8.705856,18.648632,10.383923],"rotation":{"angle":-45.0,"axis":"x","origin":[7.505856,15.620058,9.412494]},"faces":{"east":{"uv":[9.8125,7.96875,9.90625,8.125],"rotation":0,"texture":"#0","tintindex":0},"south":{"uv":[9.46875,3.40625,9.59375,3.5625],"rotation":0,"texture":"#0","tintindex":0},"north":{"uv":[3.34375,9.46875,3.46875,9.625],"rotation":0,"texture":"#0","tintindex":0},"west":{"uv":[8.28125,9.8125,8.375,9.96875],"rotation":0,"texture":"#0","tintindex":0},"up":{"uv":[10.0,1.9375,9.875,1.84375],"rotation":0,"texture":"#0","tintindex":0},"down":{"uv":[2.03125,9.875,1.90625,9.96875],"rotation":0,"texture":"#0","tintindex":0}}},{"from":[6.820142,17.1236,5.5389504],"to":[8.648713,18.380743,7.9389505],"rotation":{"angle":0.0,"axis":"y","origin":[7.4487133,17.237886,7.1960936]},"faces":{"east":{"uv":[9.8125,1.5,9.96875,1.59375],"rotation":0,"texture":"#0","tintindex":0},"south":{"uv":[2.15625,9.875,2.28125,9.96875],"rotation":0,"texture":"#0","tintindex":0},"north":{"uv":[2.03125,9.875,2.15625,9.96875],"rotation":0,"texture":"#0","tintindex":0},"west":{"uv":[9.8125,3.15625,9.96875,3.25],"rotation":0,"texture":"#0","tintindex":0},"up":{"uv":[3.59375,9.625,3.46875,9.46875],"rotation":0,"texture":"#0","tintindex":0},"down":{"uv":[9.59375,3.5625,9.46875,3.71875],"rotation":0,"texture":"#0","tintindex":0}}},{"from":[6.862999,17.237886,4.110379],"to":[8.577285,18.952171,6.3960934],"rotation":{"angle":-45.0,"axis":"x","origin":[7.4487133,17.637886,6.7389503]},"faces":{"east":{"uv":[9.875,2.1875,10.0,2.28125],"rotation":0,"texture":"#0","tintindex":0},"south":{"uv":[8.5625,9.9375,8.65625,10.03125],"rotation":0,"texture":"#0","tintindex":0},"north":{"uv":[8.46875,9.9375,8.5625,10.03125],"rotation":0,"texture":"#0","tintindex":0},"west":{"uv":[2.28125,9.875,2.40625,9.96875],"rotation":0,"texture":"#0","tintindex":0},"up":{"uv":[8.8125,6.90625,8.71875,6.78125],"rotation":0,"texture":"#0","tintindex":0},"down":{"uv":[9.96875,2.875,9.875,3.0],"rotation":0,"texture":"#0","tintindex":0}}},{"from":[6.9344273,16.380743,1.8246646],"to":[8.534428,17.980743,4.567522],"rotation":{"angle":-22.5,"axis":"x","origin":[7.4487133,17.637886,6.7389503]},"faces":{"east":{"uv":[9.8125,3.65625,9.96875,3.75],"rotation":0,"texture":"#0","tintindex":0},"south":{"uv":[9.5,9.9375,9.59375,10.03125],"rotation":0,"texture":"#0","tintindex":0},"north":{"uv":[8.65625,9.9375,8.75,10.03125],"rotation":0,"texture":"#0","tintindex":0},"west":{"uv":[9.8125,4.1875,9.96875,4.28125],"rotation":0,"texture":"#0","tintindex":0},"up":{"uv":[8.46875,9.96875,8.375,9.8125],"rotation":0,"texture":"#0","tintindex":0},"down":{"uv":[9.90625,9.78125,9.8125,9.9375],"rotation":0,"texture":"#0","tintindex":0}}},{"from":[6.9401417,14.665462,0.10357475],"to":[8.528713,16.254034,2.8350039],"rotation":{"angle":0.0,"axis":"y","origin":[7.4487133,15.859748,3.640718]},"faces":{"east":{"uv":[9.8125,6.15625,9.96875,6.25],"rotation":0,"texture":"#0","tintindex":0},"south":{"uv":[9.6875,9.9375,9.78125,10.03125],"rotation":0,"texture":"#0","tintindex":0},"north":{"uv":[9.59375,9.9375,9.6875,10.03125],"rotation":0,"texture":"#0","tintindex":0},"west":{"uv":[9.8125,8.34375,9.96875,8.4375],"rotation":0,"texture":"#0","tintindex":0},"up":{"uv":[0.09375,10.0,0.0,9.84375],"rotation":0,"texture":"#0","tintindex":0},"down":{"uv":[0.59375,9.84375,0.5,10.0],"rotation":0,"texture":"#0","tintindex":0}}},{"from":[7.048713,14.831176,-1.730711],"to":[8.305856,16.08832,0.6692896],"rotation":{"angle":0.0,"axis":"y","origin":[7.4487133,15.859748,3.640718]},"faces":{"east":{"uv":[9.3125,3.75,9.4375,3.8125],"rotation":0,"texture":"#0","tintindex":0},"south":{"uv":[6.0625,9.15625,6.125,9.21875],"rotation":0,"texture":"#0","tintindex":0},"north":{"uv":[7.28125,9.0625,7.34375,9.125],"rotation":0,"texture":"#0","tintindex":0},"west":{"uv":[9.625,1.9375,9.75,2.0],"rotation":0,"texture":"#0","tintindex":0},"up":{"uv":[6.65625,7.125,6.59375,7.0],"rotation":0,"texture":"#0","tintindex":0},"down":{"uv":[2.3125,7.125,2.25,7.25],"rotation":0,"texture":"#0","tintindex":0}}},{"from":[7.2201414,15.0026045,-3.2735682],"to":[8.134427,15.916891,-1.7878542],"rotation":{"angle":0.0,"axis":"y","origin":[7.4487133,15.859748,3.640718]},"faces":{"east":{"uv":[9.625,4.84375,9.71875,4.90625],"rotation":0,"texture":"#0","tintindex":0},"south":{"uv":[9.5,7.59375,9.5625,7.65625],"rotation":0,"texture":"#0","tintindex":0},"north":{"uv":[9.21875,8.125,9.28125,8.1875],"rotation":0,"texture":"#0","tintindex":0},"west":{"uv":[9.65625,0.375,9.75,0.4375],"rotation":0,"texture":"#0",