{"elements":[{"from":[6.7959,6.671313,6.489195],"to":[9.653043,9.528456,9.346337],"rotation":{"angle":0.0,"axis":"y","origin":[0.82457304,11.525345,14.34144]},"faces":{"east":{"uv":[5.0,9.28125,5.15625,9.4375],"rotation":0,"texture":"#0","tintindex":0},"south":{"uv":[5.15625,9.28125,5.3125,9.4375],"rotation":0,"texture":"#0","tintindex":0},"north":{"uv":[4.84375,9.28125,5.0,9.4375],"rotation":0,"texture":"#0","tintindex":0},"west":{"uv":[5.3125,9.28125,5.46875,9.4375],"rotation":0,"texture":"#0","tintindex":0},"up":{"uv":[5.625,9.4375,5.46875,9.28125],"rotation":0,"texture":"#0","tintindex":0},"down":{"uv":[5.78125,9.28125,5.625,9.4375],"rotation":0,"texture":"#0","tintindex":0}}},{"from":[6.9101853,9.071313,7.2891946],"to":[9.538757,11.699884,9.917767],"rotation":{"angle":22.5,"axis":"x","origin":[8.224471,10.61417,7.917766]},"faces":{"east":{"uv":[6.21875,9.28125,6.375,9.4375],"rotation":0,"texture":"#0","tintindex":0},"south":{"uv":[7.21875,9.28125,7.375,9.4375],"rotation":0,"texture":"#0","tintindex":0},"north":{"uv":[6.0625,9.28125,6.21875,9.4375],"rotation":0,"texture":"#0","tintindex":0},"west":{"uv":[9.28125,8.125,9.4375,8.28125],"rotation":0,"texture":"#0","tintindex":0},"up":{"uv":[9.4375,8.4375,9.28125,8.28125],"rotation":0,"texture":"#0","tintindex":0},"down":{"uv":[9.21875,9.28125,9.0625,9.4375],"rotation":0,"texture":"#0","tintindex":0}}},{"from":[7.081614,11.357027,7.174909],"to":[9.367329,13.642742,9.460624],"rotation":{"angle":45.0,"axis":"x","origin":[8.224471,10.61417,7.917766]},"faces":{"east":{"uv":[0.4375,9.3125,0.59375,9.46875],"rotation":0,"texture":"#0","tintindex":0},"south":{"uv":[3.09375,9.3125,3.25,9.46875],"rotation":0,"texture":"#0","tintindex":0},"north":{"uv":[9.21875,9.28125,9.375,9.4375],"rotation":0,"texture":"#0","tintindex":0},"west":{"uv":[3.25,9.3125,3.40625,9.46875],"rotation":0,"texture":"#0","tintindex":0},"up":{"uv":[3.5625,9.46875,3.40625,9.3125],"rotation":0,"texture":"#0","tintindex":0},"down":{"uv":[9.46875,3.4375,9.3125,3.59375],"rotation":0,"texture":"#0","tintindex":0}}},{"from":[7.0244713,11.642742,9.289195],"to":[9.310185,14.499885,11.003481],"rotation":{"angle":0.0,"axis":"y","origin":[8.453043,10.61417,7.917766]},"faces":{"east":{"uv":[0.59375,9.84375,0.6875,10.0],"rotation":0,"texture":"#0","tintindex":0},"south":{"uv":[6.34375,9.46875,6.46875,9.625],"rotation":0,"texture":"#0","tintindex":0},"north":{"uv":[4.03125,9.46875,4.15625,9.625],"rotation":0,"texture":"#0","tintindex":0},"west":{"uv":[9.84375,0.625,9.9375,0.78125],"rotation":0,"texture":"#0","tintindex":0},"up":{"uv":[3.1875,9.96875,3.0625,9.875],"rotation":0,"texture":"#0","tintindex":0},"down":{"uv":[3.3125,9.875,3.1875,9.96875],"rotation":0,"texture":"#0","tintindex":0}}},{"from":[7.081614,13.528456,9.632051],"to":[9.253043,16.271313,11.232052],"rotation":{"angle":-22.5,"axis":"x","origin":[8.453043,13.071314,10.1463375]},"faces":{"east":{"uv":[0.6875,9.84375,0.78125,10.0],"rotation":0,"texture":"#0","tintindex":0},"south":{"uv":[9.46875,8.65625,9.59375,8.8125],"rotation":0,"texture":"#0","tintindex":0},"north":{"uv":[7.3125,9.46875,7.4375,9.625],"rotation":0,"texture":"#0","tintindex":0},"west":{"uv":[0.78125,9.84375,0.875,10.0],"rotation":0,"texture":"#0","tintindex":0},"up":{"uv":[10.0,3.34375,9.875,3.25],"rotation":0,"texture":"#0","tintindex":0},"down":{"uv":[3.4375,9.875,3.3125,9.96875],"rotation":0,"texture":"#0","tintindex":0}}},{"from":[7.2530427,15.384317,9.310539],"to":[9.1959,17.898603,10.681968],"rotation":{"angle":-45.0,"axis":"x","origin":[8.453043,14.870031,9.710539]},"faces":{"east":{"uv":[9.84375,0.96875,9.9375,1.125],"rotation":0,"texture":"#0","tintindex":0},"south":{"uv":[9.5,7.28125,9.625,7.4375],"rotation":0,"texture":"#0","tintindex":0},"north":{"uv":[3.59375,9.5,3.71875,9.65625],"rotation":0,"texture":"#0","tintindex":0},"west":{"uv":[1.46875,9.84375,1.5625,10.0],"rotation":0,"texture":"#0","tintindex":0},"up":{"uv":[3.5625,9.96875,3.4375,9.875],"rotation":0,"texture":"#0","tintindex":0},"down":{"uv":[3.8125,9.875,3.6875,9.96875],"rotation":0,"texture":"#0","tintindex":0}}},{"from":[7.3101854,16.373573,5.8369956],"to":[9.138757,17.630716,8.236996],"rotation":{"angle":0.0,"axis":"y","origin":[8.510185,16.487858,7.4941387]},"faces":{"east":{"uv":[9.8125,9.34375,9.96875,9.4375],"rotation":0,"texture":"#0","tintindex":0},"south":{"uv":[3.8125,9.875,3.9375,9.96875],"rotation":0,"texture":"#0","tintindex":0},"north":{"uv":[9.875,3.75,10.0,3.84375],"rotation":0,"texture":"#0","tintindex":0},"west":{"uv":[9.84375,1.125,10.0,1.21875],"rotation":0,"texture":"#0","tintindex":0},"up":{"uv":[9.625,7.59375,9.5,7.4375],"rotation":0,"texture":"#0","tintindex":0},"down":{"uv":[7.75,9.5,7.625,9.65625],"rotation":0,"texture":"#0","tintindex":0}}},{"from":[7.381614,16.487858,4.4084244],"to":[9.0959,18.202145,6.6941385],"rotation":{"angle":-45.0,"axis":"x","origin":[8.510185,16.88786,7.036996]},"faces":{"east":{"uv":[3.9375,9.875,4.0625,9.96875],"rotation":0,"texture":"#0","tintindex":0},"south":{"uv":[9.96875,0.0,10.0625,0.09375],"rotation":0,"texture":"#0","tintindex":0},"north":{"uv":[9.78125,9.9375,9.875,10.03125],"rotation":0,"texture":"#0","tintindex":0},"west":{"uv":[9.875,4.0625,10.0,4.15625],"rotation":0,"texture":"#0","tintindex":0},"up":{"uv":[4.28125,10.0,4.1875,9.875],"rotation":0,"texture":"#0","tintindex":0},"down":{"uv":[9.96875,4.28125,9.875,4.40625],"rotation":0,"texture":"#0","tintindex":0}}},{"from":[7.4244714,15.630716,2.1227098],"to":[9.024471,17.230717,4.865567],"rotation":{"angle":-22.5,"axis":"x","origin":[8.510185,16.88786,7.036996]},"faces":{"east":{"uv":[9.84375,1.59375,10.0,1.6875],"rotation":0,"texture":"#0","tintindex":0},"south":{"uv":[9.96875,0.09375,10.0625,0.1875],"rotation":0,"texture":"#0","tintindex":0},"north":{"uv":[0.09375,9.96875,0.1875,10.0625],"rotation":0,"texture":"#0","tintindex":0},"west":{"uv":[9.84375,2.0,10.0,2.09375],"rotation":0,"texture":"#0","tintindex":0},"up":{"uv":[1.65625,10.0,1.5625,9.84375],"rotation":0,"texture":"#0","tintindex":0},"down":{"uv":[9.9375,2.53125,9.84375,2.6875],"rotation":0,"texture":"#0","tintindex":0}}},{"from":[7.4301853,13.915434,0.4016204],"to":[9.018757,15.504006,3.1330495],"rotation":{"angle":0.0,"axis":"y","origin":[8.510185,15.10972,3.9387631]},"faces":{"east":{"uv":[9.84375,2.09375,10.0,2.1875],"rotation":0,"texture":"#0","tintindex":0},"south":{"uv":[1.0625,9.96875,1.15625,10.0625],"rotation":0,"texture":"#0","tintindex":0},"north":{"uv":[0.96875,9.96875,1.0625,10.0625],"rotation":0,"texture":"#0","tintindex":0},"west":{"uv":[9.84375,2.6875,10.0,2.78125],"rotation":0,"texture":"#0","tintindex":0},"up":{"uv":[9.9375,3.53125,9.84375,3.375],"rotation":0,"texture":"#0","tintindex":0},"down":{"uv":[9.9375,3.90625,9.84375,4.0625],"rotation":0,"texture":"#0","tintindex":0}}},{"from":[7.653043,14.081148,-1.4326658],"to":[8.910186,15.338292,0.96733475],"rotation":{"angle":0.0,"axis":"y","origin":[8.510185,15.10972,3.9387631]},"faces":{"east":{"uv":[9.875,6.5,10.0,6.5625],"rotation":0,"texture":"#0","tintindex":0},"south":{"uv":[6.15625,9.5625,6.21875,9.625],"rotation":0,"texture":"#0","tintindex":0},"north":{"uv":[5.59375,9.5625,5.65625,9.625],"rotation":0,"texture":"#0","tintindex":0},"west":{"uv":[9.875,9.28125,10.0,9.34375],"rotation":0,"texture":"#0","tintindex":0},"up":{"uv":[7.3125,0.46875,7.25,0.34375],"rotation":0,"texture":"#0","tintindex":0},"down":{"uv":[7.375,1.21875,7.3125,1.34375],"rotation":0,"texture":"#0","tintindex":0}}},{"from":[7.8244715,14.252577,-2.975522],"to":[8.738757,15.166863,-1.489809],"rotation":{"angle":0.0,"axis":"y","origin":[8.510185,15.10972,3.9387631]},"faces":{"east":{"uv":[9.6875,9.46875,9.78125,9.53125],"rotation":0,"texture":"#0","tintindex":0},"south":{"uv":[7.125,9.5625,7.1875,9.625],"rotation":0,"texture":"#0","tintindex":0},"north":{"uv":[9.5625,6.3125,9.625,6.375],"rotation":0,"texture":"#0","tintindex":0},"west":{"uv":[9.75,0.625,9.84375,0.6875],"rotation":0,"texture":"#0","tintindex":0},