{"elements":[{"from":[8.617994,6.9382796,6.9988823],"to":[11.360852,9.681137,9.74174],"rotation":{"angle":0.0,"axis":"y","origin":[2.4180965,11.906597,14.965414]},"faces":{"east":{"uv":[5.46875,9.6875,5.59375,9.8125],"rotation":0,"texture":"#0","tintindex":0},"south":{"uv":[6.0,9.6875,6.125,9.8125],"rotation":0,"texture":"#0","tintindex":0},"north":{"uv":[9.6875,4.1875,9.8125,4.3125],"rotation":0,"texture":"#0","tintindex":0},"west":{"uv":[9.6875,6.15625,9.8125,6.28125],"rotation":0,"texture":"#0","tintindex":0},"up":{"uv":[6.71875,9.8125,6.59375,9.6875],"rotation":0,"texture":"#0","tintindex":0},"down":{"uv":[6.84375,9.6875,6.71875,9.8125],"rotation":0,"texture":"#0","tintindex":0}}},{"from":[8.960852,3.412272,11.489002],"to":[11.017995,5.812272,13.889002],"rotation":{"angle":22.5,"axis":"x","origin":[6.446668,16.735168,24.479702]},"faces":{"east":{"uv":[6.96875,9.6875,7.09375,9.8125],"rotation":0,"texture":"#0","tintindex":0},"south":{"uv":[9.6875,7.5,9.8125,7.625],"rotation":0,"texture":"#0","tintindex":0},"north":{"uv":[6.84375,9.6875,6.96875,9.8125],"rotation":0,"texture":"#0","tintindex":0},"west":{"uv":[9.6875,7.625,9.8125,7.75],"rotation":0,"texture":"#0","tintindex":0},"up":{"uv":[7.8125,9.8125,7.6875,9.6875],"rotation":0,"texture":"#0","tintindex":0},"down":{"uv":[9.8125,7.75,9.6875,7.875],"rotation":0,"texture":"#0","tintindex":0}}},{"from":[9.303709,1.8026538,16.972956],"to":[10.903709,3.4026542,18.572956],"rotation":{"angle":45.0,"axis":"x","origin":[6.446668,16.735168,24.479702]},"faces":{"east":{"uv":[4.71875,9.9375,4.8125,10.03125],"rotation":0,"texture":"#0","tintindex":0},"south":{"uv":[4.8125,9.9375,4.90625,10.03125],"rotation":0,"texture":"#0","tintindex":0},"north":{"uv":[4.625,9.9375,4.71875,10.03125],"rotation":0,"texture":"#0","tintindex":0},"west":{"uv":[4.90625,9.9375,5.0,10.03125],"rotation":0,"texture":"#0","tintindex":0},"up":{"uv":[7.375,10.03125,7.28125,9.9375],"rotation":0,"texture":"#0","tintindex":0},"down":{"uv":[7.46875,9.9375,7.375,10.03125],"rotation":0,"texture":"#0","tintindex":0}}},{"from":[9.53228,11.509708,9.627454],"to":[10.6751375,13.7954235,10.770311],"rotation":{"angle":0.0,"axis":"y","origin":[6.446668,16.735168,24.479702]},"faces":{"east":{"uv":[6.53125,9.8125,6.625,9.96875],"rotation":0,"texture":"#0","tintindex":0},"south":{"uv":[6.625,9.8125,6.71875,9.96875],"rotation":0,"texture":"#0","tintindex":0},"north":{"uv":[5.96875,9.8125,6.0625,9.96875],"rotation":0,"texture":"#0","tintindex":0},"west":{"uv":[6.71875,9.8125,6.8125,9.96875],"rotation":0,"texture":"#0","tintindex":0},"up":{"uv":[7.5625,10.03125,7.46875,9.9375],"rotation":0,"texture":"#0","tintindex":0},"down":{"uv":[7.65625,9.9375,7.5625,10.03125],"rotation":0,"texture":"#0","tintindex":0}}},{"from":[9.760852,19.856152,8.2755575],"to":[10.446567,21.684723,8.961272],"rotation":{"angle":-22.5,"axis":"x","origin":[6.560954,21.078026,26.308271]},"faces":{"east":{"uv":[6.90625,9.8125,7.0,9.96875],"rotation":0,"texture":"#0","tintindex":0},"south":{"uv":[7.0,9.8125,7.09375,9.96875],"rotation":0,"texture":"#0","tintindex":0},"north":{"uv":[6.8125,9.8125,6.90625,9.96875],"rotation":0,"texture":"#0","tintindex":0},"west":{"uv":[9.8125,7.5,9.90625,7.65625],"rotation":0,"texture":"#0","tintindex":0},"up":{"uv":[8.21875,10.03125,8.125,9.9375],"rotation":0,"texture":"#0","tintindex":0},"down":{"uv":[10.03125,8.4375,9.9375,8.53125],"rotation":0,"texture":"#0","tintindex":0}}}],"textures":{"0":"modelengine:entity/nocsy_dragon_saddled_version"},"display":{"head":{"translation":[0.0,-6.4,0.0],"scale":[4.0,4.0,4.0]}}}