{"elements":[{"from":[4.6391478,6.9382796,6.9988823],"to":[7.382005,9.681137,9.74174],"rotation":{"angle":0.0,"axis":"y","origin":[13.581903,11.906597,14.965414]},"faces":{"east":{"uv":[0.25,9.6875,0.375,9.8125],"rotation":0,"texture":"#0","tintindex":0},"south":{"uv":[9.6875,0.875,9.8125,1.0],"rotation":0,"texture":"#0","tintindex":0},"north":{"uv":[0.125,9.6875,0.25,9.8125],"rotation":0,"texture":"#0","tintindex":0},"west":{"uv":[1.40625,9.6875,1.53125,9.8125],"rotation":0,"texture":"#0","tintindex":0},"up":{"uv":[9.8125,1.625,9.6875,1.5],"rotation":0,"texture":"#0","tintindex":0},"down":{"uv":[2.59375,9.6875,2.46875,9.8125],"rotation":0,"texture":"#0","tintindex":0}}},{"from":[4.982005,3.412272,11.489002],"to":[7.0391483,5.812272,13.889002],"rotation":{"angle":22.5,"axis":"x","origin":[9.553331,16.735168,24.479702]},"faces":{"east":{"uv":[2.71875,9.6875,2.84375,9.8125],"rotation":0,"texture":"#0","tintindex":0},"south":{"uv":[2.84375,9.6875,2.96875,9.8125],"rotation":0,"texture":"#0","tintindex":0},"north":{"uv":[2.59375,9.6875,2.71875,9.8125],"rotation":0,"texture":"#0","tintindex":0},"west":{"uv":[9.6875,3.0,9.8125,3.125],"rotation":0,"texture":"#0","tintindex":0},"up":{"uv":[9.8125,3.25,9.6875,3.125],"rotation":0,"texture":"#0","tintindex":0},"down":{"uv":[9.8125,3.65625,9.6875,3.78125],"rotation":0,"texture":"#0","tintindex":0}}},{"from":[5.096291,1.8026538,16.972956],"to":[6.696291,3.4026542,18.572956],"rotation":{"angle":45.0,"axis":"x","origin":[9.553331,16.735168,24.479702]},"faces":{"east":{"uv":[9.9375,2.375,10.03125,2.46875],"rotation":0,"texture":"#0","tintindex":0},"south":{"uv":[9.9375,2.46875,10.03125,2.5625],"rotation":0,"texture":"#0","tintindex":0},"north":{"uv":[9.9375,0.96875,10.03125,1.0625],"rotation":0,"texture":"#0","tintindex":0},"west":{"uv":[9.9375,2.5625,10.03125,2.65625],"rotation":0,"texture":"#0","tintindex":0},"up":{"uv":[3.0625,10.03125,2.96875,9.9375],"rotation":0,"texture":"#0","tintindex":0},"down":{"uv":[10.03125,3.34375,9.9375,3.4375],"rotation":0,"texture":"#0","tintindex":0}}},{"from":[5.3248625,11.509708,9.627454],"to":[6.4677196,13.7954235,10.770311],"rotation":{"angle":0.0,"axis":"y","origin":[9.553331,16.735168,24.479702]},"faces":{"east":{"uv":[2.5,9.8125,2.59375,9.96875],"rotation":0,"texture":"#0","tintindex":0},"south":{"uv":[2.59375,9.8125,2.6875,9.96875],"rotation":0,"texture":"#0","tintindex":0},"north":{"uv":[2.40625,9.8125,2.5,9.96875],"rotation":0,"texture":"#0","tintindex":0},"west":{"uv":[2.6875,9.8125,2.78125,9.96875],"rotation":0,"texture":"#0","tintindex":0},"up":{"uv":[10.03125,3.53125,9.9375,3.4375],"rotation":0,"texture":"#0","tintindex":0},"down":{"uv":[3.65625,9.9375,3.5625,10.03125],"rotation":0,"texture":"#0","tintindex":0}}},{"from":[5.5534334,19.856152,8.2755575],"to":[6.239148,21.684723,8.961272],"rotation":{"angle":-22.5,"axis":"x","origin":[9.439046,21.078026,26.308271]},"faces":{"east":{"uv":[2.875,9.8125,2.96875,9.96875],"rotation":0,"texture":"#0","tintindex":0},"south":{"uv":[9.8125,3.0,9.90625,3.15625],"rotation":0,"texture":"#0","tintindex":0},"north":{"uv":[2.78125,9.8125,2.875,9.96875],"rotation":0,"texture":"#0","tintindex":0},"west":{"uv":[5.46875,9.8125,5.5625,9.96875],"rotation":0,"texture":"#0","tintindex":0},"up":{"uv":[10.03125,4.0,9.9375,3.90625],"rotation":0,"texture":"#0","tintindex":0},"down":{"uv":[4.15625,9.9375,4.0625,10.03125],"rotation":0,"texture":"#0","tintindex":0}}}],"textures":{"0":"modelengine:entity/nocsy_dragon_saddled_version"},"display":{"head":{"translation":[0.0,-6.4,0.0],"scale":[4.0,4.0,4.0]}}}