{"elements":[{"from":[7.0371456,7.40759,-6.8571453],"to":[9.32286,23.407589,-4.57143],"rotation":{"angle":0.0,"axis":"y","origin":[8.784984,-11.393469,7.651819]},"faces":{"east":{"uv":[5.125,7.84375,5.25,8.71875],"rotation":0,"texture":"#0","tintindex":0},"south":{"uv":[5.25,7.84375,5.375,8.71875],"rotation":0,"texture":"#0","tintindex":0},"north":{"uv":[5.0,7.84375,5.125,8.71875],"rotation":0,"texture":"#0","tintindex":0},"west":{"uv":[5.625,7.84375,5.75,8.71875],"rotation":0,"texture":"#0","tintindex":0},"up":{"uv":[9.75,3.40625,9.625,3.28125],"rotation":0,"texture":"#0","tintindex":0},"down":{"uv":[3.46875,9.625,3.34375,9.75],"rotation":0,"texture":"#0","tintindex":0}}},{"from":[8.294289,-0.59241104,-6.8571453],"to":[8.294289,24.550447,32.0],"rotation":{"angle":0.0,"axis":"y","origin":[8.784984,-11.393469,7.651819]},"faces":{"east":{"uv":[4.0,2.75,6.125,4.125],"rotation":0,"texture":"#0","tintindex":0},"south":{"uv":[0.0,0.0,0.0,1.375],"rotation":0,"texture":"#0","tintindex":0},"north":{"uv":[0.0,0.0,0.0,1.375],"rotation":0,"texture":"#0","tintindex":0},"west":{"uv":[4.0,4.125,6.125,5.5],"rotation":0,"texture":"#0","tintindex":0},"up":{"uv":[0.0,2.125,0.0,0.0],"rotation":0,"texture":"#0","tintindex":0},"down":{"uv":[0.0,0.0,0.0,2.125],"rotation":0,"texture":"#0","tintindex":0}}}],"textures":{"0":"modelengine:entity/nocsy_dragon_saddled_version"},"display":{"head":{"translation":[0.0,-6.4,55.991013],"scale":[4.0,4.0,4.0]}}}