{"elements":[{"from":[5.5682535,9.635253,10.999653],"to":[10.139683,14.206682,14.428225],"rotation":{"angle":-22.5,"axis":"x","origin":[7.853968,-6.239994,19.422813]},"faces":{"east":{"uv":[4.28125,8.96875,4.46875,9.21875],"rotation":0,"texture":"#0","tintindex":0},"south":{"uv":[1.375,8.6875,1.625,8.9375],"rotation":0,"texture":"#0","tintindex":0},"north":{"uv":[1.125,8.6875,1.375,8.9375],"rotation":0,"texture":"#0","tintindex":0},"west":{"uv":[8.96875,6.0,9.15625,6.25],"rotation":0,"texture":"#0","tintindex":0},"up":{"uv":[9.21875,7.84375,8.96875,7.65625],"rotation":0,"texture":"#0","tintindex":0},"down":{"uv":[9.21875,7.84375,8.96875,8.03125],"rotation":0,"texture":"#0","tintindex":0}}},{"from":[8.539682,13.063826,9.856795],"to":[10.8253975,15.349539,13.285367],"rotation":{"angle":-22.5,"axis":"x","origin":[7.853968,-6.239994,19.422813]},"faces":{"east":{"uv":[9.40625,5.78125,9.59375,5.90625],"rotation":0,"texture":"#0","tintindex":0},"south":{"uv":[5.59375,9.75,5.71875,9.875],"rotation":0,"texture":"#0","tintindex":0},"north":{"uv":[9.75,5.46875,9.875,5.59375],"rotation":0,"texture":"#0","tintindex":0},"west":{"uv":[9.4375,3.28125,9.625,3.40625],"rotation":0,"texture":"#0","tintindex":0},"up":{"uv":[5.09375,9.625,4.96875,9.4375],"rotation":0,"texture":"#0","tintindex":0},"down":{"uv":[5.21875,9.4375,5.09375,9.625],"rotation":0,"texture":"#0","tintindex":0}}},{"from":[4.996825,13.063826,9.856795],"to":[7.28254,15.349539,13.285367],"rotation":{"angle":-22.5,"axis":"x","origin":[7.853968,-6.239994,19.422813]},"faces":{"east":{"uv":[9.4375,3.9375,9.625,4.0625],"rotation":0,"texture":"#0","tintindex":0},"south":{"uv":[9.75,5.9375,9.875,6.0625],"rotation":0,"texture":"#0","tintindex":0},"north":{"uv":[9.75,5.8125,9.875,5.9375],"rotation":0,"texture":"#0","tintindex":0},"west":{"uv":[9.4375,4.71875,9.625,4.84375],"rotation":0,"texture":"#0","tintindex":0},"up":{"uv":[5.34375,9.625,5.21875,9.4375],"rotation":0,"texture":"#0","tintindex":0},"down":{"uv":[5.46875,9.4375,5.34375,9.625],"rotation":0,"texture":"#0","tintindex":0}}},{"from":[5.3396826,10.313559,14.518178],"to":[6.9396825,11.913558,17.261036],"rotation":{"angle":-45.0,"axis":"x","origin":[6.1396823,-5.820224,12.074225]},"faces":{"east":{"uv":[9.84375,4.84375,10.0,4.9375],"rotation":0,"texture":"#0","tintindex":0},"south":{"uv":[6.21875,9.96875,6.3125,10.0625],"rotation":0,"texture":"#0","tintindex":0},"north":{"uv":[9.96875,6.125,10.0625,6.21875],"rotation":0,"texture":"#0","tintindex":0},"west":{"uv":[9.84375,5.6875,10.0,5.78125],"rotation":0,"texture":"#0","tintindex":0},"up":{"uv":[5.90625,10.0,5.8125,9.84375],"rotation":0,"texture":"#0","tintindex":0},"down":{"uv":[6.46875,9.84375,6.375,10.0],"rotation":0,"texture":"#0","tintindex":0}}},{"from":[6.2539682,8.199272,10.232464],"to":[6.2539682,12.770701,14.803892],"rotation":{"angle":-45.0,"axis":"x","origin":[6.1396823,-5.820224,12.074225]},"faces":{"east":{"uv":[1.625,8.6875,1.875,8.9375],"rotation":0,"texture":"#0","tintindex":0},"south":{"uv":[0.0,0.0,0.0,0.25],"rotation":0,"texture":"#0","tintindex":0},"north":{"uv":[0.0,0.0,0.0,0.25],"rotation":0,"texture":"#0","tintindex":0},"west":{"uv":[2.21875,8.6875,2.46875,8.9375],"rotation":0,"texture":"#0","tintindex":0},"up":{"uv":[0.0,0.25,0.0,0.0],"rotation":0,"texture":"#0","tintindex":0},"down":{"uv":[0.0,0.0,0.0,0.25],"rotation":0,"texture":"#0","tintindex":0}}},{"from":[9.853969,8.199272,10.232464],"to":[9.853969,12.770701,14.803892],"rotation":{"angle":-45.0,"axis":"x","origin":[6.1396823,-5.820224,12.074225]},"faces":{"east":{"uv":[2.46875,8.6875,2.71875,8.9375],"rotation":0,"texture":"#0","tintindex":0},"south":{"uv":[0.0,0.0,0.0,0.25],"rotation":0,"texture":"#0","tintindex":0},"north":{"uv":[0.0,0.0,0.0,0.25],"rotation":0,"texture":"#0","tintindex":0},"west":{"uv":[2.71875,8.6875,2.96875,8.9375],"rotation":0,"texture":"#0","tintindex":0},"up":{"uv":[0.0,0.25,0.0,0.0],"rotation":0,"texture":"#0","tintindex":0},"down":{"uv":[0.0,0.0,0.0,0.25],"rotation":0,"texture":"#0","tintindex":0}}},{"from":[8.311111,4.9121656,4.8510637],"to":[8.311111,9.483595,9.422492],"rotation":{"angle":-22.5,"axis":"x","origin":[6.1396823,-5.820224,12.074225]},"faces":{"east":{"uv":[2.96875,8.6875,3.21875,8.9375],"rotation":0,"texture":"#0","tintindex":0},"south":{"uv":[0.0,0.0,0.0,0.25],"rotation":0,"texture":"#0","tintindex":0},"north":{"uv":[0.0,0.0,0.0,0.25],"rotation":0,"texture":"#0","tintindex":0},"west":{"uv":[8.6875,4.28125,8.9375,4.53125],"rotation":0,"texture":"#0","tintindex":0},"up":{"uv":[0.0,0.25,0.0,0.0],"rotation":0,"texture":"#0","tintindex":0},"down":{"uv":[0.0,0.0,0.0,0.25],"rotation":0,"texture":"#0","tintindex":0}}},{"from":[8.996825,10.313559,14.518178],"to":[10.596826,11.913558,17.261036],"rotation":{"angle":-45.0,"axis":"x","origin":[6.1396823,-5.820224,12.074225]},"faces":{"east":{"uv":[9.84375,6.5625,10.0,6.65625],"rotation":0,"texture":"#0","tintindex":0},"south":{"uv":[9.96875,6.3125,10.0625,6.40625],"rotation":0,"texture":"#0","tintindex":0},"north":{"uv":[9.96875,6.21875,10.0625,6.3125],"rotation":0,"texture":"#0","tintindex":0},"west":{"uv":[7.34375,9.84375,7.5,9.9375],"rotation":0,"texture":"#0","tintindex":0},"up":{"uv":[9.9375,8.59375,9.84375,8.4375],"rotation":0,"texture":"#0","tintindex":0},"down":{"uv":[9.21875,9.84375,9.125,10.0],"rotation":0,"texture":"#0","tintindex":0}}},{"from":[6.8253965,8.606682,9.856795],"to":[9.111111,10.892396,13.285367],"rotation":{"angle":-22.5,"axis":"x","origin":[7.853968,-6.239994,19.422813]},"faces":{"east":{"uv":[5.46875,9.4375,5.65625,9.5625],"rotation":0,"texture":"#0","tintindex":0},"south":{"uv":[6.25,9.75,6.375,9.875],"rotation":0,"texture":"#0","tintindex":0},"north":{"uv":[6.125,9.75,6.25,9.875],"rotation":0,"texture":"#0","tintindex":0},"west":{"uv":[6.03125,9.4375,6.21875,9.5625],"rotation":0,"texture":"#0","tintindex":0},"up":{"uv":[5.78125,9.625,5.65625,9.4375],"rotation":0,"texture":"#0","tintindex":0},"down":{"uv":[9.5625,6.1875,9.4375,6.375],"rotation":0,"texture":"#0","tintindex":0}}}],"textures":{"0":"modelengine:entity/nocsy_dragon_saddled_version"},"display":{"head":{"translation":[0.0,-6.4,0.0],"scale":[4.0,4.0,4.0]}}}