{"elements":[{"from":[6.6971426,7.676382,5.58614],"to":[9.440001,10.419239,8.328997],"rotation":{"angle":0.0,"axis":"y","origin":[15.639898,15.642914,3.3606796]},"faces":{"east":{"uv":[3.71875,9.625,3.84375,9.75],"rotation":0,"texture":"#0","tintindex":0},"south":{"uv":[3.84375,9.625,3.96875,9.75],"rotation":0,"texture":"#0","tintindex":0},"north":{"uv":[3.46875,9.625,3.59375,9.75],"rotation":0,"texture":"#0","tintindex":0},"west":{"uv":[9.625,3.84375,9.75,3.96875],"rotation":0,"texture":"#0","tintindex":0},"up":{"uv":[4.09375,9.75,3.96875,9.625],"rotation":0,"texture":"#0","tintindex":0},"down":{"uv":[4.375,9.625,4.25,9.75],"rotation":0,"texture":"#0","tintindex":0}}},{"from":[7.04,12.166502,9.455005],"to":[9.097143,14.566502,11.855004],"rotation":{"angle":22.5,"axis":"x","origin":[11.611326,25.1572,-1.4678926]},"faces":{"east":{"uv":[4.71875,9.625,4.84375,9.75],"rotation":0,"texture":"#0","tintindex":0},"south":{"uv":[9.625,4.71875,9.75,4.84375],"rotation":0,"texture":"#0","tintindex":0},"north":{"uv":[9.625,4.375,9.75,4.5],"rotation":0,"texture":"#0","tintindex":0},"west":{"uv":[4.84375,9.625,4.96875,9.75],"rotation":0,"texture":"#0","tintindex":0},"up":{"uv":[5.09375,9.75,4.96875,9.625],"rotation":0,"texture":"#0","tintindex":0},"down":{"uv":[9.75,5.03125,9.625,5.15625],"rotation":0,"texture":"#0","tintindex":0}}},{"from":[7.1542854,17.650455,11.864622],"to":[8.754286,19.250456,13.4646225],"rotation":{"angle":45.0,"axis":"x","origin":[11.611326,25.1572,-1.4678926]},"faces":{"east":{"uv":[9.90625,5.53125,10.0,5.625],"rotation":0,"texture":"#0","tintindex":0},"south":{"uv":[9.90625,6.03125,10.0,6.125],"rotation":0,"texture":"#0","tintindex":0},"north":{"uv":[5.34375,9.90625,5.4375,10.0],"rotation":0,"texture":"#0","tintindex":0},"west":{"uv":[9.90625,7.46875,10.0,7.5625],"rotation":0,"texture":"#0","tintindex":0},"up":{"uv":[10.0,7.65625,9.90625,7.5625],"rotation":0,"texture":"#0","tintindex":0},"down":{"uv":[10.0,7.65625,9.90625,7.75],"rotation":0,"texture":"#0","tintindex":0}}},{"from":[7.3828573,10.304954,1.4718537],"to":[8.525714,11.447811,3.7575684],"rotation":{"angle":0.0,"axis":"y","origin":[11.611326,25.1572,-1.4678926]},"faces":{"east":{"uv":[9.75,8.25,9.90625,8.34375],"rotation":0,"texture":"#0","tintindex":0},"south":{"uv":[9.90625,7.84375,10.0,7.9375],"rotation":0,"texture":"#0","tintindex":0},"north":{"uv":[9.90625,7.75,10.0,7.84375],"rotation":0,"texture":"#0","tintindex":0},"west":{"uv":[9.78125,2.4375,9.9375,2.53125],"rotation":0,"texture":"#0","tintindex":0},"up":{"uv":[8.65625,9.9375,8.5625,9.78125],"rotation":0,"texture":"#0","tintindex":0},"down":{"uv":[8.75,9.78125,8.65625,9.9375],"rotation":0,"texture":"#0","tintindex":0}}},{"from":[7.6114287,8.953057,-6.417445],"to":[8.297143,9.638772,-4.588874],"rotation":{"angle":-22.5,"axis":"x","origin":[11.497041,26.985771,-5.810749]},"faces":{"east":{"uv":[8.75,9.78125,8.90625,9.875],"rotation":0,"texture":"#0","tintindex":0},"south":{"uv":[9.90625,8.03125,10.0,8.125],"rotation":0,"texture":"#0","tintindex":0},"north":{"uv":[9.90625,7.9375,10.0,8.03125],"rotation":0,"texture":"#0","tintindex":0},"west":{"uv":[9.375,9.78125,9.53125,9.875],"rotation":0,"texture":"#0","tintindex":0},"up":{"uv":[9.875,9.625,9.78125,9.46875],"rotation":0,"texture":"#0","tintindex":0},"down":{"uv":[9.625,9.78125,9.53125,9.9375],"rotation":0,"texture":"#0","tintindex":0}}}],"textures":{"0":"modelengine:entity/nocsy_dragon_saddled_version"},"display":{"head":{"translation":[0.0,-6.4,0.0],"scale":[4.0,4.0,4.0]}}}