{"elements":[{"from":[5.137143,6.2492323,7.125508],"to":[10.84,8.523518,11.685508],"rotation":{"angle":0.0,"axis":"y","origin":[7.417143,10.284725,27.298643]},"faces":{"east":{"uv":[8.3125,9.1875,8.5625,9.3125],"rotation":0,"texture":"#0","tintindex":0},"south":{"uv":[9.09375,1.6875,9.40625,1.8125],"rotation":0,"texture":"#0","tintindex":0},"north":{"uv":[9.09375,0.75,9.40625,0.875],"rotation":0,"texture":"#0","tintindex":0},"west":{"uv":[8.5625,9.1875,8.8125,9.3125],"rotation":0,"texture":"#0","tintindex":0},"up":{"uv":[8.71875,2.0625,8.40625,1.8125],"rotation":0,"texture":"#0","tintindex":0},"down":{"uv":[8.71875,2.0625,8.40625,2.3125],"rotation":0,"texture":"#0","tintindex":0}}},{"from":[5.137143,6.2492323,7.125508],"to":[10.84,8.523518,11.685508],"rotation":{"angle":0.0,"axis":"y","origin":[7.417143,10.284725,27.298643]},"faces":{"east":{"uv":[8.8125,9.1875,9.0625,9.3125],"rotation":0,"texture":"#0","tintindex":0},"south":{"uv":[9.09375,1.9375,9.40625,2.0625],"rotation":0,"texture":"#0","tintindex":0},"north":{"uv":[9.09375,1.8125,9.40625,1.9375],"rotation":0,"texture":"#0","tintindex":0},"west":{"uv":[9.21875,0.875,9.46875,1.0],"rotation":0,"texture":"#0","tintindex":0},"up":{"uv":[8.71875,2.5625,8.40625,2.3125],"rotation":0,"texture":"#0","tintindex":0},"down":{"uv":[8.71875,2.5625,8.40625,2.8125],"rotation":0,"texture":"#0","tintindex":0}}},{"from":[9.588572,-8.333103,15.408318],"to":[11.874286,-4.9045315,17.694033],"rotation":{"angle":45.0,"axis":"x","origin":[7.417143,10.284725,27.298643]},"faces":{"east":{"uv":[9.40625,5.3125,9.53125,5.5],"rotation":0,"texture":"#0","tintindex":0},"south":{"uv":[5.90625,9.40625,6.03125,9.59375],"rotation":0,"texture":"#0","tintindex":0},"north":{"uv":[9.40625,5.125,9.53125,5.3125],"rotation":0,"texture":"#0","tintindex":0},"west":{"uv":[9.40625,6.0,9.53125,6.1875],"rotation":0,"texture":"#0","tintindex":0},"up":{"uv":[1.125,9.875,1.0,9.75],"rotation":0,"texture":"#0","tintindex":0},"down":{"uv":[1.25,9.75,1.125,9.875],"rotation":0,"texture":"#0","tintindex":0}}},{"from":[6.96,-8.333103,15.408318],"to":[9.245714,-4.9045315,17.694033],"rotation":{"angle":45.0,"axis":"x","origin":[7.417143,10.284725,27.298643]},"faces":{"east":{"uv":[7.5,9.40625,7.625,9.59375],"rotation":0,"texture":"#0","tintindex":0},"south":{"uv":[9.40625,8.84375,9.53125,9.03125],"rotation":0,"texture":"#0","tintindex":0},"north":{"uv":[6.5,9.40625,6.625,9.59375],"rotation":0,"texture":"#0","tintindex":0},"west":{"uv":[9.4375,0.0,9.5625,0.1875],"rotation":0,"texture":"#0","tintindex":0},"up":{"uv":[1.375,9.875,1.25,9.75],"rotation":0,"texture":"#0","tintindex":0},"down":{"uv":[9.875,1.25,9.75,1.375],"rotation":0,"texture":"#0","tintindex":0}}},{"from":[3.9885712,-8.333103,15.408318],"to":[6.274286,-4.9045315,17.694033],"rotation":{"angle":45.0,"axis":"x","origin":[7.417143,10.284725,27.298643]},"faces":{"east":{"uv":[1.03125,9.4375,1.15625,9.625],"rotation":0,"texture":"#0","tintindex":0},"south":{"uv":[1.15625,9.4375,1.28125,9.625],"rotation":0,"texture":"#0","tintindex":0},"north":{"uv":[0.90625,9.4375,1.03125,9.625],"rotation":0,"texture":"#0","tintindex":0},"west":{"uv":[1.28125,9.4375,1.40625,9.625],"rotation":0,"texture":"#0","tintindex":0},"up":{"uv":[9.875,1.5,9.75,1.375],"rotation":0,"texture":"#0","tintindex":0},"down":{"uv":[1.78125,9.75,1.65625,9.875],"rotation":0,"texture":"#0","tintindex":0}}},{"from":[7.302857,-4.976411,9.514917],"to":[8.902857,-1.6621227,11.114918],"rotation":{"angle":22.5,"axis":"x","origin":[7.417143,10.284725,27.298643]},"faces":{"east":{"uv":[8.25,1.5,8.34375,1.6875],"rotation":0,"texture":"#0","tintindex":0},"south":{"uv":[6.125,8.53125,6.21875,8.71875],"rotation":0,"texture":"#0","tintindex":0},"north":{"uv":[5.5,7.0625,5.59375,7.25],"rotation":0,"texture":"#0","tintindex":0},"west":{"uv":[4.15625,9.46875,4.25,9.65625],"rotation":0,"texture":"#0","tintindex":0},"up":{"uv":[2.375,10.0625,2.28125,9.96875],"rotation":0,"texture":"#0","tintindex":0},"down":{"uv":[2.46875,9.96875,2.375,10.0625],"rotation":0,"texture":"#0","tintindex":0}}},{"from":[9.931429,-4.976411,9.514917],"to":[11.531428,-1.6621227,11.114918],"rotation":{"angle":22.5,"axis":"x","origin":[7.417143,10.284725,27.298643]},"faces":{"east":{"uv":[9.5,9.09375,9.59375,9.28125],"rotation":0,"texture":"#0","tintindex":0},"south":{"uv":[9.53125,0.5,9.625,0.6875],"rotation":0,"texture":"#0","tintindex":0},"north":{"uv":[7.75,9.5,7.84375,9.6875],"rotation":0,"texture":"#0","tintindex":0},"west":{"uv":[0.71875,9.53125,0.8125,9.71875],"rotation":0,"texture":"#0","tintindex":0},"up":{"uv":[2.5625,10.0625,2.46875,9.96875],"rotation":0,"texture":"#0","tintindex":0},"down":{"uv":[2.65625,9.96875,2.5625,10.0625],"rotation":0,"texture":"#0","tintindex":0}}},{"from":[4.3314285,-4.976411,9.514917],"to":[5.9314284,-1.6621227,11.114918],"rotation":{"angle":22.5,"axis":"x","origin":[7.417143,10.284725,27.298643]},"faces":{"east":{"uv":[1.53125,9.53125,1.625,9.71875],"rotation":0,"texture":"#0","tintindex":0},"south":{"uv":[1.625,9.53125,1.71875,9.71875],"rotation":0,"texture":"#0","tintindex":0},"north":{"uv":[0.8125,9.53125,0.90625,9.71875],"rotation":0,"texture":"#0","tintindex":0},"west":{"uv":[9.53125,1.8125,9.625,2.0],"rotation":0,"texture":"#0","tintindex":0},"up":{"uv":[2.75,10.0625,2.65625,9.96875],"rotation":0,"texture":"#0","tintindex":0},"down":{"uv":[2.84375,9.96875,2.75,10.0625],"rotation":0,"texture":"#0","tintindex":0}}},{"from":[5.245714,-8.862125,9.17206],"to":[5.245714,-4.8621244,12.600632],"rotation":{"angle":22.5,"axis":"x","origin":[7.417143,10.284725,27.298643]},"faces":{"east":{"uv":[9.0,6.25,9.1875,6.46875],"rotation":0,"texture":"#0","tintindex":0},"south":{"uv":[0.0,0.0,0.0,0.21875],"rotation":0,"texture":"#0","tintindex":0},"north":{"uv":[0.0,0.0,0.0,0.21875],"rotation":0,"texture":"#0","tintindex":0},"west":{"uv":[0.6875,9.03125,0.875,9.25],"rotation":0,"texture":"#0","tintindex":0},"up":{"uv":[0.0,0.1875,0.0,0.0],"rotation":0,"texture":"#0","tintindex":0},"down":{"uv":[0.0,0.0,0.0,0.1875],"rotation":0,"texture":"#0","tintindex":0}}},{"from":[8.102858,-8.862125,9.17206],"to":[8.102858,-4.8621244,12.600632],"rotation":{"angle":22.5,"axis":"x","origin":[7.417143,10.284725,27.298643]},"faces":{"east":{"uv":[0.875,9.03125,1.0625,9.25],"rotation":0,"texture":"#0","tintindex":0},"south":{"uv":[0.0,0.0,0.0,0.21875],"rotation":0,"texture":"#0","tintindex":0},"north":{"uv":[0.0,0.0,0.0,0.21875],"rotation":0,"texture":"#0","tintindex":0},"west":{"uv":[9.03125,2.9375,9.21875,3.15625],"rotation":0,"texture":"#0","tintindex":0},"up":{"uv":[0.0,0.1875,0.0,0.0],"rotation":0,"texture":"#0","tintindex":0},"down":{"uv":[0.0,0.0,0.0,0.1875],"rotation":0,"texture":"#0","tintindex":0}}},{"from":[10.731429,-8.862125,9.17206],"to":[10.731429,-4.8621244,12.600632],"rotation":{"angle":22.5,"axis":"x","origin":[7.417143,10.284725,27.298643]},"faces":{"east":{"uv":[9.03125,6.46875,9.21875,6.6875],"rotation":0,"texture":"#0","tintindex":0},"south":{"uv":[0.0,0.0,0.0,0.21875],"rotation":0,"texture":"#0","tintindex":0},"north":{"uv":[0.0,0.0,0.0,0.21875],"rotation":0,"texture":"#0","tintindex":0},"west":{"uv":[7.53125,9.03125,7.71875,9.25],"rotation":0,"texture":"#0","tintindex":0},"up":{"uv":[0.0,0.1875,0.0,0.0],"rotation":0,"texture":"#0","tintindex":0},"down":{"uv":[0.0,0.0,0.0,0.1875],"rotation":0,"texture":"#0","tintindex":0}}}],"textures":{"0":"modelengine:entity/nocsy_dragon_saddled_version"},"display":{"head":{"translation":[0.0,-6.4,0.0],"scale":[4.0,4.0,4.0]}}}