{"elements":[{"from":[6.9651947,6.6805067,-1.4695473],"to":[9.250909,8.966221,-0.32669067],"rotation":{"angle":0.0,"axis":"y","origin":[8.108052,-18.814718,26.367184]},"faces":{"east":{"uv":[5.9375,8.71875,6.0,8.84375],"rotation":0,"texture":"#0","tintindex":0},"south":{"uv":[8.34375,9.6875,8.46875,9.8125],"rotation":0,"texture":"#0","tintindex":0},"north":{"uv":[9.6875,8.0,9.8125,8.125],"rotation":0,"texture":"#0","tintindex":0},"west":{"uv":[8.75,6.25,8.8125,6.375],"rotation":0,"texture":"#0","tintindex":0},"up":{"uv":[10.03125,5.6875,9.90625,5.625],"rotation":0,"texture":"#0","tintindex":0},"down":{"uv":[10.0625,0.71875,9.9375,0.78125],"rotation":0,"texture":"#0","tintindex":0}}},{"from":[6.970909,2.1147923,-1.00669],"to":[9.245195,8.903364,0.12473822],"rotation":{"angle":0.0,"axis":"y","origin":[8.108052,-18.814718,26.367184]},"faces":{"east":{"uv":[7.09375,2.5625,7.15625,2.9375],"rotation":0,"texture":"#0","tintindex":0},"south":{"uv":[8.96875,1.6875,9.09375,2.0625],"rotation":0,"texture":"#0","tintindex":0},"north":{"uv":[8.96875,0.5,9.09375,0.875],"rotation":0,"texture":"#0","tintindex":0},"west":{"uv":[7.90625,4.5625,7.96875,4.9375],"rotation":0,"texture":"#0","tintindex":0},"up":{"uv":[10.0625,1.125,9.9375,1.0625],"rotation":0,"texture":"#0","tintindex":0},"down":{"uv":[10.0625,4.0,9.9375,4.0625],"rotation":0,"texture":"#0","tintindex":0}}},{"from":[0.2178092,4.8576756,3.341844],"to":[1.3606663,8.286247,5.6275587],"rotation":{"angle":-22.5,"axis":"y","origin":[7.3406124,-0.8718605,18.2529]},"faces":{"east":{"uv":[2.625,9.375,2.75,9.5625],"rotation":0,"texture":"#0","tintindex":0},"south":{"uv":[2.25,6.9375,2.3125,7.125],"rotation":0,"texture":"#0","tintindex":0},"north":{"uv":[6.59375,6.8125,6.65625,7.0],"rotation":0,"texture":"#0","tintindex":0},"west":{"uv":[2.75,9.375,2.875,9.5625],"rotation":0,"texture":"#0","tintindex":0},"up":{"uv":[4.34375,8.9375,4.28125,8.8125],"rotation":0,"texture":"#0","tintindex":0},"down":{"uv":[0.6875,9.125,0.625,9.25],"rotation":0,"texture":"#0","tintindex":0}}},{"from":[5.5740967,4.9433846,3.8014116],"to":[6.7055254,8.360527,6.0756974],"rotation":{"angle":0.0,"axis":"y","origin":[7.3406124,-0.8718605,18.2529]},"faces":{"east":{"uv":[2.875,9.375,3.0,9.5625],"rotation":0,"texture":"#0","tintindex":0},"south":{"uv":[7.5625,8.0,7.625,8.1875],"rotation":0,"texture":"#0","tintindex":0},"north":{"uv":[2.0625,7.5625,2.125,7.75],"rotation":0,"texture":"#0","tintindex":0},"west":{"uv":[6.625,9.375,6.75,9.5625],"rotation":0,"texture":"#0","tintindex":0},"up":{"uv":[4.09375,9.28125,4.03125,9.15625],"rotation":0,"texture":"#0","tintindex":0},"down":{"uv":[7.71875,9.25,7.65625,9.375],"rotation":0,"texture":"#0","tintindex":0}}},{"from":[5.8223376,8.394793,-0.5552616],"to":[10.393766,11.823364,-0.5552616],"rotation":{"angle":0.0,"axis":"y","origin":[9.250909,-18.814718,26.367184]},"faces":{"east":{"uv":[0.0,0.0,0.0,0.1875],"rotation":0,"texture":"#0","tintindex":0},"south":{"uv":[8.96875,0.875,9.21875,1.0625],"rotation":0,"texture":"#0","tintindex":0},"north":{"uv":[7.65625,6.90625,7.90625,7.09375],"rotation":0,"texture":"#0","tintindex":0},"west":{"uv":[0.0,0.0,0.0,0.1875],"rotation":0,"texture":"#0","tintindex":0},"up":{"uv":[0.25,0.0,0.0,0.0],"rotation":0,"texture":"#0","tintindex":0},"down":{"uv":[0.25,0.0,0.0,0.0],"rotation":0,"texture":"#0","tintindex":0}}},{"from":[10.310521,8.366241,-0.77573204],"to":[10.310521,11.794813,4.9385543],"rotation":{"angle":0.0,"axis":"y","origin":[9.452577,-0.8718605,18.2529]},"faces":{"east":{"uv":[4.71875,8.71875,5.03125,8.90625],"rotation":0,"texture":"#0","tintindex":0},"south":{"uv":[0.0,0.0,0.0,0.1875],"rotation":0,"texture":"#0","tintindex":0},"north":{"uv":[0.0,0.0,0.0,0.1875],"rotation":0,"texture":"#0","tintindex":0},"west":{"uv":[5.03125,8.71875,5.34375,8.90625],"rotation":0,"texture":"#0","tintindex":0},"up":{"uv":[0.0,0.3125,0.0,0.0],"rotation":0,"texture":"#0","tintindex":0},"down":{"uv":[0.0,0.0,0.0,0.3125],"rotation":0,"texture":"#0","tintindex":0}}},{"from":[5.9055834,8.366241,-0.77573204],"to":[5.9055834,11.794813,4.9385543],"rotation":{"angle":0.0,"axis":"y","origin":[6.763528,-0.8718605,18.2529]},"faces":{"east":{"uv":[5.625,8.71875,5.9375,8.90625],"rotation":0,"texture":"#0","tintindex":0},"south":{"uv":[0.0,0.0,0.0,0.1875],"rotation":0,"texture":"#0","tintindex":0},"north":{"uv":[0.0,0.0,0.0,0.1875],"rotation":0,"texture":"#0","tintindex":0},"west":{"uv":[6.125,8.71875,6.4375,8.90625],"rotation":0,"texture":"#0","tintindex":0},"up":{"uv":[0.0,0.3125,0.0,0.0],"rotation":0,"texture":"#0","tintindex":0},"down":{"uv":[0.0,0.0,0.0,0.3125],"rotation":0,"texture":"#0","tintindex":0}}},{"from":[5.8223376,4.93767,-0.77573204],"to":[10.393766,8.366241,4.9385543],"rotation":{"angle":0.0,"axis":"y","origin":[6.4517107,-0.8718605,18.2529]},"faces":{"east":{"uv":[8.71875,6.59375,9.03125,6.78125],"rotation":0,"texture":"#0","tintindex":0},"south":{"uv":[8.96875,2.25,9.21875,2.4375],"rotation":0,"texture":"#0","tintindex":0},"north":{"uv":[8.96875,2.0625,9.21875,2.25],"rotation":0,"texture":"#0","tintindex":0},"west":{"uv":[8.75,1.125,9.0625,1.3125],"rotation":0,"texture":"#0","tintindex":0},"up":{"uv":[4.0,5.4375,3.75,5.125],"rotation":0,"texture":"#0","tintindex":0},"down":{"uv":[3.75,6.0625,3.5,6.375],"rotation":0,"texture":"#0","tintindex":0}}},{"from":[6.965766,-2.7321596,-3.672636],"to":[9.250338,0.6952691,-1.3880644],"rotation":{"angle":22.5,"axis":"x","origin":[8.679481,-2.471861,15.510042]},"faces":{"east":{"uv":[6.875,9.375,7.0,9.5625],"rotation":0,"texture":"#0","tintindex":0},"south":{"uv":[9.375,7.28125,9.5,7.46875],"rotation":0,"texture":"#0","tintindex":0},"north":{"uv":[6.75,9.375,6.875,9.5625],"rotation":0,"texture":"#0","tintindex":0},"west":{"uv":[9.375,7.46875,9.5,7.65625],"rotation":0,"texture":"#0","tintindex":0},"up":{"uv":[9.8125,8.46875,9.6875,8.34375],"rotation":0,"texture":"#0","tintindex":0},"down":{"uv":[9.8125,9.34375,9.6875,9.46875],"rotation":0,"texture":"#0","tintindex":0}}},{"from":[6.388052,2.6747918,-0.560976],"to":[9.8280525,8.400507,1.736167],"rotation":{"angle":0.0,"axis":"y","origin":[8.679481,-18.814718,26.367184]},"faces":{"east":{"uv":[7.75,0.0,7.875,0.3125],"rotation":0,"texture":"#0","tintindex":0},"south":{"uv":[7.5625,8.71875,7.75,9.03125],"rotation":0,"texture":"#0","tintindex":0},"north":{"uv":[1.875,8.6875,2.0625,9.0],"rotation":0,"texture":"#0","tintindex":0},"west":{"uv":[8.5,6.90625,8.625,7.21875],"rotation":0,"texture":"#0","tintindex":0},"up":{"uv":[9.5,9.25,9.3125,9.125],"rotation":0,"texture":"#0","tintindex":0},"down":{"uv":[9.53125,6.875,9.34375,7.0],"rotation":0,"texture":"#0","tintindex":0}}},{"from":[6.3937664,3.1376495,1.0447383],"to":[9.822338,8.851935,3.330453],"rotation":{"angle":0.0,"axis":"y","origin":[8.679481,-18.814718,26.367184]},"faces":{"east":{"uv":[1.4375,9.0625,1.5625,9.375],"rotation":0,"texture":"#0","tintindex":0},"south":{"uv":[8.75,5.5,8.9375,5.8125],"rotation":0,"texture":"#0","tintindex":0},"north":{"uv":[8.75,5.1875,8.9375,5.5],"rotation":0,"texture":"#0","tintindex":0},"west":{"uv":[2.5,9.0625,2.625,9.375],"rotation":0,"texture":"#0","tintindex":0},"up":{"uv":[9.5625,4.40625,9.375,4.28125],"rotation":0,"texture":"#0","tintindex":0},"down":{"uv":[7.84375,9.375,7.65625,9.5],"rotation":0,"texture":"#0","tintindex":0}}},{"from":[6.3937664,3.480507,3.330453],"to":[9.822338,9.194793,5.616167],"rotation":{"angle":0.0,"axis":"y","origin":[8.679481,-18.814718,26.367184]},"faces":{"east":{"uv":[2.625,9.0625,2.75,9.375],"rotation":0,"texture":"#0","tintindex":0},"south":{"uv":[8.78125,7.75,8.96875,8.0625],"rotation":0,"texture":"#0","tintindex":0},"north":{"uv":[8.78125,0.78125,8.96875,1.09375],"rotation":0,"texture":"#0","tintindex":0},"west":{"uv":[2.75,9.0625,2.875,9.375],"rotation":0,"texture":"#0","tintindex":0},"up":{"uv":[9.5625,7.78125,9.375,7.65625],"rotation":0,"texture":"#0","tintindex":0},"down":{"uv":[9.5625,7.78125,9.375,7.90625],"rotation":0,"texture":"#0",