{"elements":[{"from":[7.131853,2.150766,16.000427],"to":[9.87471,4.893623,18.743286],"rotation":{"angle":0.0,"axis":"y","origin":[16.074608,7.1190834,23.96696]},"faces":{"east":{"uv":[1.78125,9.75,1.90625,9.875],"rotation":0,"texture":"#0","tintindex":0},"south":{"uv":[9.75,1.875,9.875,2.0],"rotation":0,"texture":"#0","tintindex":0},"north":{"uv":[9.75,1.75,9.875,1.875],"rotation":0,"texture":"#0","tintindex":0},"west":{"uv":[1.90625,9.75,2.03125,9.875],"rotation":0,"texture":"#0","tintindex":0},"up":{"uv":[2.15625,9.875,2.03125,9.75],"rotation":0,"texture":"#0","tintindex":0},"down":{"uv":[2.28125,9.75,2.15625,9.875],"rotation":0,"texture":"#0","tintindex":0}}},{"from":[7.47471,-1.3752413,20.490547],"to":[9.531853,1.0247583,22.890547],"rotation":{"angle":22.5,"axis":"x","origin":[12.046037,11.947655,33.481247]},"faces":{"east":{"uv":[2.28125,9.75,2.40625,9.875],"rotation":0,"texture":"#0","tintindex":0},"south":{"uv":[3.09375,9.75,3.21875,9.875],"rotation":0,"texture":"#0","tintindex":0},"north":{"uv":[9.75,2.1875,9.875,2.3125],"rotation":0,"texture":"#0","tintindex":0},"west":{"uv":[3.21875,9.75,3.34375,9.875],"rotation":0,"texture":"#0","tintindex":0},"up":{"uv":[9.875,3.375,9.75,3.25],"rotation":0,"texture":"#0","tintindex":0},"down":{"uv":[3.46875,9.75,3.34375,9.875],"rotation":0,"texture":"#0","tintindex":0}}},{"from":[7.588996,-2.9848604,25.9745],"to":[9.188995,-1.3848591,27.574501],"rotation":{"angle":45.0,"axis":"x","origin":[12.046037,11.947655,33.481247]},"faces":{"east":{"uv":[9.96875,2.875,10.0625,2.96875],"rotation":0,"texture":"#0","tintindex":0},"south":{"uv":[3.0625,9.96875,3.15625,10.0625],"rotation":0,"texture":"#0","tintindex":0},"north":{"uv":[2.84375,9.96875,2.9375,10.0625],"rotation":0,"texture":"#0","tintindex":0},"west":{"uv":[9.96875,3.09375,10.0625,3.1875],"rotation":0,"texture":"#0","tintindex":0},"up":{"uv":[3.25,10.0625,3.15625,9.96875],"rotation":0,"texture":"#0","tintindex":0},"down":{"uv":[3.34375,9.96875,3.25,10.0625],"rotation":0,"texture":"#0","tintindex":0}}},{"from":[7.8175673,6.6079087,18.629],"to":[8.960424,7.750766,20.343285],"rotation":{"angle":-22.5,"axis":"x","origin":[8.388996,7.8650517,19.200428]},"faces":{"east":{"uv":[6.125,9.875,6.25,9.96875],"rotation":0,"texture":"#0","tintindex":0},"south":{"uv":[3.4375,9.96875,3.53125,10.0625],"rotation":0,"texture":"#0","tintindex":0},"north":{"uv":[3.34375,9.96875,3.4375,10.0625],"rotation":0,"texture":"#0","tintindex":0},"west":{"uv":[6.25,9.875,6.375,9.96875],"rotation":0,"texture":"#0","tintindex":0},"up":{"uv":[9.96875,6.375,9.875,6.25],"rotation":0,"texture":"#0","tintindex":0},"down":{"uv":[9.96875,6.375,9.875,6.5],"rotation":0,"texture":"#0","tintindex":0}}},{"from":[8.046139,7.2730017,20.02198],"to":[8.731853,7.9587164,21.279121],"rotation":{"angle":0.0,"axis":"y","origin":[8.388996,7.8444304,20.65055]},"faces":{"east":{"uv":[9.875,6.65625,10.0,6.75],"rotation":0,"texture":"#0","tintindex":0},"south":{"uv":[3.65625,9.96875,3.75,10.0625],"rotation":0,"texture":"#0","tintindex":0},"north":{"uv":[9.96875,3.625,10.0625,3.71875],"rotation":0,"texture":"#0","tintindex":0},"west":{"uv":[9.875,6.75,10.0,6.84375],"rotation":0,"texture":"#0","tintindex":0},"up":{"uv":[9.96875,6.96875,9.875,6.84375],"rotation":0,"texture":"#0","tintindex":0},"down":{"uv":[9.96875,6.96875,9.875,7.09375],"rotation":0,"texture":"#0","tintindex":0}}},{"from":[5.599837,0.6835184,4.676736],"to":[10.171266,12.11209,12.676737],"rotation":{"angle":0.0,"axis":"y","origin":[-0.1144495,10.857832,23.679129]},"faces":{"east":{"uv":[6.5,5.5,6.9375,6.125],"rotation":0,"texture":"#0","tintindex":0},"south":{"uv":[3.125,7.375,3.375,8.0],"rotation":0,"texture":"#0","tintindex":0},"north":{"uv":[2.875,7.375,3.125,8.0],"rotation":0,"texture":"#0","tintindex":0},"west":{"uv":[6.65625,2.3125,7.09375,2.9375],"rotation":0,"texture":"#0","tintindex":0},"up":{"uv":[4.75,8.3125,4.5,7.875],"rotation":0,"texture":"#0","tintindex":0},"down":{"uv":[8.125,7.84375,7.875,8.28125],"rotation":0,"texture":"#0","tintindex":0}}},{"from":[5.6055512,-3.0742884,12.50425],"to":[9.022694,2.6285691,20.49282],"rotation":{"angle":22.5,"axis":"x","origin":[-0.1144495,10.857832,23.679129]},"faces":{"east":{"uv":[7.53125,5.25,7.96875,5.5625],"rotation":0,"texture":"#0","tintindex":0},"south":{"uv":[5.625,8.90625,5.8125,9.21875],"rotation":0,"texture":"#0","tintindex":0},"north":{"uv":[5.09375,8.90625,5.28125,9.21875],"rotation":0,"texture":"#0","tintindex":0},"west":{"uv":[7.53125,5.5625,7.96875,5.875],"rotation":0,"texture":"#0","tintindex":0},"up":{"uv":[8.40625,3.34375,8.21875,2.90625],"rotation":0,"texture":"#0","tintindex":0},"down":{"uv":[7.75,8.28125,7.5625,8.71875],"rotation":0,"texture":"#0","tintindex":0}}},{"from":[5.028408,-9.499882,18.364902],"to":[10.742694,1.92869,22.93633],"rotation":{"angle":22.5,"axis":"x","origin":[-0.1144495,10.857832,23.679129]},"faces":{"east":{"uv":[3.375,7.375,3.625,8.0],"rotation":0,"texture":"#0","tintindex":0},"south":{"uv":[1.8125,6.9375,2.125,7.5625],"rotation":0,"texture":"#0","tintindex":0},"north":{"uv":[1.5,6.9375,1.8125,7.5625],"rotation":0,"texture":"#0","tintindex":0},"west":{"uv":[4.09375,7.375,4.34375,8.0],"rotation":0,"texture":"#0","tintindex":0},"up":{"uv":[8.71875,3.0625,8.40625,2.8125],"rotation":0,"texture":"#0","tintindex":0},"down":{"uv":[8.71875,3.0625,8.40625,3.3125],"rotation":0,"texture":"#0","tintindex":0}}},{"from":[5.1426935,-9.842739,19.050617],"to":[10.628408,-7.328454,22.822044],"rotation":{"angle":22.5,"axis":"x","origin":[-0.1144495,10.857832,23.679129]},"faces":{"east":{"uv":[7.28125,9.125,7.5,9.28125],"rotation":0,"texture":"#0","tintindex":0},"south":{"uv":[8.9375,5.3125,9.25,5.46875],"rotation":0,"texture":"#0","tintindex":0},"north":{"uv":[5.28125,8.9375,5.59375,9.09375],"rotation":0,"texture":"#0","tintindex":0},"west":{"uv":[9.09375,9.125,9.3125,9.28125],"rotation":0,"texture":"#0","tintindex":0},"up":{"uv":[8.96875,8.65625,8.65625,8.4375],"rotation":0,"texture":"#0","tintindex":0},"down":{"uv":[8.90625,8.65625,8.59375,8.875],"rotation":0,"texture":"#0","tintindex":0}}}],"textures":{"0":"modelengine:entity/nocsy_dragon_saddled_version"},"display":{"head":{"translation":[0.0,-6.4,0.0],"scale":[4.0,4.0,4.0]}}}