{"elements":[{"from":[5.896555,-3.0149164,7.6457324],"to":[8.639413,-0.2720585,10.38859],"rotation":{"angle":0.0,"axis":"y","origin":[7.3365555,-2.7418318,12.011062]},"faces":{"east":{"uv":[4.625,9.75,4.75,9.875],"rotation":0,"texture":"#0","tintindex":0},"south":{"uv":[9.75,4.625,9.875,4.75],"rotation":0,"texture":"#0","tintindex":0},"north":{"uv":[9.75,4.3125,9.875,4.4375],"rotation":0,"texture":"#0","tintindex":0},"west":{"uv":[4.75,9.75,4.875,9.875],"rotation":0,"texture":"#0","tintindex":0},"up":{"uv":[5.0,9.875,4.875,9.75],"rotation":0,"texture":"#0","tintindex":0},"down":{"uv":[9.875,4.96875,9.75,5.09375],"rotation":0,"texture":"#0","tintindex":0}}},{"from":[6.2394123,-3.940961,9.45075],"to":[8.2965555,-1.5409613,11.85075],"rotation":{"angle":22.5,"axis":"x","origin":[7.3365555,-2.7418318,12.011062]},"faces":{"east":{"uv":[9.75,5.09375,9.875,5.21875],"rotation":0,"texture":"#0","tintindex":0},"south":{"uv":[5.125,9.75,5.25,9.875],"rotation":0,"texture":"#0","tintindex":0},"north":{"uv":[5.0,9.75,5.125,9.875],"rotation":0,"texture":"#0","tintindex":0},"west":{"uv":[9.75,5.21875,9.875,5.34375],"rotation":0,"texture":"#0","tintindex":0},"up":{"uv":[5.375,9.875,5.25,9.75],"rotation":0,"texture":"#0","tintindex":0},"down":{"uv":[9.875,5.34375,9.75,5.46875],"rotation":0,"texture":"#0","tintindex":0}}},{"from":[6.5822697,-3.6088057,11.533651],"to":[8.18227,-2.0088043,13.133652],"rotation":{"angle":45.0,"axis":"x","origin":[7.3365555,-2.7418318,12.011062]},"faces":{"east":{"uv":[5.09375,9.96875,5.1875,10.0625],"rotation":0,"texture":"#0","tintindex":0},"south":{"uv":[9.96875,5.3125,10.0625,5.40625],"rotation":0,"texture":"#0","tintindex":0},"north":{"uv":[5.0,9.96875,5.09375,10.0625],"rotation":0,"texture":"#0","tintindex":0},"west":{"uv":[5.4375,9.96875,5.53125,10.0625],"rotation":0,"texture":"#0","tintindex":0},"up":{"uv":[5.625,10.0625,5.53125,9.96875],"rotation":0,"texture":"#0","tintindex":0},"down":{"uv":[5.71875,9.96875,5.625,10.0625],"rotation":0,"texture":"#0","tintindex":0}}},{"from":[6.810841,-4.0434866,12.217161],"to":[7.953698,-2.90063,14.502875],"rotation":{"angle":0.0,"axis":"y","origin":[7.3365555,-2.7418318,12.011062]},"faces":{"east":{"uv":[9.84375,2.78125,10.0,2.875],"rotation":0,"texture":"#0","tintindex":0},"south":{"uv":[9.96875,5.875,10.0625,5.96875],"rotation":0,"texture":"#0","tintindex":0},"north":{"uv":[9.96875,5.78125,10.0625,5.875],"rotation":0,"texture":"#0","tintindex":0},"west":{"uv":[9.84375,3.53125,10.0,3.625],"rotation":0,"texture":"#0","tintindex":0},"up":{"uv":[4.4375,10.0,4.34375,9.84375],"rotation":0,"texture":"#0","tintindex":0},"down":{"uv":[4.53125,9.84375,4.4375,10.0],"rotation":0,"texture":"#0","tintindex":0}}},{"from":[7.267984,-4.2931156,12.918186],"to":[7.953698,-3.6074018,14.7467575],"rotation":{"angle":-22.5,"axis":"x","origin":[7.565127,-2.3418312,11.553919]},"faces":{"east":{"uv":[9.84375,4.4375,10.0,4.53125],"rotation":0,"texture":"#0","tintindex":0},"south":{"uv":[6.125,9.96875,6.21875,10.0625],"rotation":0,"texture":"#0","tintindex":0},"north":{"uv":[5.96875,9.96875,6.0625,10.0625],"rotation":0,"texture":"#0","tintindex":0},"west":{"uv":[9.84375,4.53125,10.0,4.625],"rotation":0,"texture":"#0","tintindex":0},"up":{"uv":[4.625,10.0,4.53125,9.84375],"rotation":0,"texture":"#0","tintindex":0},"down":{"uv":[5.8125,9.84375,5.71875,10.0],"rotation":0,"texture":"#0","tintindex":0}}},{"from":[5.714286,3.9052525,4.0639076],"to":[10.285714,11.905252,12.063908],"rotation":{"angle":0.0,"axis":"y","origin":[16.0,-9.08581,13.905703]},"faces":{"east":{"uv":[7.09375,2.125,7.53125,2.5625],"rotation":0,"texture":"#0","tintindex":0},"south":{"uv":[7.90625,4.125,8.15625,4.5625],"rotation":0,"texture":"#0","tintindex":0},"north":{"uv":[7.90625,0.0,8.15625,0.4375],"rotation":0,"texture":"#0","tintindex":0},"west":{"uv":[6.59375,7.125,7.03125,7.5625],"rotation":0,"texture":"#0","tintindex":0},"up":{"uv":[8.1875,7.34375,7.9375,6.90625],"rotation":0,"texture":"#0","tintindex":0},"down":{"uv":[8.1875,7.34375,7.9375,7.78125],"rotation":0,"texture":"#0","tintindex":0}}},{"from":[6.857143,-6.800289,-1.1135454],"to":[10.285714,0.056853294,4.600741],"rotation":{"angle":22.5,"axis":"x","origin":[8.571428,-14.114382,17.905704]},"faces":{"east":{"uv":[7.625,7.46875,7.9375,7.84375],"rotation":0,"texture":"#0","tintindex":0},"south":{"uv":[8.625,6.90625,8.8125,7.28125],"rotation":0,"texture":"#0","tintindex":0},"north":{"uv":[8.625,3.65625,8.8125,4.03125],"rotation":0,"texture":"#0","tintindex":0},"west":{"uv":[7.65625,3.0,7.96875,3.375],"rotation":0,"texture":"#0","tintindex":0},"up":{"uv":[6.3125,9.21875,6.125,8.90625],"rotation":0,"texture":"#0","tintindex":0},"down":{"uv":[6.5,8.90625,6.3125,9.21875],"rotation":0,"texture":"#0","tintindex":0}}},{"from":[5.028571,-4.318679,0.8249583],"to":[9.6,0.25274944,9.967815],"rotation":{"angle":0.0,"axis":"y","origin":[8.571428,-14.452599,17.752468]},"faces":{"east":{"uv":[1.0625,7.5625,1.5625,7.8125],"rotation":0,"texture":"#0","tintindex":0},"south":{"uv":[0.25,8.6875,0.5,8.9375],"rotation":0,"texture":"#0","tintindex":0},"north":{"uv":[0.0,8.6875,0.25,8.9375],"rotation":0,"texture":"#0","tintindex":0},"west":{"uv":[1.5625,7.5625,2.0625,7.8125],"rotation":0,"texture":"#0","tintindex":0},"up":{"uv":[6.75,8.0625,6.5,7.5625],"rotation":0,"texture":"#0","tintindex":0},"down":{"uv":[7.0,7.5625,6.75,8.0625],"rotation":0,"texture":"#0","tintindex":0}}},{"from":[5.6,-3.7472506,-3.1750422],"to":[9.028571,-0.31867886,2.5392442],"rotation":{"angle":0.0,"axis":"y","origin":[7.3142858,-16.624027,9.523896]},"faces":{"east":{"uv":[8.46875,0.0,8.8125,0.21875],"rotation":0,"texture":"#0","tintindex":0},"south":{"uv":[4.46875,8.9375,4.6875,9.15625],"rotation":0,"texture":"#0","tintindex":0},"north":{"uv":[6.9375,5.875,7.15625,6.09375],"rotation":0,"texture":"#0","tintindex":0},"west":{"uv":[8.46875,4.0625,8.8125,4.28125],"rotation":0,"texture":"#0","tintindex":0},"up":{"uv":[8.6875,4.625,8.46875,4.28125],"rotation":0,"texture":"#0","tintindex":0},"down":{"uv":[8.6875,4.625,8.46875,4.96875],"rotation":0,"texture":"#0","tintindex":0}}}],"textures":{"0":"modelengine:entity/nocsy_dragon_saddled_version"},"display":{"head":{"translation":[0.0,-6.4,0.0],"scale":[4.0,4.0,4.0]}}}