{"elements":[{"from":[6.12529,2.150766,16.000427],"to":[8.868147,4.893623,18.743286],"rotation":{"angle":0.0,"axis":"y","origin":[-0.07460785,7.1190834,23.96696]},"faces":{"east":{"uv":[7.375,9.71875,7.5,9.84375],"rotation":0,"texture":"#0","tintindex":0},"south":{"uv":[9.71875,8.46875,9.84375,8.59375],"rotation":0,"texture":"#0","tintindex":0},"north":{"uv":[9.71875,6.5625,9.84375,6.6875],"rotation":0,"texture":"#0","tintindex":0},"west":{"uv":[9.71875,8.59375,9.84375,8.71875],"rotation":0,"texture":"#0","tintindex":0},"up":{"uv":[9.84375,9.21875,9.71875,9.09375],"rotation":0,"texture":"#0","tintindex":0},"down":{"uv":[9.25,9.71875,9.125,9.84375],"rotation":0,"texture":"#0","tintindex":0}}},{"from":[6.468147,-1.3752413,20.490547],"to":[8.52529,1.0247583,22.890547],"rotation":{"angle":22.5,"axis":"x","origin":[3.9539633,11.947655,33.481247]},"faces":{"east":{"uv":[9.75,0.125,9.875,0.25],"rotation":0,"texture":"#0","tintindex":0},"south":{"uv":[0.375,9.75,0.5,9.875],"rotation":0,"texture":"#0","tintindex":0},"north":{"uv":[9.25,9.71875,9.375,9.84375],"rotation":0,"texture":"#0","tintindex":0},"west":{"uv":[9.75,0.375,9.875,0.5],"rotation":0,"texture":"#0","tintindex":0},"up":{"uv":[9.875,0.625,9.75,0.5],"rotation":0,"texture":"#0","tintindex":0},"down":{"uv":[1.0,9.75,0.875,9.875],"rotation":0,"texture":"#0","tintindex":0}}},{"from":[6.811004,-2.9848604,25.9745],"to":[8.411004,-1.3848591,27.574501],"rotation":{"angle":45.0,"axis":"x","origin":[3.9539633,11.947655,33.481247]},"faces":{"east":{"uv":[9.96875,1.21875,10.0625,1.3125],"rotation":0,"texture":"#0","tintindex":0},"south":{"uv":[1.375,9.96875,1.46875,10.0625],"rotation":0,"texture":"#0","tintindex":0},"north":{"uv":[1.15625,9.96875,1.25,10.0625],"rotation":0,"texture":"#0","tintindex":0},"west":{"uv":[9.96875,1.46875,10.0625,1.5625],"rotation":0,"texture":"#0","tintindex":0},"up":{"uv":[1.75,10.0625,1.65625,9.96875],"rotation":0,"texture":"#0","tintindex":0},"down":{"uv":[10.0625,1.6875,9.96875,1.78125],"rotation":0,"texture":"#0","tintindex":0}}},{"from":[7.0395756,6.6079087,18.629],"to":[8.182433,7.750766,20.343285],"rotation":{"angle":-22.5,"axis":"x","origin":[7.6110044,7.8650517,19.200428]},"faces":{"east":{"uv":[9.875,5.125,10.0,5.21875],"rotation":0,"texture":"#0","tintindex":0},"south":{"uv":[2.0,9.96875,2.09375,10.0625],"rotation":0,"texture":"#0","tintindex":0},"north":{"uv":[1.90625,9.96875,2.0,10.0625],"rotation":0,"texture":"#0","tintindex":0},"west":{"uv":[9.875,5.21875,10.0,5.3125],"rotation":0,"texture":"#0","tintindex":0},"up":{"uv":[5.34375,10.0,5.25,9.875],"rotation":0,"texture":"#0","tintindex":0},"down":{"uv":[9.96875,5.3125,9.875,5.4375],"rotation":0,"texture":"#0","tintindex":0}}},{"from":[7.268147,7.2730017,20.02198],"to":[7.953861,7.9587164,21.279121],"rotation":{"angle":0.0,"axis":"y","origin":[7.6110044,7.8444304,20.65055]},"faces":{"east":{"uv":[9.875,5.4375,10.0,5.53125],"rotation":0,"texture":"#0","tintindex":0},"south":{"uv":[2.1875,9.96875,2.28125,10.0625],"rotation":0,"texture":"#0","tintindex":0},"north":{"uv":[2.09375,9.96875,2.1875,10.0625],"rotation":0,"texture":"#0","tintindex":0},"west":{"uv":[5.5625,9.875,5.6875,9.96875],"rotation":0,"texture":"#0","tintindex":0},"up":{"uv":[9.96875,5.90625,9.875,5.78125],"rotation":0,"texture":"#0","tintindex":0},"down":{"uv":[9.96875,5.90625,9.875,6.03125],"rotation":0,"texture":"#0","tintindex":0}}},{"from":[5.8287344,0.6835184,4.676736],"to":[10.400164,12.11209,12.676737],"rotation":{"angle":0.0,"axis":"y","origin":[16.114449,10.857832,23.679129]},"faces":{"east":{"uv":[4.71875,6.4375,5.15625,7.0625],"rotation":0,"texture":"#0","tintindex":0},"south":{"uv":[0.25,7.375,0.5,8.0],"rotation":0,"texture":"#0","tintindex":0},"north":{"uv":[0.0,7.375,0.25,8.0],"rotation":0,"texture":"#0","tintindex":0},"west":{"uv":[5.15625,6.4375,5.59375,7.0625],"rotation":0,"texture":"#0","tintindex":0},"up":{"uv":[8.09375,2.9375,7.84375,2.5],"rotation":0,"texture":"#0","tintindex":0},"down":{"uv":[7.875,7.84375,7.625,8.28125],"rotation":0,"texture":"#0","tintindex":0}}},{"from":[6.977306,-3.0742884,12.50425],"to":[10.394449,2.6285691,20.49282],"rotation":{"angle":22.5,"axis":"x","origin":[16.114449,10.857832,23.679129]},"faces":{"east":{"uv":[7.53125,2.1875,7.96875,2.5],"rotation":0,"texture":"#0","tintindex":0},"south":{"uv":[4.90625,8.90625,5.09375,9.21875],"rotation":0,"texture":"#0","tintindex":0},"north":{"uv":[4.71875,8.90625,4.90625,9.21875],"rotation":0,"texture":"#0","tintindex":0},"west":{"uv":[7.53125,4.9375,7.96875,5.25],"rotation":0,"texture":"#0","tintindex":0},"up":{"uv":[8.375,7.65625,8.1875,7.21875],"rotation":0,"texture":"#0","tintindex":0},"down":{"uv":[8.40625,1.84375,8.21875,2.28125],"rotation":0,"texture":"#0","tintindex":0}}},{"from":[5.257306,-9.499882,18.364902],"to":[10.971592,1.92869,22.93633],"rotation":{"angle":22.5,"axis":"x","origin":[16.114449,10.857832,23.679129]},"faces":{"east":{"uv":[0.5,7.375,0.75,8.0],"rotation":0,"texture":"#0","tintindex":0},"south":{"uv":[1.1875,6.9375,1.5,7.5625],"rotation":0,"texture":"#0","tintindex":0},"north":{"uv":[0.875,6.875,1.1875,7.5],"rotation":0,"texture":"#0","tintindex":0},"west":{"uv":[7.375,1.21875,7.625,1.84375],"rotation":0,"texture":"#0","tintindex":0},"up":{"uv":[8.6875,7.78125,8.375,7.53125],"rotation":0,"texture":"#0","tintindex":0},"down":{"uv":[1.0625,8.40625,0.75,8.65625],"rotation":0,"texture":"#0","tintindex":0}}},{"from":[5.3715916,-9.842739,19.050617],"to":[10.8573065,-7.328454,22.822044],"rotation":{"angle":22.5,"axis":"x","origin":[16.114449,10.857832,23.679129]},"faces":{"east":{"uv":[8.5,5.1875,8.71875,5.34375],"rotation":0,"texture":"#0","tintindex":0},"south":{"uv":[8.9375,5.15625,9.25,5.3125],"rotation":0,"texture":"#0","tintindex":0},"north":{"uv":[8.9375,4.5625,9.25,4.71875],"rotation":0,"texture":"#0","tintindex":0},"west":{"uv":[9.125,6.875,9.34375,7.03125],"rotation":0,"texture":"#0","tintindex":0},"up":{"uv":[8.96875,8.4375,8.65625,8.21875],"rotation":0,"texture":"#0","tintindex":0},"down":{"uv":[8.59375,8.65625,8.28125,8.875],"rotation":0,"texture":"#0","tintindex":0}}}],"textures":{"0":"modelengine:entity/nocsy_dragon_saddled_version"},"display":{"head":{"translation":[0.0,-6.4,0.0],"scale":[4.0,4.0,4.0]}}}