{"elements":[{"from":[7.3605876,-3.0149164,7.6457324],"to":[10.103445,-0.2720585,10.38859],"rotation":{"angle":0.0,"axis":"y","origin":[8.6634445,-2.7418318,12.011062]},"faces":{"east":{"uv":[9.75,6.6875,9.875,6.8125],"rotation":0,"texture":"#0","tintindex":0},"south":{"uv":[9.75,7.0,9.875,7.125],"rotation":0,"texture":"#0","tintindex":0},"north":{"uv":[9.75,6.28125,9.875,6.40625],"rotation":0,"texture":"#0","tintindex":0},"west":{"uv":[7.09375,9.75,7.21875,9.875],"rotation":0,"texture":"#0","tintindex":0},"up":{"uv":[9.875,7.25,9.75,7.125],"rotation":0,"texture":"#0","tintindex":0},"down":{"uv":[7.34375,9.75,7.21875,9.875],"rotation":0,"texture":"#0","tintindex":0}}},{"from":[7.7034445,-3.940961,9.45075],"to":[9.760588,-1.5409613,11.85075],"rotation":{"angle":22.5,"axis":"x","origin":[8.6634445,-2.7418318,12.011062]},"faces":{"east":{"uv":[9.75,7.375,9.875,7.5],"rotation":0,"texture":"#0","tintindex":0},"south":{"uv":[7.9375,9.75,8.0625,9.875],"rotation":0,"texture":"#0","tintindex":0},"north":{"uv":[9.75,7.25,9.875,7.375],"rotation":0,"texture":"#0","tintindex":0},"west":{"uv":[8.0625,9.75,8.1875,9.875],"rotation":0,"texture":"#0","tintindex":0},"up":{"uv":[9.875,8.25,9.75,8.125],"rotation":0,"texture":"#0","tintindex":0},"down":{"uv":[9.875,8.71875,9.75,8.84375],"rotation":0,"texture":"#0","tintindex":0}}},{"from":[7.8177304,-3.6088057,11.533651],"to":[9.41773,-2.0088043,13.133652],"rotation":{"angle":45.0,"axis":"x","origin":[8.6634445,-2.7418318,12.011062]},"faces":{"east":{"uv":[6.53125,9.96875,6.625,10.0625],"rotation":0,"texture":"#0","tintindex":0},"south":{"uv":[6.625,9.96875,6.71875,10.0625],"rotation":0,"texture":"#0","tintindex":0},"north":{"uv":[9.96875,6.40625,10.0625,6.5],"rotation":0,"texture":"#0","tintindex":0},"west":{"uv":[6.71875,9.96875,6.8125,10.0625],"rotation":0,"texture":"#0","tintindex":0},"up":{"uv":[6.90625,10.0625,6.8125,9.96875],"rotation":0,"texture":"#0","tintindex":0},"down":{"uv":[10.0625,6.84375,9.96875,6.9375],"rotation":0,"texture":"#0","tintindex":0}}},{"from":[8.046302,-4.0434866,12.217161],"to":[9.189159,-2.90063,14.502875],"rotation":{"angle":0.0,"axis":"y","origin":[8.6634445,-2.7418318,12.011062]},"faces":{"east":{"uv":[9.84375,8.59375,10.0,8.6875],"rotation":0,"texture":"#0","tintindex":0},"south":{"uv":[9.96875,6.9375,10.0625,7.03125],"rotation":0,"texture":"#0","tintindex":0},"north":{"uv":[6.90625,9.96875,7.0,10.0625],"rotation":0,"texture":"#0","tintindex":0},"west":{"uv":[9.84375,9.09375,10.0,9.1875],"rotation":0,"texture":"#0","tintindex":0},"up":{"uv":[9.3125,10.0,9.21875,9.84375],"rotation":0,"texture":"#0","tintindex":0},"down":{"uv":[9.96875,0.09375,9.875,0.25],"rotation":0,"texture":"#0","tintindex":0}}},{"from":[8.046302,-4.2931156,12.918186],"to":[8.732017,-3.6074018,14.7467575],"rotation":{"angle":-22.5,"axis":"x","origin":[8.434874,-2.3418312,11.553919]},"faces":{"east":{"uv":[9.875,0.375,10.03125,0.46875],"rotation":0,"texture":"#0","tintindex":0},"south":{"uv":[9.96875,7.03125,10.0625,7.125],"rotation":0,"texture":"#0","tintindex":0},"north":{"uv":[7.0,9.96875,7.09375,10.0625],"rotation":0,"texture":"#0","tintindex":0},"west":{"uv":[9.875,0.46875,10.03125,0.5625],"rotation":0,"texture":"#0","tintindex":0},"up":{"uv":[0.46875,10.03125,0.375,9.875],"rotation":0,"texture":"#0","tintindex":0},"down":{"uv":[0.96875,9.875,0.875,10.03125],"rotation":0,"texture":"#0","tintindex":0}}},{"from":[5.714286,3.9052525,4.0639076],"to":[10.285714,11.905252,12.063908],"rotation":{"angle":0.0,"axis":"y","origin":[0.0,-9.08581,13.905703]},"faces":{"east":{"uv":[7.03125,7.125,7.46875,7.5625],"rotation":0,"texture":"#0","tintindex":0},"south":{"uv":[7.96875,2.9375,8.21875,3.375],"rotation":0,"texture":"#0","tintindex":0},"north":{"uv":[7.96875,1.84375,8.21875,2.28125],"rotation":0,"texture":"#0","tintindex":0},"west":{"uv":[7.15625,2.5625,7.59375,3.0],"rotation":0,"texture":"#0","tintindex":0},"up":{"uv":[8.21875,5.0,7.96875,4.5625],"rotation":0,"texture":"#0","tintindex":0},"down":{"uv":[8.21875,5.0,7.96875,5.4375],"rotation":0,"texture":"#0","tintindex":0}}},{"from":[5.714286,-6.800289,-1.1135454],"to":[9.142858,0.056853294,4.600741],"rotation":{"angle":22.5,"axis":"x","origin":[7.428571,-14.114382,17.905704]},"faces":{"east":{"uv":[7.65625,5.875,7.96875,6.25],"rotation":0,"texture":"#0","tintindex":0},"south":{"uv":[0.9375,8.65625,1.125,9.03125],"rotation":0,"texture":"#0","tintindex":0},"north":{"uv":[0.75,8.65625,0.9375,9.03125],"rotation":0,"texture":"#0","tintindex":0},"west":{"uv":[7.75,3.75,8.0625,4.125],"rotation":0,"texture":"#0","tintindex":0},"up":{"uv":[7.9375,9.21875,7.75,8.90625],"rotation":0,"texture":"#0","tintindex":0},"down":{"uv":[0.1875,8.9375,0.0,9.25],"rotation":0,"texture":"#0","tintindex":0}}},{"from":[6.4,-4.318679,0.8249583],"to":[10.971429,0.25274944,9.967815],"rotation":{"angle":0.0,"axis":"y","origin":[7.428571,-14.452599,17.752468]},"faces":{"east":{"uv":[7.59375,0.625,8.09375,0.875],"rotation":0,"texture":"#0","tintindex":0},"south":{"uv":[5.375,8.6875,5.625,8.9375],"rotation":0,"texture":"#0","tintindex":0},"north":{"uv":[8.6875,4.53125,8.9375,4.78125],"rotation":0,"texture":"#0","tintindex":0},"west":{"uv":[7.59375,0.875,8.09375,1.125],"rotation":0,"texture":"#0","tintindex":0},"up":{"uv":[7.25,8.0625,7.0,7.5625],"rotation":0,"texture":"#0","tintindex":0},"down":{"uv":[7.84375,2.5,7.59375,3.0],"rotation":0,"texture":"#0","tintindex":0}}},{"from":[6.9714284,-3.7472506,-3.1750422],"to":[10.4,-0.31867886,2.5392442],"rotation":{"angle":0.0,"axis":"y","origin":[8.685715,-16.624027,9.523896]},"faces":{"east":{"uv":[8.46875,6.375,8.8125,6.59375],"rotation":0,"texture":"#0","tintindex":0},"south":{"uv":[6.5,8.9375,6.71875,9.15625],"rotation":0,"texture":"#0","tintindex":0},"north":{"uv":[8.9375,5.46875,9.15625,5.6875],"rotation":0,"texture":"#0","tintindex":0},"west":{"uv":[8.5,4.96875,8.84375,5.1875],"rotation":0,"texture":"#0","tintindex":0},"up":{"uv":[7.96875,8.90625,7.75,8.5625],"rotation":0,"texture":"#0","tintindex":0},"down":{"uv":[8.8125,3.3125,8.59375,3.65625],"rotation":0,"texture":"#0","tintindex":0}}}],"textures":{"0":"modelengine:entity/nocsy_dragon_saddled_version"},"display":{"head":{"translation":[0.0,-6.4,0.0],"scale":[4.0,4.0,4.0]}}}