{"elements":[{"from":[6.56,7.676382,5.58614],"to":[9.302857,10.419239,8.328997],"rotation":{"angle":0.0,"axis":"y","origin":[0.36010218,15.642914,3.3606796]},"faces":{"east":{"uv":[2.59375,9.5625,2.71875,9.6875],"rotation":0,"texture":"#0","tintindex":0},"south":{"uv":[2.71875,9.5625,2.84375,9.6875],"rotation":0,"texture":"#0","tintindex":0},"north":{"uv":[2.46875,9.5625,2.59375,9.6875],"rotation":0,"texture":"#0","tintindex":0},"west":{"uv":[2.84375,9.5625,2.96875,9.6875],"rotation":0,"texture":"#0","tintindex":0},"up":{"uv":[9.6875,3.15625,9.5625,3.03125],"rotation":0,"texture":"#0","tintindex":0},"down":{"uv":[9.6875,3.15625,9.5625,3.28125],"rotation":0,"texture":"#0","tintindex":0}}},{"from":[6.902857,12.166502,9.455005],"to":[8.96,14.566502,11.855004],"rotation":{"angle":22.5,"axis":"x","origin":[4.388674,25.1572,-1.4678926]},"faces":{"east":{"uv":[9.5625,4.25,9.6875,4.375],"rotation":0,"texture":"#0","tintindex":0},"south":{"uv":[5.46875,9.5625,5.59375,9.6875],"rotation":0,"texture":"#0","tintindex":0},"north":{"uv":[9.5625,3.71875,9.6875,3.84375],"rotation":0,"texture":"#0","tintindex":0},"west":{"uv":[6.03125,9.5625,6.15625,9.6875],"rotation":0,"texture":"#0","tintindex":0},"up":{"uv":[9.6875,6.3125,9.5625,6.1875],"rotation":0,"texture":"#0","tintindex":0},"down":{"uv":[6.75,9.5625,6.625,9.6875],"rotation":0,"texture":"#0","tintindex":0}}},{"from":[7.245714,17.650455,11.864622],"to":[8.845715,19.250456,13.4646225],"rotation":{"angle":45.0,"axis":"x","origin":[4.388674,25.1572,-1.4678926]},"faces":{"east":{"uv":[9.875,8.125,9.96875,8.21875],"rotation":0,"texture":"#0","tintindex":0},"south":{"uv":[9.875,8.6875,9.96875,8.78125],"rotation":0,"texture":"#0","tintindex":0},"north":{"uv":[8.03125,9.875,8.125,9.96875],"rotation":0,"texture":"#0","tintindex":0},"west":{"uv":[8.75,9.875,8.84375,9.96875],"rotation":0,"texture":"#0","tintindex":0},"up":{"uv":[9.96875,8.875,9.875,8.78125],"rotation":0,"texture":"#0","tintindex":0},"down":{"uv":[8.9375,9.875,8.84375,9.96875],"rotation":0,"texture":"#0","tintindex":0}}},{"from":[7.4742856,10.304954,1.4718537],"to":[8.617143,11.447811,3.7575684],"rotation":{"angle":0.0,"axis":"y","origin":[4.388674,25.1572,-1.4678926]},"faces":{"east":{"uv":[7.75,4.84375,7.90625,4.9375],"rotation":0,"texture":"#0","tintindex":0},"south":{"uv":[8.9375,9.875,9.03125,9.96875],"rotation":0,"texture":"#0","tintindex":0},"north":{"uv":[9.875,8.875,9.96875,8.96875],"rotation":0,"texture":"#0","tintindex":0},"west":{"uv":[9.71875,2.90625,9.875,3.0],"rotation":0,"texture":"#0","tintindex":0},"up":{"uv":[9.125,9.90625,9.03125,9.75],"rotation":0,"texture":"#0","tintindex":0},"down":{"uv":[3.0625,9.78125,2.96875,9.9375],"rotation":0,"texture":"#0","tintindex":0}}},{"from":[7.702857,8.953057,-6.417445],"to":[8.388572,9.638772,-4.588874],"rotation":{"angle":-22.5,"axis":"x","origin":[4.5029593,26.985771,-5.810749]},"faces":{"east":{"uv":[9.71875,4.09375,9.875,4.1875],"rotation":0,"texture":"#0","tintindex":0},"south":{"uv":[9.875,9.1875,9.96875,9.28125],"rotation":0,"texture":"#0","tintindex":0},"north":{"uv":[9.875,8.96875,9.96875,9.0625],"rotation":0,"texture":"#0","tintindex":0},"west":{"uv":[9.75,4.75,9.90625,4.84375],"rotation":0,"texture":"#0","tintindex":0},"up":{"uv":[3.6875,9.9375,3.59375,9.78125],"rotation":0,"texture":"#0","tintindex":0},"down":{"uv":[4.1875,9.78125,4.09375,9.9375],"rotation":0,"texture":"#0","tintindex":0}}}],"textures":{"0":"modelengine:entity/nocsy_dragon_saddled_version"},"display":{"head":{"translation":[0.0,-6.4,0.0],"scale":[4.0,4.0,4.0]}}}