{"elements":[{"from":[5.860317,9.635253,10.999653],"to":[10.4317465,14.206682,14.428225],"rotation":{"angle":-22.5,"axis":"x","origin":[8.146031,-6.239994,19.422813]},"faces":{"east":{"uv":[8.96875,8.1875,9.15625,8.4375],"rotation":0,"texture":"#0","tintindex":0},"south":{"uv":[6.84375,8.6875,7.09375,8.9375],"rotation":0,"texture":"#0","tintindex":0},"north":{"uv":[6.59375,8.6875,6.84375,8.9375],"rotation":0,"texture":"#0","tintindex":0},"west":{"uv":[9.0,0.0,9.1875,0.25],"rotation":0,"texture":"#0","tintindex":0},"up":{"uv":[9.21875,8.625,8.96875,8.4375],"rotation":0,"texture":"#0","tintindex":0},"down":{"uv":[2.125,9.0,1.875,9.1875],"rotation":0,"texture":"#0","tintindex":0}}},{"from":[5.174603,13.063826,9.856795],"to":[7.4603176,15.349539,13.285367],"rotation":{"angle":-22.5,"axis":"x","origin":[8.146031,-6.239994,19.422813]},"faces":{"east":{"uv":[9.4375,6.6875,9.625,6.8125],"rotation":0,"texture":"#0","tintindex":0},"south":{"uv":[8.90625,9.75,9.03125,9.875],"rotation":0,"texture":"#0","tintindex":0},"north":{"uv":[9.75,8.84375,9.875,8.96875],"rotation":0,"texture":"#0","tintindex":0},"west":{"uv":[7.0,9.4375,7.1875,9.5625],"rotation":0,"texture":"#0","tintindex":0},"up":{"uv":[6.34375,9.625,6.21875,9.4375],"rotation":0,"texture":"#0","tintindex":0},"down":{"uv":[7.3125,9.4375,7.1875,9.625],"rotation":0,"texture":"#0","tintindex":0}}},{"from":[8.717461,13.063826,9.856795],"to":[11.003175,15.349539,13.285367],"rotation":{"angle":-22.5,"axis":"x","origin":[8.146031,-6.239994,19.422813]},"faces":{"east":{"uv":[9.4375,7.15625,9.625,7.28125],"rotation":0,"texture":"#0","tintindex":0},"south":{"uv":[9.75,9.21875,9.875,9.34375],"rotation":0,"texture":"#0","tintindex":0},"north":{"uv":[9.75,8.96875,9.875,9.09375],"rotation":0,"texture":"#0","tintindex":0},"west":{"uv":[7.84375,9.4375,8.03125,9.5625],"rotation":0,"texture":"#0","tintindex":0},"up":{"uv":[8.15625,9.625,8.03125,9.4375],"rotation":0,"texture":"#0","tintindex":0},"down":{"uv":[9.5625,8.03125,9.4375,8.21875],"rotation":0,"texture":"#0","tintindex":0}}},{"from":[9.060318,10.313559,14.518178],"to":[10.660317,11.913558,17.261036],"rotation":{"angle":-45.0,"axis":"x","origin":[9.860317,-5.820224,12.074225]},"faces":{"east":{"uv":[0.96875,9.875,1.125,9.96875],"rotation":0,"texture":"#0","tintindex":0},"south":{"uv":[9.96875,7.125,10.0625,7.21875],"rotation":0,"texture":"#0","tintindex":0},"north":{"uv":[7.09375,9.96875,7.1875,10.0625],"rotation":0,"texture":"#0","tintindex":0},"west":{"uv":[1.125,9.875,1.28125,9.96875],"rotation":0,"texture":"#0","tintindex":0},"up":{"uv":[9.96875,1.375,9.875,1.21875],"rotation":0,"texture":"#0","tintindex":0},"down":{"uv":[1.375,9.875,1.28125,10.03125],"rotation":0,"texture":"#0","tintindex":0}}},{"from":[9.746032,8.199272,10.232464],"to":[9.746032,12.770701,14.803892],"rotation":{"angle":-45.0,"axis":"x","origin":[9.860317,-5.820224,12.074225]},"faces":{"east":{"uv":[8.6875,7.5,8.9375,7.75],"rotation":0,"texture":"#0","tintindex":0},"south":{"uv":[0.0,0.0,0.0,0.25],"rotation":0,"texture":"#0","tintindex":0},"north":{"uv":[0.0,0.0,0.0,0.25],"rotation":0,"texture":"#0","tintindex":0},"west":{"uv":[8.71875,1.71875,8.96875,1.96875],"rotation":0,"texture":"#0","tintindex":0},"up":{"uv":[0.0,0.25,0.0,0.0],"rotation":0,"texture":"#0","tintindex":0},"down":{"uv":[0.0,0.0,0.0,0.25],"rotation":0,"texture":"#0","tintindex":0}}},{"from":[6.146032,8.199272,10.232464],"to":[6.146032,12.770701,14.803892],"rotation":{"angle":-45.0,"axis":"x","origin":[9.860317,-5.820224,12.074225]},"faces":{"east":{"uv":[8.71875,1.96875,8.96875,2.21875],"rotation":0,"texture":"#0","tintindex":0},"south":{"uv":[0.0,0.0,0.0,0.25],"rotation":0,"texture":"#0","tintindex":0},"north":{"uv":[0.0,0.0,0.0,0.25],"rotation":0,"texture":"#0","tintindex":0},"west":{"uv":[8.71875,2.21875,8.96875,2.46875],"rotation":0,"texture":"#0","tintindex":0},"up":{"uv":[0.0,0.25,0.0,0.0],"rotation":0,"texture":"#0","tintindex":0},"down":{"uv":[0.0,0.0,0.0,0.25],"rotation":0,"texture":"#0","tintindex":0}}},{"from":[7.688889,4.9121656,4.8510637],"to":[7.688889,9.483595,9.422492],"rotation":{"angle":-22.5,"axis":"x","origin":[9.860317,-5.820224,12.074225]},"faces":{"east":{"uv":[8.71875,2.46875,8.96875,2.71875],"rotation":0,"texture":"#0","tintindex":0},"south":{"uv":[0.0,0.0,0.0,0.25],"rotation":0,"texture":"#0","tintindex":0},"north":{"uv":[0.0,0.0,0.0,0.25],"rotation":0,"texture":"#0","tintindex":0},"west":{"uv":[8.71875,2.71875,8.96875,2.96875],"rotation":0,"texture":"#0","tintindex":0},"up":{"uv":[0.0,0.25,0.0,0.0],"rotation":0,"texture":"#0","tintindex":0},"down":{"uv":[0.0,0.0,0.0,0.25],"rotation":0,"texture":"#0","tintindex":0}}},{"from":[5.4031744,10.313559,14.518178],"to":[7.003175,11.913558,17.261036],"rotation":{"angle":-45.0,"axis":"x","origin":[9.860317,-5.820224,12.074225]},"faces":{"east":{"uv":[9.875,1.375,10.03125,1.46875],"rotation":0,"texture":"#0","tintindex":0},"south":{"uv":[9.96875,7.21875,10.0625,7.3125],"rotation":0,"texture":"#0","tintindex":0},"north":{"uv":[7.1875,9.96875,7.28125,10.0625],"rotation":0,"texture":"#0","tintindex":0},"west":{"uv":[1.65625,9.875,1.8125,9.96875],"rotation":0,"texture":"#0","tintindex":0},"up":{"uv":[9.96875,1.84375,9.875,1.6875],"rotation":0,"texture":"#0","tintindex":0},"down":{"uv":[1.90625,9.875,1.8125,10.03125],"rotation":0,"texture":"#0","tintindex":0}}},{"from":[6.888889,8.606682,9.856795],"to":[9.174603,10.892396,13.285367],"rotation":{"angle":-22.5,"axis":"x","origin":[8.146031,-6.239994,19.422813]},"faces":{"east":{"uv":[9.4375,8.21875,9.625,8.34375],"rotation":0,"texture":"#0","tintindex":0},"south":{"uv":[9.78125,2.3125,9.90625,2.4375],"rotation":0,"texture":"#0","tintindex":0},"north":{"uv":[9.78125,0.25,9.90625,0.375],"rotation":0,"texture":"#0","tintindex":0},"west":{"uv":[8.4375,9.4375,8.625,9.5625],"rotation":0,"texture":"#0","tintindex":0},"up":{"uv":[8.28125,9.625,8.15625,9.4375],"rotation":0,"texture":"#0","tintindex":0},"down":{"uv":[9.125,9.4375,9.0,9.625],"rotation":0,"texture":"#0","tintindex":0}}}],"textures":{"0":"modelengine:entity/nocsy_dragon_saddled_version"},"display":{"head":{"translation":[0.0,-6.4,0.0],"scale":[4.0,4.0,4.0]}}}