{"elements":[{"from":[6.9026976,-1.0419025,0.444654],"to":[8.502698,10.158097,2.044654],"rotation":{"angle":0.0,"axis":"y","origin":[8.320345,-6.670192,10.904676]},"faces":{"east":{"uv":[1.84375,7.8125,1.96875,8.6875],"rotation":0,"texture":"#0","tintindex":0},"south":{"uv":[1.96875,7.8125,2.09375,8.6875],"rotation":0,"texture":"#0","tintindex":0},"north":{"uv":[1.71875,7.8125,1.84375,8.6875],"rotation":0,"texture":"#0","tintindex":0},"west":{"uv":[4.875,7.84375,5.0,8.71875],"rotation":0,"texture":"#0","tintindex":0},"up":{"uv":[6.875,9.6875,6.75,9.5625],"rotation":0,"texture":"#0","tintindex":0},"down":{"uv":[7.0,9.5625,6.875,9.6875],"rotation":0,"texture":"#0","tintindex":0}}},{"from":[7.622698,-1.0419025,0.444654],"to":[7.622698,31.758099,26.044655],"rotation":{"angle":0.0,"axis":"y","origin":[8.320345,-6.670192,10.904676]},"faces":{"east":{"uv":[0.0,0.0,2.0,2.5625],"rotation":0,"texture":"#0","tintindex":0},"south":{"uv":[0.0,0.0,0.0,2.5625],"rotation":0,"texture":"#0","tintindex":0},"north":{"uv":[0.0,0.0,0.0,2.5625],"rotation":0,"texture":"#0","tintindex":0},"west":{"uv":[2.0,0.0,4.0,2.5625],"rotation":0,"texture":"#0","tintindex":0},"up":{"uv":[0.0,2.0,0.0,0.0],"rotation":0,"texture":"#0","tintindex":0},"down":{"uv":[0.0,0.0,0.0,2.0],"rotation":0,"texture":"#0","tintindex":0}}},{"from":[6.9826975,13.285088,4.06392],"to":[8.422698,14.725089,12.70392],"rotation":{"angle":-45.0,"axis":"x","origin":[9.120345,2.9298086,20.664677]},"faces":{"east":{"uv":[7.96875,6.125,8.65625,6.25],"rotation":0,"texture":"#0","tintindex":0},"south":{"uv":[9.5625,7.59375,9.6875,7.71875],"rotation":0,"texture":"#0","tintindex":0},"north":{"uv":[7.0,9.5625,7.125,9.6875],"rotation":0,"texture":"#0","tintindex":0},"west":{"uv":[8.09375,0.875,8.78125,1.0],"rotation":0,"texture":"#0","tintindex":0},"up":{"uv":[6.125,8.84375,6.0,8.15625],"rotation":0,"texture":"#0","tintindex":0},"down":{"uv":[7.34375,8.1875,7.21875,8.875],"rotation":0,"texture":"#0","tintindex":0}}},{"from":[6.9826975,-1.521903,-1.2353458],"to":[8.422698,-0.081902504,1.8046541],"rotation":{"angle":0.0,"axis":"y","origin":[9.120345,2.9298086,20.664677]},"faces":{"east":{"uv":[9.15625,4.9375,9.40625,5.0625],"rotation":0,"texture":"#0","tintindex":0},"south":{"uv":[7.84375,9.5625,7.96875,9.6875],"rotation":0,"texture":"#0","tintindex":0},"north":{"uv":[9.5625,7.71875,9.6875,7.84375],"rotation":0,"texture":"#0","tintindex":0},"west":{"uv":[9.15625,5.46875,9.40625,5.59375],"rotation":0,"texture":"#0","tintindex":0},"up":{"uv":[4.71875,9.40625,4.59375,9.15625],"rotation":0,"texture":"#0","tintindex":0},"down":{"uv":[6.0625,9.15625,5.9375,9.40625],"rotation":0,"texture":"#0","tintindex":0}}},{"from":[6.8226976,-5.483797,-0.3618393],"to":[8.582698,-3.7237968,1.3981609],"rotation":{"angle":22.5,"axis":"x","origin":[9.120345,2.3698082,9.824676]},"faces":{"east":{"uv":[9.5625,7.96875,9.6875,8.09375],"rotation":0,"texture":"#0","tintindex":0},"south":{"uv":[9.5625,8.09375,9.6875,8.21875],"rotation":0,"texture":"#0","tintindex":0},"north":{"uv":[9.5625,7.84375,9.6875,7.96875],"rotation":0,"texture":"#0","tintindex":0},"west":{"uv":[8.40625,9.5625,8.53125,9.6875],"rotation":0,"texture":"#0","tintindex":0},"up":{"uv":[9.6875,8.5625,9.5625,8.4375],"rotation":0,"texture":"#0","tintindex":0},"down":{"uv":[9.6875,9.40625,9.5625,9.53125],"rotation":0,"texture":"#0","tintindex":0}}},{"from":[7.0626974,-8.390947,2.1893969],"to":[8.342697,-7.1109486,3.4693966],"rotation":{"angle":45.0,"axis":"x","origin":[9.120345,2.3698082,9.824676]},"faces":{"east":{"uv":[0.53125,9.59375,0.65625,9.71875],"rotation":0,"texture":"#0","tintindex":0},"south":{"uv":[9.59375,0.6875,9.71875,0.8125],"rotation":0,"texture":"#0","tintindex":0},"north":{"uv":[0.0,9.59375,0.125,9.71875],"rotation":0,"texture":"#0","tintindex":0},"west":{"uv":[9.59375,1.0625,9.71875,1.1875],"rotation":0,"texture":"#0","tintindex":0},"up":{"uv":[9.71875,1.3125,9.59375,1.1875],"rotation":0,"texture":"#0","tintindex":0},"down":{"uv":[9.71875,1.6875,9.59375,1.8125],"rotation":0,"texture":"#0","tintindex":0}}},{"from":[7.3026977,4.762856,-2.789362],"to":[8.102697,6.3628564,-1.9893618],"rotation":{"angle":-22.5,"axis":"x","origin":[9.120345,2.3698082,9.824676]},"faces":{"east":{"uv":[9.78125,6.8125,9.875,6.96875],"rotation":0,"texture":"#0","tintindex":0},"south":{"uv":[7.5,9.78125,7.59375,9.9375],"rotation":0,"texture":"#0","tintindex":0},"north":{"uv":[9.78125,6.40625,9.875,6.5625],"rotation":0,"texture":"#0","tintindex":0},"west":{"uv":[7.59375,9.78125,7.6875,9.9375],"rotation":0,"texture":"#0","tintindex":0},"up":{"uv":[9.40625,9.96875,9.3125,9.875],"rotation":0,"texture":"#0","tintindex":0},"down":{"uv":[9.5,9.875,9.40625,9.96875],"rotation":0,"texture":"#0","tintindex":0}}},{"from":[6.9866977,9.326857,8.854639],"to":[8.418697,10.758857,19.08664],"rotation":{"angle":-22.5,"axis":"x","origin":[9.120345,2.9298086,20.664677]},"faces":{"east":{"uv":[7.78125,3.375,8.59375,3.5],"rotation":0,"texture":"#0","tintindex":0},"south":{"uv":[9.59375,2.625,9.71875,2.75],"rotation":0,"texture":"#0","tintindex":0},"north":{"uv":[9.59375,2.15625,9.71875,2.28125],"rotation":0,"texture":"#0","tintindex":0},"west":{"uv":[7.78125,3.5,8.59375,3.625],"rotation":0,"texture":"#0","tintindex":0},"up":{"uv":[4.875,8.6875,4.75,7.875],"rotation":0,"texture":"#0","tintindex":0},"down":{"uv":[0.75,8.0,0.625,8.8125],"rotation":0,"texture":"#0","tintindex":0}}},{"from":[6.9826975,8.159618,16.366493],"to":[8.422698,9.599618,26.606493],"rotation":{"angle":0.0,"axis":"y","origin":[9.120345,14.091329,33.186516]},"faces":{"east":{"uv":[7.78125,3.625,8.59375,3.75],"rotation":0,"texture":"#0","tintindex":0},"south":{"uv":[9.59375,2.875,9.71875,3.0],"rotation":0,"texture":"#0","tintindex":0},"north":{"uv":[9.59375,2.75,9.71875,2.875],"rotation":0,"texture":"#0","tintindex":0},"west":{"uv":[7.90625,0.4375,8.71875,0.5625],"rotation":0,"texture":"#0","tintindex":0},"up":{"uv":[3.46875,8.8125,3.34375,8.0],"rotation":0,"texture":"#0","tintindex":0},"down":{"uv":[3.59375,8.0,3.46875,8.8125],"rotation":0,"texture":"#0","tintindex":0}}},{"from":[6.8226976,8.0396185,24.846495],"to":[8.582698,9.799618,28.206493],"rotation":{"angle":0.0,"axis":"y","origin":[9.120345,13.851329,32.746513]},"faces":{"east":{"uv":[9.15625,6.0,9.40625,6.125],"rotation":0,"texture":"#0","tintindex":0},"south":{"uv":[9.59375,3.53125,9.71875,3.65625],"rotation":0,"texture":"#0","tintindex":0},"north":{"uv":[9.59375,3.40625,9.71875,3.53125],"rotation":0,"texture":"#0","tintindex":0},"west":{"uv":[9.15625,6.125,9.40625,6.25],"rotation":0,"texture":"#0","tintindex":0},"up":{"uv":[6.625,9.40625,6.5,9.15625],"rotation":0,"texture":"#0","tintindex":0},"down":{"uv":[9.28125,8.1875,9.15625,8.4375],"rotation":0,"texture":"#0","tintindex":0}}},{"from":[7.0626974,4.4777236,29.839998],"to":[8.342697,5.757724,31.12],"rotation":{"angle":22.5,"axis":"x","origin":[9.120345,12.09133,38.826515]},"faces":{"east":{"uv":[4.375,9.59375,4.5,9.71875],"rotation":0,"texture":"#0","tintindex":0},"south":{"uv":[9.59375,4.59375,9.71875,4.71875],"rotation":0,"texture":"#0","tintindex":0},"north":{"uv":[9.59375,4.0625,9.71875,4.1875],"rotation":0,"texture":"#0","tintindex":0},"west":{"uv":[9.59375,4.90625,9.71875,5.03125],"rotation":0,"texture":"#0","tintindex":0},"up":{"uv":[9.71875,5.90625,9.59375,5.78125],"rotation":0,"texture":"#0","tintindex":0},"down":{"uv":[6.0,9.59375,5.875,9.71875],"rotation":0,"texture":"#0","tintindex":0}}},{"from":[7.3026977,4.7177234,30.4],"to":[8.102697,5.5177236,32.0],"rotation":{"angle":22.5,"axis":"x","origin":[9.120345,12.09133,38.826515]},"faces":{"east":{"uv":[9.75,5.59375,9.90625,5.6875],"rotation":0,"texture":"#0","tintindex":0},"south":{"uv":[9.875,9.53125,9.96875,9.625],"rotation":0,"texture":"#0","tintindex":0},"north":{"uv":[9.875,9.4375,9.96875,9.53125],"rotation":0,"texture":"#0","tintindex":0},"west":{"uv":[9.75,6.0625,9.90625,6.15625],"rotation":0,"texture":"#0","tintindex":0},"up":{"uv":[8.28125,9.9375,8.1875,9.78125],