{"elements":[{"from":[7.030539,7.0012646,6.7815],"to":[9.7733965,23.458408,9.524357],"rotation":{"angle":0.0,"axis":"y","origin":[7.030539,14.527908,21.953224]},"faces":{"east":{"uv":[7.375,4.9375,7.53125,5.84375],"rotation":0,"texture":"#0","tintindex":0},"south":{"uv":[3.625,7.4375,3.78125,8.34375],"rotation":0,"texture":"#0","tintindex":0},"north":{"uv":[4.34375,7.375,4.5,8.28125],"rotation":0,"texture":"#0","tintindex":0},"west":{"uv":[3.78125,7.4375,3.9375,8.34375],"rotation":0,"texture":"#0","tintindex":0},"up":{"uv":[6.65625,6.28125,6.5,6.125],"rotation":0,"texture":"#0","tintindex":0},"down":{"uv":[9.375,7.65625,9.21875,7.8125],"rotation":0,"texture":"#0","tintindex":0}}},{"from":[6.4591103,1.1726933,6.9529285],"to":[8.973396,13.401265,9.467215],"rotation":{"angle":22.5,"axis":"z","origin":[8.401968,15.229836,8.152928]},"faces":{"east":{"uv":[0.0,8.0,0.15625,8.6875],"rotation":0,"texture":"#0","tintindex":0},"south":{"uv":[0.15625,8.0,0.3125,8.6875],"rotation":0,"texture":"#0","tintindex":0},"north":{"uv":[7.96875,5.4375,8.125,6.125],"rotation":0,"texture":"#0","tintindex":0},"west":{"uv":[0.3125,8.0,0.46875,8.6875],"rotation":0,"texture":"#0","tintindex":0},"up":{"uv":[7.875,9.375,7.71875,9.21875],"rotation":0,"texture":"#0","tintindex":0},"down":{"uv":[9.375,7.8125,9.21875,7.96875],"rotation":0,"texture":"#0","tintindex":0}}},{"from":[7.9448247,6.658407,6.4386425],"to":[7.9448247,23.801266,20.152927],"rotation":{"angle":0.0,"axis":"y","origin":[7.030539,14.527908,21.953224]},"faces":{"east":{"uv":[3.0,5.125,3.75,6.0625],"rotation":0,"texture":"#0","tintindex":0},"south":{"uv":[0.0,0.0,0.0,0.9375],"rotation":0,"texture":"#0","tintindex":0},"north":{"uv":[0.0,0.0,0.0,0.9375],"rotation":0,"texture":"#0","tintindex":0},"west":{"uv":[3.75,5.5,4.5,6.4375],"rotation":0,"texture":"#0","tintindex":0},"up":{"uv":[0.0,0.75,0.0,0.0],"rotation":0,"texture":"#0","tintindex":0},"down":{"uv":[0.0,0.0,0.0,0.75],"rotation":0,"texture":"#0","tintindex":0}}},{"from":[7.1448245,21.515553,7.0100713],"to":[9.201967,23.572693,14.7815],"rotation":{"angle":0.0,"axis":"y","origin":[7.030539,14.527908,21.953224]},"faces":{"east":{"uv":[1.125,8.9375,1.5625,9.0625],"rotation":0,"texture":"#0","tintindex":0},"south":{"uv":[0.5,8.6875,0.625,8.8125],"rotation":0,"texture":"#0","tintindex":0},"north":{"uv":[1.0625,8.53125,1.1875,8.65625],"rotation":0,"texture":"#0","tintindex":0},"west":{"uv":[2.21875,8.9375,2.65625,9.0625],"rotation":0,"texture":"#0","tintindex":0},"up":{"uv":[7.21875,8.8125,7.09375,8.375],"rotation":0,"texture":"#0","tintindex":0},"down":{"uv":[5.9375,8.90625,5.8125,9.34375],"rotation":0,"texture":"#0","tintindex":0}}},{"from":[7.150539,16.847992,17.253063],"to":[9.196254,18.893707,21.584492],"rotation":{"angle":22.5,"axis":"x","origin":[8.173396,27.099339,27.896082]},"faces":{"east":{"uv":[9.15625,2.78125,9.40625,2.90625],"rotation":0,"texture":"#0","tintindex":0},"south":{"uv":[8.71875,0.4375,8.84375,0.5625],"rotation":0,"texture":"#0","tintindex":0},"north":{"uv":[3.21875,8.6875,3.34375,8.8125],"rotation":0,"texture":"#0","tintindex":0},"west":{"uv":[3.78125,9.15625,4.03125,9.28125],"rotation":0,"texture":"#0","tintindex":0},"up":{"uv":[7.5,2.09375,7.375,1.84375],"rotation":0,"texture":"#0","tintindex":0},"down":{"uv":[4.59375,9.15625,4.46875,9.40625],"rotation":0,"texture":"#0","tintindex":0}}},{"from":[6.916253,16.613708,20.447348],"to":[9.430539,19.127995,24.10449],"rotation":{"angle":22.5,"axis":"x","origin":[8.173396,27.099339,27.896082]},"faces":{"east":{"uv":[8.1875,7.65625,8.375,7.78125],"rotation":0,"texture":"#0","tintindex":0},"south":{"uv":[9.5,9.28125,9.625,9.40625],"rotation":0,"texture":"#0","tintindex":0},"north":{"uv":[9.5,5.65625,9.625,5.78125],"rotation":0,"texture":"#0","tintindex":0},"west":{"uv":[9.25,7.15625,9.4375,7.28125],"rotation":0,"texture":"#0","tintindex":0},"up":{"uv":[5.5,8.6875,5.375,8.5],"rotation":0,"texture":"#0","tintindex":0},"down":{"uv":[2.5,9.28125,2.375,9.46875],"rotation":0,"texture":"#0","tintindex":0}}},{"from":[7.2591105,8.379453,28.253117],"to":[9.087682,10.208024,30.081686],"rotation":{"angle":45.0,"axis":"x","origin":[8.173396,24.535786,37.9674]},"faces":{"east":{"uv":[9.53125,6.875,9.65625,7.0],"rotation":0,"texture":"#0","tintindex":0},"south":{"uv":[9.40625,9.53125,9.53125,9.65625],"rotation":0,"texture":"#0","tintindex":0},"north":{"uv":[9.53125,2.5,9.65625,2.625],"rotation":0,"texture":"#0","tintindex":0},"west":{"uv":[9.53125,9.53125,9.65625,9.65625],"rotation":0,"texture":"#0","tintindex":0},"up":{"uv":[9.6875,0.125,9.5625,0.0],"rotation":0,"texture":"#0","tintindex":0},"down":{"uv":[0.25,9.5625,0.125,9.6875],"rotation":0,"texture":"#0","tintindex":0}}},{"from":[7.601968,25.461618,20.289398],"to":[8.744824,26.604475,21.432255],"rotation":{"angle":-22.5,"axis":"x","origin":[8.173396,24.535786,37.9674]},"faces":{"east":{"uv":[7.1875,9.875,7.28125,9.96875],"rotation":0,"texture":"#0","tintindex":0},"south":{"uv":[9.875,7.1875,9.96875,7.28125],"rotation":0,"texture":"#0","tintindex":0},"north":{"uv":[9.875,7.09375,9.96875,7.1875],"rotation":0,"texture":"#0","tintindex":0},"west":{"uv":[9.875,7.28125,9.96875,7.375],"rotation":0,"texture":"#0","tintindex":0},"up":{"uv":[9.96875,7.46875,9.875,7.375],"rotation":0,"texture":"#0","tintindex":0},"down":{"uv":[8.03125,9.875,7.9375,9.96875],"rotation":0,"texture":"#0","tintindex":0}}}],"textures":{"0":"modelengine:entity/nocsy_dragon_saddled_version"},"display":{"head":{"translation":[0.0,-6.4,0.0],"scale":[4.0,4.0,4.0]}}}