{"elements":[{"from":[6.6771398,7.40759,-6.8571453],"to":[8.962854,23.407589,-4.57143],"rotation":{"angle":0.0,"axis":"y","origin":[7.2150164,-11.393469,7.651819]},"faces":{"east":{"uv":[1.34375,7.8125,1.46875,8.6875],"rotation":0,"texture":"#0","tintindex":0},"south":{"uv":[1.46875,7.8125,1.59375,8.6875],"rotation":0,"texture":"#0","tintindex":0},"north":{"uv":[1.21875,7.8125,1.34375,8.6875],"rotation":0,"texture":"#0","tintindex":0},"west":{"uv":[1.59375,7.8125,1.71875,8.6875],"rotation":0,"texture":"#0","tintindex":0},"up":{"uv":[0.375,9.6875,0.25,9.5625],"rotation":0,"texture":"#0","tintindex":0},"down":{"uv":[1.53125,9.5625,1.40625,9.6875],"rotation":0,"texture":"#0","tintindex":0}}},{"from":[7.7057114,-0.59241104,-6.8571453],"to":[7.7057114,24.550447,32.0],"rotation":{"angle":0.0,"axis":"y","origin":[7.2150164,-11.393469,7.651819]},"faces":{"east":{"uv":[4.0,0.0,6.125,1.375],"rotation":0,"texture":"#0","tintindex":0},"south":{"uv":[0.0,0.0,0.0,1.375],"rotation":0,"texture":"#0","tintindex":0},"north":{"uv":[0.0,0.0,0.0,1.375],"rotation":0,"texture":"#0","tintindex":0},"west":{"uv":[4.0,1.375,6.125,2.75],"rotation":0,"texture":"#0","tintindex":0},"up":{"uv":[0.0,2.125,0.0,0.0],"rotation":0,"texture":"#0","tintindex":0},"down":{"uv":[0.0,0.0,0.0,2.125],"rotation":0,"texture":"#0","tintindex":0}}}],"textures":{"0":"modelengine:entity/nocsy_dragon_saddled_version"},"display":{"head":{"translation":[0.0,-6.4,55.991013],"scale":[4.0,4.0,4.0]}}}