{"elements":[{"from":[5.16,6.2492323,7.125508],"to":[10.862857,8.523518,11.685508],"rotation":{"angle":0.0,"axis":"y","origin":[8.582857,10.284725,27.298643]},"faces":{"east":{"uv":[9.21875,1.5,9.46875,1.625],"rotation":0,"texture":"#0","tintindex":0},"south":{"uv":[9.09375,5.8125,9.40625,5.9375],"rotation":0,"texture":"#0","tintindex":0},"north":{"uv":[5.28125,9.09375,5.59375,9.21875],"rotation":0,"texture":"#0","tintindex":0},"west":{"uv":[9.21875,2.0625,9.46875,2.1875],"rotation":0,"texture":"#0","tintindex":0},"up":{"uv":[8.34375,8.65625,8.03125,8.40625],"rotation":0,"texture":"#0","tintindex":0},"down":{"uv":[8.65625,8.40625,8.34375,8.65625],"rotation":0,"texture":"#0","tintindex":0}}},{"from":[5.16,6.2492323,7.125508],"to":[10.862857,8.523518,11.685508],"rotation":{"angle":0.0,"axis":"y","origin":[8.582857,10.284725,27.298643]},"faces":{"east":{"uv":[9.21875,2.1875,9.46875,2.3125],"rotation":0,"texture":"#0","tintindex":0},"south":{"uv":[9.09375,9.0,9.40625,9.125],"rotation":0,"texture":"#0","tintindex":0},"north":{"uv":[9.09375,8.875,9.40625,9.0],"rotation":0,"texture":"#0","tintindex":0},"west":{"uv":[9.21875,2.3125,9.46875,2.4375],"rotation":0,"texture":"#0","tintindex":0},"up":{"uv":[8.75,5.59375,8.4375,5.34375],"rotation":0,"texture":"#0","tintindex":0},"down":{"uv":[8.75,5.59375,8.4375,5.84375],"rotation":0,"texture":"#0","tintindex":0}}},{"from":[4.1257143,-8.333103,15.408318],"to":[6.4114285,-4.9045315,17.694033],"rotation":{"angle":45.0,"axis":"x","origin":[8.582857,10.284725,27.298643]},"faces":{"east":{"uv":[1.84375,9.4375,1.96875,9.625],"rotation":0,"texture":"#0","tintindex":0},"south":{"uv":[1.96875,9.4375,2.09375,9.625],"rotation":0,"texture":"#0","tintindex":0},"north":{"uv":[1.71875,9.4375,1.84375,9.625],"rotation":0,"texture":"#0","tintindex":0},"west":{"uv":[2.09375,9.4375,2.21875,9.625],"rotation":0,"texture":"#0","tintindex":0},"up":{"uv":[3.59375,9.875,3.46875,9.75],"rotation":0,"texture":"#0","tintindex":0},"down":{"uv":[3.84375,9.75,3.71875,9.875],"rotation":0,"texture":"#0","tintindex":0}}},{"from":[6.754286,-8.333103,15.408318],"to":[9.04,-4.9045315,17.694033],"rotation":{"angle":45.0,"axis":"x","origin":[8.582857,10.284725,27.298643]},"faces":{"east":{"uv":[9.4375,3.09375,9.5625,3.28125],"rotation":0,"texture":"#0","tintindex":0},"south":{"uv":[9.4375,3.75,9.5625,3.9375],"rotation":0,"texture":"#0","tintindex":0},"north":{"uv":[2.21875,9.4375,2.34375,9.625],"rotation":0,"texture":"#0","tintindex":0},"west":{"uv":[3.78125,9.4375,3.90625,9.625],"rotation":0,"texture":"#0","tintindex":0},"up":{"uv":[9.875,3.90625,9.75,3.78125],"rotation":0,"texture":"#0","tintindex":0},"down":{"uv":[3.96875,9.75,3.84375,9.875],"rotation":0,"texture":"#0","tintindex":0}}},{"from":[9.725715,-8.333103,15.408318],"to":[12.011429,-4.9045315,17.694033],"rotation":{"angle":45.0,"axis":"x","origin":[8.582857,10.284725,27.298643]},"faces":{"east":{"uv":[4.25,9.4375,4.375,9.625],"rotation":0,"texture":"#0","tintindex":0},"south":{"uv":[4.71875,9.4375,4.84375,9.625],"rotation":0,"texture":"#0","tintindex":0},"north":{"uv":[3.90625,9.4375,4.03125,9.625],"rotation":0,"texture":"#0","tintindex":0},"west":{"uv":[4.84375,9.4375,4.96875,9.625],"rotation":0,"texture":"#0","tintindex":0},"up":{"uv":[4.09375,9.875,3.96875,9.75],"rotation":0,"texture":"#0","tintindex":0},"down":{"uv":[4.34375,9.75,4.21875,9.875],"rotation":0,"texture":"#0","tintindex":0}}},{"from":[7.0971427,-4.976411,9.514917],"to":[8.697143,-1.6621227,11.114918],"rotation":{"angle":22.5,"axis":"x","origin":[8.582857,10.284725,27.298643]},"faces":{"east":{"uv":[9.53125,4.40625,9.625,4.59375],"rotation":0,"texture":"#0","tintindex":0},"south":{"uv":[4.53125,9.53125,4.625,9.71875],"rotation":0,"texture":"#0","tintindex":0},"north":{"uv":[9.53125,2.3125,9.625,2.5],"rotation":0,"texture":"#0","tintindex":0},"west":{"uv":[4.625,9.53125,4.71875,9.71875],"rotation":0,"texture":"#0","tintindex":0},"up":{"uv":[3.84375,10.0625,3.75,9.96875],"rotation":0,"texture":"#0","tintindex":0},"down":{"uv":[3.9375,9.96875,3.84375,10.0625],"rotation":0,"texture":"#0","tintindex":0}}},{"from":[4.4685717,-4.976411,9.514917],"to":[6.0685716,-1.6621227,11.114918],"rotation":{"angle":22.5,"axis":"x","origin":[8.582857,10.284725,27.298643]},"faces":{"east":{"uv":[9.53125,5.3125,9.625,5.5],"rotation":0,"texture":"#0","tintindex":0},"south":{"uv":[5.78125,9.53125,5.875,9.71875],"rotation":0,"texture":"#0","tintindex":0},"north":{"uv":[9.53125,5.125,9.625,5.3125],"rotation":0,"texture":"#0","tintindex":0},"west":{"uv":[9.53125,6.0,9.625,6.1875],"rotation":0,"texture":"#0","tintindex":0},"up":{"uv":[4.03125,10.0625,3.9375,9.96875],"rotation":0,"texture":"#0","tintindex":0},"down":{"uv":[10.0625,4.15625,9.96875,4.25],"rotation":0,"texture":"#0","tintindex":0}}},{"from":[10.068571,-4.976411,9.514917],"to":[11.668571,-1.6621227,11.114918],"rotation":{"angle":22.5,"axis":"x","origin":[8.582857,10.284725,27.298643]},"faces":{"east":{"uv":[9.125,9.53125,9.21875,9.71875],"rotation":0,"texture":"#0","tintindex":0},"south":{"uv":[9.21875,9.53125,9.3125,9.71875],"rotation":0,"texture":"#0","tintindex":0},"north":{"uv":[9.53125,8.8125,9.625,9.0],"rotation":0,"texture":"#0","tintindex":0},"west":{"uv":[9.3125,9.53125,9.40625,9.71875],"rotation":0,"texture":"#0","tintindex":0},"up":{"uv":[10.0625,4.34375,9.96875,4.25],"rotation":0,"texture":"#0","tintindex":0},"down":{"uv":[10.0625,4.34375,9.96875,4.4375],"rotation":0,"texture":"#0","tintindex":0}}},{"from":[10.754286,-8.862125,9.17206],"to":[10.754286,-4.8621244,12.600632],"rotation":{"angle":22.5,"axis":"x","origin":[8.582857,10.284725,27.298643]},"faces":{"east":{"uv":[1.0625,9.0625,1.25,9.28125],"rotation":0,"texture":"#0","tintindex":0},"south":{"uv":[0.0,0.0,0.0,0.21875],"rotation":0,"texture":"#0","tintindex":0},"north":{"uv":[0.0,0.0,0.0,0.21875],"rotation":0,"texture":"#0","tintindex":0},"west":{"uv":[9.0625,1.0625,9.25,1.28125],"rotation":0,"texture":"#0","tintindex":0},"up":{"uv":[0.0,0.1875,0.0,0.0],"rotation":0,"texture":"#0","tintindex":0},"down":{"uv":[0.0,0.0,0.0,0.1875],"rotation":0,"texture":"#0","tintindex":0}}},{"from":[7.897143,-8.862125,9.17206],"to":[7.897143,-4.8621244,12.600632],"rotation":{"angle":22.5,"axis":"x","origin":[8.582857,10.284725,27.298643]},"faces":{"east":{"uv":[1.25,9.0625,1.4375,9.28125],"rotation":0,"texture":"#0","tintindex":0},"south":{"uv":[0.0,0.0,0.0,0.21875],"rotation":0,"texture":"#0","tintindex":0},"north":{"uv":[0.0,0.0,0.0,0.21875],"rotation":0,"texture":"#0","tintindex":0},"west":{"uv":[9.0625,1.28125,9.25,1.5],"rotation":0,"texture":"#0","tintindex":0},"up":{"uv":[0.0,0.1875,0.0,0.0],"rotation":0,"texture":"#0","tintindex":0},"down":{"uv":[0.0,0.0,0.0,0.1875],"rotation":0,"texture":"#0","tintindex":0}}},{"from":[5.268571,-8.862125,9.17206],"to":[5.268571,-4.8621244,12.600632],"rotation":{"angle":22.5,"axis":"x","origin":[8.582857,10.284725,27.298643]},"faces":{"east":{"uv":[2.125,9.0625,2.3125,9.28125],"rotation":0,"texture":"#0","tintindex":0},"south":{"uv":[0.0,0.0,0.0,0.21875],"rotation":0,"texture":"#0","tintindex":0},"north":{"uv":[0.0,0.0,0.0,0.21875],"rotation":0,"texture":"#0","tintindex":0},"west":{"uv":[2.3125,9.0625,2.5,9.28125],"rotation":0,"texture":"#0","tintindex":0},"up":{"uv":[0.0,0.1875,0.0,0.0],"rotation":0,"texture":"#0","tintindex":0},"down":{"uv":[0.0,0.0,0.0,0.1875],"rotation":0,"texture":"#0","tintindex":0}}}],"textures":{"0":"modelengine:entity/nocsy_dragon_saddled_version"},"display":{"head":{"translation":[0.0,-6.4,0.0],"scale":[4.0,4.0,4.0]}}}