{"elements":[{"from":[1.7142854,-2.8571434,1.8582048],"to":[11.428572,7.428571,13.286777],"rotation":{"angle":0.0,"axis":"y","origin":[8.0,-2.6285725,-5.913224]},"faces":{"east":{"uv":[6.125,1.1875,6.75,1.75],"rotation":0,"texture":"#0","tintindex":0},"south":{"uv":[1.78125,6.375,2.3125,6.9375],"rotation":0,"texture":"#0","tintindex":0},"north":{"uv":[1.25,6.375,1.78125,6.9375],"rotation":0,"texture":"#0","tintindex":0},"west":{"uv":[6.125,1.75,6.75,2.3125],"rotation":0,"texture":"#0","tintindex":0},"up":{"uv":[6.65625,2.9375,6.125,2.3125],"rotation":0,"texture":"#0","tintindex":0},"down":{"uv":[6.65625,2.9375,6.125,3.5625],"rotation":0,"texture":"#0","tintindex":0}}},{"from":[2.565714,7.4228573,4.3096333],"to":[10.577143,8.577143,12.321062],"rotation":{"angle":0.0,"axis":"y","origin":[9.428572,-2.6285725,-6.884653]},"faces":{"east":{"uv":[9.15625,5.0625,9.59375,5.125],"rotation":0,"texture":"#0","tintindex":0},"south":{"uv":[9.15625,5.59375,9.59375,5.65625],"rotation":0,"texture":"#0","tintindex":0},"north":{"uv":[9.15625,0.4375,9.59375,0.5],"rotation":0,"texture":"#0","tintindex":0},"west":{"uv":[9.1875,4.84375,9.625,4.90625],"rotation":0,"texture":"#0","tintindex":0},"up":{"uv":[3.71875,7.375,3.28125,6.9375],"rotation":0,"texture":"#0","tintindex":0},"down":{"uv":[7.375,5.4375,6.9375,5.875],"rotation":0,"texture":"#0","tintindex":0}}},{"from":[1.9999995,7.428571,11.629634],"to":[11.142858,8.571428,12.772491],"rotation":{"angle":0.0,"axis":"y","origin":[10.0,-2.6285725,-6.9989376]},"faces":{"east":{"uv":[1.1875,6.875,1.25,6.9375],"rotation":0,"texture":"#0","tintindex":0},"south":{"uv":[9.0,0.25,9.5,0.3125],"rotation":0,"texture":"#0","tintindex":0},"north":{"uv":[8.125,6.0625,8.625,6.125],"rotation":0,"texture":"#0","tintindex":0},"west":{"uv":[7.53125,2.5,7.59375,2.5625],"rotation":0,"texture":"#0","tintindex":0},"up":{"uv":[9.5,4.125,9.0,4.0625],"rotation":0,"texture":"#0","tintindex":0},"down":{"uv":[9.59375,5.9375,9.09375,6.0],"rotation":0,"texture":"#0","tintindex":0}}},{"from":[1.9942851,7.4228573,3.623919],"to":[11.148572,8.577143,4.778205],"rotation":{"angle":0.0,"axis":"y","origin":[10.0,-2.6285725,-14.9989395]},"faces":{"east":{"uv":[2.0625,7.75,2.125,7.8125],"rotation":0,"texture":"#0","tintindex":0},"south":{"uv":[9.125,7.09375,9.625,7.15625],"rotation":0,"texture":"#0","tintindex":0},"north":{"uv":[9.125,7.03125,9.625,7.09375],"rotation":0,"texture":"#0","tintindex":0},"west":{"uv":[8.9375,4.71875,9.0,4.78125],"rotation":0,"texture":"#0","tintindex":0},"up":{"uv":[9.65625,0.375,9.15625,0.3125],"rotation":0,"texture":"#0","tintindex":0},"down":{"uv":[9.65625,0.375,9.15625,0.4375],"rotation":0,"texture":"#0","tintindex":0}}},{"from":[2.0571427,7.6571426,3.6296334],"to":[6.0571427,9.3714285,4.7724905],"rotation":{"angle":22.5,"axis":"z","origin":[4.0571427,8.8,4.201062]},"faces":{"east":{"uv":[7.5625,8.1875,7.625,8.28125],"rotation":0,"texture":"#0","tintindex":0},"south":{"uv":[8.46875,6.59375,8.6875,6.6875],"rotation":0,"texture":"#0","tintindex":0},"north":{"uv":[8.21875,5.34375,8.4375,5.4375],"rotation":0,"texture":"#0","tintindex":0},"west":{"uv":[7.96875,8.5625,8.03125,8.65625],"rotation":0,"texture":"#0","tintindex":0},"up":{"uv":[3.5,6.9375,3.28125,6.875],"rotation":0,"texture":"#0","tintindex":0},"down":{"uv":[7.375,3.375,7.15625,3.4375],"rotation":0,"texture":"#0","tintindex":0}}},{"from":[7.0857143,7.6571426,3.6296334],"to":[11.085714,9.3714285,4.7724905],"rotation":{"angle":-22.5,"axis":"z","origin":[9.085714,8.8,4.201062]},"faces":{"east":{"uv":[1.8125,9.09375,1.875,9.1875],"rotation":0,"texture":"#0","tintindex":0},"south":{"uv":[9.125,9.4375,9.34375,9.53125],"rotation":0,"texture":"#0","tintindex":0},"north":{"uv":[9.4375,8.34375,9.65625,8.4375],"rotation":0,"texture":"#0","tintindex":0},"west":{"uv":[2.0625,9.1875,2.125,9.28125],"rotation":0,"texture":"#0","tintindex":0},"up":{"uv":[8.375,6.75,8.15625,6.6875],"rotation":0,"texture":"#0","tintindex":0},"down":{"uv":[10.09375,0.5625,9.875,0.625],"rotation":0,"texture":"#0","tintindex":0}}},{"from":[1.3571424,8.914286,4.7724905],"to":[3.0714283,10.057143,11.629634],"rotation":{"angle":22.5,"axis":"z","origin":[6.5714283,8.0,8.315348]},"faces":{"east":{"uv":[9.21875,6.5625,9.59375,6.625],"rotation":0,"texture":"#0","tintindex":0},"south":{"uv":[8.0625,4.0625,8.15625,4.125],"rotation":0,"texture":"#0","tintindex":0},"north":{"uv":[3.625,7.375,3.71875,7.4375],"rotation":0,"texture":"#0","tintindex":0},"west":{"uv":[9.21875,6.625,9.59375,6.6875],"rotation":0,"texture":"#0","tintindex":0},"up":{"uv":[3.0,6.75,2.90625,6.375],"rotation":0,"texture":"#0","tintindex":0},"down":{"uv":[6.21875,8.15625,6.125,8.53125],"rotation":0,"texture":"#0","tintindex":0}}},{"from":[0.33693457,7.4467945,5.115348],"to":[2.0512204,7.4467945,11.401062],"rotation":{"angle":45.0,"axis":"z","origin":[1.5369344,7.275366,8.201062]},"faces":{"east":{"uv":[0.0,0.0,0.34375,0.0],"rotation":0,"texture":"#0","tintindex":0},"south":{"uv":[0.0,0.0,0.09375,0.0],"rotation":0,"texture":"#0","tintindex":0},"north":{"uv":[0.0,0.0,0.09375,0.0],"rotation":0,"texture":"#0","tintindex":0},"west":{"uv":[0.0,0.0,0.34375,0.0],"rotation":0,"texture":"#0","tintindex":0},"up":{"uv":[5.375,7.84375,5.28125,7.5],"rotation":0,"texture":"#0","tintindex":0},"down":{"uv":[9.25,2.4375,9.15625,2.78125],"rotation":0,"texture":"#0","tintindex":0}}},{"from":[0.5655055,5.4039373,5.115348],"to":[0.5655055,6.5467944,11.401062],"rotation":{"angle":0.0,"axis":"y","origin":[1.5369344,7.275366,8.201062]},"faces":{"east":{"uv":[7.40625,3.75,7.75,3.8125],"rotation":0,"texture":"#0","tintindex":0},"south":{"uv":[0.0,0.0,0.0,0.0625],"rotation":0,"texture":"#0","tintindex":0},"north":{"uv":[0.0,0.0,0.0,0.0625],"rotation":0,"texture":"#0","tintindex":0},"west":{"uv":[8.46875,0.21875,8.8125,0.28125],"rotation":0,"texture":"#0","tintindex":0},"up":{"uv":[0.0,0.34375,0.0,0.0],"rotation":0,"texture":"#0","tintindex":0},"down":{"uv":[0.0,0.0,0.0,0.34375],"rotation":0,"texture":"#0","tintindex":0}}},{"from":[0.9655056,0.37536526,5.115348],"to":[0.9655056,4.3753657,11.401062],"rotation":{"angle":0.0,"axis":"y","origin":[1.936934,5.103937,8.201062]},"faces":{"east":{"uv":[8.375,6.6875,8.71875,6.90625],"rotation":0,"texture":"#0","tintindex":0},"south":{"uv":[0.0,0.0,0.0,0.21875],"rotation":0,"texture":"#0","tintindex":0},"north":{"uv":[0.0,0.0,0.0,0.21875],"rotation":0,"texture":"#0","tintindex":0},"west":{"uv":[8.4375,5.84375,8.78125,6.0625],"rotation":0,"texture":"#0","tintindex":0},"up":{"uv":[0.0,0.34375,0.0,0.0],"rotation":0,"texture":"#0","tintindex":0},"down":{"uv":[0.0,0.0,0.0,0.34375],"rotation":0,"texture":"#0","tintindex":0}}},{"from":[0.13693428,4.36108,5.115348],"to":[0.13693428,5.5039372,11.401062],"rotation":{"angle":22.5,"axis":"z","origin":[0.5655055,6.532509,8.258205]},"faces":{"east":{"uv":[9.25,1.4375,9.59375,1.5],"rotation":0,"texture":"#0","tintindex":0},"south":{"uv":[0.0,0.0,0.0,0.0625],"rotation":0,"texture":"#0","tintindex":0},"north":{"uv":[0.0,0.0,0.0,0.0625],"rotation":0,"texture":"#0","tintindex":0},"west":{"uv":[9.40625,0.8125,9.75,0.875],"rotation":0,"texture":"#0","tintindex":0},"up":{"uv":[0.0,0.34375,0.0,0.0],"rotation":0,"texture":"#0","tintindex":0},"down":{"uv":[0.0,0.0,0.0,0.34375],"rotation":0,"texture":"#0","tintindex":0}}},{"from":[12.177351,0.37536526,5.115348],"to":[12.177351,4.3753657,11.401062],"rotation":{"angle":0.0,"axis":"y","origin":[11.205923,5.103937,8.201062]},"faces":{"east":{"uv":[8.4375,7.78125,8.78125,8.0],"rotation":0,"texture":"#0","tintindex":0},"south":{"uv":[0.0,0.0,0.0,0.21875],"rotation":0,"texture":"#0","tintindex":0},"north":{"uv":[0.0,0.0,0.0,0.21875],"rotation":0,"texture":"#0","tintindex":0},"west":{"uv":[8.4375,8.0,8.78125,8.21875],"rotation":0,"texture":"#0","tintindex":0},"up":{"uv":[0.0,0.34375,0.0,0.0],"rotation":0,"texture":"#0","tintindex":0},"down":{"uv":[0.0,0.0,0.0,0.34375],"rotation":0,"texture":"#0","tintindex":0}}},{"from":[13.005922,4.36108,5.115348],