{"elements":[{"from":[4.0,0.73786354,7.7932024],"to":[12.0,8.737864,16.93606],"rotation":{"angle":0.0,"axis":"y","origin":[8.571428,13.021743,21.493937]},"faces":{"east":{"uv":[5.59375,6.8125,6.09375,7.25],"rotation":0,"texture":"#0","tintindex":0},"south":{"uv":[4.9375,7.0625,5.375,7.5],"rotation":0,"texture":"#0","tintindex":0},"north":{"uv":[4.5,7.0625,4.9375,7.5],"rotation":0,"texture":"#0","tintindex":0},"west":{"uv":[6.09375,6.8125,6.59375,7.25],"rotation":0,"texture":"#0","tintindex":0},"up":{"uv":[0.4375,7.375,0.0,6.875],"rotation":0,"texture":"#0","tintindex":0},"down":{"uv":[0.875,6.875,0.4375,7.375],"rotation":0,"texture":"#0","tintindex":0}}},{"from":[8.0,8.737864,6.6503453],"to":[8.0,16.737865,16.93606],"rotation":{"angle":0.0,"axis":"y","origin":[-18.057142,13.021743,21.493937]},"faces":{"east":{"uv":[6.75,0.5,7.3125,0.9375],"rotation":0,"texture":"#0","tintindex":0},"south":{"uv":[0.0,0.0,0.0,0.4375],"rotation":0,"texture":"#0","tintindex":0},"north":{"uv":[0.0,0.0,0.0,0.4375],"rotation":0,"texture":"#0","tintindex":0},"west":{"uv":[6.75,0.9375,7.3125,1.375],"rotation":0,"texture":"#0","tintindex":0},"up":{"uv":[0.0,0.5625,0.0,0.0],"rotation":0,"texture":"#0","tintindex":0},"down":{"uv":[0.0,0.0,0.0,0.5625],"rotation":0,"texture":"#0","tintindex":0}}},{"from":[4.5714283,1.0807204,16.364632],"to":[11.428572,7.937864,25.507488],"rotation":{"angle":0.0,"axis":"y","origin":[8.0,13.021743,21.493937]},"faces":{"east":{"uv":[7.15625,3.0,7.65625,3.375],"rotation":0,"texture":"#0","tintindex":0},"south":{"uv":[4.5,7.5,4.875,7.875],"rotation":0,"texture":"#0","tintindex":0},"north":{"uv":[7.40625,3.375,7.78125,3.75],"rotation":0,"texture":"#0","tintindex":0},"west":{"uv":[7.15625,5.875,7.65625,6.25],"rotation":0,"texture":"#0","tintindex":0},"up":{"uv":[4.09375,7.4375,3.71875,6.9375],"rotation":0,"texture":"#0","tintindex":0},"down":{"uv":[7.53125,6.25,7.15625,6.75],"rotation":0,"texture":"#0","tintindex":0}}},{"from":[8.0,7.6501694,15.853643],"to":[8.0,16.793026,24.9965],"rotation":{"angle":0.0,"axis":"y","origin":[-18.057142,13.021743,21.493937]},"faces":{"east":{"uv":[6.65625,6.625,7.15625,7.125],"rotation":0,"texture":"#0","tintindex":0},"south":{"uv":[0.0,0.0,0.0,0.5],"rotation":0,"texture":"#0","tintindex":0},"north":{"uv":[0.0,0.0,0.0,0.5],"rotation":0,"texture":"#0","tintindex":0},"west":{"uv":[6.75,0.0,7.25,0.5],"rotation":0,"texture":"#0","tintindex":0},"up":{"uv":[0.0,0.5,0.0,0.0],"rotation":0,"texture":"#0","tintindex":0},"down":{"uv":[0.0,0.0,0.0,0.5],"rotation":0,"texture":"#0","tintindex":0}}}],"textures":{"0":"modelengine:entity/nocsy_dragon_saddled_version"},"display":{"head":{"translation":[0.0,-6.4,0.0],"scale":[4.0,4.0,4.0]}}}