{"elements":[{"from":[6.4,10.607462,-6.9200983],"to":[9.6,13.807463,0.27990198],"rotation":{"angle":-22.5,"axis":"x","origin":[8.0,13.188331,8.657218]},"faces":{"east":{"uv":[5.625,7.25,6.21875,7.53125],"rotation":0,"texture":"#0","tintindex":0},"south":{"uv":[7.75,8.28125,8.03125,8.5625],"rotation":0,"texture":"#0","tintindex":0},"north":{"uv":[8.21875,5.0625,8.5,5.34375],"rotation":0,"texture":"#0","tintindex":0},"west":{"uv":[7.3125,0.34375,7.90625,0.625],"rotation":0,"texture":"#0","tintindex":0},"up":{"uv":[6.5,7.84375,6.21875,7.25],"rotation":0,"texture":"#0","tintindex":0},"down":{"uv":[7.59375,0.625,7.3125,1.21875],"rotation":0,"texture":"#0","tintindex":0}}},{"from":[6.8,14.612968,-1.0400009],"to":[9.2,17.012968,6.959999],"rotation":{"angle":-45.0,"axis":"x","origin":[7.2,13.188331,8.657218]},"faces":{"east":{"uv":[7.53125,6.5625,8.15625,6.75],"rotation":0,"texture":"#0","tintindex":0},"south":{"uv":[9.125,6.6875,9.3125,6.875],"rotation":0,"texture":"#0","tintindex":0},"north":{"uv":[4.09375,9.125,4.28125,9.3125],"rotation":0,"texture":"#0","tintindex":0},"west":{"uv":[7.625,1.5,8.25,1.6875],"rotation":0,"texture":"#0","tintindex":0},"up":{"uv":[6.21875,8.15625,6.03125,7.53125],"rotation":0,"texture":"#0","tintindex":0},"down":{"uv":[7.4375,7.5625,7.25,8.1875],"rotation":0,"texture":"#0","tintindex":0}}},{"from":[7.04,14.852968,3.4399986],"to":[8.96,16.772968,12.559999],"rotation":{"angle":-45.0,"axis":"x","origin":[7.2,13.188331,8.657218]},"faces":{"east":{"uv":[7.625,1.6875,8.34375,1.84375],"rotation":0,"texture":"#0","tintindex":0},"south":{"uv":[4.09375,9.3125,4.25,9.46875],"rotation":0,"texture":"#0","tintindex":0},"north":{"uv":[9.3125,3.59375,9.46875,3.75],"rotation":0,"texture":"#0","tintindex":0},"west":{"uv":[7.65625,6.75,8.375,6.90625],"rotation":0,"texture":"#0","tintindex":0},"up":{"uv":[7.90625,4.84375,7.75,4.125],"rotation":0,"texture":"#0","tintindex":0},"down":{"uv":[1.21875,7.8125,1.0625,8.53125],"rotation":0,"texture":"#0","tintindex":0}}},{"from":[8.0,7.412968,12.799999],"to":[8.0,23.412968,32.0],"rotation":{"angle":-45.0,"axis":"x","origin":[8.4,13.188331,8.657218]},"faces":{"east":{"uv":[0.0,5.125,1.5,6.375],"rotation":0,"texture":"#0","tintindex":0},"south":{"uv":[0.0,0.0,0.0,1.25],"rotation":0,"texture":"#0","tintindex":0},"north":{"uv":[0.0,0.0,0.0,1.25],"rotation":0,"texture":"#0","tintindex":0},"west":{"uv":[1.5,5.125,3.0,6.375],"rotation":0,"texture":"#0","tintindex":0},"up":{"uv":[0.0,1.5,0.0,0.0],"rotation":0,"texture":"#0","tintindex":0},"down":{"uv":[0.0,0.0,0.0,1.5],"rotation":0,"texture":"#0","tintindex":0}}},{"from":[8.0,10.612968,6.3999996],"to":[8.0,21.01297,12.799999],"rotation":{"angle":-45.0,"axis":"x","origin":[8.4,13.188331,8.657218]},"faces":{"east":{"uv":[6.0,5.5,6.5,6.3125],"rotation":0,"texture":"#0","tintindex":0},"south":{"uv":[0.0,0.0,0.0,0.8125],"rotation":0,"texture":"#0","tintindex":0},"north":{"uv":[0.0,0.0,0.0,0.8125],"rotation":0,"texture":"#0","tintindex":0},"west":{"uv":[3.0,6.0625,3.5,6.875],"rotation":0,"texture":"#0","tintindex":0},"up":{"uv":[0.0,0.5,0.0,0.0],"rotation":0,"texture":"#0","tintindex":0},"down":{"uv":[0.0,0.0,0.0,0.5],"rotation":0,"texture":"#0","tintindex":0}}},{"from":[8.0,16.212967,-1.0400009],"to":[8.0,21.01297,6.959999],"rotation":{"angle":-45.0,"axis":"x","origin":[-7.4399996,13.188331,8.657218]},"faces":{"east":{"uv":[6.75,5.0625,7.375,5.4375],"rotation":0,"texture":"#0","tintindex":0},"south":{"uv":[0.0,0.0,0.0,0.375],"rotation":0,"texture":"#0","tintindex":0},"north":{"uv":[0.0,0.0,0.0,0.375],"rotation":0,"texture":"#0","tintindex":0},"west":{"uv":[6.78125,3.4375,7.40625,3.8125],"rotation":0,"texture":"#0","tintindex":0},"up":{"uv":[0.0,0.625,0.0,0.0],"rotation":0,"texture":"#0","tintindex":0},"down":{"uv":[0.0,0.0,0.0,0.625],"rotation":0,"texture":"#0","tintindex":0}}},{"from":[8.0,12.607462,-7.320098],"to":[8.0,18.207462,0.6799021],"rotation":{"angle":-22.5,"axis":"x","origin":[-5.839999,13.188331,8.657218]},"faces":{"east":{"uv":[6.125,5.0625,6.75,5.5],"rotation":0,"texture":"#0","tintindex":0},"south":{"uv":[0.0,0.0,0.0,0.4375],"rotation":0,"texture":"#0","tintindex":0},"north":{"uv":[0.0,0.0,0.0,0.4375],"rotation":0,"texture":"#0","tintindex":0},"west":{"uv":[4.09375,6.4375,4.71875,6.875],"rotation":0,"texture":"#0","tintindex":0},"up":{"uv":[0.0,0.625,0.0,0.0],"rotation":0,"texture":"#0","tintindex":0},"down":{"uv":[0.0,0.0,0.0,0.625],"rotation":0,"texture":"#0","tintindex":0}}}],"textures":{"0":"modelengine:entity/nocsy_dragon_saddled_version"},"display":{"head":{"translation":[0.0,-6.4,49.85652],"scale":[4.0,4.0,4.0]}}}