{"elements":[{"from":[-0.09061718,5.485714,3.6334734],"to":[15.909384,11.771429,12.776331],"rotation":{"angle":0.0,"axis":"y","origin":[7.909384,4.9142857,4.2049017]},"faces":{"east":{"uv":[0.0,6.625,2.0,8.0],"rotation":0,"texture":"#1","tintindex":0},"south":{"uv":[3.5,4.0,7.0,5.375],"rotation":0,"texture":"#1","tintindex":0},"north":{"uv":[7.0,4.0,3.5,5.375],"rotation":0,"texture":"#1","tintindex":0},"west":{"uv":[2.0,6.625,0.0,8.0],"rotation":0,"texture":"#1","tintindex":0},"up":{"uv":[3.5,2.0,0.0,0.0],"rotation":0,"texture":"#1","tintindex":0},"down":{"uv":[3.5,2.0,0.0,4.0],"rotation":0,"texture":"#1","tintindex":0}}},{"from":[13.05224,6.6285715,2.4906163],"to":[14.766527,10.057143,3.6334734],"rotation":{"angle":0.0,"axis":"y","origin":[15.195098,7.3428574,4.3477592]},"faces":{"east":{"uv":[5.0,9.375,5.25,10.125],"rotation":0,"texture":"#1","tintindex":0},"south":{"uv":[9.25,0.625,9.625,1.375],"rotation":0,"texture":"#1","tintindex":0},"north":{"uv":[9.125,2.125,9.5,2.875],"rotation":0,"texture":"#1","tintindex":0},"west":{"uv":[5.25,9.375,5.5,10.125],"rotation":0,"texture":"#1","tintindex":0},"up":{"uv":[1.5,9.75,1.125,9.5],"rotation":0,"texture":"#1","tintindex":0},"down":{"uv":[1.875,9.5,1.5,9.75],"rotation":0,"texture":"#1","tintindex":0}}},{"from":[12.480812,4.9142857,1.9191875],"to":[17.623669,6.6285715,7.062045],"rotation":{"angle":0.0,"axis":"y","origin":[15.195098,7.3428574,4.3477592]},"faces":{"east":{"uv":[8.25,8.5,9.375,8.875],"rotation":0,"texture":"#1","tintindex":0},"south":{"uv":[0.0,8.75,1.125,9.125],"rotation":0,"texture":"#1","tintindex":0},"north":{"uv":[7.125,8.5,8.25,8.875],"rotation":0,"texture":"#1","tintindex":0},"west":{"uv":[1.125,8.75,2.25,9.125],"rotation":0,"texture":"#1","tintindex":0},"up":{"uv":[6.375,8.375,5.25,7.25],"rotation":0,"texture":"#1","tintindex":0},"down":{"uv":[7.5,7.25,6.375,8.375],"rotation":0,"texture":"#1","tintindex":0}}},{"from":[15.909384,6.6285715,4.7763305],"to":[17.052242,10.057143,6.4906163],"rotation":{"angle":0.0,"axis":"y","origin":[15.195098,7.3428574,4.3477592]},"faces":{"east":{"uv":[9.25,1.375,9.625,2.125],"rotation":0,"texture":"#1","tintindex":0},"south":{"uv":[5.5,9.375,5.75,10.125],"rotation":0,"texture":"#1","tintindex":0},"north":{"uv":[9.375,5.375,9.625,6.125],"rotation":0,"texture":"#1","tintindex":0},"west":{"uv":[7.875,9.25,8.25,10.0],"rotation":0,"texture":"#1","tintindex":0},"up":{"uv":[4.0,8.375,3.75,8.0],"rotation":0,"texture":"#1","tintindex":0},"down":{"uv":[7.875,9.375,7.625,9.75],"rotation":0,"texture":"#1","tintindex":0}}},{"from":[13.801189,6.6285715,2.9191875],"to":[16.658333,11.2,5.7763305],"rotation":{"angle":45.0,"axis":"y","origin":[15.195098,7.3428574,4.3477592]},"faces":{"east":{"uv":[5.25,8.375,5.875,9.375],"rotation":0,"texture":"#1","tintindex":0},"south":{"uv":[5.875,8.375,6.5,9.375],"rotation":0,"texture":"#1","tintindex":0},"north":{"uv":[4.625,8.375,5.25,9.375],"rotation":0,"texture":"#1","tintindex":0},"west":{"uv":[6.5,8.375,7.125,9.375],"rotation":0,"texture":"#1","tintindex":0},"up":{"uv":[2.875,9.5,2.25,8.875],"rotation":0,"texture":"#1","tintindex":0},"down":{"uv":[3.5,8.875,2.875,9.5],"rotation":0,"texture":"#1","tintindex":0}}},{"from":[1.0522404,6.6285715,2.4906163],"to":[2.7665262,10.057143,3.6334734],"rotation":{"angle":0.0,"axis":"y","origin":[0.6236687,7.3428574,4.3477592]},"faces":{"east":{"uv":[5.5,9.375,5.25,10.125],"rotation":0,"texture":"#1","tintindex":0},"south":{"uv":[9.625,0.625,9.25,1.375],"rotation":0,"texture":"#1","tintindex":0},"north":{"uv":[9.5,2.125,9.125,2.875],"rotation":0,"texture":"#1","tintindex":0},"west":{"uv":[5.25,9.375,5.0,10.125],"rotation":0,"texture":"#1","tintindex":0},"up":{"uv":[1.125,9.75,1.5,9.5],"rotation":0,"texture":"#1","tintindex":0},"down":{"uv":[1.5,9.5,1.875,9.75],"rotation":0,"texture":"#1","tintindex":0}}},{"from":[-1.804903,4.9142857,1.9191875],"to":[3.3379545,6.6285715,7.062045],"rotation":{"angle":0.0,"axis":"y","origin":[0.6236687,7.3428574,4.3477592]},"faces":{"east":{"uv":[2.25,8.75,1.125,9.125],"rotation":0,"texture":"#1","tintindex":0},"south":{"uv":[1.125,8.75,0.0,9.125],"rotation":0,"texture":"#1","tintindex":0},"north":{"uv":[8.25,8.5,7.125,8.875],"rotation":0,"texture":"#1","tintindex":0},"west":{"uv":[9.375,8.5,8.25,8.875],"rotation":0,"texture":"#1","tintindex":0},"up":{"uv":[5.25,8.375,6.375,7.25],"rotation":0,"texture":"#1","tintindex":0},"down":{"uv":[6.375,7.25,7.5,8.375],"rotation":0,"texture":"#1","tintindex":0}}},{"from":[-1.2334738,6.6285715,4.7763305],"to":[-0.09061718,10.057143,6.4906163],"rotation":{"angle":0.0,"axis":"y","origin":[0.6236687,7.3428574,4.3477592]},"faces":{"east":{"uv":[8.25,9.25,7.875,10.0],"rotation":0,"texture":"#1","tintindex":0},"south":{"uv":[5.75,9.375,5.5,10.125],"rotation":0,"texture":"#1","tintindex":0},"north":{"uv":[9.625,5.375,9.375,6.125],"rotation":0,"texture":"#1","tintindex":0},"west":{"uv":[9.625,1.375,9.25,2.125],"rotation":0,"texture":"#1","tintindex":0},"up":{"uv":[3.75,8.375,4.0,8.0],"rotation":0,"texture":"#1","tintindex":0},"down":{"uv":[7.625,9.375,7.875,9.75],"rotation":0,"texture":"#1","tintindex":0}}},{"from":[-0.8395653,6.6285715,2.9191875],"to":[2.0175772,11.2,5.7763305],"rotation":{"angle":-45.0,"axis":"y","origin":[0.6236687,7.3428574,4.3477592]},"faces":{"east":{"uv":[7.125,8.375,6.5,9.375],"rotation":0,"texture":"#1","tintindex":0},"south":{"uv":[6.5,8.375,5.875,9.375],"rotation":0,"texture":"#1","tintindex":0},"north":{"uv":[5.25,8.375,4.625,9.375],"rotation":0,"texture":"#1","tintindex":0},"west":{"uv":[5.875,8.375,5.25,9.375],"rotation":0,"texture":"#1","tintindex":0},"up":{"uv":[2.25,9.5,2.875,8.875],"rotation":0,"texture":"#1","tintindex":0},"down":{"uv":[2.875,8.875,3.5,9.5],"rotation":0,"texture":"#1","tintindex":0}}},{"from":[1.0522404,6.6285715,12.776331],"to":[2.7665262,10.057143,13.919188],"rotation":{"angle":0.0,"axis":"y","origin":[0.6236687,7.3428574,12.062045]},"faces":{"east":{"uv":[5.25,9.375,5.5,10.125],"rotation":0,"texture":"#1","tintindex":0},"south":{"uv":[9.125,2.125,9.5,2.875],"rotation":0,"texture":"#1","tintindex":0},"north":{"uv":[9.25,0.625,9.625,1.375],"rotation":0,"texture":"#1","tintindex":0},"west":{"uv":[5.0,9.375,5.25,10.125],"rotation":0,"texture":"#1","tintindex":0},"up":{"uv":[1.125,9.5,1.5,9.75],"rotation":0,"texture":"#1","tintindex":0},"down":{"uv":[1.5,9.75,1.875,9.5],"rotation":0,"texture":"#1","tintindex":0}}},{"from":[-1.804903,4.9142857,9.347759],"to":[3.3379545,6.6285715,14.490617],"rotation":{"angle":0.0,"axis":"y","origin":[0.6236687,7.3428574,12.062045]},"faces":{"east":{"uv":[1.125,8.75,2.25,9.125],"rotation":0,"texture":"#1","tintindex":0},"south":{"uv":[7.125,8.5,8.25,8.875],"rotation":0,"texture":"#1","tintindex":0},"north":{"uv":[0.0,8.75,1.125,9.125],"rotation":0,"texture":"#1","tintindex":0},"west":{"uv":[8.25,8.5,9.375,8.875],"rotation":0,"texture":"#1","tintindex":0},"up":{"uv":[5.25,7.25,6.375,8.375],"rotation":0,"texture":"#1","tintindex":0},"down":{"uv":[6.375,8.375,7.5,7.25],"rotation":0,"texture":"#1","tintindex":0}}},{"from":[-1.2334738,6.6285715,9.919188],"to":[-0.09061718,10.057143,11.633473],"rotation":{"angle":0.0,"axis":"y","origin":[0.6236687,7.3428574,12.062045]},"faces":{"east":{"uv":[7.875,9.25,8.25,10.0],"rotation":0,"texture":"#1","tintindex":0},"south":{"uv":[9.375,5.375,9.625,6.125],"rotation":0,"texture":"#1","tintindex":0},"north":{"uv":[5.5,9.375,5.75,10.125],"rotation":0,"texture":"#1","tintindex":0},"west":{"uv":[9.25,1.375,9.625,2.125],"rotation":0,"texture":"#1","tintindex":0},"up":{"uv":[3.75,8.0,4.0,8.375],"rotation":0,"texture":"#1","tintindex":0},"down":{"uv":[7.625,9.75,7.875,9.375],"rotation":0,"texture":"#1","tintindex":0}}},{"from":[-0.8395653,6.6285715,10.633473],"to":[2.0175772,11.2,13.490617],"rotation":{"angle":45.0,"axis":"y","origin":[0.6236687,7.3428574,12.062045]},"faces":{"east":{"uv":[6.5,8.375,7.125,9.375],"rotation":0,"texture":"#1","tintindex":0},"south":{"uv":[4.625,8.375,5.25,9.375],"rotation":0,"texture":"#1",