{"elements":[{"from":[11.852938,7.765504,2.9542742],"to":[12.995794,8.908361,6.954274],"rotation":{"angle":0.0,"axis":"y","origin":[10.71008,8.336932,6.382846]},"faces":{"east":{"uv":[10.0,6.25,9.125,6.5],"rotation":0,"texture":"#1","tintindex":0},"south":{"uv":[2.375,9.5,2.125,9.75],"rotation":0,"texture":"#1","tintindex":0},"north":{"uv":[2.125,9.5,1.875,9.75],"rotation":0,"texture":"#1","tintindex":0},"west":{"uv":[9.125,6.25,8.25,6.5],"rotation":0,"texture":"#1","tintindex":0},"up":{"uv":[8.75,10.125,9.0,9.25],"rotation":0,"texture":"#1","tintindex":0},"down":{"uv":[9.0,9.25,9.25,10.125],"rotation":0,"texture":"#1","tintindex":0}}},{"from":[12.138652,8.336932,1.8114171],"to":[12.710081,9.47979,3.5257025],"rotation":{"angle":22.5,"axis":"x","origin":[12.710081,8.908361,2.3828454]},"faces":{"east":{"uv":[6.875,9.375,6.5,9.625],"rotation":0,"texture":"#1","tintindex":0},"south":{"uv":[9.625,2.75,9.5,3.0],"rotation":0,"texture":"#1","tintindex":0},"north":{"uv":[2.875,9.5,2.75,9.75],"rotation":0,"texture":"#1","tintindex":0},"west":{"uv":[6.5,9.375,6.125,9.625],"rotation":0,"texture":"#1","tintindex":0},"up":{"uv":[9.5,2.75,9.625,2.375],"rotation":0,"texture":"#1","tintindex":0},"down":{"uv":[2.625,9.5,2.75,9.875],"rotation":0,"texture":"#1","tintindex":0}}},{"from":[10.571428,7.4797897,5.2399883],"to":[12.285715,9.194076,8.66856],"rotation":{"angle":-45.0,"axis":"y","origin":[10.571428,8.051218,6.954274]},"faces":{"east":{"uv":[9.75,8.125,9.0,8.5],"rotation":0,"texture":"#1","tintindex":0},"south":{"uv":[6.125,9.375,5.75,9.75],"rotation":0,"texture":"#1","tintindex":0},"north":{"uv":[3.75,8.0,3.375,8.375],"rotation":0,"texture":"#1","tintindex":0},"west":{"uv":[9.75,7.75,9.0,8.125],"rotation":0,"texture":"#1","tintindex":0},"up":{"uv":[0.0,9.875,0.375,9.125],"rotation":0,"texture":"#1","tintindex":0},"down":{"uv":[0.375,9.125,0.75,9.875],"rotation":0,"texture":"#1","tintindex":0}}},{"from":[8.857143,7.194075,7.092926],"to":[10.571428,9.47979,9.37864],"rotation":{"angle":0.0,"axis":"y","origin":[10.571428,7.765504,7.092926]},"faces":{"east":{"uv":[8.75,9.25,8.25,9.75],"rotation":0,"texture":"#1","tintindex":0},"south":{"uv":[3.875,9.375,3.5,9.875],"rotation":0,"texture":"#1","tintindex":0},"north":{"uv":[9.625,9.25,9.25,9.75],"rotation":0,"texture":"#1","tintindex":0},"west":{"uv":[9.75,3.875,9.25,4.375],"rotation":0,"texture":"#1","tintindex":0},"up":{"uv":[3.875,9.875,4.25,9.375],"rotation":0,"texture":"#1","tintindex":0},"down":{"uv":[4.625,9.375,5.0,9.875],"rotation":0,"texture":"#1","tintindex":0}}},{"from":[8.285714,7.765504,8.235784],"to":[10.0,8.908361,9.37864],"rotation":{"angle":-22.5,"axis":"y","origin":[10.571428,7.765504,7.092926]},"faces":{"east":{"uv":[2.625,9.5,2.375,9.75],"rotation":0,"texture":"#1","tintindex":0},"south":{"uv":[7.625,9.375,7.25,9.625],"rotation":0,"texture":"#1","tintindex":0},"north":{"uv":[7.25,9.375,6.875,9.625],"rotation":0,"texture":"#1","tintindex":0},"west":{"uv":[9.75,2.125,9.5,2.375],"rotation":0,"texture":"#1","tintindex":0},"up":{"uv":[9.375,8.75,9.75,8.5],"rotation":0,"texture":"#1","tintindex":0},"down":{"uv":[0.75,9.5,1.125,9.75],"rotation":0,"texture":"#1","tintindex":0}}}],"textures":{"1":"modelengine:entity/tower_skeleton_chest"},"display":{"head":{"translation":[0.0,-6.4,0.0],"scale":[4.0,4.0,4.0]}}}