{"elements":[{"from":[3.0042052,7.765504,2.9542742],"to":[4.1470623,8.908361,6.954274],"rotation":{"angle":0.0,"axis":"y","origin":[5.28992,8.336932,6.382846]},"faces":{"east":{"uv":[8.25,6.25,9.125,6.5],"rotation":0,"texture":"#1","tintindex":0},"south":{"uv":[2.125,9.5,2.375,9.75],"rotation":0,"texture":"#1","tintindex":0},"north":{"uv":[1.875,9.5,2.125,9.75],"rotation":0,"texture":"#1","tintindex":0},"west":{"uv":[9.125,6.25,10.0,6.5],"rotation":0,"texture":"#1","tintindex":0},"up":{"uv":[9.0,10.125,8.75,9.25],"rotation":0,"texture":"#1","tintindex":0},"down":{"uv":[9.25,9.25,9.0,10.125],"rotation":0,"texture":"#1","tintindex":0}}},{"from":[3.2899194,8.336932,1.8114171],"to":[3.8613482,9.47979,3.5257025],"rotation":{"angle":22.5,"axis":"x","origin":[3.2899194,8.908361,2.3828454]},"faces":{"east":{"uv":[6.125,9.375,6.5,9.625],"rotation":0,"texture":"#1","tintindex":0},"south":{"uv":[9.5,2.75,9.625,3.0],"rotation":0,"texture":"#1","tintindex":0},"north":{"uv":[2.75,9.5,2.875,9.75],"rotation":0,"texture":"#1","tintindex":0},"west":{"uv":[6.5,9.375,6.875,9.625],"rotation":0,"texture":"#1","tintindex":0},"up":{"uv":[9.625,2.75,9.5,2.375],"rotation":0,"texture":"#1","tintindex":0},"down":{"uv":[2.75,9.5,2.625,9.875],"rotation":0,"texture":"#1","tintindex":0}}},{"from":[3.7142854,7.4797897,5.2399883],"to":[5.428571,9.194076,8.66856],"rotation":{"angle":45.0,"axis":"y","origin":[5.428571,8.051218,6.954274]},"faces":{"east":{"uv":[9.0,7.75,9.75,8.125],"rotation":0,"texture":"#1","tintindex":0},"south":{"uv":[5.75,9.375,6.125,9.75],"rotation":0,"texture":"#1","tintindex":0},"north":{"uv":[3.375,8.0,3.75,8.375],"rotation":0,"texture":"#1","tintindex":0},"west":{"uv":[9.0,8.125,9.75,8.5],"rotation":0,"texture":"#1","tintindex":0},"up":{"uv":[0.375,9.875,0.0,9.125],"rotation":0,"texture":"#1","tintindex":0},"down":{"uv":[0.75,9.125,0.375,9.875],"rotation":0,"texture":"#1","tintindex":0}}},{"from":[5.428571,7.194075,7.092926],"to":[7.142857,9.47979,9.37864],"rotation":{"angle":0.0,"axis":"y","origin":[5.428571,7.765504,7.092926]},"faces":{"east":{"uv":[9.25,3.875,9.75,4.375],"rotation":0,"texture":"#1","tintindex":0},"south":{"uv":[3.5,9.375,3.875,9.875],"rotation":0,"texture":"#1","tintindex":0},"north":{"uv":[9.25,9.25,9.625,9.75],"rotation":0,"texture":"#1","tintindex":0},"west":{"uv":[8.25,9.25,8.75,9.75],"rotation":0,"texture":"#1","tintindex":0},"up":{"uv":[4.25,9.875,3.875,9.375],"rotation":0,"texture":"#1","tintindex":0},"down":{"uv":[5.0,9.375,4.625,9.875],"rotation":0,"texture":"#1","tintindex":0}}},{"from":[6.0,7.765504,8.235784],"to":[7.714286,8.908361,9.37864],"rotation":{"angle":22.5,"axis":"y","origin":[5.428571,7.765504,7.092926]},"faces":{"east":{"uv":[9.5,2.125,9.75,2.375],"rotation":0,"texture":"#1","tintindex":0},"south":{"uv":[7.25,9.375,7.625,9.625],"rotation":0,"texture":"#1","tintindex":0},"north":{"uv":[6.875,9.375,7.25,9.625],"rotation":0,"texture":"#1","tintindex":0},"west":{"uv":[2.375,9.5,2.625,9.75],"rotation":0,"texture":"#1","tintindex":0},"up":{"uv":[9.75,8.75,9.375,8.5],"rotation":0,"texture":"#1","tintindex":0},"down":{"uv":[1.125,9.5,0.75,9.75],"rotation":0,"texture":"#1","tintindex":0}}}],"textures":{"1":"modelengine:entity/tower_skeleton_chest"},"display":{"head":{"translation":[0.0,-6.4,0.0],"scale":[4.0,4.0,4.0]}}}